ply
format ascii 1.0
comment Created by Open Asset Import Library - http://assimp.sf.net (v5.4.0)
element vertex 8773
property float x
property float y
property float z
property float nx
property float ny
property float nz
element face 9417
property list uchar int vertex_index
end_header
-211.054489 589.0979 -490.062988 -0.252696633 -0.933964014 0.252696633
-210.617477 589 -490.5 -0.13636145 -0.985940099 0.0965795964
193.437012 0.0978869647 -1.56298399 0.252696604 -0.933964074 0.252696633
193 1.35569753e-18 -2 0.109990641 -0.986739814 0.119358875
-193.437012 0.0978869647 -1.56298399 -0.252696633 -0.933964074 0.252696604
-193 1.35569753e-18 -2 -0.119358875 -0.986739814 0.109990641
208.5 615.9021 -1.63672876 0.289115995 0.933964014 0.210055038
208 616 -2 0.128358722 0.985595882 0.1101126
-208.363266 615.9021 -1.5 -0.210055038 0.933964014 0.289115995
-208 616 -2 -0.1101126 0.985595882 0.128358722
-9.56500149 273 -456.938049 -0.312876225 -0.494544446 -0.810884893
-6.02584696 263 -451.947815 -0.207981825 -0.494690865 -0.843815446
-11.7014933 263 -449.795319 -0.399283022 -0.496386528 -0.770826519
5.23536496e-14 263 -452.679504 -0.132219449 -0.492735773 -0.860075295
-18.1937141 273 -452.541504 -0.531473637 -0.494591951 -0.687687874
-16.6970921 263 -446.347107 -0.593145013 -0.495853722 -0.634277582
-11.3491116 283 -462.428986 -0.219618648 -0.506455421 -0.833828866
-18.4400597 293 -465.791168 -0.381503195 -0.503337145 -0.775310934
-9.45713997 293 -468.934448 -0.191471279 -0.509511113 -0.838890433
5.23536496e-14 293 -470 -0.126895875 -0.503170669 -0.854819715
-25.0414982 273 -445.693726 -0.706110239 -0.4945319 -0.506800294
-20.7223148 263 -441.803589 -0.713003755 -0.499412656 -0.492151022
-23.5432339 263 -436.428772 -0.796759546 -0.494608015 -0.347184569
-21.5872936 283 -457.212372 -0.499851406 -0.508391201 -0.701203942
-33.2278366 293 -453.998322 -0.650715113 -0.506554782 -0.565660775
-26.4983158 293 -460.727844 -0.53909266 -0.502396226 -0.676000834
-29.4380474 273 -437.065002 -0.827347636 -0.496401876 -0.262832791
-24.9959049 263 -430.535065 -0.860070467 -0.496209025 -0.118555531
-29.7123604 283 -449.08728 -0.70203501 -0.506267369 -0.500839412
-38.2911758 293 -445.940063 -0.775310934 -0.503337145 -0.381503195
-30.9529953 273 -427.5 -0.869881988 -0.493259937 0
-24.9959049 263 -424.464935 -0.860070467 -0.496209025 0.118555531
-34.9289742 283 -438.849121 -0.817157567 -0.509781599 -0.269028336
-41.4344368 293 -436.957153 -0.846429348 -0.504411578 -0.170664281
-29.4380474 273 -417.934998 -0.827347696 -0.496401846 0.262832731
-23.5432339 263 -418.571228 -0.796759546 -0.494608015 0.347184569
-36.7264977 283 -427.5 -0.861604631 -0.507580042 0
-41.4344368 293 -418.042847 -0.846429348 -0.504411578 0.170664281
-42.5 293 -427.5 -0.866025388 -0.5 0
-25.0414982 273 -409.306274 -0.690068483 -0.49543646 0.527587175
-20.7223148 263 -413.196411 -0.713003755 -0.499412656 0.492151022
-16.6970921 263 -408.652893 -0.593145013 -0.495853722 0.634277582
-34.9289742 283 -416.150879 -0.817157567 -0.509781599 0.269028336
-38.2911758 293 -409.059937 -0.775310934 -0.503337145 0.381503195
-18.1937141 273 -402.458496 -0.486030221 -0.494528383 0.72056669
-11.7014933 263 -405.204681 -0.399283022 -0.496386528 0.770826519
-29.7123604 283 -405.91272 -0.713871539 -0.506996453 0.483054936
-33.2278366 293 -401.001678 -0.650715113 -0.506554782 0.565660775
-9.56500149 273 -398.061951 -0.28832072 -0.493545949 0.82053858
-6.02584696 263 -403.052185 -0.207981825 -0.494690865 0.843815446
4.82094765e-14 263 -402.320496 -0.132219449 -0.492735773 0.860075295
-21.5872936 283 -397.787628 -0.528245628 -0.50821358 0.680202544
-18.4400597 293 -389.208832 -0.381503195 -0.503337145 0.775310934
-26.4983158 293 -394.272156 -0.53909266 -0.502396226 0.676000834
-11.3491116 283 -392.571014 -0.238037884 -0.506113052 0.82896775
4.71489032e-14 293 -385 -0.126895875 -0.503170669 0.854819715
-9.45713997 293 -386.065552 -0.191471279 -0.509511113 0.838890433
9.56500149 273 -398.061951 0.312876225 -0.494544446 0.810884893
6.02584696 263 -403.052185 0.207981825 -0.494690865 0.843815446
11.7014933 263 -405.204681 0.399283022 -0.496386528 0.770826519
4.82094765e-14 263 -402.320496 0.132219449 -0.492735773 0.860075295
18.1937141 273 -402.458496 0.531473637 -0.494591951 0.687687874
16.6970921 263 -408.652893 0.593145013 -0.495853722 0.634277582
11.3491116 283 -392.571014 0.219618648 -0.506455421 0.833828866
4.71489032e-14 293 -385 0.126895875 -0.503170669 0.854819715
18.4400597 293 -389.208832 0.381503195 -0.503337145 0.775310934
9.45713997 293 -386.065552 0.191471279 -0.509511113 0.838890433
25.0414982 273 -409.306274 0.706110239 -0.4945319 0.506800294
20.7223148 263 -413.196411 0.713003755 -0.499412656 0.492151022
23.5432339 263 -418.571228 0.796759546 -0.494608015 0.347184569
21.5872936 283 -397.787628 0.499851406 -0.508391201 0.701203942
33.2278366 293 -401.001678 0.650715113 -0.506554782 0.565660775
26.4983158 293 -394.272156 0.53909266 -0.502396226 0.676000834
29.4380474 273 -417.934998 0.827347636 -0.496401876 0.262832791
24.9959049 263 -424.464935 0.860070467 -0.496209025 0.118555531
29.7123604 283 -405.91272 0.70203501 -0.506267369 0.500839412
38.2911758 293 -409.059937 0.775310934 -0.503337145 0.381503195
30.9529953 273 -427.5 0.869881988 -0.493259937 0
24.9959049 263 -430.535065 0.860070467 -0.496209025 -0.118555531
34.9289742 283 -416.150879 0.817157567 -0.509781599 0.269028336
41.4344368 293 -418.042847 0.846429348 -0.504411578 0.170664281
29.4380474 273 -437.065002 0.827347696 -0.496401846 -0.262832731
23.5432339 263 -436.428772 0.796759546 -0.494608015 -0.347184569
36.7264977 283 -427.5 0.861604631 -0.507580042 0
41.4344368 293 -436.957153 0.846429348 -0.504411578 -0.170664281
42.5 293 -427.5 0.866025388 -0.5 0
25.0414982 273 -445.693726 0.690068483 -0.49543646 -0.527587175
20.7223148 263 -441.803589 0.713003755 -0.499412656 -0.492151022
16.6970921 263 -446.347107 0.593145013 -0.495853722 -0.634277582
34.9289742 283 -438.849121 0.817157567 -0.509781599 -0.269028336
38.2911758 293 -445.940063 0.775310934 -0.503337145 -0.381503195
18.1937141 273 -452.541504 0.486030221 -0.494528383 -0.72056669
11.7014933 263 -449.795319 0.399283022 -0.496386528 -0.770826519
29.7123604 283 -449.08728 0.713871539 -0.506996453 -0.483054936
33.2278366 293 -453.998322 0.650715113 -0.506554782 -0.565660775
9.56500149 273 -456.938049 0.28832072 -0.493545949 -0.82053858
6.02584696 263 -451.947815 0.207981825 -0.494690865 -0.843815446
5.23536496e-14 263 -452.679504 0.132219449 -0.492735773 -0.860075295
21.5872936 283 -457.212372 0.528245628 -0.50821358 -0.680202544
18.4400597 293 -465.791168 0.381503195 -0.503337145 -0.775310934
26.4983158 293 -460.727844 0.53909266 -0.502396226 -0.676000834
11.3491116 283 -462.428986 0.238037884 -0.506113052 -0.82896775
5.23536496e-14 293 -470 0.126895875 -0.503170669 -0.854819715
9.45713997 293 -468.934448 0.191471279 -0.509511113 -0.838890433
4.82094765e-14 263 -402.320496 0 -1 0
-6.02584696 263 -403.052185 0 -1 0
-11.7014933 263 -405.204681 0 -1 0
-16.6970921 263 -408.652893 0 -1 0
-20.7223148 263 -413.196411 0 -1 0
-24.9959049 263 -430.535065 0 -1 0
-23.5432339 263 -418.571228 0 -1 0
-24.9959049 263 -424.464935 0 -1 0
6.02584696 263 -403.052185 0 -1 0
-16.6970921 263 -446.347107 0 -1 0
-23.5432339 263 -436.428772 0 -1 0
-20.7223148 263 -441.803589 0 -1 0
20.7223148 263 -413.196411 0 -1 0
16.6970921 263 -408.652893 0 -1 0
11.7014933 263 -405.204681 0 -1 0
23.5432339 263 -418.571228 0 -1 0
-6.02584696 263 -451.947815 0 -1 0
-11.7014933 263 -449.795319 0 -1 0
24.9959049 263 -430.535065 0 -1 0
24.9959049 263 -424.464935 0 -1 0
23.5432339 263 -436.428772 0 -1 0
5.23536496e-14 263 -452.679504 0 -1 0
11.7014933 263 -449.795319 0 -1 0
6.02584696 263 -451.947815 0 -1 0
20.7223148 263 -441.803589 0 -1 0
16.6970921 263 -446.347107 0 -1 0
-38.2911758 293 -409.059937 -0 1 -0
-33.2278366 293 -401.001678 -0 1 -0
-26.4983158 293 -394.272156 -0 1 -0
-42.5 293 -427.5 -0 1 -0
-41.4344368 293 -418.042847 -0 1 -0
4.71489032e-14 293 -385 -0 1 -0
-18.4400597 293 -389.208832 -0 1 -0
-9.45713997 293 -386.065552 -0 1 -0
-41.4344368 293 -436.957153 -0 1 -0
18.4400597 293 -389.208832 -0 1 -0
9.45713997 293 -386.065552 -0 1 -0
26.4983158 293 -394.272156 -0 1 -0
-26.4983158 293 -460.727844 -0 1 -0
-38.2911758 293 -445.940063 -0 1 -0
-33.2278366 293 -453.998322 -0 1 -0
-18.4400597 293 -465.791168 -0 1 -0
38.2911758 293 -409.059937 -0 1 -0
33.2278366 293 -401.001678 -0 1 -0
42.5 293 -427.5 -0 1 -0
41.4344368 293 -418.042847 -0 1 -0
18.4400597 293 -465.791168 -0 1 -0
-9.45713997 293 -468.934448 -0 1 -0
5.23536496e-14 293 -470 -0 1 -0
9.45713997 293 -468.934448 -0 1 -0
33.2278366 293 -453.998322 -0 1 -0
26.4983158 293 -460.727844 -0 1 -0
41.4344368 293 -436.957153 -0 1 -0
38.2911758 293 -445.940063 -0 1 -0
140.320587 317.22168 -516.034485 -0.0734208226 -0.925906241 -0.37054953
165.114883 313.866852 -513.034302 -0.108359739 -0.974879861 -0.194595575
165.052353 313.836212 -512.643005 -0.121933773 -0.9878003 -0.0968643874
165.186523 313.974426 -513.410095 -0.079670243 -0.920070767 -0.383565456
165.264435 314.154633 -513.755676 -0.0508978181 -0.828407228 -0.557808995
165.345551 314.400391 -514.057251 -0.0731930584 -0.91965121 -0.385855407
115.505669 320.059448 -518.877319 -0.05035723 -0.922568977 -0.382531941
128.240433 319.271667 -518.928528 -0.0663769692 -0.933239758 -0.353068858
37.1704483 325.386261 -524.213623 -0.0170751698 -0.913179278 -0.407200307
53.7809372 325.302856 -524.959717 -0.0281518083 -0.920473754 -0.389789045
74.3252182 323.544037 -522.368103 -0.0397446565 -0.936807513 -0.347580314
26.8901463 326.265198 -525.922058 -0.00896566361 -0.920118451 -0.391537517
0 326 -524.82843 -0.00611832086 -0.926919758 -0.375209779
0 326.038422 -525.218628 0.00316749024 -0.980780363 -0.195089355
0 326.152252 -525.593811 -0.000790669001 -0.923879266 -0.382683307
0 326.337067 -525.939575 -0.00186020194 -0.831468165 -0.555569291
0 326.585785 -526.242615 -0.0016526219 -0.77300936 -0.63439244
90.9691162 322.911285 -522.568115 -0.0394316539 -0.900217414 -0.433651626
82.8173752 323.103668 -522.543762 -0.0396600813 -0.919777334 -0.390431464
-106.365021 285.5 -440.717102 -0.343431115 -0.507588804 -0.790195346
-104.805122 278 -436.655396 -0.402665138 -0.499242395 -0.767214298
-106.856522 278 -435.23941 -0.561186075 -0.482723176 -0.672345579
-102.474464 278 -437.539307 -0.210967392 -0.472100794 -0.855928481
-100 278 -437.839752 -0.180745065 -0.482249409 -0.857185364
-104.546997 293 -445.947906 -0.203471333 -0.526425123 -0.825515628
-100 293 -446.5 -0.169049919 -0.507841706 -0.844700456
-108.829742 293 -444.323669 -0.402258903 -0.500756443 -0.766440332
-112.599327 293 -441.72171 -0.555596232 -0.511923969 -0.655169129
-111.469368 285.5 -436.646515 -0.687313676 -0.506076396 -0.521043777
-108.509445 278 -433.373657 -0.714161813 -0.49696368 -0.49295029
-109.667831 278 -431.166534 -0.802573919 -0.482842326 -0.350340456
-115.636696 293 -438.293243 -0.711285174 -0.503017962 -0.490964711
-117.765312 293 -434.237488 -0.791513741 -0.512267172 -0.333299249
-114.302071 285.5 -430.764343 -0.844388306 -0.50760591 -0.171302631
-110.264359 278 -428.746307 -0.874420881 -0.483021379 -0.0455896072
-118.861465 293 -429.790192 -0.855800807 -0.506761372 -0.103913032
-118.861465 293 -425.209808 -0.856395483 -0.512781918 0.0603447221
-114.302071 285.5 -424.235657 -0.84480536 -0.503222227 0.181855202
-110.264359 278 -426.253693 -0.863603711 -0.493145972 0.104860485
-109.667831 278 -423.833466 -0.802573919 -0.482842326 0.350340456
-117.765312 293 -420.762512 -0.791513741 -0.512267172 0.333299249
-111.469368 285.5 -418.353485 -0.687313676 -0.506076396 0.521043777
-108.509445 278 -421.626343 -0.714161813 -0.49696368 0.49295029
-106.856522 278 -419.76059 -0.561186075 -0.482723176 0.672345579
-115.636696 293 -416.706757 -0.711285174 -0.503017962 0.490964711
-112.599327 293 -413.27829 -0.555596232 -0.511923969 0.655169129
-106.365021 285.5 -414.282898 -0.343431115 -0.507588804 0.790195346
-102.474464 278 -417.460693 -0.210967392 -0.472100794 0.855928481
-100 278 -417.160248 -0.180745065 -0.482249409 0.857185364
-104.805122 278 -418.344604 -0.402665138 -0.499242395 0.767214298
-100 293 -408.5 -0.169049919 -0.507841706 0.844700456
-108.829742 293 -410.676331 -0.402258903 -0.500756443 0.766440332
-104.546997 293 -409.052094 -0.203471333 -0.526425123 0.825515628
-118.291656 142.60611 -371.5 -0 -0 -1
-118.637604 142.823486 -371.5 -0 -0 -1
-118.926506 143.112396 -371.5 -0 -0 -1
-119.278824 143.843994 -371.5 -0 -0 -1
-119.143883 143.458344 -371.5 -0 -0 -1
-117.5 142.42543 -371.5 -0 -0 -1
-117.906006 142.471176 -371.5 -0 -0 -1
-119.324577 144.25 -371.5 -0 -0 -1
-103.447182 159.609314 -371.5 -0 -0 -1
-102.756226 158.997177 -371.5 -0 -0 -1
-103.971565 160.369019 -371.5 -0 -0 -1
-101.93885 158.568192 -371.5 -0 -0 -1
-104.298904 161.232147 -371.5 -0 -0 -1
-101.042564 158.347275 -371.5 -0 -0 -1
-104.410172 162.148514 -371.5 -0 -0 -1
-100.119453 158.347275 -371.5 -0 -0 -1
-104.298904 163.064896 -371.5 -0 -0 -1
-82.5 142.42543 -371.5 -0 -0 -1
-99.2231674 158.568192 -371.5 -0 -0 -1
-98.4057922 158.997177 -371.5 -0 -0 -1
-81.7083435 142.60611 -371.5 -0 -0 -1
-82.0939941 142.471176 -371.5 -0 -0 -1
-81.3623962 142.823486 -371.5 -0 -0 -1
-97.7148361 159.609314 -371.5 -0 -0 -1
-81.073494 143.112396 -371.5 -0 -0 -1
-80.7211761 143.843994 -371.5 -0 -0 -1
-80.8561172 143.458344 -371.5 -0 -0 -1
-80.6754227 144.25 -371.5 -0 -0 -1
-97.1904449 160.369019 -371.5 -0 -0 -1
-96.8631058 161.232147 -371.5 -0 -0 -1
-96.7518387 162.148514 -371.5 -0 -0 -1
-96.8631058 163.064896 -371.5 -0 -0 -1
-102.756226 179.710419 -371.5 -0 -0 -1
-102.756226 165.299866 -371.5 -0 -0 -1
-103.447182 164.687729 -371.5 -0 -0 -1
-103.447182 180.322556 -371.5 -0 -0 -1
-103.971565 181.08226 -371.5 -0 -0 -1
-103.971565 163.928024 -371.5 -0 -0 -1
-101.93885 179.281418 -371.5 -0 -0 -1
-101.93885 165.728851 -371.5 -0 -0 -1
-104.298904 181.945374 -371.5 -0 -0 -1
-101.042564 179.060501 -371.5 -0 -0 -1
-101.042564 165.949768 -371.5 -0 -0 -1
-100.119453 179.060501 -371.5 -0 -0 -1
-100.119453 165.949768 -371.5 -0 -0 -1
-99.2231674 165.728851 -371.5 -0 -0 -1
-99.2231674 179.281418 -371.5 -0 -0 -1
-98.4057922 165.299866 -371.5 -0 -0 -1
-98.4057922 179.710419 -371.5 -0 -0 -1
-97.7148361 164.687729 -371.5 -0 -0 -1
-97.7148361 180.322556 -371.5 -0 -0 -1
-97.1904449 163.928024 -371.5 -0 -0 -1
-97.1904449 181.08226 -371.5 -0 -0 -1
-119.324577 203.75 -371.5 -0 -0 -1
-104.298904 183.778137 -371.5 -0 -0 -1
-104.410172 182.861755 -371.5 -0 -0 -1
-103.971565 184.641266 -371.5 -0 -0 -1
-103.447182 185.40097 -371.5 -0 -0 -1
-102.756226 186.013092 -371.5 -0 -0 -1
-96.8631058 181.945374 -371.5 -0 -0 -1
-119.143883 204.541656 -371.5 -0 -0 -1
-119.278824 204.156006 -371.5 -0 -0 -1
-118.637604 205.176514 -371.5 -0 -0 -1
-118.926506 204.887604 -371.5 -0 -0 -1
-118.291656 205.39389 -371.5 -0 -0 -1
-117.5 205.57457 -371.5 -0 -0 -1
-117.906006 205.528824 -371.5 -0 -0 -1
-101.93885 186.442093 -371.5 -0 -0 -1
-101.042564 186.66301 -371.5 -0 -0 -1
-100.119453 186.66301 -371.5 -0 -0 -1
-80.6754227 203.75 -371.5 -0 -0 -1
-97.7148361 185.40097 -371.5 -0 -0 -1
-98.4057922 186.013092 -371.5 -0 -0 -1
-97.1904449 184.641266 -371.5 -0 -0 -1
-96.8631058 183.778137 -371.5 -0 -0 -1
-96.7518387 182.861755 -371.5 -0 -0 -1
-82.5 205.57457 -371.5 -0 -0 -1
-99.2231674 186.442093 -371.5 -0 -0 -1
-80.7211761 204.156006 -371.5 -0 -0 -1
-81.073494 204.887604 -371.5 -0 -0 -1
-80.8561172 204.541656 -371.5 -0 -0 -1
-81.3623962 205.176514 -371.5 -0 -0 -1
-82.0939941 205.528824 -371.5 -0 -0 -1
-81.7083435 205.39389 -371.5 -0 -0 -1
-19.1438847 143.458344 -371.5 -0 -0 -1
-18.6376038 142.823486 -371.5 -0 -0 -1
-18.9265099 143.112396 -371.5 -0 -0 -1
-19.2788277 143.843994 -371.5 -0 -0 -1
-19.3245735 144.25 -371.5 -0 -0 -1
-17.9060059 142.471176 -371.5 -0 -0 -1
-18.2916527 142.60611 -371.5 -0 -0 -1
-17.5 142.42543 -371.5 -0 -0 -1
-2.86617255 159.609314 -371.5 -0 -0 -1
-2.17521477 158.997177 -371.5 -0 -0 -1
-3.39055896 160.369019 -371.5 -0 -0 -1
-1.35784125 158.568192 -371.5 -0 -0 -1
-3.71789837 161.232147 -371.5 -0 -0 -1
-0.461555064 158.347275 -371.5 -0 -0 -1
-3.82916689 162.148514 -371.5 -0 -0 -1
-3.71789837 163.064896 -371.5 -0 -0 -1
17.5 142.42543 -371.5 -0 -0 -1
0.461555064 158.347275 -371.5 -0 -0 -1
1.35784125 158.568192 -371.5 -0 -0 -1
18.2916527 142.60611 -371.5 -0 -0 -1
17.9060059 142.471176 -371.5 -0 -0 -1
2.17521477 158.997177 -371.5 -0 -0 -1
18.9265099 143.112396 -371.5 -0 -0 -1
18.6376038 142.823486 -371.5 -0 -0 -1
2.86617255 159.609314 -371.5 -0 -0 -1
19.2788277 143.843994 -371.5 -0 -0 -1
19.1438847 143.458344 -371.5 -0 -0 -1
19.3245735 144.25 -371.5 -0 -0 -1
3.39055896 160.369019 -371.5 -0 -0 -1
3.71789837 161.232147 -371.5 -0 -0 -1
3.82916689 162.148514 -371.5 -0 -0 -1
3.71789837 163.064896 -371.5 -0 -0 -1
-2.17521477 179.710419 -371.5 -0 -0 -1
-2.17521477 165.299866 -371.5 -0 -0 -1
-2.86617255 164.687729 -371.5 -0 -0 -1
-1.35784125 165.728851 -371.5 -0 -0 -1
-2.86617255 180.322556 -371.5 -0 -0 -1
-3.39055896 181.08226 -371.5 -0 -0 -1
-3.39055896 163.928024 -371.5 -0 -0 -1
-1.35784125 179.281418 -371.5 -0 -0 -1
-0.461555064 165.949768 -371.5 -0 -0 -1
-3.71789837 181.945374 -371.5 -0 -0 -1
-0.461555064 179.060501 -371.5 -0 -0 -1
0.461555064 179.060501 -371.5 -0 -0 -1
0.461555064 165.949768 -371.5 -0 -0 -1
1.35784125 179.281418 -371.5 -0 -0 -1
1.35784125 165.728851 -371.5 -0 -0 -1
2.17521477 165.299866 -371.5 -0 -0 -1
2.17521477 179.710419 -371.5 -0 -0 -1
2.86617255 180.322556 -371.5 -0 -0 -1
2.86617255 164.687729 -371.5 -0 -0 -1
3.39055896 163.928024 -371.5 -0 -0 -1
-19.3245735 203.75 -371.5 -0 -0 -1
-3.71789837 183.778137 -371.5 -0 -0 -1
-3.82916689 182.861755 -371.5 -0 -0 -1
-3.39055896 184.641266 -371.5 -0 -0 -1
-2.86617255 185.40097 -371.5 -0 -0 -1
-2.17521477 186.013092 -371.5 -0 -0 -1
3.39055896 181.08226 -371.5 -0 -0 -1
-19.1438847 204.541656 -371.5 -0 -0 -1
-19.2788277 204.156006 -371.5 -0 -0 -1
3.71789837 181.945374 -371.5 -0 -0 -1
-18.6376038 205.176514 -371.5 -0 -0 -1
-18.9265099 204.887604 -371.5 -0 -0 -1
-17.5 205.57457 -371.5 -0 -0 -1
-18.2916527 205.39389 -371.5 -0 -0 -1
-17.9060059 205.528824 -371.5 -0 -0 -1
-1.35784125 186.442093 -371.5 -0 -0 -1
-0.461555064 186.66301 -371.5 -0 -0 -1
17.5 205.57457 -371.5 -0 -0 -1
0.461555064 186.66301 -371.5 -0 -0 -1
1.35784125 186.442093 -371.5 -0 -0 -1
2.17521477 186.013092 -371.5 -0 -0 -1
19.3245735 203.75 -371.5 -0 -0 -1
2.86617255 185.40097 -371.5 -0 -0 -1
3.39055896 184.641266 -371.5 -0 -0 -1
3.71789837 183.778137 -371.5 -0 -0 -1
3.82916689 182.861755 -371.5 -0 -0 -1
19.1438847 204.541656 -371.5 -0 -0 -1
19.2788277 204.156006 -371.5 -0 -0 -1
18.6376038 205.176514 -371.5 -0 -0 -1
17.9060059 205.528824 -371.5 -0 -0 -1
18.2916527 205.39389 -371.5 -0 -0 -1
18.9265099 204.887604 -371.5 -0 -0 -1
-195 71.9436798 -320 -1 -5.3931137e-17 3.71508055e-17
-195 2 -2 -1 -0 -0
-195 291 -2 -1 -5.59420462e-17 3.85360353e-17
-195 53 -320 -1 -0 -0
-195 2 -522 -1 -0 -0
-195 53 -522 -1 -0 -0
-195 291 -320 -1 -1.29746138e-16 8.93764483e-17
195 53 -320 1 -0 -0
195 2 -522 1 -0 -0
195 53 -522 1 -0 -0
195 291 -2 1 1.11884092e-16 1.23043794e-17
195 71.9436798 -320 1 1.07862274e-16 1.18620827e-17
195 291 -320 1 1.29746138e-16 -0
195 2 -2 1 7.26266563e-17 1.59741364e-17
-210 310 -2 -1.69456517e-12 1 2.67338866e-15
-210 310 -476.987793 -1.69646773e-12 1 1.19673434e-16
-211.373779 310 -476.987793 -1.69642425e-12 1 1.19547583e-16
-211.373779 310 -1 -1.68995514e-12 1 5.21057273e-15
-209.941376 310 -1.51929998 8.30802929e-13 1 2.29164561e-12
-209.768921 310 -1.06678224 0 1 0
-211.351883 310 -0.805564761 0 1 0
-211.287247 310 -0.620879352 0 1 0
-211.183151 310 -0.455204576 0 1 0
-211.0448 310 -0.316848159 0 1 0
-210.87912 310 -0.212747827 0 1 0
-210.694443 310 -0.148123592 0 1 0
-210.5 310 -0.126216009 0 1 0
-209.492767 310 -0.668976545 0 1 0
-209.129105 310 -0.349205375 0 1 0
-208.699234 310 -0.126216009 0 1 0
-211.40097 291 -0.566116273 0 -1 0
-211.123489 291 -0.218168512 0 -1 0
-211.28183 291 -0.376510203 0 -1 0
-211.5 291 -1 0 -1 0
-210.933884 291 -0.0990311354 0 -1 0
-211.47493 291 -0.777479053 0 -1 0
-210.5 291 0 0 -1 0
-210.722519 291 -0.0250720885 0 -1 0
-194.246979 291 -0.436337024 0 -1 0
-194.56366 291 -0.753020406 0 -1 0
-194.801941 291 -1.13223255 0 -1 0
-193.867767 291 -0.198062271 0 -1 0
-194.94986 291 -1.55495811 0 -1 0
-193.445038 291 -0.0501441769 0 -1 0
-195 291 -2 0 -1 0
-193 291 0 0 -1 0
-195 291 -320 0 -1 0
-194 291 -321 0 -1 0
-194 291 -320 0 -1 0
-195 291 -321 0 -1 0
-211.5 291 -480.301514 0 -1 0
-179 291 -367.595917 0 -1 0
-183.330109 291 -366.182678 0 -1 0
-187.228134 291 -363.826324 0 -1 0
-190.491928 291 -360.649109 0 -1 0
-192.952194 291 -356.815826 0 -1 0
-194.481323 291 -352.525269 0 -1 0
-195 291 -348 0 -1 0
-179 291 -480.301514 0 -1 0
-208 614 0 -0 -0 1
208 309.996002 0 -0 -0 1
208 614 0 -0 -0 1
-208 309.996002 0 -0 -0 1
-193 2 0 -0 -0 1
193 2 0 -0 -0 1
193 291 0 -0 -0 1
-193 291 0 -0 -0 1
210 310 -2 1.65323321e-12 1 2.61109807e-15
211.373779 310 -476.987793 1.65504687e-12 1 1.19547583e-16
210 310 -476.987793 1.65509045e-12 1 1.19673434e-16
210.5 310 -0.126216009 0 1 0
209.768921 310 -1.06678224 0 1 0
209.492767 310 -0.668976545 0 1 0
209.129105 310 -0.349205375 0 1 0
208.699234 310 -0.126216009 0 1 0
211.373779 310 -1 1.64873453e-12 1 5.0863905e-15
209.941376 310 -1.51929998 -8.10539407e-13 1 2.23575195e-12
210.694443 310 -0.148123592 0 1 0
211.351883 310 -0.805564761 0 1 0
210.87912 310 -0.212747827 0 1 0
211.287247 310 -0.620879352 0 1 0
211.183151 310 -0.455204576 0 1 0
211.0448 310 -0.316848159 0 1 0
211.027359 344.415863 -517.202698 -1.03943167e-10 0.707106769 0.707106769
209.999969 348.253082 -521.039917 -3.33080763e-09 0.707106769 0.707106769
210 348.213196 -521 -2.56415566e-11 0.707106769 0.707106769
211.373779 340.453033 -513.239807 -1.14380007e-11 0.707106769 0.707106769
210 314.100494 -486.887299 -9.95551211e-12 0.707106769 0.707106769
211.373779 314.100494 -486.887299 4.30094675e-12 0.707106769 0.707106769
-211.027359 344.415863 -517.202698 1.9912494e-12 0.707106769 0.707106769
-210 348.213196 -521 1.30386815e-12 0.707106769 0.707106769
-209.999969 348.253082 -521.039917 -3.32484068e-10 0.707106769 0.707106769
-210 314.100494 -486.887299 5.66719284e-12 0.707106769 0.707106769
-211.373779 340.453033 -513.239807 8.41034794e-12 0.707106769 0.707106769
-211.373779 314.100494 -486.887299 1.03281246e-11 0.707106769 0.707106769
213.5 299.011414 -476.987793 1 0 0
213.5 299.011414 -1 1 0 0
213.5 293 -1 1 0 0
213.5 293 -480.301514 1 0 0
213.5 299.491577 -481.862823 1 0 0
213.5 293.441925 -484.788605 1 0 0
213.5 300.913574 -486.550507 1 0 0
213.5 294.750763 -489.103241 1 0 0
213.5 296.87619 -493.07962 1 0 0
213.5 303.222748 -490.870728 1 0 0
213.5 299.736542 -496.564972 1 0 0
213.5 306.330414 -494.65741 1 0 0
213.5 324.17157 -521 1 0 0
213.5 332.673004 -521 1 0 0
-213.5 306.330414 -494.65741 -1 0 0
-213.5 332.673004 -521 -1 0 0
-213.5 324.17157 -521 -1 0 0
-213.5 299.736542 -496.564972 -1 0 0
-213.5 303.222748 -490.870728 -1 0 0
-213.5 296.87619 -493.07962 -1 0 0
-213.5 300.913574 -486.550507 -1 0 0
-213.5 294.750763 -489.103241 -1 0 0
-213.5 293.441925 -484.788605 -1 0 0
-213.5 299.491577 -481.862823 -1 0 0
-213.5 293 -480.301514 -1 0 0
-213.5 299.011414 -476.987793 -1 0 0
-213.5 293 -1 -1 0 0
-213.5 299.011414 -1 -1 0 0
-213.5 324.17157 -521 -0.998186588 -7.50093459e-05 -0.0601956956
-213.5 332.673004 -521 -1 0 -0.000221774069
-213.5 332.682983 -521.01062 -0.996295393 0.0121663669 -0.085132204
-213.325195 326.821991 -523.891357 -0.993676126 0.00829798914 -0.111976981
-212.861588 337.90744 -526.49884 -0.974401116 0.00352395163 -0.224788815
-212.772903 329.545776 -526.862793 -0.962141395 0.00165688607 -0.272545815
-211.272659 333.427246 -531.097107 -0.914538443 -0.00422576582 -0.404477
-211.807831 341.104095 -529.852173 -0.92745018 -0.00401740428 -0.37392509
-210.229401 344.201691 -533.095154 -0.865172625 -0.00166270684 -0.5014714
-208.919342 337.099152 -535.102783 -0.811163545 -0.00634696148 -0.584784985
-208.447037 346.399872 -535.731262 -0.769446433 -0.00298761227 -0.638704419
-205.785583 340.331451 -538.628967 -0.685281396 -0.00587807922 -0.728254616
-206.060257 347.952271 -538.371216 -0.687338948 -0.000206348515 -0.726336837
-203.167099 348.930084 -540.728455 -0.58367604 -0.000857099367 -0.811986148
-202.038208 342.930634 -541.464417 -0.518979847 -0.008311552 -0.854746103
-199.828705 349.49231 -542.663696 -0.436957926 0.00102172385 -0.899481356
-197.909943 344.776672 -543.478271 -0.356600702 -0.00986552425 -0.934204817
-196.220825 349.772736 -544.039734 -0.282134503 0.000140725082 -0.959374845
-193.65419 345.839508 -544.637756 -0.18926084 -0.0102501605 -0.981873333
-192.910919 349.881439 -544.756409 -0.121615529 -0.00194929668 -0.992575347
-189.5 346.17157 -545 -0.0794677138 -0.00760617713 -0.99680841
-189.5 349.912689 -545 -0.0712413713 0 -0.997459114
213.5 332.682983 -521.01062 0.996243775 -0.000108024811 -0.0865930468
213.5 332.673004 -521 1 0 -0.000221774069
213.5 324.17157 -521 0.990663826 -0.0164320674 -0.135333568
213.140884 336.610016 -525.136475 0.985825181 -0.00908817444 -0.16752933
212.546021 330.312622 -527.699341 0.958737552 -0.0147690549 -0.283908784
212.059601 340.471863 -529.189392 0.925711274 -0.00762969954 -0.378154039
209.877075 335.794647 -533.679688 0.858624518 -0.0134045016 -0.512429714
210.229401 344.201691 -533.095154 0.879729211 -0.00380718778 -0.475459754
208.799301 346.066467 -535.266602 0.782761037 -0.0126834391 -0.622193098
206.033524 340.1185 -538.396606 0.703185618 -0.0130178183 -0.710887194
206.956284 347.482513 -537.47052 0.711026073 -0.000665523054 -0.703165352
203.990097 348.714722 -540.13208 0.59975642 -0.000797968707 -0.800182223
201.666809 343.13504 -541.687378 0.522625387 -0.00974323601 -0.852506757
200.072571 349.463837 -542.545837 0.432605058 0.00819604192 -0.901546299
197.311234 344.973755 -543.693298 0.344108492 -0.00279322569 -0.938925743
195.218933 349.816528 -544.308716 0.237568766 0.0190824103 -0.97118324
193.35527 345.885864 -544.688354 0.148825437 0.00964732189 -0.98881644
189.5 349.912689 -545 0.105092138 0.0236664899 -0.994180858
189.5 346.17157 -545 0.0805801973 0 -0.996748149
-165.052353 313.836212 -507.836212 3.07367483e-15 -0.707106769 -0.707106769
-174.383942 308.136444 -502.136444 8.15162486e-15 -0.707106769 -0.707106769
-171.798111 310.877533 -504.877533 2.43603762e-14 -0.707106769 -0.707106769
-169.279205 312.500336 -506.500336 3.39961722e-14 -0.707106769 -0.707106769
-167.170898 313.351746 -507.351746 1.88657107e-14 -0.707106769 -0.707106769
-176.228104 304.571899 -498.571899 9.09612588e-15 -0.707106769 -0.707106769
-177 299.987457 -493.987457 1.15095387e-14 -0.707106769 -0.707106769
-177 297.100494 -491.100494 4.67901538e-18 -0.707106769 -0.707106769
-127.957291 318.705231 -512.7052 2.53292613e-17 -0.707106769 -0.707106769
-90.6501541 322.344757 -516.344788 -8.86558946e-16 -0.707106769 -0.707106769
-53.4722061 324.729492 -518.729492 -1.13676205e-15 -0.707106769 -0.707106769
169.662277 312.300629 -506.300629 -2.24762429e-14 -0.707106769 -0.707106769
165.052353 313.836212 -507.836212 -2.0365264e-15 -0.707106769 -0.707106769
167.368484 313.288452 -507.288452 -3.85108002e-14 -0.707106769 -0.707106769
171.809906 310.867981 -504.867981 -1.11461383e-15 -0.707106769 -0.707106769
173.685959 309.032379 -503.032379 -6.96727967e-15 -0.707106769 -0.707106769
175.185287 306.880859 -500.880859 -2.97989113e-15 -0.707106769 -0.707106769
176.241669 304.532593 -498.532593 -5.05736395e-15 -0.707106769 -0.707106769
176.817886 302.238281 -496.238281 -1.2256942e-14 -0.707106769 -0.707106769
177 299.987457 -493.987457 -1.04988853e-14 -0.707106769 -0.707106769
177 297.100494 -491.100494 -4.09918749e-17 -0.707106769 -0.707106769
62.1571465 324.282928 -518.282959 8.12029708e-17 -0.707106769 -0.707106769
103.353912 321.246155 -515.246155 3.14984752e-17 -0.707106769 -0.707106769
134.279739 317.963867 -511.963867 3.72675094e-16 -0.707106769 -0.707106769
20.8906593 325.806183 -519.806152 5.94725549e-16 -0.707106769 -0.707106769
-16.2850876 325.882233 -519.882202 -6.53814938e-16 -0.707106769 -0.707106769
-93.6349792 285.5 -414.282898 0.343431115 -0.507588804 0.790195346
-100 293 -408.5 0.169049919 -0.507841706 0.844700456
-100 278 -417.160248 0.180745065 -0.482249409 0.857185364
-95.1948776 278 -418.344604 0.402665138 -0.499242395 0.767214298
-93.1434784 278 -419.76059 0.561186075 -0.482723176 0.672345579
-97.5255356 278 -417.460693 0.210967392 -0.472100794 0.855928481
-95.4530029 293 -409.052094 0.203471333 -0.526425123 0.825515628
-91.1702576 293 -410.676331 0.402258903 -0.500756443 0.766440332
-87.4006729 293 -413.27829 0.555596232 -0.511923969 0.655169129
-88.530632 285.5 -418.353485 0.687313676 -0.506076396 0.521043777
-91.4905548 278 -421.626343 0.714161813 -0.49696368 0.49295029
-90.3321686 278 -423.833466 0.802573919 -0.482842326 0.350340456
-84.3633041 293 -416.706757 0.711285174 -0.503017962 0.490964711
-82.2346878 293 -420.762512 0.791513741 -0.512267172 0.333299249
-85.6979294 285.5 -424.235657 0.84092325 -0.504700184 0.19525829
-89.7356415 278 -426.253693 0.874420881 -0.483021379 0.0455896072
-81.1385345 293 -425.209808 0.856395483 -0.512781918 0.0603447221
-85.6979294 285.5 -430.764343 0.847403049 -0.505996466 -0.160859138
-89.7356415 278 -428.746307 0.863603711 -0.493145972 -0.104860485
-90.3321686 278 -431.166534 0.802573919 -0.482842326 -0.350340456
-81.1385345 293 -429.790192 0.855800807 -0.506761372 -0.103913032
-82.2346878 293 -434.237488 0.791513741 -0.512267172 -0.333299249
-88.530632 285.5 -436.646515 0.687313676 -0.506076396 -0.521043777
-91.4905548 278 -433.373657 0.714161813 -0.49696368 -0.49295029
-93.1434784 278 -435.23941 0.561186075 -0.482723176 -0.672345579
-84.3633041 293 -438.293243 0.711285174 -0.503017962 -0.490964711
-87.4006729 293 -441.72171 0.555596232 -0.511923969 -0.655169129
-93.6349792 285.5 -440.717102 0.343431115 -0.507588804 -0.790195346
-97.5255356 278 -437.539307 0.210967392 -0.472100794 -0.855928481
-100 278 -437.839752 0.180745065 -0.482249409 -0.857185364
-95.1948776 278 -436.655396 0.402665138 -0.499242395 -0.767214298
-100 293 -446.5 0.169049919 -0.507841706 -0.844700456
-91.1702576 293 -444.323669 0.402258903 -0.500756443 -0.766440332
-95.4530029 293 -445.947906 0.203471333 -0.526425123 -0.825515628
-110.264359 278 -426.253693 0 -1 0
-108.509445 278 -421.626343 0 -1 0
-109.667831 278 -423.833466 0 -1 0
-100 278 -417.160248 0 -1 0
-102.474464 278 -417.460693 0 -1 0
-104.805122 278 -418.344604 0 -1 0
-106.856522 278 -419.76059 0 -1 0
-110.264359 278 -428.746307 0 -1 0
-97.5255356 278 -417.460693 0 -1 0
-109.667831 278 -431.166534 0 -1 0
-95.1948776 278 -418.344604 0 -1 0
-90.3321686 278 -423.833466 0 -1 0
-91.4905548 278 -421.626343 0 -1 0
-93.1434784 278 -419.76059 0 -1 0
-102.474464 278 -437.539307 0 -1 0
-108.509445 278 -433.373657 0 -1 0
-106.856522 278 -435.23941 0 -1 0
-104.805122 278 -436.655396 0 -1 0
-89.7356415 278 -426.253693 0 -1 0
-100 278 -437.839752 0 -1 0
-90.3321686 278 -431.166534 0 -1 0
-89.7356415 278 -428.746307 0 -1 0
-93.1434784 278 -435.23941 0 -1 0
-97.5255356 278 -437.539307 0 -1 0
-95.1948776 278 -436.655396 0 -1 0
-91.4905548 278 -433.373657 0 -1 0
67.1448441 389.010468 -551.299988 0 0 -1
66.982132 388.545441 -551.299988 0 0 -1
66.7200317 388.128326 -551.299988 0 0 -1
66.3716812 387.779968 -551.299988 0 0 -1
65.4895477 387.355164 -551.299988 0 0 -1
65.9545441 387.517883 -551.299988 0 0 -1
67.1999969 389.5 -551.299988 0 0 -1
65 387.299988 -551.299988 0 0 -1
-66.3716812 387.779968 -551.299988 0 0 -1
-65 387.299988 -551.299988 0 0 -1
-65.4895477 387.355164 -551.299988 0 0 -1
-65.9545441 387.517883 -551.299988 0 0 -1
-66.7200317 388.128326 -551.299988 0 0 -1
-66.982132 388.545441 -551.299988 0 0 -1
-67.1448441 389.010468 -551.299988 0 0 -1
-67.1999969 389.5 -551.299988 0 0 -1
42.5952797 507.569275 -551.299988 0 0 -1
44.040947 508.857849 -551.299988 0 0 -1
45.1346207 510.456055 -551.299988 0 0 -1
40.8823318 506.665863 -551.299988 0 0 -1
45.8122177 512.270203 -551.299988 0 0 -1
39.0024872 506.2005 -551.299988 0 0 -1
37.0659027 506.2005 -551.299988 0 0 -1
35.186058 506.665863 -551.299988 0 0 -1
39.2841949 511.141693 -551.299988 0 0 -1
43.527359 514.415833 -551.299988 0 0 -1
43.4251442 513.05188 -551.299988 0 0 -1
42.9895248 511.755341 -551.299988 0 0 -1
42.2474403 510.606354 -551.299988 0 0 -1
41.2447853 509.676025 -551.299988 0 0 -1
40.0435715 509.021881 -551.299988 0 0 -1
38.7180862 508.684387 -551.299988 0 0 -1
43.2898445 515.762817 -551.299988 0 0 -1
33.4731102 507.569275 -551.299988 0 0 -1
42.7272949 517.009583 -551.299988 0 0 -1
36.7841949 511.141693 -551.299988 0 0 -1
37.3503036 508.684387 -551.299988 0 0 -1
36.0248184 509.021881 -551.299988 0 0 -1
34.8236046 509.676025 -551.299988 0 0 -1
41.8744965 518.078979 -551.299988 0 0 -1
33.8209496 510.606354 -551.299988 0 0 -1
32.0274429 508.857849 -551.299988 0 0 -1
40.7841949 518.904846 -551.299988 0 0 -1
33.0788651 511.755341 -551.299988 0 0 -1
30.9337673 510.456055 -551.299988 0 0 -1
32.6432457 513.05188 -551.299988 0 0 -1
32.5410309 514.415833 -551.299988 0 0 -1
67.1999969 549.5 -551.299988 0 0 -1
46.0340233 514.194092 -551.299988 0 0 -1
45.7870445 516.114868 -551.299988 0 0 -1
45.0857506 517.919983 -551.299988 0 0 -1
43.971241 519.503723 -551.299988 0 0 -1
42.5088234 520.773254 -551.299988 0 0 -1
39.2841949 522.141663 -551.299988 0 0 -1
40.7841949 521.654175 -551.299988 0 0 -1
32.7785454 515.762817 -551.299988 0 0 -1
33.341095 517.009583 -551.299988 0 0 -1
34.1938934 518.078979 -551.299988 0 0 -1
35.2841949 518.904846 -551.299988 0 0 -1
66.7200317 550.871704 -551.299988 0 0 -1
66.982132 550.454529 -551.299988 0 0 -1
67.1448441 549.989563 -551.299988 0 0 -1
65.9545441 551.482117 -551.299988 0 0 -1
66.3716812 551.220032 -551.299988 0 0 -1
65.4895477 551.644836 -551.299988 0 0 -1
35.2841949 521.654175 -551.299988 0 0 -1
36.7841949 522.141663 -551.299988 0 0 -1
65 551.700012 -551.299988 0 0 -1
33.5595665 520.773254 -551.299988 0 0 -1
-67.1999969 549.5 -551.299988 0 0 -1
30.0343666 514.194092 -551.299988 0 0 -1
30.2561722 512.270203 -551.299988 0 0 -1
-65 551.700012 -551.299988 0 0 -1
32.0971489 519.503723 -551.299988 0 0 -1
30.9826374 517.919983 -551.299988 0 0 -1
30.2813454 516.114868 -551.299988 0 0 -1
-67.1448441 549.989563 -551.299988 0 0 -1
-65.9545441 551.482117 -551.299988 0 0 -1
-65.4895477 551.644836 -551.299988 0 0 -1
-66.7200317 550.871704 -551.299988 0 0 -1
-66.982132 550.454529 -551.299988 0 0 -1
-66.3716812 551.220032 -551.299988 0 0 -1
166.845734 601 -545 0 0 -1
189 614 -545 0 0 -1
189 601 -545 0 0 -1
165.026855 600.954651 -545 0 0 -1
163.212479 600.818726 -545 0 0 -1
161.407135 600.592529 -545 0 0 -1
115.501762 594.675293 -545 1.42159012e-18 -6.21945125e-17 -1
60.3249626 593.507507 -545 7.3400089e-15 -1.69533272e-14 -1
61.1122589 593.956665 -545 1.61137972e-14 4.12453647e-14 -1
69.3855133 590.724487 -545 5.46549068e-17 5.58904963e-17 -1
59.1791992 593.119751 -545 -4.52542836e-14 -1.92828894e-13 -1
57.9549179 592.884583 -545 -3.99492713e-15 3.14898118e-14 -1
56.7105598 592.80658 -545 1.22008764e-15 7.42738797e-15 -1
60.0420074 596.374451 -545 -6.5834217e-15 -1.96424209e-15 -1
56.6932373 602.846924 -545 -4.94808594e-14 -2.56007509e-14 -1
57.3687363 603.449402 -545 0 0 -1
57.9366188 604.153992 -545 0 0 -1
55.7176933 602.199768 -545 -3.64485858e-15 6.3722475e-15 -1
58.8116035 595.746887 -545 -5.77019427e-15 1.48514725e-14 -1
57.4790764 595.378662 -545 2.51473037e-14 1.75545512e-14 -1
58.3319016 604.967102 -545 0 0 -1
54.6651192 601.686829 -545 2.07423918e-14 9.2527787e-15 -1
56.1015854 595.256775 -545 0 0 -1
55.4220848 595.296936 -545 0 0 -1
54.7513809 595.41217 -545 0 0 -1
58.5243568 605.924194 -545 0 0 -1
53.2495804 600.912659 -545 2.65010148e-14 -1.15883636e-14 -1
52.2728653 597.35675 -545 0 0 -1
52.0357857 598.136902 -545 1.72608781e-13 -9.43531413e-14 -1
52.6929398 596.658264 -545 0 0 -1
53.2781715 596.090515 -545 0 0 -1
53.9783249 595.672607 -545 0 0 -1
52.6389999 600.385315 -545 1.1930947e-13 -1.39593591e-13 -1
52.0958557 599.484863 -545 5.10561645e-14 -2.83308858e-13 -1
52.2762032 599.901306 -545 1.20230743e-13 -3.25034623e-13 -1
51.9994698 599.048889 -545 -7.29833674e-13 9.40512859e-14 -1
51.9807205 598.591431 -545 -6.18038498e-13 1.00044816e-13 -1
58.4694176 607.128235 -545 0 0 -1
58.3174438 607.755371 -545 -1.71829167e-15 -7.51215479e-15 -1
44.4834175 594.488953 -545 -2.90520824e-15 8.8721104e-14 -1
50.2793198 595.612366 -545 -4.37157685e-15 1.10491796e-13 -1
51.2522507 594.593079 -545 3.87289849e-15 -4.04602906e-15 -1
43.8286972 593.862244 -545 8.78591023e-15 -5.95950833e-14 -1
52.5147209 593.744507 -545 1.15911267e-14 -4.0728407e-14 -1
58.1008682 608.363281 -545 -1.56832453e-14 -7.40738512e-14 -1
45.0462456 595.323486 -545 1.54412497e-14 4.09660167e-14 -1
49.5538979 596.819763 -545 3.35404007e-14 -2.53467816e-14 -1
43.0580368 593.38501 -545 8.95889723e-15 -8.5400186e-14 -1
54.224762 593.107178 -545 4.46215813e-15 -6.71677408e-14 -1
42.2116432 593.060059 -545 8.55602168e-16 -2.18022743e-13 -1
55.5118332 606.476318 -545 0 0 -1
55.3696022 606.044189 -545 0 0 -1
55.1560249 605.687195 -545 0 0 -1
45.4754181 596.489075 -545 5.12426134e-14 -7.28759162e-14 -1
49.2640877 597.586853 -545 4.09718544e-14 -3.40405499e-14 -1
55.5536118 606.963745 -545 0 0 -1
54.7270164 605.24469 -545 -4.81622934e-14 1.69499475e-14 -1
41.2201729 592.856323 -545 0 0 -1
55.5033569 607.450623 -545 -1.79789912e-13 6.32741811e-14 -1
57.4831581 609.466736 -545 5.2578713e-14 1.98550784e-13 -1
45.6455536 598.013489 -545 2.25056603e-14 2.21494881e-14 -1
49.0733032 598.384033 -545 3.26588223e-14 4.69728304e-15 -1
48.9763451 599.587402 -545 1.12511225e-14 3.02415597e-14 -1
55.3128471 608.076355 -545 6.07735162e-14 2.75749289e-14 -1
54.9671173 608.632446 -545 -9.62851574e-15 -9.12005795e-15 -1
54.0622749 604.760376 -545 5.9367417e-15 -1.00982565e-14 -1
56.5281448 610.497498 -545 1.79076385e-14 8.11172893e-14 -1
45.501133 599.713074 -545 1.1453534e-15 3.16825762e-14 -1
49.1152229 600.554993 -545 0 0 -1
54.5166931 609.107971 -545 -2.07889075e-14 -2.39764297e-14 -1
40.2784615 595.163452 -545 -5.33733892e-14 9.22505074e-14 -1
41.5400429 595.811768 -545 0 0 -1
40.9732208 595.423889 -545 0 0 -1
41.9633789 596.262695 -545 0 0 -1
42.2882309 596.789185 -545 -1.37192978e-13 1.69600553e-13 -1
42.5030403 597.369568 -545 -2.90179698e-14 7.38756522e-14 -1
45.312191 600.555054 -545 0 0 -1
53.9827614 609.485901 -545 -1.3638152e-14 -2.42873535e-14 -1
39.2681007 595.04187 -545 1.70076762e-14 1.88545316e-14 -1
42.6214943 597.977173 -545 3.71249696e-14 -3.68198869e-15 -1
55.2304001 611.365601 -545 -1.51486919e-15 -5.47043693e-15 -1
42.6558037 598.909912 -545 4.50620545e-14 -2.61342902e-14 -1
45.0506325 601.377502 -545 0 0 -1
49.4039993 601.316711 -545 0 0 -1
49.7996635 601.93457 -545 0 0 -1
53.3819237 609.745178 -545 -7.94488021e-15 -2.38910013e-14 -1
38.50634 595.083862 -545 3.03752325e-15 2.64199436e-14 -1
52.7453575 609.8974 -545 -4.52671178e-15 -2.32912156e-14 -1
37.7551537 595.21582 -545 3.48617416e-14 -2.96974834e-14 -1
42.5565605 599.83844 -545 2.22807731e-14 -2.31424885e-14 -1
52.2882652 609.957764 -545 4.81535656e-14 -1.1426521e-15 -1
52.6053543 603.997375 -545 4.04363907e-14 1.22618353e-14 -1
51.8280182 609.983215 -545 0 0 -1
53.6507225 611.955139 -545 0 0 -1
44.3643532 602.849182 -545 -3.13704242e-15 -1.27793097e-14 -1
50.2886887 602.482056 -545 6.05581653e-16 -1.57157206e-14 -1
36.5939827 595.590454 -545 -9.62323449e-16 9.13531916e-16 -1
42.0861015 601.432495 -545 2.89034509e-14 -2.71721766e-14 -1
50.3306351 609.828064 -545 0 0 -1
49.4305344 609.552368 -545 7.15276701e-14 4.11708631e-14 -1
51.8040848 603.586426 -545 3.59818783e-14 2.05643963e-14 -1
48.5861244 609.137817 -545 -9.59445485e-15 -4.0981292e-15 -1
51.0421982 603.106445 -545 -4.72587769e-14 -3.80939482e-14 -1
43.418438 604.168518 -545 -1.1963988e-14 -1.04362574e-14 -1
41.3404427 602.72876 -545 -1.13640244e-14 -8.37002552e-15 -1
42.2395744 605.284973 -545 -5.126198e-14 3.82274677e-14 -1
30.6284409 593.749878 -545 0 0 -1
31.379076 594.453918 -545 0 0 -1
36.5742836 593.465698 -545 0 0 -1
40.4128418 603.704285 -545 -5.5208486e-14 2.43758311e-14 -1
31.9346676 595.285706 -545 0 0 -1
29.7373161 593.235168 -545 0 0 -1
37.5540237 593.139893 -545 0 0 -1
32.2687645 596.138 -545 0 0 -1
47.4889793 611.425171 -545 -3.68613196e-15 -4.82404491e-15 -1
32.4844246 597.338989 -545 0 0 -1
40.8592567 606.138733 -545 -1.26818891e-14 -2.71061555e-14 -1
23.1425877 588.747253 -545 -2.77329016e-16 2.93740777e-15 -1
28.7555485 592.924988 -545 0 0 -1
28.0739136 592.820618 -545 0 0 -1
27.3852196 592.785095 -545 4.83865843e-14 -5.08407742e-14 -1
38.5637398 592.92218 -545 0 0 -1
40.2102203 592.788635 -545 0 0 -1
38.6343422 604.570984 -545 -9.37039685e-14 -6.11124514e-14 -1
39.5860863 604.233398 -545 -2.67986832e-13 -4.18750999e-13 -1
38.0895271 604.667786 -545 4.49317097e-15 1.39341875e-14 -1
25.8507824 592.940918 -545 -3.84731038e-14 -2.2639306e-15 -1
37.5378952 604.710205 -545 6.98784631e-14 -7.23255091e-15 -1
32.3644791 599.773926 -545 1.07852375e-14 -6.93072639e-15 -1
39.1553879 606.727966 -545 4.40897115e-14 -7.82213514e-14 -1
36.4573441 604.616943 -545 0 0 -1
35.184391 604.16217 -545 -3.548019e-15 5.7689936e-15 -1
35.803257 604.438477 -545 0 0 -1
24.3916645 593.440796 -545 9.88137964e-15 2.15923115e-14 -1
31.9688606 601.322205 -545 1.6814397e-15 3.81278769e-14 -1
37.1653481 606.96344 -545 -3.34531631e-14 7.74038629e-14 -1
36.1583328 606.901367 -545 -2.16789785e-16 4.15829921e-14 -1
23.0585232 594.21875 -545 3.09838282e-14 -2.03018788e-14 -1
31.361784 602.799866 -545 -2.97671857e-15 -2.35754172e-15 -1
34.2258759 606.352966 -545 1.17777077e-14 -4.98054661e-14 -1
21.8974247 595.234009 -545 -9.59292426e-15 -2.67706478e-15 -1
30.5366478 604.111145 -545 5.9458257e-14 -4.71353134e-14 -1
29.4581242 605.222412 -545 8.00711849e-15 6.67912381e-14 -1
28.1788673 606.095886 -545 -2.96783891e-15 6.98229926e-14 -1
14.87187 593.784485 -545 0 0 -1
14.537756 593.449646 -545 0 0 -1
15.0531626 594.044739 -545 2.66568235e-15 -1.53410288e-14 -1
14.1437588 593.187683 -545 0 0 -1
15.1935081 594.328735 -545 1.78097469e-14 -6.30575033e-15 -1
13.7094412 592.999756 -545 -7.20400031e-14 -1.59802496e-13 -1
15.3691664 594.937256 -545 -1.98278957e-15 4.36183004e-14 -1
20.9990788 596.488342 -545 3.77601867e-15 -2.96403899e-14 -1
13.2520943 592.878235 -545 -3.77688772e-15 1.84777239e-14 -1
12.7834959 592.810486 -545 9.71755025e-14 2.47744506e-13 -1
26.5795441 606.728271 -545 6.40074169e-15 -1.49433163e-14 -1
35.168808 606.706604 -545 -2.57212447e-14 2.9791485e-13 -1
15.4349546 595.77948 -545 -5.13413436e-15 -3.03402933e-14 -1
20.3452778 597.887085 -545 -1.24208869e-14 -5.06281206e-15 -1
12.3105955 592.788635 -545 -7.50992964e-14 -2.0128483e-13 -1
11.1567268 592.852661 -545 -1.21662688e-14 -5.03195643e-14 -1
15.2605495 597.459412 -545 -5.10173916e-15 7.42693989e-15 -1
20.0076752 598.920593 -545 -1.53975563e-14 5.00231536e-14 -1
19.7551289 599.978149 -545 0 0 -1
19.6025105 601.641357 -545 0 0 -1
24.6844368 606.970581 -545 2.16295792e-15 1.1053708e-14 -1
24.0421429 606.934448 -545 5.64609936e-14 3.17869835e-13 -1
24.6878204 606.96698 -545 1.68060078e-13 1.58860311e-13 -1
11.7762861 595.186462 -545 -2.65344902e-13 2.02248835e-13 -1
12.1455917 595.49585 -545 -8.5171746e-13 6.49188548e-13 -1
11.9853373 595.326538 -545 1.22944374e-12 -1.83494778e-12 -1
12.2664061 595.695312 -545 -4.72792107e-13 5.45210524e-13 -1
11.4585857 595.078552 -545 -1.36030456e-13 2.54043694e-13 -1
12.3485622 595.913513 -545 7.77985125e-14 -2.02105788e-14 -1
11.0460787 595.04187 -545 5.68372999e-14 -4.54371377e-14 -1
12.4179497 596.278625 -545 1.47721923e-13 -1.63856206e-13 -1
12.4337397 596.684082 -545 6.77800847e-14 -8.66430476e-14 -1
10.3916569 595.086609 -545 4.44932922e-14 -8.16389193e-14 -1
12.3989344 597.149475 -545 -2.65684437e-14 -3.1214585e-15 -1
9.75033188 595.22168 -545 -4.32097256e-15 3.31007707e-15 -1
12.3249245 597.610291 -545 -7.40414115e-15 7.28012197e-15 -1
6.60078669 593.660461 -545 7.42046517e-15 4.51218991e-14 -1
10.0287333 593.096741 -545 1.4957743e-14 -8.60271191e-14 -1
5.70547915 593.224182 -545 4.88276107e-14 -1.27706981e-13 -1
4.74636841 592.951416 -545 1.44406768e-14 -7.20333407e-13 -1
15.9140358 604.706604 -545 0 0 -1
19.7660332 603.301453 -545 0 0 -1
20.1701584 604.44873 -545 0 0 -1
3.90603542 592.825439 -545 1.3032764e-14 6.48293878e-14 -1
3.05705118 592.785095 -545 1.82750154e-15 5.13280282e-15 -1
5.59325027 595.747559 -545 -1.21052562e-14 -5.30084992e-15 -1
13.9827108 604.706604 -545 0 0 -1
15.5552769 606.741333 -545 0 0 -1
21.5383434 606.072021 -545 0 0 -1
20.7882748 605.390137 -545 0 0 -1
22.4286289 606.557007 -545 -1.19592955e-14 -4.15424361e-14 -1
13.1873713 609.217407 -545 -3.38061093e-16 1.92817034e-15 -1
23.4026318 606.840393 -545 -4.07156303e-14 -1.27150135e-13 -1
13.6239519 606.741333 -545 0 0 -1
3.3247838 599.812439 -545 6.40759825e-14 3.57584141e-14 -1
3.85255361 600.29071 -545 -1.94051555e-14 1.75886188e-14 -1
4.27653837 600.862488 -545 -3.6980819e-15 1.33642978e-14 -1
2.60742307 599.34259 -545 5.33360892e-15 -1.2587705e-14 -1
4.6747632 595.254639 -545 9.70417611e-15 -2.29025613e-14 -1
3.68146873 594.9375 -545 3.88299181e-14 9.4674592e-15 -1
7.83032417 604.706604 -545 3.94822544e-16 -9.41638735e-15 -1
11.0739594 604.706604 -545 0 0 -1
4.56079102 601.514832 -545 4.57689679e-15 -7.14511763e-15 -1
1.83910251 598.960754 -545 2.8209199e-14 1.37245553e-14 -1
2.64509797 594.819763 -545 6.9310741e-14 1.34904134e-14 -1
2.05635047 594.859741 -545 2.25832896e-15 1.58058923e-14 -1
4.67731953 602.216675 -545 1.69106862e-13 -1.68481074e-13 -1
0.87771678 598.452393 -545 -2.61473175e-14 1.51126365e-14 -1
0.176896453 596.069092 -545 6.50748105e-14 2.85654408e-14 -1
0.00143288088 596.625183 -545 -2.56902924e-13 1.02531217e-13 -1
0.403683245 595.708801 -545 1.74768837e-13 -3.019644e-14 -1
0.711310148 595.397217 -545 -1.61983911e-13 8.82271212e-15 -1
1.07527351 595.153442 -545 1.90350326e-14 3.56012793e-14 -1
1.4799298 594.986267 -545 0 0 -1
0.184114724 597.807129 -545 1.57644687e-12 -8.89047028e-13 -1
-0.0312791653 597.169434 -545 6.70137286e-13 -4.4455604e-13 -1
0.0483489409 597.532959 -545 2.26505533e-12 -1.12164217e-12 -1
0.449633986 598.116638 -545 -6.46106161e-14 -3.77700428e-14 -1
-0.03280624 596.896606 -545 -6.63120871e-13 1.69036511e-13 -1
4.62247372 602.92627 -545 3.18615272e-14 6.44807727e-15 -1
-6.3315568 593.014343 -545 -6.69191021e-16 -3.02440229e-15 -1
0.967781365 593.036377 -545 -1.53651539e-14 -6.94426613e-14 -1
-0.321243256 593.532593 -545 -7.33812086e-15 8.51046867e-14 -1
-1.27376401 594.178955 -545 0 0 -1
-1.98636138 594.971619 -545 0 0 -1
-2.44775462 595.812805 -545 0 0 -1
-2.63924026 596.348206 -545 0 0 -1
4.34179592 603.874573 -545 1.6046636e-14 6.93569754e-14 -1
-2.7711916 596.901001 -545 0 0 -1
10.1214504 610.108765 -545 5.45981503e-16 1.33958066e-14 -1
10.7152004 606.741333 -545 0 0 -1
7.47156525 606.741333 -545 0 0 -1
48.726532 611.902771 -545 0 0 -1
50.0291481 612.15863 -545 0 0 -1
-2.84025526 597.805115 -545 0 0 -1
1.82970726 602.619446 -545 -1.01688016e-12 2.57144756e-13 -1
1.72101629 602.351562 -545 1.33072177e-12 -9.64245719e-13 -1
1.56596482 602.137573 -545 -1.13987406e-13 3.00939015e-14 -1
3.86485267 604.740723 -545 2.44506648e-16 2.84393955e-14 -1
1.87502575 602.934875 -545 -5.7676368e-13 2.06667542e-13 -1
1.86365747 602.779419 -545 -5.25375446e-12 1.11519138e-12 -1
1.84268475 603.252258 -545 -1.55433731e-13 7.40604951e-14 -1
1.13416123 601.765259 -545 1.41433157e-14 1.01729665e-14 -1
1.68458164 603.746765 -545 7.84063569e-14 3.55946487e-14 -1
3.13927317 605.551941 -545 0 0 -1
1.45729589 604.101196 -545 0 0 -1
1.18700576 604.382385 -545 3.66661013e-14 4.269867e-14 -1
0.868248582 604.606995 -545 1.78182921e-13 1.667321e-14 -1
2.15152001 606.249207 -545 0 0 -1
0.512923956 604.767639 -545 0 0 -1
0.136808932 604.87207 -545 0 0 -1
-0.169376284 604.914673 -545 0 0 -1
-0.102450982 601.092224 -545 0 0 -1
-0.478582203 604.932312 -545 0 0 -1
0.938048482 606.731445 -545 2.30128111e-14 -6.25745996e-14 -1
-1.34599745 604.847839 -545 0 0 -1
-2.09511876 604.618469 -545 -5.05321628e-14 -1.46068646e-14 -1
-0.951097608 600.660706 -545 3.7959463e-14 1.62249652e-14 -1
-2.5301404 604.416199 -545 9.6552791e-14 7.08695526e-14 -1
-2.93239069 604.154968 -545 -2.72280986e-15 -1.46646984e-14 -1
-1.72239721 600.104065 -545 -5.18684691e-14 -4.35576969e-14 -1
-2.22620773 599.569092 -545 -1.87485457e-14 -4.78841176e-14 -1
-0.836802423 606.96698 -545 1.69795378e-15 3.02634132e-14 -1
-1.90635061 606.890991 -545 -1.59915365e-14 8.91569804e-14 -1
-8.06998539 602.8797 -545 -5.72413537e-16 -1.88188507e-15 -1
-3.92550731 606.20459 -545 -1.35730779e-14 -2.04877534e-15 -1
-2.74032187 598.532593 -545 5.94993821e-14 7.29477446e-14 -1
-2.52284193 599.104675 -545 7.1128948e-14 7.44031844e-14 -1
-23.1425877 588.747253 -545 4.4543365e-17 6.50229924e-16 -1
-17.0351772 593.014343 -545 0 0 -1
-14.1264286 593.014343 -545 8.26515099e-15 -3.39607315e-15 -1
-9.24030876 593.014343 -545 0 0 -1
-10.7074547 601.335205 -545 1.24870334e-14 -3.90811854e-15 -1
-22.1505585 593.014343 -545 0 0 -1
-8.65287304 606.741333 -545 -1.13051243e-15 3.32549984e-15 -1
-2.94951701 606.644958 -545 -1.89893233e-14 5.58587329e-14 -1
-15.5890274 601.31073 -545 1.89362855e-14 3.24762787e-15 -1
-11.1186094 602.624756 -545 2.25420878e-14 9.8278065e-15 -1
-11.6361017 603.465271 -545 -4.92114877e-15 4.58079043e-14 -1
-11.5745106 605.332703 -545 0 0 -1
-11.0050468 604.75946 -545 0 0 -1
-11.0790348 604.756775 -545 0 0 -1
-15.6904135 602.133606 -545 -6.17619291e-14 1.27369618e-13 -1
-12.2979813 604.095764 -545 -6.43127655e-14 7.24997387e-14 -1
-11.2013998 606.741333 -545 0 0 -1
-12.1431475 605.836853 -545 0 0 -1
-25.059309 593.014343 -545 -7.86045559e-15 -8.55327094e-15 -1
-15.6671829 602.962341 -545 -4.19539552e-14 3.53552802e-15 -1
-13.006629 604.514343 -545 -3.89488484e-14 -7.97337321e-14 -1
-13.4528198 604.659912 -545 9.63377056e-14 -2.24132507e-13 -1
-15.5831118 603.406921 -545 2.17188734e-13 -3.37756759e-13 -1
-13.9197206 604.710205 -545 9.1342339e-14 -8.3884634e-14 -1
-15.4511709 603.786804 -545 1.73055526e-13 -1.4761292e-13 -1
-14.4502993 604.640442 -545 5.57659006e-15 1.44325524e-13 -1
-15.306385 604.051086 -545 -4.20007894e-14 2.27115337e-13 -1
-14.8516054 604.476379 -545 -3.48094437e-13 6.39611682e-13 -1
-12.9698544 606.392578 -545 0 0 -1
-15.111331 604.280701 -545 -1.03675803e-12 1.37610116e-12 -1
-18.5336189 601.512695 -545 0 0 -1
-13.9689741 606.788757 -545 0 0 -1
-15.2845402 606.96344 -545 6.88381135e-15 -3.91270065e-14 -1
-18.2513981 605.247742 -545 -1.29457778e-13 -2.35960289e-14 -1
-18.4844475 604.562134 -545 0 0 -1
-18.5335979 604.559753 -545 -1.32146843e-13 5.42033866e-14 -1
-19.0897865 605.183716 -545 -9.28572201e-14 -1.47061793e-13 -1
-17.9101734 605.803223 -545 -7.51632507e-14 -3.65753028e-14 -1
-30.1701241 594.180481 -545 1.94989e-14 -1.20320573e-14 -1
-30.5774307 593.666687 -545 -4.47566822e-14 -2.04308792e-13 -1
-31.1004887 593.271423 -545 -1.4157693e-15 2.49391081e-14 -1
-23.5379333 600.884399 -545 0 0 -1
-18.893507 602.642151 -545 0 0 -1
-29.8550377 594.837402 -545 3.8910665e-15 7.25958532e-14 -1
-31.6990433 593.002991 -545 5.3033031e-14 1.06626594e-13 -1
-32.3820572 592.842651 -545 0 0 -1
-23.6433964 601.645691 -545 1.06844253e-14 5.16400624e-15 -1
-19.3948936 603.46106 -545 -2.52524018e-14 5.90992777e-14 -1
-20.0357552 604.077759 -545 2.70483997e-14 2.51347625e-14 -1
-29.6875496 595.720642 -545 -3.42274054e-14 -5.8533873e-14 -1
-19.7148151 605.738708 -545 -1.5680689e-14 -7.76786404e-14 -1
-17.5025387 606.225281 -545 6.78582489e-15 -1.1382258e-13 -1
-33.0816383 592.785095 -545 -6.69570194e-14 -1.6481353e-13 -1
-23.6717606 602.413635 -545 5.11621046e-14 9.42216665e-15 -1
-20.7240582 604.486206 -545 3.33537485e-14 3.63846594e-14 -1
-29.7501888 596.718323 -545 1.27978428e-14 -8.92997783e-15 -1
-23.6019402 603.085083 -545 4.86939082e-14 -4.56718471e-14 -1
-21.2203617 604.650696 -545 1.67634515e-13 -2.55001695e-13 -1
-21.7396679 604.710205 -545 9.21314031e-16 -5.8686366e-14 -1
-20.6297092 606.341492 -545 1.18349087e-14 -5.38096382e-14 -1
-17.0182705 606.556824 -545 -6.36170829e-15 1.50112975e-14 -1
-23.4903164 603.521179 -545 -2.13926641e-13 1.94943955e-13 -1
-22.3340721 604.63324 -545 -2.54747639e-13 2.64876716e-13 -1
-23.357399 603.831482 -545 -1.59415992e-13 8.49943962e-14 -1
-34.2856674 592.926208 -545 3.76568529e-15 1.6897611e-14 -1
-22.9300671 604.348206 -545 1.12517654e-13 -1.17522691e-13 -1
-22.6182213 604.536682 -545 -1.38161184e-12 2.88881939e-12 -1
-23.1738281 604.114807 -545 1.0120213e-12 -1.05703835e-12 -1
-26.5268993 601.337708 -545 2.38384569e-15 7.48576167e-16 -1
-29.9199505 597.399414 -545 2.45556139e-14 7.71096359e-15 -1
-30.1699982 598.055237 -545 -4.12764983e-14 4.58107368e-14 -1
-21.7293358 606.774963 -545 -1.76966731e-14 1.00804341e-13 -1
-16.4779778 606.785767 -545 -2.17880523e-14 6.7576275e-14 -1
-15.8882303 606.921143 -545 -1.34209059e-14 -4.25756918e-15 -1
-22.4045982 606.90918 -545 -1.61087489e-14 -7.26953654e-13 -1
-30.7978191 599.090088 -545 0 0 -1
-37.0746346 593.014343 -545 3.54740549e-14 1.11402281e-13 -1
-35.3165665 593.283142 -545 1.52499659e-14 -9.97401218e-14 -1
-36.1656113 593.778564 -545 4.82374591e-14 -5.7374129e-14 -1
-23.1761303 606.96344 -545 -3.74669308e-18 1.10068787e-15 -1
-36.6381226 594.153503 -545 -6.07507209e-14 -6.82025915e-14 -1
-37.1448364 594.580383 -545 -2.23208916e-13 1.36721949e-15 -1
-37.0650444 594.579773 -545 2.15734739e-15 2.68890379e-13 -1
-31.7334061 600.002869 -545 -9.98421875e-15 -2.24151875e-15 -1
-26.6513939 603.63501 -545 0 0 -1
-39.7696114 593.014343 -545 -4.6935849e-15 -8.0834531e-15 -1
-32.6162949 603.935425 -545 2.67785041e-15 -1.27131768e-14 -1
-32.7532387 600.628296 -545 -1.45127034e-14 -3.377531e-14 -1
-34.9494133 601.384705 -545 9.32755307e-15 -2.92579783e-14 -1
-44.5264282 593.014343 -545 -6.89355731e-15 -1.95631712e-14 -1
-39.8880386 594.647888 -545 -1.18323625e-14 3.35969079e-14 -1
-40.1421585 596.266968 -545 0 0 -1
-33.6989708 604.466919 -545 -1.2412708e-14 -3.18492181e-14 -1
-32.3472862 605.867249 -545 -1.96228099e-15 2.37040578e-14 -1
-26.4452438 604.766418 -545 0 0 -1
-26.1614494 605.405457 -545 0 0 -1
-25.7635098 605.916138 -545 0 0 -1
-25.0866261 606.468323 -545 -8.99900255e-15 7.69839176e-14 -1
-34.8557663 604.808228 -545 0 0 -1
-33.7951317 606.475281 -545 -9.14338101e-15 -2.78863711e-14 -1
-24.3737564 606.799316 -545 -5.09900282e-15 -1.39343276e-13 -1
-47.4351807 593.014343 -545 0 0 -1
-38.2241745 602.235168 -545 -3.58801327e-14 -4.48252716e-15 -1
-38.1217957 601.697571 -545 2.12546096e-14 2.15525406e-13 -1
-38.2505531 602.72821 -545 -1.57033234e-14 -7.69448998e-14 -1
-36.054863 604.932312 -545 5.75914167e-14 -1.41004025e-14 -1
-36.8236198 604.833435 -545 -1.0627077e-14 -3.47504448e-14 -1
-38.1376457 603.762085 -545 -7.5229282e-15 2.49461147e-14 -1
-37.418396 604.633118 -545 -2.87919645e-13 3.68249268e-13 -1
-37.6673889 604.482483 -545 -2.47541977e-13 3.19401298e-13 -1
-37.8967018 604.262451 -545 4.43883821e-14 2.05826499e-13 -1
-38.0544853 604.013611 -545 1.50560716e-12 -4.97785895e-13 -1
-35.3228607 606.842896 -545 -7.03609835e-16 -1.7682115e-13 -1
-23.7821445 606.934509 -545 -1.06188254e-15 -4.28160139e-13 -1
-36.8895187 606.96698 -545 -3.52984633e-15 -9.04036096e-14 -1
-46.2648582 602.8797 -545 4.20982405e-15 5.90684143e-15 -1
-41.0372658 601.327209 -545 0 0 -1
-41.1964035 602.713623 -545 1.3433122e-15 4.09867317e-14 -1
-41.0785103 604.102356 -545 7.99701424e-15 -1.57667189e-15 -1
-48.8935432 601.2854 -545 0 0 -1
-52.7798233 593.014343 -545 0 0 -1
-46.847744 606.741333 -545 8.25439282e-15 -1.88101437e-14 -1
-40.4432564 605.619934 -545 1.56254404e-14 -1.21404258e-14 -1
-40.7119904 605.170593 -545 0 0 -1
-40.0051079 606.080383 -545 -1.25526031e-14 -1.29953977e-13 -1
-39.5137482 606.404968 -545 0 0 -1
-38.9727364 606.638245 -545 0 0 -1
-38.2135925 606.839661 -545 -4.68901304e-15 4.11604426e-13 -1
-37.554203 606.930603 -545 1.55201966e-14 -1.61405909e-13 -1
-49.631649 605.210205 -545 -1.08604213e-13 1.79143233e-14 -1
-49.1800117 604.758972 -545 0 0 -1
-49.2524147 604.756775 -545 0 0 -1
-54.2030182 601.102966 -545 4.3378336e-15 -8.81467124e-15 -1
-49.2727852 602.498718 -545 0 0 -1
-49.7391739 603.299683 -545 4.25259769e-14 -8.27937979e-14 -1
-54.2992821 601.78479 -545 -1.03094582e-14 2.62995277e-14 -1
-50.3353348 603.91687 -545 -3.56379151e-14 6.6257072e-14 -1
-50.9759331 604.350281 -545 -2.1703781e-14 7.93595129e-14 -1
-49.3790932 606.741333 -545 -2.64604639e-14 -5.98188965e-14 -1
-50.0638428 605.613708 -545 -5.29111463e-14 -6.86891611e-14 -1
-54.3220367 602.4729 -545 -2.62690074e-14 3.36107247e-14 -1
-51.6205215 604.613403 -545 6.82858582e-14 -1.39294988e-13 -1
-51.9684372 604.679871 -545 -1.67314174e-13 1.63886916e-13 -1
-51.0045547 606.267761 -545 1.90557121e-14 -6.54071727e-14 -1
-54.23312 603.19397 -545 -7.71240575e-14 6.89321985e-14 -1
-52.322361 604.710205 -545 -1.18440373e-13 7.42796598e-14 -1
-52.9618607 604.626404 -545 -1.34672572e-14 3.47600976e-14 -1
-54.0951691 603.65863 -545 2.51911312e-13 -1.59003846e-13 -1
-53.4004173 604.456482 -545 1.37145408e-13 1.06951581e-14 -1
-53.9278297 603.98053 -545 5.5764345e-13 -3.79053912e-13 -1
-53.6898613 604.254883 -545 9.92160997e-13 -8.60525247e-13 -1
-52.1446571 606.745605 -545 2.8244941e-16 1.82248097e-13 -1
-52.841507 606.894409 -545 -4.73513542e-14 -3.28331004e-13 -1
-69.3855133 590.724487 -545 0 0 -1
-57.1769562 601.455688 -545 0 0 -1
-55.6885719 593.014343 -545 0 0 -1
-53.6549416 606.96344 -545 -1.92166934e-16 -3.69963705e-15 -1
-57.2725677 603.752136 -545 0 0 -1
-57.0630798 604.765625 -545 0 0 -1
-56.7686691 605.399109 -545 0 0 -1
-115.501762 594.675293 -545 0 0 -1
-56.3297729 605.928284 -545 0 0 -1
-55.6399574 606.463745 -545 0 0 -1
-54.9255524 606.790833 -545 0 0 -1
-189 614 -545 -6.98169752e-17 1.04469063e-15 -1
-161.407135 600.592529 -545 0 0 -1
-163.212479 600.818726 -545 0 0 -1
-165.026855 600.954651 -545 0 0 -1
-166.845734 601 -545 0 0 -1
-189 601 -545 0 0 -1
51.3551674 612.23645 -545 0 0 -1
-54.2980232 606.93396 -545 0 0 -1
211.5 614 -488.5 -0 -0 1
210 591 -488.5 -0 -0 1
211.5 591 -488.5 -0 -0 1
210 614 -488.5 -0 -0 1
211.424789 614.667542 -488.5 -0 -0 1
209.94986 614.445068 -488.5 -0 -0 1
211.202911 615.301636 -488.5 -0 -0 1
209.801941 614.867798 -488.5 -0 -0 1
210.84549 615.870483 -488.5 -0 -0 1
209.56366 615.247009 -488.5 -0 -0 1
210.370468 616.34552 -488.5 -0 -0 1
209.246979 615.56366 -488.5 -0 -0 1
209.801651 616.702881 -488.5 -0 -0 1
208.867767 615.801941 -488.5 -0 -0 1
209.167557 616.924805 -488.5 -0 -0 1
208.445038 615.949829 -488.5 -0 -0 1
208.5 617 -488.5 -0 -0 1
208 616 -488.5 -0 -0 1
-211.5 601.087341 -488.5 -0 -0 1
-210.617477 591 -488.5 -0 -0 1
-210 591 -488.5 -0 -0 1
-208.5 617 -488.5 -0 -0 1
-208 616 -488.5 -0 -0 1
-208.445038 615.949829 -488.5 -0 -0 1
-211.5 614 -488.5 -0 -0 1
-210 614 -488.5 -0 -0 1
-209.167557 616.924805 -488.5 -0 -0 1
-208.867767 615.801941 -488.5 -0 -0 1
-211.424789 614.667542 -488.5 -0 -0 1
-209.94986 614.445068 -488.5 -0 -0 1
-211.202911 615.301636 -488.5 -0 -0 1
-209.801941 614.867798 -488.5 -0 -0 1
-209.801651 616.702881 -488.5 -0 -0 1
-209.246979 615.56366 -488.5 -0 -0 1
-210.370468 616.34552 -488.5 -0 -0 1
-209.56366 615.247009 -488.5 -0 -0 1
-210.84549 615.870483 -488.5 -0 -0 1
208 616 -488.5 -0 1 -0
-208 616 -2 -0 1 -0
208 616 -2 -0 1 -0
-208 616 -488.5 -0 1 -0
-122.311935 140.412613 -368 -0 -0 -1
-121.337395 139.438065 -368 -0 -0 -1
-175 63 -368 -0 -0 -1
-123.045197 141.579575 -368 -0 -0 -1
-120.170425 138.704803 -368 -0 -0 -1
-118.869553 138.249603 -368 -0 -0 -1
-123.500389 142.880447 -368 -0 -0 -1
-117.5 138.095306 -368 -0 -0 -1
-123.654701 144.25 -368 -0 -0 -1
-82.5 138.095306 -368 -0 -0 -1
-81.1304474 138.249603 -368 -0 -0 -1
-123.654701 203.75 -368 -0 -0 -1
-175 293 -368 -0 -0 -1
-117.5 209.904694 -368 -0 -0 -1
-118.869553 209.750397 -368 -0 -0 -1
-120.170425 209.295197 -368 -0 -0 -1
-121.337395 208.561935 -368 -0 -0 -1
-122.311935 207.587387 -368 -0 -0 -1
-123.045197 206.420425 -368 -0 -0 -1
-123.500389 205.119553 -368 -0 -0 -1
-22.3119392 140.412613 -368 -0 -0 -1
-78.6626053 139.438065 -368 -0 -0 -1
-77.6880646 140.412613 -368 -0 -0 -1
-21.3373928 139.438065 -368 -0 -0 -1
-23.0451927 141.579575 -368 -0 -0 -1
-76.9548035 141.579575 -368 -0 -0 -1
-20.1704254 138.704803 -368 -0 -0 -1
-79.8295746 138.704803 -368 -0 -0 -1
-23.5003891 142.880447 -368 -0 -0 -1
-76.4996109 142.880447 -368 -0 -0 -1
-18.8695488 138.249603 -368 -0 -0 -1
-23.6547012 144.25 -368 -0 -0 -1
-76.3452988 144.25 -368 -0 -0 -1
-17.5 138.095306 -368 -0 -0 -1
-76.3452988 203.75 -368 -0 -0 -1
-82.5 209.904694 -368 -0 -0 -1
-81.1304474 209.750397 -368 -0 -0 -1
17.5 138.095306 -368 -0 -0 -1
-23.6547012 203.75 -368 -0 -0 -1
-76.4996109 205.119553 -368 -0 -0 -1
-23.5003891 205.119553 -368 -0 -0 -1
-76.9548035 206.420425 -368 -0 -0 -1
-23.0451927 206.420425 -368 -0 -0 -1
-22.3119392 207.587387 -368 -0 -0 -1
-77.6880646 207.587387 -368 -0 -0 -1
-21.3373928 208.561935 -368 -0 -0 -1
-78.6626053 208.561935 -368 -0 -0 -1
-20.1704254 209.295197 -368 -0 -0 -1
-79.8295746 209.295197 -368 -0 -0 -1
-18.8695488 209.750397 -368 -0 -0 -1
-17.5 209.904694 -368 -0 -0 -1
175 63 -368 -0 -0 -1
18.8695488 138.249603 -368 -0 -0 -1
20.1704254 138.704803 -368 -0 -0 -1
21.3373928 139.438065 -368 -0 -0 -1
22.3119392 140.412613 -368 -0 -0 -1
23.0451927 141.579575 -368 -0 -0 -1
23.5003891 142.880447 -368 -0 -0 -1
23.6547012 144.25 -368 -0 -0 -1
23.6547012 203.75 -368 -0 -0 -1
175 293 -368 -0 -0 -1
23.5003891 205.119553 -368 -0 -0 -1
23.0451927 206.420425 -368 -0 -0 -1
22.3119392 207.587387 -368 -0 -0 -1
21.3373928 208.561935 -368 -0 -0 -1
20.1704254 209.295197 -368 -0 -0 -1
18.8695488 209.750397 -368 -0 -0 -1
17.5 209.904694 -368 -0 -0 -1
-185.600006 63 -522 -0 1 -0
-185.600006 63 -364.959961 -0 1 -0
-182.277054 63 -366.62912 -0 1 -0
-178.702515 63 -367.654297 -0 1 -0
-175 63 -368 -0 1 -0
-184.550262 63 -526.599182 -0 1 -0
-185.334229 63 -524.358704 -0 1 -0
-183.287415 63 -528.609009 -0 1 -0
-181.608994 63 -530.287415 -0 1 -0
-177.358719 63 -532.334229 -0 1 -0
-179.599167 63 -531.550293 -0 1 -0
-175 63 -532.599976 -0 1 -0
175 63 -532.599976 -0 1 -0
175 63 -368 -0 1 -0
185.600006 63 -522 -0 1 -0
178.702515 63 -367.654297 -0 1 -0
182.277054 63 -366.62912 -0 1 -0
185.600006 63 -364.959961 -0 1 -0
184.550262 63 -526.599182 -0 1 -0
185.334229 63 -524.358704 -0 1 -0
181.608994 63 -530.287415 -0 1 -0
179.599167 63 -531.550293 -0 1 -0
177.358719 63 -532.334229 -0 1 -0
183.287415 63 -528.609009 -0 1 -0
-194.67868 72.1499252 -320 -1.55137486e-16 2.59509057e-16 -1
-195 71.9436798 -320 -1.66557726e-16 2.59492276e-16 -1
-195 291 -320 5.67039159e-14 5.19687324e-16 -1
-194.344894 72.3353119 -320 -1.33536332e-16 2.59556941e-16 -1
-194 72.4990921 -320 8.44531151e-14 6.46663333e-16 -1
-194 291 -320 1.13686838e-13 7.80455522e-16 -1
194 72.4990921 -320 -2.11275252e-13 4.46627132e-16 -1
194 291 -320 -1.13686838e-13 -0 -1
195 291 -320 -1.41931849e-13 3.85257504e-16 -1
194.344894 72.3353119 -320 -2.50746201e-13 1.01117131e-15 -1
194.67868 72.1499252 -320 1.55137486e-16 2.59509057e-16 -1
195 71.9436798 -320 1.66557726e-16 2.59492276e-16 -1
-115.636696 293 -438.293243 -0 -1 -0
-177 293 -480.301514 -4.08411494e-16 -1 -1.19363036e-15
-112.599327 293 -441.72171 -0 -1 -0
-108.829742 293 -444.323669 -0 -1 -0
-177 293 -481.201019 -0 -1 -0
-117.765312 293 -434.237488 -0 -1 -0
-104.546997 293 -445.947906 -0 -1 -0
-118.861465 293 -429.790192 -0 -1 -0
-100 293 -446.5 -0 -1 -0
-176.334579 293 -367.955414 -3.3824527e-17 -1 -5.05766708e-16
-177 293 -367.89975 -4.23119096e-17 -1 -5.05716415e-16
-118.861465 293 -425.209808 1.45096829e-15 -1 -1.44355209e-15
-175.667664 293 -367.988861 -8.51690815e-14 -1 5.04225002e-16
-175 293 -368 -2.70722467e-17 -1 -3.21399537e-15
-95.4530029 293 -445.947906 -0 -1 -0
-117.765312 293 -420.762512 2.20765797e-15 -1 -8.37254322e-16
-115.636696 293 -416.706757 1.83399066e-15 -1 -1.26591244e-15
-112.599327 293 -413.27829 1.50234613e-15 -1 -1.69579829e-15
-108.829742 293 -410.676331 1.1562689e-15 -1 -2.20308611e-15
-104.546997 293 -409.052094 7.19512772e-16 -1 -2.91917814e-15
-100 293 -408.5 -0 -1 -4.21062365e-15
-95.4530029 293 -409.052094 -2.45358446e-17 -1 -4.04542004e-15
177 293 -481.201019 -0 -1 -0
-82.2346878 293 -434.237488 -0 -1 -0
-84.3633041 293 -438.293243 -0 -1 -0
-87.4006729 293 -441.72171 -0 -1 -0
-91.1702576 293 -444.323669 -0 -1 -0
177 293 -480.301514 1.06527833e-16 -1 -1.38646577e-15
-81.1385345 293 -425.209808 -3.2476347e-16 -1 -1.41403024e-15
-81.1385345 293 -429.790192 -0 -1 -0
175 293 -368 1.28446285e-17 -1 -2.20052743e-15
-91.1702576 293 -410.676331 -4.90758237e-16 -1 -9.35061587e-16
-87.4006729 293 -413.27829 -5.43939995e-16 -1 -6.13981361e-16
-84.3633041 293 -416.706757 -5.82047901e-16 -1 -4.01758685e-16
-82.2346878 293 -420.762512 -6.15088909e-16 -1 -2.33272477e-16
175.667664 293 -367.988861 8.51690815e-14 -1 5.04225002e-16
176.334579 293 -367.955414 3.3824527e-17 -1 -5.05766708e-16
177 293 -367.89975 4.23119096e-17 -1 -5.05716415e-16
-77.3751602 379.631134 -542 -0 -0 -1
-74.868866 377.124847 -542 -0 -0 -1
-189 360.724609 -542 -0 -0 -1
-71.8676987 375.239075 -542 -0 -0 -1
-79.2609177 382.632294 -542 -0 -0 -1
-68.5221558 374.06842 -542 -0 -0 -1
-80.431572 385.977844 -542 -0 -0 -1
-80.8284302 389.5 -542 -0 -0 -1
-65 373.67157 -542 -0 -0 -1
-166.845734 589 -542 -0 -0 -1
-189 589 -542 -0 -0 -1
-163.195175 588.726501 -542 -0 -0 -1
-165.624832 588.969543 -542 -0 -0 -1
-164.406982 588.878296 -542 -0 -0 -1
-80.8284302 549.5 -542 -0 -0 -1
-116.781265 582.743713 -542 -0 -0 -1
-80.431572 553.022156 -542 -0 -0 -1
-79.2609177 556.367676 -542 -0 -0 -1
-77.3751602 559.368835 -542 -0 -0 -1
-70.1541519 578.749084 -542 -0 -0 -1
-65 565.32843 -542 -0 -0 -1
-68.5221558 564.93158 -542 -0 -0 -1
-71.8676987 563.760925 -542 -0 -0 -1
-74.868866 561.875183 -542 -0 -0 -1
189 360.724609 -542 -0 -0 -1
65 373.67157 -542 -0 -0 -1
68.5221558 374.06842 -542 -0 -0 -1
71.8676987 375.239075 -542 -0 -0 -1
74.868866 377.124847 -542 -0 -0 -1
77.3751602 379.631134 -542 -0 -0 -1
79.2609177 382.632294 -542 -0 -0 -1
80.431572 385.977844 -542 -0 -0 -1
80.8284302 389.5 -542 -0 -0 -1
-23.3989563 576.75 -542 -0 -0 -1
80.8284302 549.5 -542 -0 -0 -1
70.1541519 578.749084 -542 -0 -0 -1
65 565.32843 -542 -0 -0 -1
23.3989563 576.75 -542 -0 -0 -1
77.3751602 559.368835 -542 -0 -0 -1
74.868866 561.875183 -542 -0 -0 -1
71.8676987 563.760925 -542 -0 -0 -1
68.5221558 564.93158 -542 -0 -0 -1
116.781265 582.743713 -542 -0 -0 -1
80.431572 553.022156 -542 -0 -0 -1
79.2609177 556.367676 -542 -0 -0 -1
163.195175 588.726501 -542 -0 -0 -1
165.624832 588.969543 -542 -0 -0 -1
164.406982 588.878296 -542 -0 -0 -1
166.845734 589 -542 -0 -0 -1
189 589 -542 -0 -0 -1
-191.217438 4.38974798e-16 -529.809937 -2.29184269e-17 -1 -1.50784504e-17
-189.072968 4.41288231e-16 -533.222839 2.64232234e-32 -1 -6.77848818e-19
-186.222809 4.43220207e-16 -536.072937 -1.25084317e-17 -1 -1.43015673e-17
-179.005371 4.45576229e-16 -539.548706 -1.94343653e-17 -1 -4.10337237e-17
-182.809906 4.44673821e-16 -538.217468 -4.26181024e-33 -1 -6.77848818e-19
-193 3.53837055e-16 -522 -1.22194429e-18 -1 -4.56955043e-19
-192.548706 4.36395901e-16 -526.005371 -8.40245037e-17 -1 -3.00792947e-17
-175 3.66038353e-16 -540 3.36872458e-19 -1 -1.28203513e-18
-137.320511 2.20300855e-16 -325 -3.14403046e-34 -1 -6.77848818e-19
-128.660248 2.30468586e-16 -340 -7.36710049e-18 -1 1.92653239e-18
-111.339745 -0 -340 5.87383796e-20 -1 -7.7958676e-19
189.072968 4.41288231e-16 -533.222839 9.27921649e-33 -1 -6.77848766e-19
182.809906 4.44673821e-16 -538.217468 5.71073339e-33 -1 -6.77848818e-19
186.222809 4.43220207e-16 -536.072937 -1.10807071e-32 -1 -6.77848818e-19
191.217438 4.38974798e-16 -529.809937 9.5619589e-18 -1 -1.02398078e-17
179.005371 4.45576229e-16 -539.548706 1.36056983e-17 -1 -1.54966713e-17
193 3.53837055e-16 -522 1.94697285e-18 -1 -1.10003658e-18
175 3.66038353e-16 -540 1.92112164e-20 -1 -6.97059984e-19
192.548706 4.36395901e-16 -526.005371 8.40245037e-17 -1 -3.00792947e-17
111.339745 2.30468586e-16 -340 3.9396555e-19 -1 -1.18666803e-18
102.679489 2.20300855e-16 -325 3.63860932e-19 -1 4.51370044e-18
-102.679489 2.20300855e-16 -325 2.88632518e-33 -1 4.3036251e-18
128.660248 2.30468586e-16 -340 -7.04208138e-18 -1 -3.16733081e-18
111.339745 2.10133125e-16 -310 -9.34526905e-35 -1 -7.2843877e-19
-111.339745 2.10133125e-16 -310 -1.05527592e-19 -1 -7.72351049e-19
-193 1.35569753e-18 -2 -1.04867206e-34 -1 -6.77848663e-19
-128.660248 2.10133125e-16 -310 -1.05109729e-33 -1 -6.77848818e-19
137.320511 0 -325 1.88146302e-19 -1 -6.77848818e-19
-128.660248 2.84696476e-17 -42 -2.81072638e-19 -1 -6.96014118e-19
-137.320511 1.8301917e-17 -27 7.82185604e-34 -1 -6.77848714e-19
-111.339745 -0 -42 3.35362366e-21 -1 -6.83657435e-19
-128.660248 8.13418561e-18 -12 -7.44646559e-34 -1 -6.77848766e-19
-111.339745 8.13418561e-18 -12 2.08557126e-34 -1 -6.77848766e-19
111.339745 2.84696476e-17 -42 6.03676653e-21 -1 -5.91716413e-19
-102.679489 1.8301917e-17 -27 3.32559467e-20 -1 -2.03354625e-19
102.679489 1.8301917e-17 -27 -1.02836574e-34 -1 -6.77848818e-19
128.660248 0 -42 1.57316731e-20 -1 -7.05096871e-19
128.660248 2.10133125e-16 -310 -2.31543983e-18 -1 -2.13488725e-19
111.339745 8.13418561e-18 -12 3.47198385e-35 -1 -6.77848818e-19
193 1.35569753e-18 -2 9.86102998e-19 -1 -4.27048561e-19
128.660248 8.13418561e-18 -12 -2.51569773e-34 -1 -6.77848766e-19
137.320511 1.8301917e-17 -27 -4.26094175e-19 -1 2.71139543e-19
175 53 -542 -0 -0 -1
175 2 -542 -0 -0 -1
-175 2 -542 -0 -0 -1
-175 53 -542 -0 -0 -1
210 310 -476.987793 1 -9.89446847e-17 1.51283023e-16
210 314.100494 -486.887299 1 -3.62712256e-15 -4.37342974e-15
210 348.213196 -521 1 -1.73162082e-16 -1.09864322e-16
210 310.269012 -479.719086 1 5.07971384e-14 1.54091438e-14
210 311.065674 -482.345367 1 2.46397378e-14 1.02061134e-14
210 312.359436 -484.765778 1 4.43201045e-14 1.70984798e-14
210 589 -490.5 1 -1.18061067e-16 1.91309324e-19
210 589 -521 1 -1.18036834e-16 -0
210 589.050171 -490.054962 1 -1.21577749e-16 2.77493304e-17
210 589.198059 -489.632233 1 -1.25827181e-16 6.05951753e-17
210 589.43634 -489.253021 1 -1.05835344e-16 -8.91465847e-17
210 589.752991 -488.93634 1 -9.64310681e-17 1.20920729e-16
210 590.132202 -488.698059 1 -2.41173388e-16 9.45992865e-17
210 310 -2 1 -2.41383929e-16 9.46529739e-17
210 614 -2 1 -3.46766289e-16 1.70054867e-17
210 591 -488.5 1 -0 -0
210 614 -488.5 1 -0 -0
210 590.554932 -488.55014 1 -0 -0
-210 311.065674 -482.345367 -1 -5.91726375e-14 -2.45101096e-14
-210 314.100494 -486.887299 -1 -3.32359021e-15 -1.45522621e-15
-210 312.359436 -484.765778 -1 -9.36298294e-14 -5.00461827e-14
-210 310 -476.987793 -1 2.02989077e-16 1.22383833e-16
-210 348.213196 -521 -1 2.19060984e-16 1.09233475e-16
-210 310.269012 -479.719086 -1 -1.01594277e-13 -3.08182875e-14
-210 589 -490.5 -1 2.36122134e-16 -3.82618648e-19
-210 589 -521 -1 2.36073668e-16 0
-210 589.050171 -490.054962 -1 2.43155498e-16 -5.54986608e-17
-210 589.198059 -489.632233 -1 2.51654362e-16 -1.21190351e-16
-210 589.43634 -489.253021 -1 2.11670688e-16 1.78293169e-16
-210 589.752991 -488.93634 -1 1.92862136e-16 -2.41841459e-16
-210 590.132202 -488.698059 -1 9.84010285e-17 5.65330237e-17
-210 310 -2 -1 9.84485682e-17 5.66647373e-17
-210 614 -2 -1 0 0
-210 614 -488.5 -1 0 0
-210 591 -488.5 -1 0 0
-210 590.554932 -488.55014 -1 0 0
-102.679489 1.8301917e-17 -27 0.866025388 -1.70864248e-14 -0.49999997
-111.339745 -3 -42 0.866025388 -1.70864248e-14 -0.49999997
-111.339745 -0 -42 0.866025388 -0 -0.49999997
-102.679489 -3 -27 0.866025388 -3.41728497e-14 -0.49999997
-111.339745 8.13418561e-18 -12 0.866025388 2.44879089e-15 0.49999997
-102.679489 -3 -27 0.866025388 2.44879089e-15 0.49999997
-102.679489 1.8301917e-17 -27 0.866025388 1.64092813e-15 0.49999997
-111.339745 -3 -12 0.866025388 3.25665406e-15 0.49999997
-128.660248 -3 -12 -0 6.51330855e-15 1
-111.339745 -3 -12 -0 6.51330855e-15 1
-111.339745 8.13418561e-18 -12 -0 6.51330855e-15 1
-128.660248 8.13418561e-18 -12 -0 6.51330855e-15 1
-137.320511 1.8301917e-17 -27 -0.866025388 -1.45573183e-14 0.49999997
-128.660248 -3 -12 -0.866025388 -1.45573183e-14 0.49999997
-128.660248 8.13418561e-18 -12 -0.866025388 -4.92278439e-15 0.49999997
-137.320511 -3 -27 -0.866025388 -2.41918522e-14 0.49999997
-128.660248 2.84696476e-17 -42 -0.866025388 -5.01043917e-15 -0.49999997
-137.320511 -3 -27 -0.866025388 -5.01043917e-15 -0.49999997
-137.320511 1.8301917e-17 -27 -0.866025388 7.65766404e-15 -0.49999997
-128.660248 -3 -42 -0.866025388 -1.76785432e-14 -0.49999997
-111.339745 -0 -42 2.05116037e-15 -9.47390427e-15 -1
-128.660248 -3 -42 2.05116037e-15 -9.47390427e-15 -1
-128.660248 2.84696476e-17 -42 3.69208872e-15 -1.89478085e-14 -1
-111.339745 -3 -42 4.10232059e-16 -0 -1
-128.660248 -3 -42 0 -1 0
-111.339745 -3 -12 0 -1 0
-128.660248 -3 -12 0 -1 0
-137.320511 -3 -27 0 -1 0
-111.339745 -3 -42 0 -1 0
-102.679489 -3 -27 0 -1 0
137.320511 -3 -27 0.866025388 5.87867674e-15 -0.49999997
128.660248 -3 -42 0.866025388 -0 -0.49999997
128.660248 0 -42 0.866025388 5.87867674e-15 -0.49999997
137.320511 1.8301917e-17 -27 0.866025388 1.17573535e-14 -0.49999997
128.660248 -3 -12 0.866025388 3.79365982e-15 0.49999997
137.320511 -3 -27 0.866025388 4.92278439e-15 0.49999997
137.320511 1.8301917e-17 -27 0.866025388 3.79365982e-15 0.49999997
128.660248 8.13418561e-18 -12 0.866025388 2.66453505e-15 0.49999997
111.339745 -3 -12 0 5.32907052e-15 1
128.660248 -3 -12 -0 5.32907052e-15 1
128.660248 8.13418561e-18 -12 0 5.32907052e-15 1
111.339745 8.13418561e-18 -12 0 5.32907052e-15 1
102.679489 -3 -27 -0.866025388 -4.76478395e-15 0.49999997
111.339745 -3 -12 -0.866025388 -1.36744008e-14 0.49999997
111.339745 8.13418561e-18 -12 -0.866025388 -4.76478395e-15 0.49999997
102.679489 1.8301917e-17 -27 -0.866025388 4.14483248e-15 0.49999997
111.339745 -3 -42 -0.866025388 -5.46712969e-15 -0.49999997
102.679489 -3 -27 -0.866025388 -3.82883202e-15 -0.49999997
102.679489 1.8301917e-17 -27 -0.866025388 -5.46712969e-15 -0.49999997
111.339745 2.84696476e-17 -42 -0.866025388 -7.10542693e-15 -0.49999997
128.660248 0 -42 1.2306962e-15 -7.10542736e-15 -1
111.339745 -3 -42 1.2306962e-15 -7.10542736e-15 -1
111.339745 2.84696476e-17 -42 2.46139241e-15 -1.42108547e-14 -1
128.660248 -3 -42 -0 -0 -1
128.660248 -3 -12 0 -1 0
111.339745 -3 -12 0 -1 0
102.679489 -3 -27 0 -1 0
111.339745 -3 -42 0 -1 0
128.660248 -3 -42 0 -1 0
137.320511 -3 -27 0 -1 0
128.660248 2.10133125e-16 -310 0.866025388 -0 0.49999997
137.320511 -3 -325 0.866025388 -0 0.49999997
137.320511 0 -325 0.866025388 -0 0.49999997
128.660248 -3 -310 0.866025388 -0 0.49999997
111.339745 -3 -310 3.28185647e-15 7.77299758e-30 1
128.660248 -3 -310 3.28185647e-15 -0 1
128.660248 2.10133125e-16 -310 3.28185647e-15 7.77299758e-30 1
111.339745 2.10133125e-16 -310 3.28185647e-15 1.55459952e-29 1
102.679489 -3 -325 -0.866025388 8.97601492e-15 0.49999997
111.339745 -3 -310 -0.866025388 -3.82883202e-15 0.49999997
111.339745 2.10133125e-16 -310 -0.866025388 8.97601492e-15 0.49999997
102.679489 2.20300855e-16 -325 -0.866025388 2.17808627e-14 0.49999997
111.339745 -3 -340 -0.866025388 1.36744004e-15 -0.49999997
102.679489 -3 -325 -0.866025388 2.73488007e-15 -0.49999997
102.679489 2.20300855e-16 -325 -0.866025388 1.36744004e-15 -0.49999997
111.339745 2.30468586e-16 -340 -0.866025388 -0 -0.49999997
128.660248 -3 -340 1.64092824e-15 9.47390427e-15 -1
111.339745 -3 -340 -0 -0 -1
111.339745 2.30468586e-16 -340 1.64092824e-15 9.47390427e-15 -1
128.660248 2.30468586e-16 -340 3.28185647e-15 1.89478085e-14 -1
137.320511 -3 -325 0.866025388 4.64929608e-15 -0.49999997
128.660248 -3 -340 0.866025388 9.29859217e-15 -0.49999997
128.660248 2.30468586e-16 -340 0.866025388 4.64929608e-15 -0.49999997
137.320511 0 -325 0.866025388 -0 -0.49999997
128.660248 -3 -310 0 -1 0
111.339745 -3 -310 0 -1 0
102.679489 -3 -325 0 -1 0
111.339745 -3 -340 0 -1 0
128.660248 -3 -340 0 -1 0
137.320511 -3 -325 0 -1 0
-102.679489 -3 -325 0.866025388 -2.05116016e-15 -0.49999997
-111.339745 -3 -340 0.866025388 -0 -0.49999997
-111.339745 -0 -340 0.866025388 -2.05116016e-15 -0.49999997
-102.679489 2.20300855e-16 -325 0.866025388 -4.10232032e-15 -0.49999997
-111.339745 2.10133125e-16 -310 0.866025388 -6.29022421e-15 0.49999997
-102.679489 -3 -325 0.866025388 -6.29022421e-15 0.49999997
-102.679489 2.20300855e-16 -325 0.866025388 -4.3758082e-15 0.49999997
-111.339745 -3 -310 0.866025388 -8.20464065e-15 0.49999997
-128.660248 2.10133125e-16 -310 -1.64092824e-15 9.47390427e-15 1
-111.339745 -3 -310 -1.64092824e-15 9.47390427e-15 1
-111.339745 2.10133125e-16 -310 -3.28185647e-15 3.10919903e-29 1
-128.660248 -3 -310 -0 1.89478085e-14 1
-137.320511 -3 -325 -0.866025388 2.16932083e-14 0.49999997
-128.660248 -3 -310 -0.866025388 2.57078735e-14 0.49999997
-128.660248 2.10133125e-16 -310 -0.866025388 2.16932083e-14 0.49999997
-137.320511 2.20300855e-16 -325 -0.866025388 1.76785432e-14 0.49999997
-128.660248 -3 -340 -0.866025388 -4.92278439e-15 -0.49999997
-137.320511 -3 -325 -0.866025388 -1.64092813e-15 -0.49999997
-137.320511 2.20300855e-16 -325 -0.866025388 -4.92278439e-15 -0.49999997
-128.660248 2.30468586e-16 -340 -0.866025388 -8.20464065e-15 -0.49999997
-111.339745 -0 -340 -0 -0 -1
-128.660248 -3 -340 -0 -0 -1
-128.660248 2.30468586e-16 -340 -0 -0 -1
-111.339745 -3 -340 -0 -0 -1
-111.339745 -3 -310 0 -1 0
-128.660248 -3 -310 0 -1 0
-137.320511 -3 -325 0 -1 0
-111.339745 -3 -340 0 -1 0
-102.679489 -3 -325 0 -1 0
-128.660248 -3 -340 0 -1 0
-195 291 -321 -1 -6.48730689e-17 -5.26327956e-16
-195 71.9436798 -348 -1 -6.48730689e-17 -5.26327956e-16
-195 71.9436798 -321 -1 2.73156064e-31 -1.05265591e-15
-195 291 -348 -1 -1.29746138e-16 -0
195 71.9436798 -348 1 6.48730689e-17 5.26327956e-16
195 291 -348 1 1.29746138e-16 2.73156064e-31
195 291 -321 1 6.48730689e-17 5.26327956e-16
195 71.9436798 -321 1 -0 1.05265591e-15
74.3311844 553.365112 -546.900024 0.65508163 0.251606822 -0.712433934
79.4142151 549.5 -542.585815 0.69404757 0.12050242 -0.709772587
70.7857895 549.5 -551.214233 0.704840899 0.131523222 -0.697065949
70.6407242 550.787476 -551.214233 0.700872183 0.159969509 -0.695117235
70.2128143 552.010376 -551.214233 0.638255477 0.307367623 -0.70580101
69.5235138 553.107361 -551.214233 0.581556797 0.417199671 -0.698381066
76.2694855 558.487122 -542.585815 0.562546849 0.419874579 -0.712212324
77.9867554 555.754089 -542.585815 0.63590914 0.306237727 -0.708405316
79.0528183 552.707458 -542.585815 0.678072512 0.154765636 -0.718516052
72.141777 556.641785 -546.900024 0.497625977 0.497625977 -0.710448325
68.6073761 554.023499 -551.214233 0.417199671 0.581556797 -0.698381066
73.987114 560.76947 -542.585815 0.419874579 0.562546849 -0.712212324
68.8651047 558.831177 -546.900024 0.251606822 0.65508163 -0.712433934
67.5103607 554.71283 -551.214233 0.307367623 0.638255477 -0.70580101
66.2874603 555.140747 -551.214233 0.159969509 0.700872183 -0.695117235
65 555.285767 -551.214233 0.131523222 0.704840899 -0.697065949
65 563.914185 -542.585815 0.12050242 0.69404757 -0.709772587
68.2074661 563.552795 -542.585815 0.154765636 0.678072512 -0.718516052
71.2540894 562.486755 -542.585815 0.306237727 0.63590914 -0.708405316
70.7857895 549.5 -551.214233 0.707106769 0 -0.707106769
79.4142151 389.5 -542.585815 0.707106769 0 -0.707106769
70.7857895 389.5 -551.214233 0.707106769 0 -0.707106769
79.4142151 549.5 -542.585815 0.707106769 0 -0.707106769
68.8651047 380.168823 -546.900024 0.251606822 -0.65508163 -0.712433934
65 375.085785 -542.585815 0.12050242 -0.69404757 -0.709772587
65 383.714203 -551.214233 0.131523222 -0.704840899 -0.697065949
66.2874603 383.859283 -551.214233 0.159969509 -0.700872183 -0.695117235
67.5103607 384.287201 -551.214233 0.307367623 -0.638255477 -0.70580101
68.6073761 384.976501 -551.214233 0.417199671 -0.581556797 -0.698381066
73.987114 378.230499 -542.585815 0.419874579 -0.562546849 -0.712212324
71.2540894 376.513245 -542.585815 0.306237727 -0.63590914 -0.708405316
68.2074661 375.447174 -542.585815 0.154765636 -0.678072512 -0.718516052
72.141777 382.358215 -546.900024 0.497625977 -0.497625977 -0.710448325
69.5235138 385.892609 -551.214233 0.581556797 -0.417199671 -0.698381066
76.2694855 380.512878 -542.585815 0.562546849 -0.419874579 -0.712212324
74.3311844 385.634888 -546.900024 0.65508163 -0.251606822 -0.712433934
70.2128143 386.989655 -551.214233 0.638255477 -0.307367623 -0.70580101
70.6407242 388.212555 -551.214233 0.700872183 -0.159969509 -0.695117235
70.7857895 389.5 -551.214233 0.704840899 -0.131523222 -0.697065949
79.4142151 389.5 -542.585815 0.69404757 -0.12050242 -0.709772587
79.0528183 386.292542 -542.585815 0.678072512 -0.154765636 -0.718516052
77.9867554 383.245911 -542.585815 0.63590914 -0.306237727 -0.708405316
65 383.714203 -551.214233 1.56771915e-16 -0.707106769 -0.707106769
-65 375.085785 -542.585815 1.56771915e-16 -0.707106769 -0.707106769
-65 383.714203 -551.214233 0 -0.707106769 -0.707106769
65 375.085785 -542.585815 3.1354383e-16 -0.707106769 -0.707106769
-74.3311844 385.634888 -546.900024 -0.65508163 -0.251606822 -0.712433934
-79.4142151 389.5 -542.585815 -0.69404757 -0.12050242 -0.709772587
-70.7857895 389.5 -551.214233 -0.704840899 -0.131523222 -0.697065949
-70.6407242 388.212555 -551.214233 -0.700872183 -0.159969509 -0.695117235
-70.2128143 386.989655 -551.214233 -0.638255477 -0.307367623 -0.70580101
-69.5235138 385.892609 -551.214233 -0.581556797 -0.417199671 -0.698381066
-76.2694855 380.512878 -542.585815 -0.562546849 -0.419874579 -0.712212324
-77.9867554 383.245911 -542.585815 -0.63590914 -0.306237727 -0.708405316
-79.0528183 386.292542 -542.585815 -0.678072512 -0.154765636 -0.718516052
-72.141777 382.358215 -546.900024 -0.497625977 -0.497625977 -0.710448325
-68.6073761 384.976501 -551.214233 -0.417199671 -0.581556797 -0.698381066
-73.987114 378.230499 -542.585815 -0.419874579 -0.562546849 -0.712212324
-68.8651047 380.168823 -546.900024 -0.251606822 -0.65508163 -0.712433934
-67.5103607 384.287201 -551.214233 -0.307367623 -0.638255477 -0.70580101
-66.2874603 383.859283 -551.214233 -0.159969509 -0.700872183 -0.695117235
-65 383.714203 -551.214233 -0.131523222 -0.704840899 -0.697065949
-65 375.085785 -542.585815 -0.12050242 -0.69404757 -0.709772587
-68.2074661 375.447174 -542.585815 -0.154765636 -0.678072512 -0.718516052
-71.2540894 376.513245 -542.585815 -0.306237727 -0.63590914 -0.708405316
-79.4142151 549.5 -542.585815 -0.707106769 3.27541321e-17 -0.707106769
-70.7857895 549.5 -551.214233 -0.707106769 6.55082642e-17 -0.707106769
-70.7857895 389.5 -551.214233 -0.707106769 3.27541321e-17 -0.707106769
-79.4142151 389.5 -542.585815 -0.707106769 0 -0.707106769
-68.8651047 558.831177 -546.900024 -0.251606822 0.65508163 -0.712433934
-65 563.914185 -542.585815 -0.12050242 0.69404757 -0.709772587
-65 555.285767 -551.214233 -0.131523222 0.704840899 -0.697065949
-66.2874603 555.140747 -551.214233 -0.159969509 0.700872183 -0.695117235
-67.5103607 554.71283 -551.214233 -0.307367623 0.638255477 -0.70580101
-68.6073761 554.023499 -551.214233 -0.417199671 0.581556797 -0.698381066
-73.987114 560.76947 -542.585815 -0.419874579 0.562546849 -0.712212324
-71.2540894 562.486755 -542.585815 -0.306237727 0.63590914 -0.708405316
-68.2074661 563.552795 -542.585815 -0.154765636 0.678072512 -0.718516052
-72.141777 556.641785 -546.900024 -0.497625977 0.497625977 -0.710448325
-69.5235138 553.107361 -551.214233 -0.581556797 0.417199671 -0.698381066
-76.2694855 558.487122 -542.585815 -0.562546849 0.419874579 -0.712212324
-74.3311844 553.365112 -546.900024 -0.65508163 0.251606822 -0.712433934
-70.2128143 552.010376 -551.214233 -0.638255477 0.307367623 -0.70580101
-70.6407242 550.787476 -551.214233 -0.700872183 0.159969509 -0.695117235
-70.7857895 549.5 -551.214233 -0.704840899 0.131523222 -0.697065949
-79.4142151 549.5 -542.585815 -0.69404757 0.12050242 -0.709772587
-79.0528183 552.707458 -542.585815 -0.678072512 0.154765636 -0.718516052
-77.9867554 555.754089 -542.585815 -0.63590914 0.306237727 -0.708405316
65 563.914185 -542.585815 0 0.707106769 -0.707106769
65 555.285767 -551.214233 0 0.707106769 -0.707106769
-65 555.285767 -551.214233 0 0.707106769 -0.707106769
-65 563.914185 -542.585815 0 0.707106769 -0.707106769
-66.7200317 388.128326 -551.799988 -0 -0 -1
-67.7256317 386.082153 -551.799988 -0 -0 -1
-68.4178314 386.774384 -551.799988 -0 -0 -1
-66.3716812 387.779968 -551.799988 -0 -0 -1
-65.9545441 387.517883 -551.799988 -0 -0 -1
-65.9727631 385.238037 -551.799988 -0 -0 -1
-66.8967514 385.56134 -551.799988 -0 -0 -1
-66.982132 388.545441 -551.799988 -0 -0 -1
-68.938652 387.603241 -551.799988 -0 -0 -1
-69.2619705 388.527222 -551.799988 -0 -0 -1
-65.4895477 387.355164 -551.799988 -0 -0 -1
-67.1448441 389.010468 -551.799988 -0 -0 -1
-65 387.299988 -551.799988 -0 -0 -1
-65 385.128418 -551.799988 -0 -0 -1
-67.1999969 389.5 -551.799988 -0 -0 -1
-69.3715744 389.5 -551.799988 -0 -0 -1
65 385.128418 -551.799988 -0 -0 -1
65 387.299988 -551.799988 -0 -0 -1
65.4895477 387.355164 -551.799988 -0 -0 -1
65.9727631 385.238037 -551.799988 -0 -0 -1
65.9545441 387.517883 -551.799988 -0 -0 -1
66.8967514 385.56134 -551.799988 -0 -0 -1
66.3716812 387.779968 -551.799988 -0 -0 -1
67.7256317 386.082153 -551.799988 -0 -0 -1
68.4178314 386.774384 -551.799988 -0 -0 -1
66.7200317 388.128326 -551.799988 -0 -0 -1
68.938652 387.603241 -551.799988 -0 -0 -1
66.982132 388.545441 -551.799988 -0 -0 -1
67.1448441 389.010468 -551.799988 -0 -0 -1
69.2619705 388.527222 -551.799988 -0 -0 -1
67.1999969 389.5 -551.799988 -0 -0 -1
69.3715744 389.5 -551.799988 -0 -0 -1
-67.1999969 549.5 -551.799988 -0 -0 -1
-69.3715744 549.5 -551.799988 -0 -0 -1
-67.1448441 549.989563 -551.799988 -0 -0 -1
-69.2619705 550.472778 -551.799988 -0 -0 -1
-68.938652 551.396729 -551.799988 -0 -0 -1
-66.982132 550.454529 -551.799988 -0 -0 -1
-68.4178314 552.225647 -551.799988 -0 -0 -1
-66.7200317 550.871704 -551.799988 -0 -0 -1
-66.3716812 551.220032 -551.799988 -0 -0 -1
-67.7256317 552.917847 -551.799988 -0 -0 -1
-66.8967514 553.43866 -551.799988 -0 -0 -1
-65.9545441 551.482117 -551.799988 -0 -0 -1
-65.9727631 553.761963 -551.799988 -0 -0 -1
-65.4895477 551.644836 -551.799988 -0 -0 -1
-65 553.871582 -551.799988 -0 -0 -1
-65 551.700012 -551.799988 -0 -0 -1
65 551.700012 -551.799988 -0 -0 -1
67.1999969 549.5 -551.799988 -0 -0 -1
65 553.871582 -551.799988 -0 -0 -1
69.3715744 549.5 -551.799988 -0 -0 -1
65.9727631 553.761963 -551.799988 -0 -0 -1
65.4895477 551.644836 -551.799988 -0 -0 -1
65.9545441 551.482117 -551.799988 -0 -0 -1
69.2619705 550.472778 -551.799988 -0 -0 -1
67.1448441 549.989563 -551.799988 -0 -0 -1
66.982132 550.454529 -551.799988 -0 -0 -1
68.938652 551.396729 -551.799988 -0 -0 -1
66.8967514 553.43866 -551.799988 -0 -0 -1
66.3716812 551.220032 -551.799988 -0 -0 -1
67.7256317 552.917847 -551.799988 -0 -0 -1
66.7200317 550.871704 -551.799988 -0 -0 -1
68.4178314 552.225647 -551.799988 -0 -0 -1
-194 291 -321 -1 -0 -0
-194 72.4990921 -320 -1 -0 -0
-194 291 -320 -1 -0 -0
-194 72.4990921 -321 -1 -0 -0
-195 291 -321 -2.84334053e-14 -4.1746085e-17 1
-194 72.4990921 -321 -0 -0 1
-194 291 -321 -0 -0 1
-195 71.9436798 -321 -1.76741082e-13 -2.59492276e-16 1
-194.67868 72.1499252 -321 -8.66944049e-14 -1.27285229e-16 1
-194.344894 72.3353119 -321 -0 -0 1
195 291 -321 -0 -0 1
194 72.4990921 -321 -0 -0 1
194.344894 72.3353119 -321 -0 -0 1
194.67868 72.1499252 -321 -0 -0 1
195 71.9436798 -321 -0 -0 1
194 291 -321 -0 -0 1
194 291 -320 1 -0 -0
194 72.4990921 -321 1 -0 -0
194 291 -321 1 -0 -0
194 72.4990921 -320 1 -0 -0
-175.667664 293 -367.988861 -0.0333829336 -4.84665688e-05 -0.999442637
-175 293 -368 -0.0166937951 0 -0.999860644
-175 63 -368 -0.078587316 -0.000287568837 -0.996907175
-176.334579 293 -367.955414 -0.0705157742 -0.00022172094 -0.997510612
-177.03952 292.605103 -367.895782 -0.0818345472 -0.00446482701 -0.996635914
-177 293 -367.89975 -0.0833758339 -0.00169538229 -0.996516705
-177.154831 292.228424 -367.883575 -0.0928986594 -0.000353173673 -0.995675504
-178.702515 63 -367.654297 -0.178695172 -0.000207672318 -0.983904481
-185.600006 73 -364.959961 -0.511874497 7.87015524e-05 -0.859060228
-182.277054 63 -366.62912 -0.344834417 2.710023e-05 -0.938663542
-185.600006 63 -364.959961 -0.448870093 0 -0.893597007
-177.387527 291.816772 -367.856995 -0.121353909 -0.000181843148 -0.992609262
-177.708374 291.473083 -367.815765 -0.137112692 -0.000103446015 -0.990555465
-178.099533 291.214172 -367.758362 -0.156198487 -3.77031538e-05 -0.987725675
-178.539001 291.053864 -367.684387 -0.177534595 -2.58731598e-06 -0.984114587
-179 291 -367.595917 -0.289152384 0.000175313035 -0.95728308
-183.330109 291 -366.182678 -0.424634099 0.000263929251 -0.90536505
-187.228134 291 -363.826324 -0.623696327 0.000333586504 -0.781666636
-187.865524 73 -363.312683 -0.643276155 7.68445971e-05 -0.765634239
-189.878693 73 -361.365051 -0.723501861 0.000213952706 -0.690322399
-190.491928 291 -360.649109 -0.778015018 0.000324282737 -0.628245652
-191.600006 73 -359.155273 -0.844017923 4.78326183e-05 -0.536314905
-192.952194 291 -356.815826 -0.892696798 0.000250898447 -0.450657755
-193.466553 72.7023392 -355.680481 -0.930411696 -2.33225255e-05 -0.366516113
-194.481323 291 -352.525269 -0.96926111 0.000192948239 -0.246034339
-194.612427 72.1891098 -351.918549 -0.986164212 2.82643923e-05 -0.165771335
-195 291 -348 -0.994290173 0.000149842512 -0.106709942
-195 71.9436798 -348 -0.995144248 -1.03575004e-16 -0.098427251
195 291 -348 0.994281709 0.000148193591 -0.106788792
195 71.9436798 -348 0.99512583 1.29113722e-16 -0.0986132771
194.610931 72.1899719 -351.926086 0.986155927 2.81977937e-05 -0.165820524
194.481323 291 -352.525269 0.969245136 0.000192643391 -0.246097192
193.465561 72.7026062 -355.682648 0.930370748 -2.24659052e-05 -0.366620004
192.952194 291 -356.815826 0.8926934 0.000250840327 -0.45066449
191.600006 73 -359.155273 0.844002128 4.80979434e-05 -0.536339819
190.491928 291 -360.649109 0.778015077 0.000324282708 -0.628245533
189.878693 73 -361.365051 0.723501861 0.000213952706 -0.690322399
182.277054 63 -366.62912 0.344834417 2.710023e-05 -0.938663542
185.600006 73 -364.959961 0.511874497 7.87015524e-05 -0.859060228
185.600006 63 -364.959961 0.448870093 0 -0.893597007
187.228134 291 -363.826324 0.623696327 0.000333586533 -0.781666696
187.865524 73 -363.312683 0.643276155 7.68445971e-05 -0.765634239
183.330109 291 -366.182678 0.424634099 0.000263929251 -0.90536505
179 291 -367.595917 0.290078819 0.000176654954 -0.957002759
178.702515 63 -367.654297 0.179208562 -0.000205610108 -0.98381108
178.612152 291.038116 -367.671051 0.18102926 -5.49302513e-07 -0.983477712
178.239822 291.150085 -367.73584 0.16110754 -2.60317884e-05 -0.986936867
177.830505 291.377869 -367.798676 0.143057093 -7.94012813e-05 -0.989714444
177.483749 291.695862 -367.845184 0.126161426 -0.000155625647 -0.992009699
177.220398 292.08728 -367.876373 0.0950255692 -0.000358629855 -0.995474756
175 63 -368 0.078917861 -0.000288296171 -0.996881068
177.055801 292.530914 -367.894073 0.0885455534 -0.000336180849 -0.996072054
176.334579 293 -367.955414 0.068074517 -0.000203465985 -0.997680247
177 293 -367.89975 0.083375752 -0.00216248981 -0.99651581
175.667664 293 -367.988861 0.0333829336 -4.84665688e-05 -0.999442637
175 293 -368 0.0166937951 2.06289642e-18 -0.999860644
17.5 139.827347 -369 0.0971163809 -0.861931741 -0.497636467
17.5 140.693375 -370.5 0.0971163809 -0.861931741 -0.497636497
18.2914238 140.782547 -370.5 0.156128049 -0.852040708 -0.499650508
18.4841328 139.938232 -369 0.219904438 -0.837757528 -0.499804378
19.0431614 141.045593 -370.5 0.341810495 -0.795936525 -0.499650508
19.4189167 140.265335 -369 0.400809556 -0.767819881 -0.499804348
19.7175198 141.469315 -370.5 0.510353148 -0.699920774 -0.499650508
20.2574768 140.792236 -369 0.561616421 -0.659380496 -0.499804318
20.2806816 142.032486 -370.5 0.677085936 -0.539958 -0.49999997
20.9577675 141.492523 -369 0.677085936 -0.539958 -0.49999994
21.4846706 142.331085 -369 0.780261934 -0.375754327 -0.5
20.7044086 142.706833 -370.5 0.780261934 -0.375754356 -0.5
20.967453 143.458572 -370.5 0.84431237 -0.19270879 -0.5
21.8117638 143.265869 -369 0.84431237 -0.19270879 -0.5
21.9226494 144.25 -369 0.861931741 -0.0971163809 -0.497636467
21.0566235 144.25 -370.5 0.861931741 -0.0971163809 -0.497636497
17.5 140.693375 -370.5 0 -0.866025388 -0.49999997
17.5 139.827347 -369 0 -0.866025388 -0.49999997
-17.5 139.827347 -369 0 -0.866025388 -0.49999997
-17.5 140.693375 -370.5 0 -0.866025388 -0.49999997
-21.9226494 144.25 -369 -0.861931741 -0.0971163809 -0.497636467
-21.0566235 144.25 -370.5 -0.861931741 -0.0971163809 -0.497636497
-20.967453 143.458572 -370.5 -0.84431237 -0.19270879 -0.49999997
-21.8117638 143.265869 -369 -0.84431237 -0.19270879 -0.5
-21.4846706 142.331085 -369 -0.792093396 -0.350405067 -0.499804348
-20.7044086 142.706833 -370.5 -0.763496518 -0.409172893 -0.499650508
-20.9577675 141.492523 -369 -0.694261491 -0.517877042 -0.499804348
-20.2806816 142.032486 -370.5 -0.653304577 -0.568808019 -0.499650478
-20.2574768 140.792236 -369 -0.561616421 -0.659380496 -0.499804318
-19.7175198 141.469315 -370.5 -0.510353148 -0.699920774 -0.499650508
-19.4189167 140.265335 -369 -0.400809556 -0.767819881 -0.499804348
-19.0431614 141.045593 -370.5 -0.341810495 -0.795936525 -0.499650508
-18.4841328 139.938232 -369 -0.219904438 -0.837757528 -0.499804378
-18.2914238 140.782547 -370.5 -0.156128049 -0.852040708 -0.499650508
-17.5 139.827347 -369 -0.0971163809 -0.861931741 -0.497636467
-17.5 140.693375 -370.5 -0.0971163809 -0.861931741 -0.497636497
-21.9226494 203.75 -369 -0.866025388 7.75648849e-17 -0.49999997
-21.0566235 144.25 -370.5 -0.866025388 7.75648849e-17 -0.49999997
-21.9226494 144.25 -369 -0.866025388 1.03419838e-16 -0.49999997
-21.0566235 203.75 -370.5 -0.866025388 5.17099188e-17 -0.49999997
-17.5 208.172653 -369 -0.0971163809 0.861931741 -0.497636467
-17.5 207.306625 -370.5 -0.0971163809 0.861931741 -0.497636497
-18.2914238 207.217453 -370.5 -0.156128049 0.852040708 -0.499650508
-18.4841328 208.061768 -369 -0.219904438 0.837757528 -0.499804378
-19.0431614 206.954407 -370.5 -0.341810495 0.795936525 -0.499650508
-19.4189167 207.734665 -369 -0.400809556 0.767819881 -0.499804348
-19.7175198 206.530685 -370.5 -0.510353148 0.699920774 -0.499650508
-20.2574768 207.207764 -369 -0.561616421 0.659380496 -0.499804318
-20.2806816 205.967514 -370.5 -0.653304577 0.568808019 -0.499650478
-20.9577675 206.507477 -369 -0.694261491 0.517876983 -0.499804318
-20.7044086 205.293167 -370.5 -0.763496518 0.409172893 -0.499650508
-21.4846706 205.668915 -369 -0.792093396 0.350405067 -0.499804348
-20.967453 204.541428 -370.5 -0.835403562 0.229020089 -0.499650508
-21.8117638 204.734131 -369 -0.850206375 0.165362328 -0.499804348
-21.0566235 203.75 -370.5 -0.861931741 0.0971163809 -0.497636467
-21.9226494 203.75 -369 -0.861931741 0.0971163884 -0.497636497
17.5 207.306625 -370.5 0 0.866025388 -0.49999997
-17.5 207.306625 -370.5 0 0.866025388 -0.49999997
-17.5 208.172653 -369 0 0.866025388 -0.49999997
17.5 208.172653 -369 0 0.866025388 -0.49999997
21.9226494 203.75 -369 0.861931741 0.0971163809 -0.497636467
21.0566235 203.75 -370.5 0.861931741 0.0971163809 -0.497636497
20.967453 204.541428 -370.5 0.852040708 0.156128049 -0.499650508
21.8117638 204.734131 -369 0.837757528 0.219904438 -0.499804378
20.7044086 205.293167 -370.5 0.795936525 0.341810495 -0.499650508
21.4846706 205.668915 -369 0.767819881 0.400809556 -0.499804348
20.2806816 205.967514 -370.5 0.699920774 0.510353148 -0.499650508
20.9577675 206.507477 -369 0.659380496 0.561616421 -0.499804318
19.7175198 206.530685 -370.5 0.568808019 0.653304577 -0.499650478
20.2574768 207.207764 -369 0.517876983 0.694261491 -0.499804318
19.0431614 206.954407 -370.5 0.409172893 0.763496518 -0.499650508
19.4189167 207.734665 -369 0.350405067 0.792093396 -0.499804348
18.2914238 207.217453 -370.5 0.229020089 0.835403562 -0.499650508
18.4841328 208.061768 -369 0.165362328 0.850206375 -0.499804348
17.5 207.306625 -370.5 0.0971163809 0.861931741 -0.497636467
17.5 208.172653 -369 0.0971163884 0.861931741 -0.497636497
21.0566235 203.75 -370.5 0.866025388 0 -0.49999997
21.9226494 203.75 -369 0.866025388 0 -0.49999997
21.9226494 144.25 -369 0.866025388 0 -0.49999997
21.0566235 144.25 -370.5 0.866025388 0 -0.49999997
-82.5 139.827347 -369 0.0971163809 -0.861931741 -0.497636467
-82.5 140.693375 -370.5 0.0971163809 -0.861931741 -0.497636497
-81.70858 140.782547 -370.5 0.156128049 -0.852040708 -0.499650508
-81.5158691 139.938232 -369 0.219904438 -0.837757528 -0.499804378
-80.9568405 141.045593 -370.5 0.341810495 -0.795936525 -0.499650508
-80.5810852 140.265335 -369 0.400809556 -0.767819881 -0.499804348
-80.2824783 141.469315 -370.5 0.539958 -0.677085936 -0.49999997
-79.7425232 140.792236 -369 0.539958 -0.677085936 -0.49999994
-79.0422363 141.492523 -369 0.659380496 -0.561616421 -0.499804318
-79.7193222 142.032486 -370.5 0.699920774 -0.510353148 -0.499650508
-78.5153275 142.331085 -369 0.767819881 -0.400809556 -0.499804348
-79.2955933 142.706833 -370.5 0.795936525 -0.341810495 -0.499650508
-78.1882324 143.265869 -369 0.84431231 -0.192708775 -0.5
-79.032547 143.458572 -370.5 0.84431231 -0.192708775 -0.50000006
-78.9433746 144.25 -370.5 0.861931741 -0.0971163809 -0.497636467
-78.0773468 144.25 -369 0.861931741 -0.0971163884 -0.497636497
-82.5 140.693375 -370.5 0 -0.866025388 -0.49999997
-82.5 139.827347 -369 0 -0.866025388 -0.49999997
-117.5 139.827347 -369 0 -0.866025388 -0.49999997
-117.5 140.693375 -370.5 0 -0.866025388 -0.49999997
-121.922653 144.25 -369 -0.861931741 -0.0971163809 -0.497636467
-121.056625 144.25 -370.5 -0.861931741 -0.0971163809 -0.497636497
-120.967453 143.458572 -370.5 -0.84431237 -0.19270879 -0.49999997
-121.811768 143.265869 -369 -0.84431237 -0.19270879 -0.5
-121.484673 142.331085 -369 -0.792093396 -0.350405067 -0.499804348
-120.704407 142.706833 -370.5 -0.763496518 -0.409172893 -0.499650508
-120.957764 141.492523 -369 -0.694261491 -0.517877042 -0.499804348
-120.280678 142.032486 -370.5 -0.653304577 -0.568808019 -0.499650478
-120.257477 140.792236 -369 -0.561616421 -0.659380496 -0.499804318
-119.717522 141.469315 -370.5 -0.510353148 -0.699920774 -0.499650508
-119.418915 140.265335 -369 -0.400809556 -0.767819881 -0.499804348
-119.043159 141.045593 -370.5 -0.341810495 -0.795936525 -0.499650508
-118.484131 139.938232 -369 -0.219904438 -0.837757528 -0.499804378
-118.29142 140.782547 -370.5 -0.156128049 -0.852040708 -0.499650508
-117.5 139.827347 -369 -0.0971163809 -0.861931741 -0.497636467
-117.5 140.693375 -370.5 -0.0971163809 -0.861931741 -0.497636497
-121.922653 203.75 -369 -0.866025388 0 -0.49999997
-121.056625 144.25 -370.5 -0.866025388 0 -0.49999997
-121.922653 144.25 -369 -0.866025388 0 -0.49999997
-121.056625 203.75 -370.5 -0.866025388 0 -0.49999997
-117.5 208.172653 -369 -0.0971163809 0.861931741 -0.497636467
-117.5 207.306625 -370.5 -0.0971163809 0.861931741 -0.497636497
-118.29142 207.217453 -370.5 -0.19270879 0.84431237 -0.49999997
-118.484131 208.061768 -369 -0.19270879 0.84431237 -0.5
-119.418915 207.734665 -369 -0.375754327 0.780261934 -0.5
-119.043159 206.954407 -370.5 -0.375754356 0.780261934 -0.5
-119.717522 206.530685 -370.5 -0.539958 0.677085936 -0.49999997
-120.257477 207.207764 -369 -0.539958 0.677085936 -0.49999994
-120.957764 206.507477 -369 -0.677085936 0.539958 -0.5
-120.280678 205.967514 -370.5 -0.677085936 0.539958 -0.5
-120.704407 205.293167 -370.5 -0.780261934 0.375754327 -0.49999997
-121.484673 205.668915 -369 -0.780261934 0.375754356 -0.5
-121.811768 204.734131 -369 -0.837757528 0.219904438 -0.499804378
-120.967453 204.541428 -370.5 -0.852040708 0.156128049 -0.499650508
-121.922653 203.75 -369 -0.861931741 0.0971163809 -0.497636467
-121.056625 203.75 -370.5 -0.861931741 0.0971163809 -0.497636497
-82.5 208.172653 -369 0 0.866025388 -0.49999997
-117.5 207.306625 -370.5 0 0.866025388 -0.49999997
-117.5 208.172653 -369 0 0.866025388 -0.49999997
-82.5 207.306625 -370.5 0 0.866025388 -0.49999997
-78.0773468 203.75 -369 0.861931741 0.0971163809 -0.497636467
-78.9433746 203.75 -370.5 0.861931741 0.0971163809 -0.497636497
-79.032547 204.541428 -370.5 0.84431237 0.19270879 -0.49999997
-78.1882324 204.734131 -369 0.84431237 0.19270879 -0.5
-78.5153275 205.668915 -369 0.792093396 0.350405067 -0.499804348
-79.2955933 205.293167 -370.5 0.763496518 0.409172893 -0.499650508
-79.0422363 206.507477 -369 0.694261491 0.517877042 -0.499804348
-79.7193222 205.967514 -370.5 0.653304577 0.568808019 -0.499650478
-79.7425232 207.207764 -369 0.561616421 0.659380496 -0.499804318
-80.2824783 206.530685 -370.5 0.510353148 0.699920774 -0.499650508
-80.5810852 207.734665 -369 0.400809556 0.767819881 -0.499804348
-80.9568405 206.954407 -370.5 0.341810495 0.795936525 -0.499650508
-81.5158691 208.061768 -369 0.219904438 0.837757528 -0.499804378
-81.70858 207.217453 -370.5 0.156128049 0.852040708 -0.499650508
-82.5 208.172653 -369 0.0971163809 0.861931741 -0.497636467
-82.5 207.306625 -370.5 0.0971163809 0.861931741 -0.497636497
-78.9433746 203.75 -370.5 0.866025388 -2.06839675e-16 -0.49999997
-78.0773468 203.75 -369 0.866025388 -2.06839675e-16 -0.49999997
-78.0773468 144.25 -369 0.866025388 -2.06839675e-16 -0.49999997
-78.9433746 144.25 -370.5 0.866025388 -2.06839675e-16 -0.49999997
65.4895477 551.644836 -551.799988 -0.185773939 -0.982592523 -0
65 551.700012 -551.299988 -0.111964472 -0.993712187 -0
65 551.700012 -551.799988 -0.111964472 -0.993712187 -0
65.4895477 551.644836 -551.299988 -0.258954316 -0.965889573 -0
65.9545441 551.482117 -551.799988 -0.399763614 -0.916618288 -0
65.9545441 551.482117 -551.299988 -0.467392445 -0.884049952 -0
66.3716812 551.220032 -551.799988 -0.593707442 -0.804680943 -0
66.3716812 551.220032 -551.299988 -0.652393579 -0.75788033 -0
66.7200317 550.871704 -551.799988 -0.75788039 -0.652393579 -0
66.7200317 550.871704 -551.299988 -0.804680943 -0.593707442 -0
66.982132 550.454529 -551.799988 -0.884049952 -0.467392445 -0
66.982132 550.454529 -551.299988 -0.916618288 -0.399763614 -0
67.1448441 549.989563 -551.799988 -0.965889573 -0.258954316 -0
67.1448441 549.989563 -551.299988 -0.982592523 -0.185773939 -0
67.1999969 549.5 -551.799988 -0.993712187 -0.111964472 -0
67.1999969 549.5 -551.299988 -0.993712187 -0.111964472 -0
65 551.700012 -551.799988 -0 -1 -0
-65 551.700012 -551.299988 -0 -1 -0
-65 551.700012 -551.799988 -0 -1 -0
65 551.700012 -551.299988 -0 -1 -0
-67.1448441 549.989563 -551.799988 0.982592523 -0.185773939 -0
-67.1999969 549.5 -551.299988 0.993712187 -0.111964472 -0
-67.1999969 549.5 -551.799988 0.993712187 -0.111964472 -0
-67.1448441 549.989563 -551.299988 0.965889573 -0.258954316 -0
-66.982132 550.454529 -551.799988 0.916618288 -0.399763614 -0
-66.982132 550.454529 -551.299988 0.884049952 -0.467392445 -0
-66.7200317 550.871704 -551.799988 0.804680943 -0.593707442 -0
-66.7200317 550.871704 -551.299988 0.75788033 -0.652393579 -0
-66.3716812 551.220032 -551.799988 0.652393579 -0.75788039 -0
-66.3716812 551.220032 -551.299988 0.593707442 -0.804680943 -0
-65.9545441 551.482117 -551.799988 0.467392445 -0.884049952 -0
-65.9545441 551.482117 -551.299988 0.399763614 -0.916618288 -0
-65.4895477 551.644836 -551.799988 0.258954316 -0.965889573 -0
-65.4895477 551.644836 -551.299988 0.185773939 -0.982592523 -0
-65 551.700012 -551.799988 0.111964472 -0.993712187 -0
-65 551.700012 -551.299988 0.111964472 -0.993712187 -0
-67.1999969 549.5 -551.299988 1 1.77635687e-16 -0
-67.1999969 389.5 -551.299988 1 1.77635687e-16 -0
-67.1999969 389.5 -551.799988 1 1.77635687e-16 -0
-67.1999969 549.5 -551.799988 1 1.77635687e-16 -0
-65.4895477 387.355164 -551.799988 0.185773939 0.982592523 -0
-65 387.299988 -551.299988 0.111964472 0.993712187 -0
-65 387.299988 -551.799988 0.111964472 0.993712187 -0
-65.4895477 387.355164 -551.299988 0.258954316 0.965889573 -0
-65.9545441 387.517883 -551.799988 0.399763614 0.916618288 -0
-65.9545441 387.517883 -551.299988 0.467392445 0.884049952 -0
-66.3716812 387.779968 -551.799988 0.593707442 0.804680943 -0
-66.3716812 387.779968 -551.299988 0.652393579 0.75788033 -0
-66.7200317 388.128326 -551.799988 0.75788039 0.652393579 -0
-66.7200317 388.128326 -551.299988 0.804680943 0.593707442 -0
-66.982132 388.545441 -551.799988 0.884049952 0.467392445 -0
-66.982132 388.545441 -551.299988 0.916618288 0.399763614 -0
-67.1448441 389.010468 -551.799988 0.965889573 0.258954316 -0
-67.1448441 389.010468 -551.299988 0.982592523 0.185773939 -0
-67.1999969 389.5 -551.799988 0.993712187 0.111964472 -0
-67.1999969 389.5 -551.299988 0.993712187 0.111964472 -0
65 387.299988 -551.299988 -0 1 -0
-65 387.299988 -551.799988 -0 1 -0
-65 387.299988 -551.299988 -0 1 -0
65 387.299988 -551.799988 -0 1 -0
67.1448441 389.010468 -551.799988 -0.982592523 0.185773939 -0
67.1999969 389.5 -551.299988 -0.993712187 0.111964472 -0
67.1999969 389.5 -551.799988 -0.993712187 0.111964472 -0
67.1448441 389.010468 -551.299988 -0.965889573 0.258954316 -0
66.982132 388.545441 -551.799988 -0.916618288 0.399763614 -0
66.982132 388.545441 -551.299988 -0.884049952 0.467392445 -0
66.7200317 388.128326 -551.799988 -0.804680943 0.593707442 -0
66.7200317 388.128326 -551.299988 -0.75788033 0.652393579 -0
66.3716812 387.779968 -551.799988 -0.652393579 0.75788039 -0
66.3716812 387.779968 -551.299988 -0.593707442 0.804680943 -0
65.9545441 387.517883 -551.799988 -0.467392445 0.884049952 -0
65.9545441 387.517883 -551.299988 -0.399763614 0.916618288 -0
65.4895477 387.355164 -551.799988 -0.258954316 0.965889573 -0
65.4895477 387.355164 -551.299988 -0.185773939 0.982592523 -0
65 387.299988 -551.799988 -0.111964472 0.993712187 -0
65 387.299988 -551.299988 -0.111964472 0.993712187 -0
67.1999969 549.5 -551.299988 -1 1.77635687e-16 -0
67.1999969 389.5 -551.799988 -1 1.77635687e-16 -0
67.1999969 389.5 -551.299988 -1 1.77635687e-16 -0
67.1999969 549.5 -551.799988 -1 1.77635687e-16 -0
-209.999969 348.253082 -521.039917 -0.998671472 8.3810919e-06 -0.0515295155
-210 348.213196 -521 -0.999999523 2.36521986e-16 -0.000949783949
-210 589 -521 -0.995680571 0.000377989491 -0.0928440318
-209.888443 350.194489 -523.161682 -0.994478285 0.000335280958 -0.104941763
-209.47348 589 -525.672913 -0.975614548 0.0003619403 -0.219490618
-209.61055 352.2388 -525.025574 -0.976478696 -2.42486203e-05 -0.215613827
-208.856827 354.716736 -527.834229 -0.94354254 0.000147697545 -0.331251323
-207.920349 589 -530.111572 -0.905571103 0.00027710048 -0.424194455
-207.580261 356.739868 -530.786438 -0.867196083 0.000116269104 -0.497966856
-205.418457 589 -534.093262 -0.782832503 0.000175693101 -0.622232437
-205.633331 358.334106 -533.819214 -0.783529043 -8.39658605e-06 -0.621355176
-202.76236 359.522491 -536.861816 -0.666583002 -4.76803507e-05 -0.745430768
-202.093292 589 -537.418457 -0.604052603 0.000101019978 -0.796944439
-198.807083 360.274994 -539.569519 -0.488096237 -0.000126009923 -0.8727898
-198.111557 589 -539.920349 -0.409637094 8.30459903e-05 -0.912248552
-194.292801 360.619965 -541.322083 -0.27802074 -0.000117182972 -0.960575044
-193.672943 589 -541.473511 -0.194157243 6.72430688e-05 -0.980970442
-189.50119 360.723755 -541.994019 -0.119985573 -3.18761122e-05 -0.992775619
-189 589 -542 -0.102374248 0.00019870227 -0.99474591
-189 360.724609 -542 -0.011934015 0 -0.999928772
210 589 -521 0.995680571 0.00037798952 -0.0928440392
210 348.213196 -521 0.999999523 -1.44494609e-16 -0.000949783949
209.999969 348.253082 -521.039917 0.998671472 8.3810919e-06 -0.0515295155
209.888443 350.194489 -523.161682 0.994478285 0.000335280987 -0.104941763
209.47348 589 -525.672913 0.973618686 0.000285061891 -0.228180915
209.61055 352.2388 -525.025574 0.970957696 -9.20737875e-05 -0.239251152
208.502701 355.42746 -528.787476 0.934253216 -8.68796087e-06 -0.356610388
207.920349 589 -530.111572 0.897627771 0.000255344203 -0.440754265
206.671936 357.614319 -532.344849 0.844741583 -2.51054571e-05 -0.535174429
205.418457 589 -534.093262 0.783874333 0.000280265376 -0.620919406
204.30069 358.992798 -535.383606 0.719160497 -1.72443379e-05 -0.694844007
202.093292 589 -537.418457 0.634698153 0.000229757265 -0.772760153
201.294846 359.879211 -538.024719 0.565079093 -2.1207677e-06 -0.825036705
198.111557 589 -539.920349 0.455527514 0.000150952575 -0.890221655
197.769516 360.386871 -540.081299 0.385874212 4.99525049e-05 -0.922551394
193.672943 589 -541.473511 0.244432285 0.000241930858 -0.969666362
193.902451 360.636017 -541.419739 0.276616186 5.17462031e-05 -0.960980475
191.715851 360.699066 -541.823792 0.120434366 0.00031332107 -0.99272126
189 589 -542 0.0946777612 0.000400550256 -0.995507896
189.50116 360.723755 -541.994019 0.064737305 0.000115980096 -0.997902334
189 360.724609 -542 0.011933282 0 -0.999928772
-175 53 -542 -0.111964479 -3.1198255e-17 -0.993712187
-175 2 -542 -0.111964479 -6.239651e-17 -0.993712187
-179.450424 2 -541.498535 -0.185773969 -2.09156952e-17 -0.982592523
-179.450424 53 -541.498535 -0.258954346 0 -0.965889573
-183.677673 2 -540.019348 -0.399763644 0 -0.916618228
-183.677673 53 -540.019348 -0.467392474 6.32694436e-16 -0.884049892
-187.469803 2 -537.636658 -0.593707442 1.161063e-15 -0.804680943
-187.469803 53 -537.636658 -0.652393639 1.02897097e-15 -0.75788033
-190.636627 2 -534.469788 -0.75788033 2.38102894e-16 -0.652393639
-190.636627 53 -534.469788 -0.804680943 -2.9026575e-16 -0.593707442
-193.019379 2 -530.677673 -0.884049892 -1.58173609e-16 -0.467392474
-193.019379 53 -530.677673 -0.916618228 0 -0.399763644
-194.498566 2 -526.450439 -0.974927902 0 -0.222520933
-194.498566 53 -526.450439 -0.974927902 0 -0.222520933
-195 53 -522 -0.993712187 0 -0.111964479
-195 2 -522 -0.993712187 0 -0.111964479
175 2 -542 0.111964479 0 -0.993712187
175 53 -542 0.111964479 0 -0.993712187
179.450424 53 -541.498535 0.185773969 0 -0.982592523
179.450424 2 -541.498535 0.258954346 0 -0.965889573
183.677673 53 -540.019348 0.399763644 0 -0.916618228
183.677673 2 -540.019348 0.467392474 0 -0.884049892
187.469803 53 -537.636658 0.623489797 0 -0.781831503
187.469803 2 -537.636658 0.623489797 0 -0.781831443
190.636627 2 -534.469788 0.75788033 0 -0.652393579
190.636627 53 -534.469788 0.804680943 -1.58173596e-16 -0.593707442
193.019379 2 -530.677673 0.90096885 -2.51049792e-16 -0.433883756
193.019379 53 -530.677673 0.90096885 -5.02099585e-16 -0.433883756
194.498566 53 -526.450439 0.974927902 -1.32335915e-16 -0.222520933
194.498566 2 -526.450439 0.974927902 0 -0.222520933
195 2 -522 0.993712187 0 -0.111964479
195 53 -522 0.993712187 0 -0.111964479
163.195175 588.726501 -542.117493 0.127843112 -0.991794407 6.35052883e-13
163.195175 588.726501 -542 0.127843112 -0.991794407 1.9196463e-12
116.781265 582.743713 -542 0.113704689 -0.993514597 2.78862843e-13
116.781265 582.743713 -542.117493 0.099540323 -0.995033503 -4.4377284e-13
70.1541519 578.749084 -542 0.0711596385 -0.997464955 -2.68565091e-13
70.1541519 578.749084 -542.117493 0.0569433086 -0.998377442 -1.37325942e-13
23.3989563 576.75 -542 0.0213640314 -0.999771774 -4.102764e-14
23.3989563 576.75 -542.117493 0.0213640314 -0.999771774 -2.00292426e-14
-23.3989563 576.75 -542.117493 -0.0142423259 -0.999898553 -1.63747071e-14
-23.3989563 576.75 -542 -0.0284846555 -0.999594212 -6.1170158e-14
-70.1541519 578.749084 -542.117493 -0.0569433086 -0.998377442 -1.50800149e-13
-70.1541519 578.749084 -542 -0.0711596385 -0.997464955 -2.82459738e-13
-116.781265 582.743713 -542.117493 -0.0995403156 -0.995033503 -4.61739208e-13
-116.781265 582.743713 -542 -0.113704689 -0.993514597 2.67902643e-13
-163.195175 588.726501 -542.117493 -0.127843112 -0.991794407 6.23778861e-13
-163.195175 588.726501 -542 -0.127843112 -0.991794407 1.9196463e-12
-210.617477 589 -520.5 0 -1 0
-210 589 -490.5 0 -1 0
-210.617477 589 -490.5 0 -1 0
-210 589 -521 0 -1 0
-210.075485 589 -525.310364 0 -1 0
-209.47348 589 -525.672913 0 -1 0
-208.476669 589 -529.879456 0 -1 0
-207.920349 589 -530.111572 0 -1 0
-205.901215 589 -533.978271 0 -1 0
-205.418457 589 -534.093262 0 -1 0
-202.478271 589 -537.401245 0 -1 0
-202.093292 589 -537.418457 0 -1 0
-198.379471 589 -539.976685 0 -1 0
-198.111557 589 -539.920349 0 -1 0
-193.810333 589 -541.5755 0 -1 0
-193.672943 589 -541.473511 0 -1 0
-189 589 -542.117493 0 -1 0
-189 589 -542 0 -1 0
-166.845734 589 -542.117493 0 -1 0
-166.845734 589 -542 0 -1 0
210.617477 589 -520.5 0 -1 0
210.617477 589 -490.5 0 -1 0
210 589 -490.5 0 -1 0
210 589 -521 0 -1 0
189 589 -542.117493 0 -1 0
166.845734 589 -542 0 -1 0
166.845734 589 -542.117493 0 -1 0
189 589 -542 0 -1 0
193.672943 589 -541.473511 0 -1 0
210.075485 589 -525.310364 0 -1 0
209.47348 589 -525.672913 0 -1 0
193.810333 589 -541.5755 0 -1 0
198.111557 589 -539.920349 0 -1 0
198.379471 589 -539.976685 0 -1 0
208.476669 589 -529.879456 0 -1 0
207.920349 589 -530.111572 0 -1 0
202.093292 589 -537.418457 0 -1 0
202.478271 589 -537.401245 0 -1 0
205.418457 589 -534.093262 0 -1 0
205.901215 589 -533.978271 0 -1 0
213.5 614 -490.5 1 1.09314271e-15 -4.73695182e-16
213.5 601 -520.5 1 1.09314271e-15 -4.73695182e-16
213.5 614 -520.5 1 2.18628542e-15 -9.47390364e-16
213.5 601 -490.5 1 0 0
-206.568893 619 -528.960754 0 1 0
-201.158051 619 -535.745728 0 1 0
-204.245712 619 -532.658081 0 1 0
-189 619 -540 0 1 0
-193.339157 619 -539.511108 0 1 0
-197.460739 619 -538.068909 0 1 0
-208.011093 619 -524.839172 0 1 0
-208.5 619 -520.5 0 1 0
-208.5 619 -490.5 0 1 0
197.460739 619 -538.068909 0 1 0
193.339157 619 -539.511108 0 1 0
189 619 -540 0 1 0
201.158051 619 -535.745728 0 1 0
206.568893 619 -528.960754 0 1 0
204.245712 619 -532.658081 0 1 0
208.011093 619 -524.839172 0 1 0
208.5 619 -520.5 0 1 0
208.5 619 -490.5 0 1 0
-213.5 614 -490.5 -1 2.18628542e-15 0
-213.5 614 -520.5 -1 2.18628542e-15 8.28506248e-30
-213.5 601 -520.5 -1 2.18628542e-15 0
-213.5 601 -490.5 -1 2.18628542e-15 -8.28506248e-30
-165.624832 588.969543 -542.117493 -0.0415308587 -0.999137223 1.00576175e-14
-165.624832 588.969543 -542 -0.0581308119 -0.998308957 8.04183075e-15
-166.845734 589 -542 -0.0249240194 -0.999689341 6.03791385e-15
-166.845734 589 -542.117493 -0.0249240194 -0.999689341 6.04568453e-15
-164.406982 588.878296 -542.117493 -0.0912688226 -0.995826304 6.03122864e-15
-164.406982 588.878296 -542 -0.107806876 -0.994171858 6.40348614e-13
-163.195175 588.726501 -542.117493 -0.12431059 -0.99224335 9.6025759e-13
-163.195175 588.726501 -542 -0.12431059 -0.99224335 1.92051518e-12
164.406982 588.878296 -542.117493 0.107806876 -0.994171858 6.40342326e-13
164.406982 588.878296 -542 0.0912688226 -0.995826304 6.02681348e-15
163.195175 588.726501 -542 0.12431059 -0.99224335 9.60248157e-13
163.195175 588.726501 -542.117493 0.12431059 -0.99224335 1.92049631e-12
165.624832 588.969543 -542.117493 0.0581308044 -0.998308957 8.0264715e-15
165.624832 588.969543 -542 0.0415308513 -0.999137223 8.02647066e-15
166.845734 589 -542.117493 0.0249240194 -0.999689341 2.99865948e-15
166.845734 589 -542 0.0249240194 -0.999689341 -0
-194.451767 614 -544.385742 -0.185773954 -5.59503632e-15 -0.982592523
-189 614 -545 -0.111964472 2.42837146e-16 -0.993712187
-189 601 -545 -0.111964472 -4.22365822e-15 -0.993712187
-194.451767 601 -544.385742 -0.258954376 -5.67643704e-15 -0.965889573
-199.630157 614 -542.57373 -0.399763644 -2.7634433e-15 -0.916618288
-199.630157 601 -542.57373 -0.467392474 -2.48210893e-15 -0.884049892
-204.275497 614 -539.654846 -0.593707442 -4.56095309e-15 -0.804680943
-204.275497 601 -539.654846 -0.652393579 -7.15199215e-15 -0.75788039
-208.154877 614 -535.775513 -0.75788039 -6.84891232e-15 -0.652393579
-208.154877 601 -535.775513 -0.804680943 -4.77006816e-15 -0.593707442
-211.07373 614 -531.130127 -0.884049892 -2.17902931e-15 -0.467392474
-211.07373 601 -531.130127 -0.916618288 -6.91730886e-16 -0.399763614
-212.885727 614 -525.951782 -0.965889573 -1.42016117e-15 -0.258954346
-212.885727 601 -525.951782 -0.982592523 -6.91912892e-16 -0.185773954
-213.5 614 -520.5 -0.993712187 -2.71444384e-19 -0.111964472
-213.5 601 -520.5 -0.993712187 2.17253829e-15 -0.111964472
194.451767 601 -544.385742 0.185773954 -5.27086834e-15 -0.982592523
189 601 -545 0.111964472 2.42837146e-16 -0.993712187
189 614 -545 0.111964472 -4.10126492e-15 -0.993712187
194.451767 614 -544.385742 0.258954376 -5.11022135e-15 -0.965889573
199.630157 601 -542.57373 0.433883727 -3.28092728e-15 -0.90096885
199.630157 614 -542.57373 0.433883727 9.4859368e-16 -0.90096885
204.275497 614 -539.654846 0.593707442 -4.16503634e-15 -0.804680943
204.275497 601 -539.654846 0.652393579 -7.14597906e-15 -0.75788039
208.154877 614 -535.775513 0.75788039 -6.84400927e-15 -0.652393579
208.154877 601 -535.775513 0.804680943 -4.7711782e-15 -0.593707442
211.07373 614 -531.130127 0.90096885 -2.88207471e-15 -0.433883727
211.07373 601 -531.130127 0.90096885 0 -0.433883727
212.885727 601 -525.951782 0.965889573 -2.7160391e-15 -0.258954346
212.885727 614 -525.951782 0.982592523 -1.98779066e-15 -0.185773954
213.5 601 -520.5 0.993712187 -4.89059036e-16 -0.111964472
213.5 614 -520.5 0.993712187 2.17253829e-15 -0.111964472
-213.5 601 -520.5 -0.99619472 -0.0871557444 1.65141011e-16
-212.609863 590.825684 -490.5 -0.99619472 -0.0871557444 1.65141011e-16
-213.5 601 -490.5 -0.99619472 -0.0871557444 3.30282022e-16
-212.609863 590.825684 -520.5 -0.99619472 -0.0871557444 -0
-194.451767 601 -544.385742 -0.185968027 -0.0870977491 -0.978687823
-189 601 -545 -0.11154373 -0.0866118446 -0.989977956
-189 590.825684 -544.109863 -0.111543722 -0.086611852 -0.989977956
-194.253693 590.825684 -543.517944 -0.258866072 -0.0870917439 -0.961978912
-199.630157 601 -542.57373 -0.399083972 -0.087097764 -0.912768304
-199.243942 590.825684 -541.771729 -0.466436148 -0.0870917439 -0.880256951
-204.275497 601 -539.654846 -0.621117234 -0.087155737 -0.778856397
-203.720505 590.825684 -538.958923 -0.621117234 -0.087155737 -0.778856337
-207.458939 590.825684 -535.22052 -0.778856397 -0.0871557444 -0.621117234
-208.154877 601 -535.775513 -0.778856397 -0.087155737 -0.621117234
-211.07373 601 -531.130127 -0.881118119 -0.0870977491 -0.464806229
-210.271759 590.825684 -530.743958 -0.913505733 -0.0870917439 -0.397394359
-212.885727 601 -525.951782 -0.96245575 -0.0870977566 -0.257085323
-212.017914 590.825684 -525.753662 -0.979030788 -0.0870917439 -0.184156731
-213.5 601 -520.5 -0.989977956 -0.086611852 -0.111543722
-212.609863 590.825684 -520.5 -0.989977956 -0.0866118446 -0.111543722
-189 590.825684 -544.109863 -2.2374685e-16 -0.0871557444 -0.99619472
-189 601 -545 -4.474937e-16 -0.0871557444 -0.99619472
-166.845734 601 -545 -2.2374685e-16 -0.0871557444 -0.99619472
-166.845734 590.825684 -544.109863 -0 -0.0871557444 -0.99619472
-165.026855 600.954651 -545 -0.00376798143 -0.0870761424 -0.996194541
-166.845734 590.825684 -544.109863 -0.00217294134 -0.0871555284 -0.996192336
-166.845734 601 -545 -0.00217294134 -0.0871555358 -0.996192336
-165.533859 590.792969 -544.109863 -0.00523172459 -0.087003082 -0.996194303
-163.212479 600.818726 -545 -0.00810252689 -0.0867801905 -0.996194541
-164.22525 590.694946 -544.109863 -0.0095608104 -0.0866342857 -0.996194303
-161.407135 600.592529 -545 -0.0108377226 -0.0865063742 -0.996192336
-162.923141 590.531799 -544.109863 -0.0108377226 -0.0865063742 -0.996192336
-116.586601 584.559021 -544.109863 -0.00990642514 -0.0865931064 -0.996194482
-162.923141 590.531799 -544.109863 -0.0111447861 -0.0864601582 -0.996192992
-161.407135 600.592529 -545 -0.0111447861 -0.0864601657 -0.996192992
-115.501762 594.675293 -545 -0.00867187604 -0.0867254809 -0.996194482
-70.0372086 580.571045 -544.109863 -0.00619827164 -0.0869372413 -0.996194482
-69.3855133 590.724487 -545 -0.00495919352 -0.0870167613 -0.996194482
-23.3599529 578.575256 -544.109863 -0.00247880165 -0.0871226639 -0.996194482
-23.1425877 588.747253 -545 -0.0012374575 -0.087149173 -0.996194482
23.3599529 578.575256 -544.109863 0.00124519411 -0.0871490166 -0.996194482
23.1425877 588.747253 -545 0.00248653791 -0.0871224776 -0.996194482
70.0372086 580.571045 -544.109863 0.00496691652 -0.087016277 -0.996194482
69.3855133 590.724487 -545 0.0062059937 -0.0869367346 -0.996194482
116.586601 584.559021 -544.109863 0.00867957063 -0.0867246613 -0.996194482
115.501762 594.675293 -545 0.0099141188 -0.0865922645 -0.996194482
162.923141 590.531799 -544.109863 0.0111447861 -0.0864601657 -0.996192992
161.407135 600.592529 -545 0.0111447861 -0.0864601582 -0.996192992
161.407135 600.592529 -545 0.0108377226 -0.0865063742 -0.996192336
164.22525 590.694946 -544.109863 0.00867559481 -0.0867228806 -0.99619472
162.923141 590.531799 -544.109863 0.0108377226 -0.0865063742 -0.996192336
163.212479 600.818726 -545 0.00867559481 -0.0867228732 -0.99619472
165.026855 600.954651 -545 0.00434319349 -0.0870474577 -0.99619472
166.845734 590.825684 -544.109863 0.00217294134 -0.0871555284 -0.996192336
165.533859 590.792969 -544.109863 0.00434319302 -0.0870474577 -0.99619472
166.845734 601 -545 0.00217294134 -0.0871555358 -0.996192336
166.845734 601 -545 -0 -0.0871557444 -0.99619472
189 601 -545 -0 -0.0871557444 -0.99619472
189 590.825684 -544.109863 -0 -0.0871557444 -0.99619472
166.845734 590.825684 -544.109863 -0 -0.0871557444 -0.99619472
212.885727 601 -525.951782 0.978687823 -0.0870977491 -0.185968027
213.5 601 -520.5 0.989977956 -0.0866118446 -0.11154373
212.609863 590.825684 -520.5 0.989977956 -0.086611852 -0.111543722
212.017914 590.825684 -525.753662 0.961978912 -0.0870917439 -0.258866072
211.07373 601 -531.130127 0.912768304 -0.087097764 -0.399083972
210.271759 590.825684 -530.743958 0.880256951 -0.0870917439 -0.466436148
208.154877 601 -535.775513 0.801078737 -0.0870977491 -0.592188179
207.458939 590.825684 -535.22052 0.754395247 -0.0870917365 -0.650617242
204.275497 601 -539.654846 0.649219751 -0.0870977491 -0.755597532
203.720505 590.825684 -538.958923 0.590705037 -0.0870917439 -0.802173674
199.630157 601 -542.57373 0.464806229 -0.0870977491 -0.881118119
199.243942 590.825684 -541.771729 0.397394359 -0.0870917439 -0.913505733
194.451767 601 -544.385742 0.257085323 -0.0870977566 -0.96245575
194.253693 590.825684 -543.517944 0.184156731 -0.0870917439 -0.979030788
189 601 -545 0.111543722 -0.086611852 -0.989977956
189 590.825684 -544.109863 0.111543722 -0.086611852 -0.989977956
213.5 601 -490.5 0.99619472 -0.0871557444 2.33345745e-16
213.497833 600.975159 -490.40683 0.99619472 -0.0871557444 4.27927279e-13
213.495117 600.944153 -490.360291 0.99619472 -0.0871557444 2.16929935e-13
213.491318 600.900818 -490.313873 0.99619472 -0.0871557444 -1.51062512e-13
213.476288 600.729065 -490.192993 0.99619472 -0.0871557444 -1.12416607e-13
213.433456 600.239441 -489.988403 0.99619472 -0.0871557444 -7.54874577e-15
213.369675 599.510437 -489.789856 0.99619472 -0.0871557444 9.19425533e-14
213.181946 597.364624 -489.417847 0.99619472 -0.0871557444 -2.45060952e-16
212.609863 590.825684 -520.5 0.99619472 -0.0871557444 -2.89982841e-16
213.5 601 -520.5 0.99619472 -0.0871557444 -0
212.609863 590.825684 -488.836212 0.99619472 -0.0871557444 -8.94193412e-16
194.253693 590.825684 -543.517944 0.217590794 -0.20933412 -0.953327596
189 590.343384 -544.006592 0.107248716 -0.287163407 -0.95185864
189 590.825684 -544.109863 0.109513901 -0.208075032 -0.97196269
193.810333 589 -541.5755 0.0599313118 -0.973659933 -0.219987556
189 589 -542.117493 0.0138926757 -0.992272079 -0.12330091
189 589.060852 -542.606934 0.0337431431 -0.969035745 -0.244603947
210.617477 589 -520.5 0.12330091 -0.992272079 -0.0138926757
210.075485 589 -525.310364 0.21481736 -0.975318015 -0.0510710403
211.106964 589.060852 -520.5 0.244603947 -0.969035745 -0.0337431431
194.230713 590.343384 -543.417236 0.208627731 -0.466268718 -0.859690607
189 589.901001 -543.788452 0.0995217562 -0.546780884 -0.831339955
194.111008 589.525452 -542.892761 0.154200926 -0.688573658 -0.708581924
189 589.525452 -543.468628 0.0759011582 -0.735150516 -0.673641384
189 589.239624 -543.06665 0.0574852228 -0.858135223 -0.510195374
194.021561 589.239624 -542.500854 0.0785652921 -0.93174088 -0.354522735
199.199142 590.343384 -541.678711 0.410767138 -0.418850005 -0.809836388
199.243942 590.825684 -541.771729 0.424270689 -0.20933412 -0.881007135
203.720505 590.825684 -538.958923 0.609675825 -0.20933412 -0.76450938
198.965729 589.525452 -541.194031 0.317682743 -0.647412241 -0.692773521
198.791306 589.239624 -540.831848 0.145680487 -0.931313813 -0.333814025
198.379471 589 -539.976685 0.114705652 -0.96954453 -0.216393128
203.656128 590.343384 -538.878235 0.559190989 -0.442288667 -0.701203406
203.320724 589.525452 -538.457642 0.488856167 -0.629891396 -0.603536665
203.070099 589.239624 -538.143311 0.216308609 -0.931313813 -0.293027669
202.478271 589 -537.401245 0.159981743 -0.96954453 -0.185443297
207.378204 590.343384 -535.156128 0.680256486 -0.441360116 -0.585194349
207.458939 590.825684 -535.22052 0.78681314 -0.2091939 -0.580657363
206.957611 589.525452 -534.82074 0.625934601 -0.623687327 -0.468209326
206.643341 589.239624 -534.570068 0.29962939 -0.921840549 -0.245829597
205.901215 589 -533.978271 0.197235689 -0.96954453 -0.145194575
210.178726 590.343384 -530.699158 0.794681191 -0.461638182 -0.394172579
210.271759 590.825684 -530.743958 0.896294534 -0.2091939 -0.391016662
209.694046 589.525452 -530.465698 0.648623884 -0.694058955 -0.312360793
209.331879 589.239624 -530.291321 0.298120111 -0.942499876 -0.151057497
208.476669 589 -529.879456 0.224599391 -0.96954453 -0.0976651758
211.917252 590.343384 -525.730713 0.899046481 -0.391365707 -0.196337119
212.017914 590.825684 -525.753662 0.953327596 -0.20933412 -0.217590794
212.609863 590.825684 -520.5 0.97196269 -0.208075017 -0.109513886
212.506607 590.343384 -520.5 0.939263105 -0.326473415 -0.105829522
212.288452 589.901001 -520.5 0.831339955 -0.546780884 -0.0995217562
211.392776 589.525452 -525.611023 0.741701066 -0.647292912 -0.175759375
211.968658 589.525452 -520.5 0.673641384 -0.735150516 -0.0759011582
211.566681 589.239624 -520.5 0.510195374 -0.858135223 -0.0574852228
211.000885 589.239624 -525.521545 0.352803111 -0.931220412 -0.0914245322
212.609863 590.825684 -520.5 0.982068658 -0.188523382 -0.000330778392
212.609863 590.825684 -488.836212 0.99012804 -0.14016594 -8.88747943e-16
212.579895 590.613953 -488.816589 0.979491353 -0.201485977 -0.000290071621
212.506607 590.343384 -520.5 0.944915533 -0.327314198 -0.000296475453
212.528336 590.409546 -488.784607 0.945652902 -0.325177759 3.11308722e-05
212.402344 590.097656 -488.715118 0.901102841 -0.433605343 -0.000178036542
212.288452 589.901001 -520.5 0.835658312 -0.54924953 -0.000329719565
212.289948 589.903259 -488.827515 0.835446 -0.549572527 6.54914629e-08
212.152786 589.718262 -488.964691 0.739957809 -0.672653258 -5.57460544e-06
211.968658 589.525452 -520.5 0.678564787 -0.734540522 -0.000167442631
211.796616 589.384583 -489.320862 0.569859624 -0.821741998 0.000278005173
211.566681 589.239624 -520.5 0.469486356 -0.882939696 -2.30252067e-06
211.258011 589.105347 -489.859467 0.325404525 -0.94557482 0.000375067902
211.106964 589.060852 -520.5 0.21246323 -0.977169037 0.000122783225
210.617477 589 -490.5 0.145283177 -0.989390075 0.000364510925
210.617477 589 -520.5 0.123312816 -0.992367864 0
211.5 591 -488.5 -0.00103561149 -0.108516999 0.994094074
210 591 -488.5 0 -0.111964472 0.993712187
210 590.554932 -488.55014 0.000104134226 -0.19099468 0.981591046
211.912842 590.587158 -488.54306 -0.00293693622 -0.238481313 0.97114265
210 590.132202 -488.698059 -0.00101290713 -0.415236443 0.90971297
212.164032 590.335999 -488.613464 -0.00392057933 -0.387769252 0.921748161
212.289948 589.903259 -488.827515 -0.0018693679 -0.507062376 0.861907363
212.402344 590.097656 -488.715118 -0.0848078504 -0.461552918 0.883049548
210 589.752991 -488.93634 -0.00083192857 -0.648536682 0.761182904
212.152786 589.718262 -488.964691 -0.00155813957 -0.688389421 0.725339592
211.796616 589.384583 -489.320862 0.00345175341 -0.798811674 0.601571262
210 589.43634 -489.253021 0.00101348141 -0.781831086 0.623489439
210 589.198059 -489.632233 0.00197816803 -0.892851114 0.450347602
211.258011 589.105347 -489.859467 0.0106753549 -0.946682334 0.321991533
210 589.050171 -490.054962 0.00604078267 -0.978382707 0.206714213
210.617477 589 -490.5 0.0153146647 -0.99101001 0.132908344
210 589 -490.5 0 -0.993712187 0.111964479
166.845734 590.825684 -544.109863 0 -0.20933412 -0.977844179
189 590.825684 -544.109863 0 -0.20933412 -0.977844179
189 590.343384 -544.006592 0 -0.288945049 -0.957345665
166.845734 590.343384 -544.006592 -1.54460545e-15 -0.367126763 -0.930170953
189 589.901001 -543.788452 -2.8558116e-15 -0.514461637 -0.857513428
166.845734 589.901001 -543.788452 -4.16701712e-15 -0.583614707 -0.812030673
189 589.525452 -543.468628 -3.62046488e-15 -0.708686471 -0.70552361
166.845734 589.525452 -543.468628 -3.3073132e-15 -0.764604926 -0.644499302
189 589.239624 -543.06665 -2.62030214e-15 -0.859806001 -0.510620832
166.845734 589.239624 -543.06665 -2.24644403e-15 -0.899088562 -0.437766731
189 589.060852 -542.606934 -1.46076147e-15 -0.958628535 -0.284659982
166.845734 589.060852 -542.606934 -1.04893701e-15 -0.978885889 -0.204407364
189 589 -542.117493 -6.32792216e-16 -0.992367864 -0.123312823
166.845734 589 -542.117493 -6.32792216e-16 -0.992367864 -0.123312823
212.609863 590.825684 -488.836212 0.646298647 -0.000523918192 0.763084352
212.528336 590.409546 -488.784607 0.503289938 0.000264172792 0.864117563
212.579895 590.613953 -488.816589 0.49839884 0.00982387271 0.866892219
211.945038 614 -488.55014 0.200141713 0.000182572563 0.979766965
211.5 614 -488.5 0.111964472 1.38094389e-16 0.993712187
211.5 591 -488.5 0.108060896 7.6474993e-05 0.994144261
211.912842 590.587158 -488.54306 0.16847761 6.59703364e-05 0.985705495
212.164032 590.335999 -488.613464 0.331241906 0.0002006625 0.943545818
212.367767 614 -488.698059 0.437969327 0.000361458777 0.898989856
212.402344 590.097656 -488.715118 0.425252914 -3.09692732e-05 0.905074537
212.746979 614 -488.93634 0.666447759 -0.000900565996 0.745551169
213.181946 597.364624 -489.417847 0.77638644 -0.000928159046 0.630256474
213.06366 614 -489.253021 0.781831384 -0.000618506048 0.623489678
213.301941 614 -489.632233 0.89655751 0.000321332016 0.442927212
213.369675 599.510437 -489.789856 0.927158833 0.000122365906 0.374668419
213.44986 614 -490.054962 0.973768532 0.000633841264 0.227540001
213.476288 600.729065 -490.192993 0.984514356 0.000138123563 0.17530404
213.491318 600.900818 -490.313873 0.993681133 0.000850421435 0.112236813
213.433456 600.239441 -489.988403 0.966697097 8.60023065e-05 0.255923212
213.5 614 -490.5 0.995669842 0.000715635368 0.092957072
213.497833 600.975159 -490.40683 0.99938786 8.36321342e-05 0.0349842422
213.5 601 -490.5 0.999728441 0 0.0233026128
213.495117 600.944153 -490.360291 0.9975366 0.000377348799 0.0701471642
165.624832 588.969543 -542.117493 0.0494522266 -0.991134942 -0.123312809
166.845734 589.060852 -542.606934 0.0243977383 -0.978580594 -0.204413354
166.845734 589 -542.117493 0.0247339122 -0.992064238 -0.123275086
165.533859 590.792969 -544.109863 0.00364601472 -0.311422259 -0.950264633
166.845734 590.825684 -544.109863 0.0052189976 -0.209331259 -0.977830827
166.845734 590.343384 -544.006592 -0.015409206 -0.328278184 -0.944455385
162.923141 590.531799 -544.109863 0.0260301791 -0.207772106 -0.977830827
164.22525 590.694946 -544.109863 0.0498859361 -0.301044345 -0.952304423
162.99501 590.054871 -544.006592 0.0641515106 -0.322317511 -0.944455385
165.621811 589.030334 -542.606934 0.0371863432 -0.920668185 -0.388570786
166.845734 589.239624 -543.06665 -0.00267012836 -0.88019824 -0.474598676
165.598648 589.494324 -543.468628 0.025732968 -0.780515313 -0.624606848
166.845734 589.901001 -543.788452 0.0145407161 -0.583220482 -0.812183738
166.845734 589.525452 -543.468628 0.0183785185 -0.737152815 -0.675476074
164.400925 588.938843 -542.606934 0.108360372 -0.9443537 -0.310570538
164.406982 588.878296 -542.117493 0.0987815633 -0.987439215 -0.123312809
163.195175 588.726501 -542.117493 0.123362422 -0.98467505 -0.123275086
163.186111 588.786621 -542.606934 0.120532297 -0.962085068 -0.244671881
163.15947 588.96344 -543.06665 0.133792222 -0.869974554 -0.474598706
165.579941 589.869446 -543.788452 0.00659852196 -0.441903204 -0.89703846
164.354675 589.401184 -543.468628 0.0910078213 -0.825320899 -0.557281792
163.116882 589.246094 -543.468628 0.0880747586 -0.703010023 -0.705705106
164.317291 589.774841 -543.788452 0.0540844165 -0.457582772 -0.887520611
163.060928 589.617432 -543.788452 0.0683245957 -0.545364857 -0.835409403
-208.5 617.445068 -488.55014 0 0.185773954 0.982592523
-208.5 617 -488.5 0 0.111964472 0.993712187
208.5 617 -488.5 0 0.111964472 0.993712187
208.5 617.445068 -488.55014 0 0.258954346 0.965889573
-208.5 617.867798 -488.698059 0 0.433883756 0.90096885
208.5 617.867798 -488.698059 0 0.433883756 0.90096885
208.5 618.247009 -488.93634 0 0.623489797 0.781831443
-208.5 618.247009 -488.93634 0 0.623489797 0.781831443
-208.5 618.56366 -489.253021 0 0.75788033 0.652393579
208.5 618.56366 -489.253021 0 0.804680943 0.593707442
-208.5 618.801941 -489.632233 0 0.90096885 0.433883786
208.5 618.801941 -489.632233 0 0.90096885 0.433883756
208.5 618.949829 -490.054962 0 0.974927902 0.222520933
-208.5 618.949829 -490.054962 0 0.974927902 0.222520933
-208.5 619 -490.5 0 0.993712187 0.111964472
208.5 619 -490.5 0 0.993712187 0.111964472
116.781265 582.743713 -542.117493 0.100610137 -0.968568265 -0.227493212
163.186111 588.786621 -542.606934 0.123312466 -0.961728692 -0.244687483
163.195175 588.726501 -542.117493 0.126867846 -0.984228313 -0.123285092
-163.186111 588.786621 -542.606934 -0.123312466 -0.961728692 -0.244687483
-116.781265 582.743713 -542.117493 -0.107729055 -0.969402075 -0.220576733
-163.195175 588.726501 -542.117493 -0.126867846 -0.984228313 -0.123285092
-162.923141 590.531799 -544.109863 -0.0267677717 -0.207661748 -0.977834404
-116.586601 584.559021 -544.109863 -0.0238032881 -0.207981512 -0.977843106
-162.99501 590.054871 -544.006592 -0.0369488522 -0.286645591 -0.957323909
116.755714 582.981934 -543.06665 0.0981145874 -0.915017664 -0.391300708
163.15947 588.96344 -543.06665 0.109927289 -0.852805197 -0.510528445
116.725235 583.266174 -543.468628 0.0752600506 -0.66754961 -0.740751922
163.060928 589.617432 -543.788452 0.0696183294 -0.545179427 -0.835423648
163.116882 589.246094 -543.468628 0.0942656547 -0.731303692 -0.675506353
116.638031 584.079407 -544.006592 0.045950368 -0.439932436 -0.89685452
162.923141 590.531799 -544.109863 0.0267677698 -0.207661733 -0.977834404
162.99501 590.054871 -544.006592 0.0419816375 -0.325689465 -0.944544315
116.586601 584.559021 -544.109863 0.0208372567 -0.208299592 -0.977843106
70.1388016 578.98822 -543.06665 0.0623826571 -0.929923117 -0.362424254
70.1541519 578.749084 -542.117493 0.0552126318 -0.968016088 -0.244737506
70.120491 579.273499 -543.468628 0.0420245752 -0.629531801 -0.775837362
70.0681 580.089722 -544.006592 0.0269120391 -0.409101486 -0.91209197
70.0372086 580.571045 -544.109863 0.0119200302 -0.208999574 -0.977843106
23.393837 576.989502 -543.06665 0.0253797565 -0.942514062 -0.333201349
23.3989563 576.75 -542.117493 0.0138102146 -0.969491005 -0.244737491
23.3877316 577.27533 -543.468628 0.0118755698 -0.667093813 -0.744879067
23.3702564 578.093018 -544.006592 0.0126007069 -0.442147791 -0.896853685
23.3599529 578.575256 -544.109863 0.00298103923 -0.209317982 -0.977843106
-23.393837 576.989502 -543.06665 -0.0155113591 -0.922534168 -0.385603607
-23.3989563 576.75 -542.117493 -0.0276174098 -0.969195962 -0.244737506
-23.3877316 577.27533 -543.468628 -0.0138511863 -0.648193359 -0.761349797
-23.3702564 578.093018 -544.006592 -0.00946778432 -0.462455809 -0.886591792
-23.3599529 578.575256 -544.109863 -0.00596339349 -0.20925425 -0.977843106
-70.1388016 578.98822 -543.06665 -0.0570135079 -0.930267751 -0.362424314
-70.1541519 578.749084 -542.117493 -0.068994619 -0.967131495 -0.244737521
-70.120491 579.273499 -543.468628 -0.0388015769 -0.629738688 -0.775837362
-70.0681 580.089722 -544.006592 -0.0256096013 -0.409185082 -0.91209197
-70.0372086 580.571045 -544.109863 -0.0148969386 -0.208808497 -0.977843106
-116.755714 582.981934 -543.06665 -0.0977339894 -0.936590791 -0.336520076
-163.15947 588.96344 -543.06665 -0.109927289 -0.852805197 -0.510528445
-116.725235 583.266174 -543.468628 -0.0747930482 -0.685495019 -0.724225521
-163.116882 589.246094 -543.468628 -0.0942656547 -0.731303692 -0.675506353
-163.060928 589.617432 -543.788452 -0.0696183294 -0.545179427 -0.835423648
-116.638031 584.079407 -544.006592 -0.0450447872 -0.440028846 -0.896853149
-211.5 601.087341 -488.5 -0.117716379 -0.000200824361 0.993047237
-211.5 614 -488.5 -0.111964487 2.46441668e-16 0.993712187
-211.945038 614 -488.55014 -0.187343165 -2.44582534e-05 0.9822945
-211.988098 601.06604 -488.560486 -0.268784106 -0.000208913669 0.96320045
-212.367767 614 -488.698059 -0.407596916 9.15610144e-05 0.913161933
-212.430557 601.046692 -488.729675 -0.482959062 -0.000174841305 0.875642896
-212.746979 614 -488.93634 -0.602937579 0.000176944392 0.797788322
-212.796616 601.030701 -488.977234 -0.669086933 -0.000150008069 0.743184149
-213.06366 614 -489.253021 -0.764813006 0.000161080592 0.6442523
-213.101746 601.017395 -489.302338 -0.816281915 -0.000129404682 0.577653706
-213.301941 614 -489.632233 -0.888704419 0.000161841832 0.458480537
-213.324402 601.00769 -489.680511 -0.922778845 -6.10343886e-05 0.385330021
-213.44986 614 -490.054962 -0.971249878 0.000361946179 0.238062143
-213.455719 601.001953 -490.081512 -0.965664983 -9.45410502e-05 0.25979048
-213.489304 601.000488 -490.293518 -0.994075656 0.0005269557 0.108688913
-213.5 614 -490.5 -0.995669305 0.000658033474 0.0929633453
-213.5 601 -490.5 -0.998663008 2.18336252e-15 0.0516933128
-164.22525 590.694946 -544.109863 -0.0208373889 -0.208294436 -0.977844179
-162.923141 590.531799 -544.109863 -0.0260301791 -0.207772106 -0.977830827
-162.99501 590.054871 -544.006592 -0.0406940952 -0.324819058 -0.944900274
-166.845734 590.825684 -544.109863 -0.0052189976 -0.209331259 -0.977830827
-165.533859 590.792969 -544.109863 -0.00871546566 -0.209159359 -0.977842748
-166.845734 590.343384 -544.006592 -0.00719151879 -0.288448066 -0.95746851
-164.400925 588.938843 -542.606934 -0.099587284 -0.959868312 -0.262173891
-163.15947 588.96344 -543.06665 -0.111762032 -0.892081082 -0.43783626
-163.186111 588.786621 -542.606934 -0.120532297 -0.962085068 -0.244671881
-163.195175 588.726501 -542.117493 -0.123362422 -0.98467505 -0.123275086
-164.406982 588.878296 -542.117493 -0.0905587077 -0.988227785 -0.123308606
-164.383133 589.116699 -543.06665 -0.088494584 -0.793230236 -0.602457047
-163.116882 589.246094 -543.468628 -0.115749031 -0.728145778 -0.675578237
-165.621811 589.030334 -542.606934 -0.0487796888 -0.977655768 -0.204474241
-165.624832 588.969543 -542.117493 -0.0494522229 -0.991134942 -0.123312801
-166.845734 589 -542.117493 -0.0247339103 -0.992064238 -0.123275079
-166.845734 589.060852 -542.606934 -0.0238920562 -0.958297908 -0.284770519
-164.317291 589.774841 -543.788452 -0.0726234615 -0.599777341 -0.79686451
-163.060928 589.617432 -543.788452 -0.0683245957 -0.545364857 -0.835409403
-165.6129 589.208862 -543.06665 -0.0287193637 -0.844957173 -0.534062326
-166.845734 589.239624 -543.06665 -0.0219396912 -0.879989505 -0.474486142
-166.845734 589.525452 -543.468628 0.00596125936 -0.737264216 -0.675578237
-164.273254 590.215027 -544.006592 -0.0326811112 -0.326686531 -0.944567561
-165.579941 589.869446 -543.788452 -0.0247181877 -0.668060541 -0.743696272
-166.845734 589.901001 -543.788452 -0.0128151774 -0.514010012 -0.857688427
-165.557892 590.311279 -544.006592 -0.0179175604 -0.34371838 -0.938901842
-211.060822 590.961182 -488.55014 -0.186643273 -0.0162978712 0.982292533
-211.5 601.087341 -488.5 -0.117289513 -0.0100044841 0.993047357
-211.988098 601.06604 -488.560486 -0.267793506 -0.0231616162 0.963197887
-210.617477 591 -488.5 -0.111538418 -0.00975834765 0.993712187
-211.481934 590.924377 -488.698059 -0.40604502 -0.0356414579 0.913157761
-212.430557 601.046692 -488.729675 -0.481147528 -0.0418713465 0.875639141
-211.859711 590.891296 -488.93634 -0.60063076 -0.0527746491 0.797782838
-212.796616 601.030701 -488.977234 -0.66656214 -0.0581248514 0.743179917
-212.175186 590.863708 -489.253021 -0.761889637 -0.0668626055 0.644246519
-213.101746 601.017395 -489.302338 -0.813192844 -0.0709797591 0.577649832
-212.412552 590.842957 -489.632233 -0.885307193 -0.0776611939 0.45847559
-213.324402 601.00769 -489.680511 -0.919275284 -0.0803481713 0.38532728
-212.559906 590.830078 -490.054962 -0.967514813 -0.0851090774 0.238057718
-213.455719 601.001953 -490.081512 -0.962000787 -0.0840433612 0.259790778
-213.489304 601.000488 -490.293518 -0.990234435 -0.0873076022 0.108688295
-212.609863 590.825684 -490.5 -0.991807342 -0.087612696 0.0929631963
-213.5 601 -490.5 -0.994862795 -0.0870392174 0.0516933128
-210 591 -488.5 0 -0.111964479 0.993712187
-210.617477 591 -488.5 0 -0.111964479 0.993712187
-210.617477 590.554932 -488.55014 0 -0.185773969 0.982592523
-210 590.554932 -488.55014 0 -0.258954376 0.965889573
-210.617477 590.132202 -488.698059 0 -0.399763644 0.916618228
-210 590.132202 -488.698059 0 -0.467392474 0.884049952
-210.617477 589.752991 -488.93634 0 -0.593707442 0.804680943
-210 589.752991 -488.93634 0 -0.652393579 0.75788033
-210.617477 589.43634 -489.253021 0 -0.75788033 0.652393579
-210 589.43634 -489.253021 0 -0.804680943 0.593707442
-210.617477 589.198059 -489.632233 0 -0.884049952 0.467392474
-210 589.198059 -489.632233 0 -0.916618228 0.399763644
-210.617477 589.050171 -490.054962 0 -0.965889573 0.258954376
-210 589.050171 -490.054962 0 -0.982592523 0.185773969
-210.617477 589 -490.5 0 -0.993712187 0.111964479
-210 589 -490.5 0 -0.993712187 0.111964479
-189 590.343384 -544.006592 0 -0.288945049 -0.957345665
-166.845734 590.825684 -544.109863 0 -0.20933412 -0.977844179
-166.845734 590.343384 -544.006592 0 -0.367126763 -0.930170953
-189 590.825684 -544.109863 0 -0.20933412 -0.977844179
-189 589.901001 -543.788452 0 -0.549508989 -0.835487843
-166.845734 589.901001 -543.788452 0 -0.549508989 -0.835487843
-166.845734 589.525452 -543.468628 0 -0.737277329 -0.675590158
-189 589.525452 -543.468628 0 -0.737277329 -0.675590158
-189 589.239624 -543.06665 0 -0.859806001 -0.510620832
-166.845734 589.239624 -543.06665 0 -0.899088562 -0.437766731
-189 589.060852 -542.606934 0 -0.958628535 -0.284660012
-166.845734 589.060852 -542.606934 0 -0.978885889 -0.204407364
-189 589 -542.117493 0 -0.992367864 -0.123312823
-166.845734 589 -542.117493 0 -0.992367864 -0.123312823
-212.559906 590.830078 -490.054962 -0.95899415 -0.210759982 0.189500526
-212.609863 590.825684 -490.5 -0.971788347 -0.208037704 0.111120537
-212.506607 590.343384 -490.5 -0.942028522 -0.305535555 0.138673335
-210.617477 591 -488.5 -0.102060795 -0.11137981 0.988523185
-211.060822 590.961182 -488.55014 -0.2032969 -0.157690227 0.966335416
-210.617477 590.554932 -488.55014 -0.141487971 -0.21770373 0.965705037
-211.227905 589.0979 -490.40332 -0.325059325 -0.939359307 0.109272532
-211.106964 589.060852 -490.5 -0.244219348 -0.967512012 0.0654022172
-210.617477 589 -490.5 -0.13636145 -0.985940099 0.0965795964
-211.566681 589.239624 -490.5 -0.490499139 -0.868163705 0.0755143836
-211.168152 589.0979 -490.219421 -0.318416327 -0.933964074 0.162241206
-211.054489 589.0979 -490.062988 -0.252696633 -0.933964014 0.252696633
-211.735504 589.381958 -490.136719 -0.576583743 -0.793665051 0.194028273
-211.968658 589.525452 -490.5 -0.672376394 -0.734692335 0.0902058557
-210.898056 589.0979 -489.949341 -0.170071527 -0.93666929 0.306147546
-210.617477 589 -490.5 -0.109990641 -0.986739814 0.119358875
-210.617477 589.050171 -490.054962 -0.0705546737 -0.981043398 0.180487916
-211.568527 589.381958 -489.809021 -0.490334868 -0.795398176 0.356249124
-212.215591 589.824402 -490.246887 -0.781286776 -0.593964458 0.191826046
-212.288452 589.901001 -490.5 -0.87005645 -0.478434205 0.118753925
-210.714157 589.0979 -489.889587 -0.11365398 -0.914058685 0.389332056
-210.617477 589.198059 -489.632233 -0.0836762637 -0.88294369 0.461961865
-211.308456 589.381958 -489.54895 -0.356249124 -0.795398176 0.490334868
-212.059158 589.824402 -489.765442 -0.727047801 -0.578073263 0.370449394
-210.980743 589.381958 -489.381958 -0.194634229 -0.795306444 0.574112475
-210.617477 589.43634 -489.253021 -0.10571678 -0.757602394 0.644098222
-211.761597 589.824402 -489.355865 -0.576988399 -0.578073263 0.576988459
-212.426483 590.381958 -489.912201 -0.889175713 -0.359579384 0.282965064
-212.412552 590.842957 -489.632233 -0.876582384 -0.201288909 0.437133938
-211.352051 589.824402 -489.058319 -0.370449364 -0.578073204 0.727047861
-212.156311 590.381958 -489.381958 -0.762075722 -0.347756416 0.54617399
-212.175186 590.863708 -489.253021 -0.733453155 -0.198604554 0.650078952
-210.87059 589.824402 -488.901886 -0.187459856 -0.588267982 0.7866382
-210.617477 589.752991 -488.93634 -0.0693206042 -0.621989965 0.779950738
-210.617477 590.132202 -488.698059 -0.132680163 -0.411808163 0.90155977
-211.735504 590.381958 -488.961151 -0.559873521 -0.323853582 0.762666702
-211.481934 590.924377 -488.698059 -0.426217496 -0.181377321 0.886251032
-211.859711 590.891296 -488.93634 -0.604222715 -0.185100913 0.775017738
-211.205261 590.381958 -488.690979 -0.286876798 -0.326802582 0.900500834
-210.075485 589 -525.310364 -0.219987556 -0.973659933 -0.0599313118
-210.617477 589 -520.5 -0.12330091 -0.992272079 -0.0138926757
-211.106964 589.060852 -520.5 -0.244603947 -0.969035745 -0.0337431431
-189 590.343384 -544.006592 -0.107248716 -0.287163407 -0.95185864
-194.253693 590.825684 -543.517944 -0.181768775 -0.2091939 -0.96083194
-189 590.825684 -544.109863 -0.109513901 -0.208075032 -0.97196269
-189 589 -542.117493 -0.0138926757 -0.992272079 -0.12330091
-193.810333 589 -541.5755 -0.0510710403 -0.975318015 -0.21481736
-189 589.060852 -542.606934 -0.0337431431 -0.969035745 -0.244603947
-211.917252 590.343384 -525.730713 -0.874880135 -0.441466093 -0.199229524
-212.506607 590.343384 -520.5 -0.939263105 -0.326473415 -0.105829522
-212.609863 590.825684 -520.5 -0.97196269 -0.208075017 -0.109513886
-212.288452 589.901001 -520.5 -0.831339955 -0.546780884 -0.0995217562
-212.017914 590.825684 -525.753662 -0.944546163 -0.2091939 -0.253121346
-211.392776 589.525452 -525.611023 -0.72288239 -0.671002686 -0.164913356
-211.968658 589.525452 -520.5 -0.643174708 -0.76228255 -0.0724683851
-211.000885 589.239624 -525.521545 -0.384967238 -0.919703722 -0.0771054476
-211.566681 589.239624 -520.5 -0.473923296 -0.878945589 -0.053398326
-210.178726 590.343384 -530.699158 -0.82871592 -0.409796894 -0.381177634
-210.271759 590.825684 -530.743958 -0.864539623 -0.2091939 -0.456956357
-209.694046 589.525452 -530.465698 -0.697185457 -0.629891396 -0.342299998
-209.331879 589.239624 -530.291321 -0.333814025 -0.931313813 -0.145680487
-208.476669 589 -529.879456 -0.216393128 -0.96954453 -0.114705652
-207.378204 590.343384 -535.156128 -0.69993645 -0.461638182 -0.544957936
-207.458939 590.825684 -535.22052 -0.741181493 -0.209193915 -0.637877643
-206.957611 589.525452 -534.82074 -0.571169317 -0.674694359 -0.467496604
-206.643341 589.239624 -534.570068 -0.272142619 -0.939277053 -0.209038258
-205.901215 589 -533.978271 -0.191348061 -0.969587922 -0.152594984
-202.478271 589 -537.401245 -0.152594984 -0.969587922 -0.191348046
-203.656128 590.343384 -538.878235 -0.581260443 -0.409796923 -0.702995598
-203.720505 590.825684 -538.958923 -0.580657363 -0.2091939 -0.78681314
-203.320724 589.525452 -538.457642 -0.479624003 -0.629891396 -0.610899091
-203.070099 589.239624 -538.143311 -0.254450649 -0.918209612 -0.303555518
-199.199142 590.343384 -541.678711 -0.394172549 -0.461638153 -0.794681191
-199.243942 590.825684 -541.771729 -0.391016662 -0.2091939 -0.896294534
-198.965729 589.525452 -541.194031 -0.330337286 -0.648341417 -0.685952425
-198.791306 589.239624 -540.831848 -0.172992319 -0.921840608 -0.346819252
-198.379471 589 -539.976685 -0.0976651758 -0.96954453 -0.224599391
-194.230713 590.343384 -543.417236 -0.20686762 -0.413674533 -0.886611044
-189 589.901001 -543.788452 -0.0995217562 -0.546780884 -0.831339955
-194.111008 589.525452 -542.892761 -0.177726105 -0.664115608 -0.726198196
-189 589.525452 -543.468628 -0.0759011582 -0.735150516 -0.673641384
-189 589.239624 -543.06665 -0.0574852228 -0.858135223 -0.510195374
-194.021561 589.239624 -542.500854 -0.0792737529 -0.941206038 -0.328400403
-212.506607 590.343384 -490.5 -0.957345665 -0.288945049 0
-212.609863 590.825684 -490.5 -0.977844179 -0.209334135 0
-212.609863 590.825684 -520.5 -0.977844179 -0.209334135 0
-212.506607 590.343384 -520.5 -0.930170953 -0.367126733 0
-212.288452 589.901001 -490.5 -0.835487843 -0.549508989 0
-212.288452 589.901001 -520.5 -0.835487843 -0.549508989 0
-211.968658 589.525452 -520.5 -0.70552361 -0.708686471 0
-211.968658 589.525452 -490.5 -0.644499302 -0.764604926 0
-211.566681 589.239624 -520.5 -0.510620832 -0.859806001 0
-211.566681 589.239624 -490.5 -0.437766701 -0.899088621 0
-211.106964 589.060852 -520.5 -0.244743347 -0.969587922 0
-211.106964 589.060852 -490.5 -0.244743347 -0.969587922 0
-210.617477 589 -490.5 -0.123312816 -0.992367864 0
-210.617477 589 -520.5 -0.123312816 -0.992367864 0
209.266602 617.358643 -488.55014 0.0555822626 0.220286757 0.97385025
208.5 617 -488.5 0.0126143638 0.111955568 0.993633151
209.167557 616.924805 -488.5 0.0294001661 0.108132251 0.993701696
208.5 617.445068 -488.55014 0.0294849295 0.261686027 0.964702547
209.360657 617.770813 -488.698059 0.102681153 0.425200343 0.899255931
208.5 617.867798 -488.698059 0.0528249182 0.468834043 0.881705284
209.445038 618.140503 -488.93634 0.144358203 0.609037042 0.779893935
208.5 618.247009 -488.93634 0.073463276 0.6520046 0.754647732
209.994751 617.103882 -488.55014 0.103207111 0.202395484 0.97385025
209.801651 616.702881 -488.5 0.0527247339 0.0988789946 0.993701696
209.515503 618.449219 -489.253021 0.178592533 0.762629867 0.621691585
208.5 618.56366 -489.253021 0.0903801098 0.80214566 0.590248883
210.178162 617.484741 -488.698059 0.194722697 0.391690969 0.899255931
209.568527 618.681519 -489.632233 0.203738973 0.878305376 0.432516068
208.5 618.801941 -489.632233 0.102765404 0.912068248 0.396951914
210.342697 617.826416 -488.93634 0.276262343 0.561644554 0.779893935
210.647949 616.69342 -488.55014 0.14565672 0.174355254 0.97385025
210.370468 616.34552 -488.5 0.0734054595 0.0846675262 0.993701696
209.60144 618.825745 -490.054962 0.181378514 0.958111644 0.221639171
209.61261 618.874634 -490.5 0.257086843 0.959889293 0.111887626
208.5 619 -490.5 0.111269213 0.987541556 0.111269213
208.5 618.949829 -490.054962 0.109191179 0.969098568 0.221190423
210.480103 618.111694 -489.253021 0.343815923 0.703768551 0.621691585
210.911514 617.023926 -488.698059 0.27700004 0.338540584 0.899255931
210.583481 618.326416 -489.632233 0.394072115 0.810948253 0.432516009
211.147949 617.320435 -488.93634 0.394313514 0.486088753 0.779893994
211.193436 616.147949 -488.55014 0.180802494 0.13757214 0.97385025
210.84549 615.870483 -488.5 0.0904053301 0.066210486 0.993701696
210.647659 618.459656 -490.054962 0.390030891 0.89372927 0.221639156
210.669418 618.504822 -490.5 0.464236617 0.878615677 0.111887626
211.345398 617.567993 -489.253021 0.491799027 0.609617352 0.621691585
211.523941 616.411499 -488.698059 0.345387399 0.268414378 0.899255931
211.493958 617.754333 -489.632233 0.564644814 0.702926755 0.432516068
211.820419 616.647949 -488.93634 0.492592186 0.386158466 0.779893935
211.603882 615.494751 -488.55014 0.194204658 0.0867262557 0.977119803
211.202911 615.301636 -488.5 0.10087651 0.0485795699 0.993712187
211.424789 614.667542 -488.5 0.108132251 0.0294001661 0.993701696
211.586182 617.869934 -490.054962 0.579125464 0.784531593 0.221639171
211.617447 617.90918 -490.5 0.648107588 0.753284574 0.111887619
212.068008 616.845398 -489.253021 0.615121126 0.484897435 0.621691585
211.984741 615.678162 -488.698059 0.396455646 0.184828728 0.899255931
212.254303 616.993958 -489.632233 0.706903994 0.559657574 0.432516068
212.326401 615.842712 -488.93634 0.542019606 0.273436576 0.794636548
211.858673 614.766602 -488.55014 0.198259681 0.0429239087 0.979209185
211.5 614 -488.5 0.111955568 0.0126143638 0.993633151
211.945038 614 -488.55014 0.261686027 0.0294849295 0.964702547
212.369949 617.086182 -490.054962 0.739180267 0.635994196 0.221639171
212.409164 617.117432 -490.5 0.799479783 0.590180635 0.111887626
212.611725 615.980103 -489.253021 0.703203022 0.322429717 0.633675456
212.270798 614.860657 -488.698059 0.41527161 0.0849079117 0.905726314
212.367767 614 -488.698059 0.433366239 0.0488286428 0.899894118
212.746979 614 -488.93634 0.625545442 0.0704820454 0.776997566
212.826401 616.083496 -489.632233 0.79497093 0.403286934 0.453189701
212.640503 614.945068 -488.93634 0.604792356 0.16221264 0.779687941
212.959671 616.147644 -490.054962 0.868036807 0.436195195 0.237162143
213.004837 616.169434 -490.5 0.910762727 0.397482604 0.111887619
212.949249 615.015503 -489.253021 0.769820094 0.145608529 0.62142998
213.06366 614 -489.253021 0.778815448 0.0877514258 0.62108463
213.301941 614 -489.632233 0.897332251 0.101105072 0.429619104
213.181549 615.068542 -489.632233 0.871026278 0.233352497 0.432272881
213.32576 615.10144 -490.054962 0.957218826 0.203248277 0.205966532
213.44986 614 -490.054962 0.969098568 0.109191179 0.221190423
213.5 614 -490.5 0.987541556 0.111269213 0.111269213
213.374634 615.11261 -490.5 0.968797743 0.221121773 0.111964479
208.5 619 -520.5 0.111964479 0.993712187 0
208.5 619 -490.5 0.111964479 0.993712187 0
209.61261 618.874634 -490.5 0.222520933 0.974927902 0
209.61261 618.874634 -520.5 0.222520933 0.974927902 0
210.669418 618.504822 -520.5 0.399763614 0.916618288 0
210.669418 618.504822 -490.5 0.467392474 0.884049952 0
211.617447 617.90918 -520.5 0.593707442 0.804680943 0
211.617447 617.90918 -490.5 0.652393579 0.75788039 0
212.409164 617.117432 -520.5 0.75788039 0.652393579 0
212.409164 617.117432 -490.5 0.804681003 0.593707442 0
213.004837 616.169434 -520.5 0.884049952 0.467392474 0
213.004837 616.169434 -490.5 0.916618288 0.399763584 0
213.374634 615.11261 -520.5 0.974927902 0.222520933 -2.36847564e-16
213.374634 615.11261 -490.5 0.974927902 0.222520933 0
213.5 614 -490.5 0.993712187 0.111964479 -4.70716643e-16
213.5 614 -520.5 0.993712187 0.111964479 -9.41433287e-16
212.763519 615.11261 -525.923889 0.950858176 0.22214818 -0.215682417
213.374634 615.11261 -520.5 0.960316896 0.257067889 -0.108201712
213.5 614 -520.5 0.987541556 0.111269213 -0.111269213
212.885727 614 -525.951782 0.959857643 0.111887112 -0.257205367
212.403 616.169434 -525.841553 0.879255593 0.433200657 -0.198107883
213.004837 616.169434 -520.5 0.879984558 0.464538932 -0.0991504565
211.822235 617.117432 -525.709045 0.763680995 0.622614205 -0.170712724
212.409164 617.117432 -520.5 0.755683839 0.649378359 -0.0851451233
211.050385 617.90918 -525.532837 0.60988909 0.780922055 -0.134892642
211.617447 617.90918 -520.5 0.593232751 0.802251279 -0.066841282
210.126114 618.504822 -525.321899 0.425542563 0.900203705 -0.0924493447
210.669418 618.504822 -520.5 0.400491178 0.915188849 -0.0451245196
210.960785 615.11261 -531.075745 0.892276943 0.20035851 -0.404596508
211.07373 614 -531.130127 0.878558397 0.111887112 -0.464345127
209.09581 618.874634 -525.086731 0.205213025 0.977857172 -0.0410232954
208.5 619 -520.5 0.111955553 0.993633151 -0.0126143619
209.61261 618.874634 -520.5 0.222451031 0.974621654 -0.0250642132
208.011093 619 -524.839172 0.109157279 0.993712187 -0.0249144398
206.568893 619 -528.960754 0.100876495 0.993712187 -0.0485795625
210.627625 616.169434 -530.915283 0.825982511 0.399412334 -0.397772163
210.090927 617.117432 -530.65686 0.709249258 0.60974288 -0.353806704
209.377625 617.90918 -530.313354 0.584974408 0.767080843 -0.263423592
208.523468 618.504822 -529.902039 0.421964556 0.883545518 -0.203207403
208.056854 615.11261 -535.697327 0.769447625 0.237651169 -0.592850924
208.154877 614 -535.775513 0.753204584 0.111887105 -0.648200631
207.57132 618.874634 -529.443481 0.234406397 0.965562403 -0.112884171
207.767746 616.169434 -535.466797 0.691406548 0.466839284 -0.55137831
207.302017 617.117432 -535.095398 0.590635717 0.640396416 -0.490960151
206.683029 617.90918 -534.601746 0.486092299 0.790599763 -0.372379184
205.941833 618.504822 -534.010681 0.313435882 0.916122019 -0.249956802
204.197342 615.11261 -539.556885 0.608935058 0.22214818 -0.761477709
204.275497 614 -539.654846 0.59008199 0.111887105 -0.799552679
205.115585 618.874634 -533.351746 0.159023717 0.979493141 -0.123712145
204.245712 619 -532.658081 0.0848168209 0.993702769 -0.0732184276
203.966782 616.169434 -539.267761 0.58456707 0.413126916 -0.698288977
203.595367 617.117432 -538.802002 0.501943827 0.59319967 -0.629417598
203.101746 617.90918 -538.183044 0.390924335 0.77056855 -0.503390729
202.510666 618.504822 -537.441833 0.275061339 0.900203705 -0.337601244
199.57576 615.11261 -542.460815 0.410922021 0.206366062 -0.888006866
199.630157 614 -542.57373 0.431155562 0.111964479 -0.895303786
194.451767 614 -544.385742 0.257205367 0.111887112 -0.959857643
201.851746 618.874634 -536.615601 0.146633774 0.974450231 -0.170133024
201.158051 619 -535.745728 0.066397652 0.993702769 -0.0902562141
199.415314 616.169434 -542.127625 0.402029693 0.447403759 -0.798875451
199.15686 617.117432 -541.590942 0.329073936 0.651745141 -0.683329046
198.813339 617.90918 -540.877625 0.270522088 0.781831443 -0.561744928
198.402008 618.504822 -540.023499 0.190771684 0.892917871 -0.407803744
194.423874 615.11261 -544.263489 0.195902094 0.200358465 -0.959936917
189 614 -545 0.111269213 0.111269213 -0.987541556
189 615.11261 -544.874634 0.108201712 0.257067889 -0.960316896
197.943481 618.874634 -539.071289 0.105099194 0.974450231 -0.198496521
197.460739 619 -538.068909 0.044649031 0.993702769 -0.10276816
194.341583 616.169434 -543.903015 0.204000816 0.399412334 -0.893786013
189 616.169434 -544.504822 0.0991504565 0.464538932 -0.879984558
194.20903 617.117432 -543.322266 0.17914167 0.59319967 -0.784870923
189 617.117432 -543.90918 0.0851451233 0.649378359 -0.755683839
194.032852 617.90918 -542.550354 0.149829373 0.77056855 -0.619495928
189 617.90918 -543.117432 0.066841282 0.802251279 -0.593232751
193.821899 618.504822 -541.626099 0.0890210569 0.890540838 -0.446107864
189 618.504822 -542.169434 0.0451245196 0.915188849 -0.400491178
193.586731 618.874634 -540.595825 0.0501589328 0.974263489 -0.219760641
189 618.874634 -541.11261 0.0250642132 0.974621654 -0.222451031
189 619 -540 0.0126143619 0.993633151 -0.111955553
193.339157 619 -539.511108 0.0249144398 0.993712187 -0.109157279
189 615.11261 -544.874634 -2.25767103e-17 0.185773954 -0.982592523
189 614 -545 -6.73517057e-17 0.111964464 -0.993712187
-189 614 -545 -3.36758528e-17 0.111964464 -0.993712187
-189 615.11261 -544.874634 0 0.258954346 -0.965889573
189 616.169434 -544.504822 0 0.399763644 -0.916618288
-189 616.169434 -544.504822 0 0.467392474 -0.884049892
189 617.117432 -543.90918 0 0.623489797 -0.781831443
-189 617.117432 -543.90918 0 0.623489797 -0.781831443
-189 617.90918 -543.117432 0 0.781831443 -0.623489797
189 617.90918 -543.117432 0 0.781831443 -0.623489797
189 618.504822 -542.169434 0 0.884049892 -0.467392474
-189 618.504822 -542.169434 0 0.916618288 -0.399763644
189 618.874634 -541.11261 0 0.974927902 -0.222520918
-189 618.874634 -541.11261 0 0.974927902 -0.222520933
-189 619 -540 0 0.993712187 -0.111964464
189 619 -540 0 0.993712187 -0.111964464
-193.339157 619 -539.511108 -0.024914436 0.993712187 -0.109157279
-189 619 -540 -0.0126143629 0.993633151 -0.111955568
-189 618.874634 -541.11261 -0.0210791547 0.982118011 -0.187082678
-208.5 619 -520.5 -0.111955568 0.993633151 -0.0126143629
-208.011093 619 -524.839172 -0.109157279 0.993712187 -0.0249144379
-209.61261 618.874634 -520.5 -0.225339532 0.973949432 -0.0253896695
-194.423874 615.11261 -544.263489 -0.215682417 0.22214821 -0.950858176
-189 615.11261 -544.874634 -0.108201712 0.257067889 -0.960316896
-189 614 -545 -0.111269213 0.111269213 -0.987541556
-194.451767 614 -544.385742 -0.257205367 0.111887112 -0.959857643
-194.341583 616.169434 -543.903015 -0.181472704 0.413126916 -0.892408967
-189 616.169434 -544.504822 -0.0991504565 0.464538932 -0.879984558
-194.20903 617.117432 -543.322266 -0.187113166 0.60974282 -0.770196319
-189 617.117432 -543.90918 -0.0851451233 0.649378359 -0.755683839
-194.032852 617.90918 -542.550354 -0.126649946 0.767080843 -0.628925145
-189 617.90918 -543.117432 -0.066841282 0.802251279 -0.593232751
-193.821899 618.504822 -541.626099 -0.105110124 0.892917871 -0.437777966
-189 618.504822 -542.169434 -0.0451245196 0.915188849 -0.400491178
-199.57576 615.11261 -542.460815 -0.421860665 0.222148195 -0.879024327
-199.630157 614 -542.57373 -0.464345127 0.111887112 -0.878558397
-193.586731 618.874634 -540.595825 -0.0469899289 0.969413996 -0.240891024
-199.415314 616.169434 -542.127625 -0.373924613 0.447403699 -0.812410176
-199.15686 617.117432 -541.590942 -0.347221941 0.640396416 -0.685076177
-198.813339 617.90918 -540.877625 -0.25487712 0.790599763 -0.556767106
-198.402008 618.504822 -540.023499 -0.186226815 0.910124302 -0.370126158
-204.197342 615.11261 -539.556885 -0.621774197 0.206366047 -0.755519629
-204.275497 614 -539.654846 -0.619569421 0.111964479 -0.776915491
-208.154877 614 -535.775513 -0.776915491 0.111964472 -0.619569421
-197.943481 618.874634 -539.071289 -0.0896625444 0.974450231 -0.205930397
-197.460739 619 -538.068909 -0.0525091738 0.993702769 -0.0989829227
-203.966782 616.169434 -539.267761 -0.55998373 0.433200687 -0.70622611
-203.595367 617.117432 -538.802002 -0.480865896 0.605238616 -0.634392738
-203.101746 617.90918 -538.183044 -0.403780818 0.77056855 -0.493138015
-202.510666 618.504822 -537.441833 -0.267929971 0.900203645 -0.343288332
-208.056854 615.11261 -535.697327 -0.771176338 0.244108051 -0.587961137
-201.851746 618.874634 -536.615601 -0.133238345 0.974450231 -0.180815518
-201.158051 619 -535.745728 -0.0732184276 0.993702769 -0.0848168284
-207.767746 616.169434 -535.466797 -0.703093886 0.433200657 -0.563911438
-207.302017 617.117432 -535.095398 -0.595155597 0.634840071 -0.492714882
-206.683029 617.90918 -534.601746 -0.481276542 0.795163989 -0.368899941
-205.941833 618.504822 -534.010681 -0.337601244 0.900203705 -0.275061339
-210.960785 615.11261 -531.075745 -0.877886653 0.222148195 -0.424223125
-211.07373 614 -531.130127 -0.910811841 0.111887112 -0.397370189
-205.115585 618.874634 -533.351746 -0.170133024 0.974450231 -0.146633774
-204.245712 619 -532.658081 -0.0902562067 0.993702769 -0.066397652
-210.627625 616.169434 -530.915283 -0.810947955 0.433200687 -0.393319905
-210.090927 617.117432 -530.65686 -0.703507483 0.622614205 -0.342678756
-209.377625 617.90918 -530.313354 -0.560934663 0.780922115 -0.274796277
-208.523468 618.504822 -529.902039 -0.390343785 0.900203645 -0.193041623
-212.763519 615.11261 -525.923889 -0.957181394 0.206366062 -0.203019217
-212.885727 614 -525.951782 -0.968797743 0.111964479 -0.221121773
-213.5 614 -520.5 -0.987541556 0.111269213 -0.111269213
-213.374634 615.11261 -520.5 -0.969098568 0.221190438 -0.109191172
-213.004837 616.169434 -520.5 -0.896846712 0.430644631 -0.101050347
-207.57132 618.874634 -529.443481 -0.186019629 0.977857172 -0.0958749279
-206.568893 619 -528.960754 -0.100876503 0.993712187 -0.0485795662
-212.403 616.169434 -525.841553 -0.882770777 0.413126945 -0.223700494
-211.822235 617.117432 -525.709045 -0.775108278 0.60974282 -0.165592492
-212.409164 617.117432 -520.5 -0.778815508 0.62108463 -0.0877514333
-211.617447 617.90918 -520.5 -0.623639941 0.778547168 -0.0702673495
-211.050385 617.90918 -525.532837 -0.621593297 0.767080843 -0.158772737
-210.126114 618.504822 -525.321899 -0.44002986 0.892917871 -0.0952437744
-210.669418 618.504822 -520.5 -0.43336615 0.899894178 -0.0488286428
-209.09581 618.874634 -525.086731 -0.23742348 0.969413996 -0.0621822439
-213.5 614 -520.5 -0.993712187 0.111964479 2.12148123e-16
-213.5 614 -490.5 -0.993712187 0.111964479 4.24296247e-16
-213.374634 615.11261 -490.5 -0.974927902 0.222520933 1.06745263e-16
-213.374634 615.11261 -520.5 -0.974927902 0.222520933 0
-213.004837 616.169434 -520.5 -0.916618288 0.399763614 0
-213.004837 616.169434 -490.5 -0.884049952 0.467392474 0
-212.409164 617.117432 -520.5 -0.804680943 0.593707442 0
-212.409164 617.117432 -490.5 -0.75788039 0.652393579 0
-211.617447 617.90918 -520.5 -0.652393579 0.75788039 0
-211.617447 617.90918 -490.5 -0.593707442 0.804681003 0
-210.669418 618.504822 -520.5 -0.467392474 0.884049952 0
-210.669418 618.504822 -490.5 -0.399763584 0.916618288 0
-209.61261 618.874634 -520.5 -0.222520933 0.974927902 0
-209.61261 618.874634 -490.5 -0.222520933 0.974927902 0
-208.5 619 -490.5 -0.111964479 0.993712187 0
-208.5 619 -520.5 -0.111964479 0.993712187 0
-208.5 617.445068 -488.55014 -0.0258434657 0.229367107 0.972996831
-209.167557 616.924805 -488.5 -0.0249144379 0.109157294 0.993712187
-208.5 617 -488.5 -0.0126143629 0.111955568 0.993633151
-211.858673 614.766602 -488.55014 -0.220286757 0.0555822626 0.97385025
-211.945038 614 -488.55014 -0.261686027 0.0294849295 0.964702547
-211.5 614 -488.5 -0.111955568 0.0126143638 0.993633151
-211.424789 614.667542 -488.5 -0.108132251 0.0294001661 0.993701696
-212.270798 614.860657 -488.698059 -0.425200343 0.102681153 0.899255931
-212.367767 614 -488.698059 -0.468834043 0.0528249182 0.881705284
-212.640503 614.945068 -488.93634 -0.609037042 0.144358203 0.779893935
-212.746979 614 -488.93634 -0.6520046 0.073463276 0.754647732
-211.603882 615.494751 -488.55014 -0.202395484 0.103207111 0.97385025
-211.202911 615.301636 -488.5 -0.0988789946 0.0527247339 0.993701696
-212.949249 615.015503 -489.253021 -0.762629867 0.178592533 0.621691585
-213.06366 614 -489.253021 -0.80214566 0.0903801098 0.590248883
-211.984741 615.678162 -488.698059 -0.391690969 0.194722697 0.899255931
-213.181549 615.068542 -489.632233 -0.878305376 0.203738973 0.432516068
-213.301941 614 -489.632233 -0.912068248 0.102765404 0.396951914
-212.326401 615.842712 -488.93634 -0.561644554 0.276262343 0.779893935
-211.193436 616.147949 -488.55014 -0.174355254 0.14565672 0.97385025
-210.84549 615.870483 -488.5 -0.0846675262 0.0734054595 0.993701696
-213.32576 615.10144 -490.054962 -0.957218826 0.203248307 0.205966592
-213.004837 616.169434 -490.5 -0.895303786 0.431155592 0.111964479
-213.374634 615.11261 -490.5 -0.968797743 0.221121773 0.111964479
-213.5 614 -490.5 -0.987541556 0.111269213 0.111269213
-213.44986 614 -490.054962 -0.969098568 0.109191179 0.221190423
-212.611725 615.980103 -489.253021 -0.703768551 0.343815923 0.621691585
-211.523941 616.411499 -488.698059 -0.338540584 0.27700004 0.899255931
-212.826401 616.083496 -489.632233 -0.810948193 0.394072145 0.432516038
-211.820419 616.647949 -488.93634 -0.486088753 0.394313514 0.779893994
-210.647949 616.69342 -488.55014 -0.13757214 0.180802494 0.97385025
-210.370468 616.34552 -488.5 -0.066210486 0.0904053301 0.993701696
-212.959671 616.147644 -490.054962 -0.882628322 0.401876092 0.243850008
-212.068008 616.845398 -489.253021 -0.610121191 0.467206866 0.6398983
-210.911514 617.023926 -488.698059 -0.268414378 0.345387399 0.899255931
-212.254303 616.993958 -489.632233 -0.689529359 0.570233464 0.446523279
-211.147949 617.320435 -488.93634 -0.386158466 0.492592186 0.779893935
-209.994751 617.103882 -488.55014 -0.0867262557 0.194204658 0.977119803
-209.801651 616.702881 -488.5 -0.0485795699 0.10087651 0.993712187
-212.369949 617.086182 -490.054962 -0.784531593 0.579125464 0.221639156
-212.409164 617.117432 -490.5 -0.753284574 0.648107588 0.111887619
-211.345398 617.567993 -489.253021 -0.502947032 0.613669157 0.608649731
-210.178162 617.484741 -488.698059 -0.184828728 0.396455646 0.899255931
-211.493958 617.754333 -489.632233 -0.550566614 0.725542068 0.412874281
-210.342697 617.826416 -488.93634 -0.266864598 0.566170156 0.779893994
-209.266602 617.358643 -488.55014 -0.049515564 0.216941863 0.974927902
-211.586182 617.869934 -490.054962 -0.635994196 0.739180267 0.221639156
-211.617447 617.90918 -490.5 -0.590180635 0.799479783 0.111887626
-210.480103 618.111694 -489.253021 -0.335862666 0.707598627 0.621691585
-209.360657 617.770813 -488.698059 -0.0895339325 0.392273784 0.915480733
-208.5 617.867798 -488.698059 -0.0528249182 0.468834043 0.881705284
-210.583481 618.326416 -489.632233 -0.388324827 0.813715935 0.432516068
-209.445038 618.140503 -488.93634 -0.132524043 0.580625713 0.8033126
-208.5 618.247009 -488.93634 -0.073463276 0.6520046 0.754647732
-210.647659 618.459656 -490.054962 -0.455565363 0.862169504 0.221639156
-210.669418 618.504822 -490.5 -0.397482604 0.910762727 0.111887619
-209.515503 618.449219 -489.253021 -0.168901846 0.740007281 0.651046395
-208.5 618.56366 -489.253021 -0.0903801098 0.80214566 0.590248883
-209.568527 618.681519 -489.632233 -0.183561027 0.875741005 0.446523309
-208.5 618.801941 -489.632233 -0.100995742 0.896362066 0.431665212
-208.5 618.949829 -490.054962 -0.108212397 0.960411668 0.25670895
-209.60144 618.825745 -490.054962 -0.232201293 0.950610518 0.205966592
-208.5 619 -490.5 -0.111269213 0.987541556 0.111269213
-209.61261 618.874634 -490.5 -0.221121773 0.968797743 0.111964479
-57.1769562 601.455688 -545.5 -0.984808743 -0.173642427 -0
-55.6885719 593.014343 -545.5 -0.984808743 -0.173642427 -0
-55.6885719 593.014343 -545 -0.984808743 -0.173642427 -0
-57.1769562 601.455688 -545 -0.984808743 -0.173642427 -0
-57.2725677 603.752136 -545 -0.999994695 0.00325728231 -0
-57.1769562 601.455688 -545.5 -0.999134421 -0.0415986143 -0
-57.1769562 601.455688 -545 -0.999134421 -0.0415986143 -0
-57.2725677 603.752136 -545.5 -0.997214735 0.0745838434 -0
-57.0630798 604.765625 -545 -0.965879798 0.258990705 -0
-57.0630798 604.765625 -545.5 -0.943840742 0.330400765 -0
-56.7686691 605.399109 -545 -0.867961168 0.496632129 -0
-56.7686691 605.399109 -545.5 -0.821972668 0.569526911 -0
-56.3297729 605.928284 -545 -0.712931335 0.701233864 -0
-56.3297729 605.928284 -545.5 -0.660574615 0.750760376 -0
-55.6399574 606.463745 -545 -0.555255651 0.831679702 -0
-55.6399574 606.463745 -545.5 -0.489626139 0.871932507 -0
-54.9255524 606.790833 -545 -0.361519516 0.932364523 -0
-54.9255524 606.790833 -545.5 -0.297332466 0.954774022 -0
-54.2980232 606.93396 -545 -0.164052144 0.986451685 -0
-54.2980232 606.93396 -545.5 -0.104987033 0.994473577 -0
-53.6549416 606.96344 -545 -0.0457670204 0.99895215 -0
-53.6549416 606.96344 -545.5 -0.0457670204 0.99895215 -0
-52.841507 606.894409 -545 0.122501992 0.992468238 -0
-53.6549416 606.96344 -545.5 0.084533751 0.996420622 -0
-53.6549416 606.96344 -545 0.084533751 0.996420622 -0
-52.841507 606.894409 -545.5 0.163857937 0.986483932 -0
-52.1446571 606.745605 -545 0.292644173 0.956221402 -0
-52.1446571 606.745605 -545.5 0.347836673 0.937555134 -0
-51.0045547 606.267761 -545 0.447059482 0.894504249 -0
-51.0045547 606.267761 -545.5 0.508841932 0.860859931 -0
-50.0638428 605.613708 -545 0.594738662 0.803919137 -0
-50.0638428 605.613708 -545.5 0.629135251 0.777295828 -0
-49.631649 605.210205 -545 0.711826563 0.702355325 -0
-49.631649 605.210205 -545.5 0.740095675 0.672501564 -0
-49.2524147 604.756775 -545 0.767073512 0.641559243 -0
-49.2524147 604.756775 -545.5 0.767073512 0.641559243 -0
-49.1800117 604.758972 -545 -0.0297978446 0.999555945 -0
-49.2524147 604.756775 -545.5 -0.0297978446 0.999555945 -0
-49.2524147 604.756775 -545 -0.0297978446 0.999555945 -0
-49.1800117 604.758972 -545.5 -0.0297978446 0.999555945 -0
-49.3790932 606.741333 -545.5 -0.994995177 -0.0999228507 -0
-49.1800117 604.758972 -545.5 -0.994995177 -0.0999228507 -0
-49.1800117 604.758972 -545 -0.994995177 -0.0999228507 -0
-49.3790932 606.741333 -545 -0.994995177 -0.0999228507 -0
-46.847744 606.741333 -545.5 -0 1 -0
-49.3790932 606.741333 -545.5 -0 1 -0
-49.3790932 606.741333 -545 -0 1 -0
-46.847744 606.741333 -545 -0 1 -0
-46.2648582 602.8797 -545.5 0.988798976 0.149253383 -0
-46.847744 606.741333 -545.5 0.988798976 0.149253383 -0
-46.847744 606.741333 -545 0.988798976 0.149253383 -0
-46.2648582 602.8797 -545 0.988798976 0.149253383 -0
-44.5264282 593.014343 -545.5 0.984826624 0.173541099 -0
-46.2648582 602.8797 -545.5 0.984826624 0.173541099 -0
-46.2648582 602.8797 -545 0.984826624 0.173541099 -0
-44.5264282 593.014343 -545 0.984826624 0.173541099 -0
-44.5264282 593.014343 -545 -0 -1 -0
-47.4351807 593.014343 -545.5 -0 -1 -0
-44.5264282 593.014343 -545.5 -0 -1 -0
-47.4351807 593.014343 -545 -0 -1 -0
-48.8935432 601.2854 -545 -0.984808743 -0.173642531 -0
-47.4351807 593.014343 -545.5 -0.984808743 -0.173642531 -0
-47.4351807 593.014343 -545 -0.984808743 -0.173642531 -0
-48.8935432 601.2854 -545.5 -0.984808743 -0.173642531 -0
-49.2727852 602.498718 -545.5 -0.934940279 -0.354805171 -0
-48.8935432 601.2854 -545.5 -0.954464674 -0.298323929 -0
-48.8935432 601.2854 -545 -0.954464674 -0.298323929 -0
-49.2727852 602.498718 -545 -0.906398177 -0.422424316 -0
-49.7391739 603.299683 -545.5 -0.823463976 -0.567368567 -0
-49.7391739 603.299683 -545 -0.775183141 -0.631736517 -0
-50.3353348 603.91687 -545.5 -0.673014045 -0.739629686 -0
-50.3353348 603.91687 -545 -0.620136023 -0.784494281 -0
-50.9759331 604.350281 -545.5 -0.506064653 -0.862495542 -0
-50.9759331 604.350281 -545 -0.445269823 -0.895396411 -0
-51.6205215 604.613403 -545.5 -0.340435863 -0.940267742 -0
-51.6205215 604.613403 -545 -0.283387989 -0.959005356 -0
-51.9684372 604.679871 -545.5 -0.136639178 -0.990620911 -0
-51.9684372 604.679871 -545 -0.136639178 -0.990620911 -0
-52.322361 604.710205 -545 -0.0853525847 -0.996350825 -0
-52.322361 604.710205 -545.5 -0.0853525847 -0.996350825 -0
-52.9618607 604.626404 -545.5 0.192849681 -0.981228292 -0
-52.322361 604.710205 -545.5 0.129970893 -0.991517782 -0
-52.322361 604.710205 -545 0.129970893 -0.991517782 -0
-52.9618607 604.626404 -545 0.269040853 -0.963128746 -0
-53.4004173 604.456482 -545.5 0.420992702 -0.907064021 -0
-53.4004173 604.456482 -545 0.49078989 -0.871277988 -0
-53.6898613 604.254883 -545.5 0.638443351 -0.769668818 -0
-53.6898613 604.254883 -545 0.70006007 -0.71408397 -0
-53.9278297 603.98053 -545.5 0.827025533 -0.562164366 -0
-53.9278297 603.98053 -545 0.827025533 -0.562164366 -0
-54.0951691 603.65863 -545 0.932233274 -0.361857831 -0
-54.0951691 603.65863 -545.5 0.932233274 -0.361857831 -0
-54.23312 603.19397 -545.5 0.976426542 -0.215850085 -0
-54.23312 603.19397 -545 0.986562788 -0.16338253 -0
-54.3220367 602.4729 -545.5 0.997361004 -0.0726022273 -0
-54.3220367 602.4729 -545 0.9997859 -0.0206925552 -0
-54.2992821 601.78479 -545.5 0.997635841 0.0687219203 -0
-54.2992821 601.78479 -545 0.994540393 0.104352139 -0
-54.2030182 601.102966 -545.5 0.990179718 0.139800414 -0
-54.2030182 601.102966 -545 0.990179718 0.139800414 -0
-52.7798233 593.014343 -545.5 0.984871149 0.17328836 1.97006057e-14
-54.2030182 601.102966 -545.5 0.984871149 0.17328836 -0
-54.2030182 601.102966 -545 0.984871149 0.17328836 1.97006057e-14
-52.7798233 593.014343 -545 0.984871149 0.17328836 3.94012114e-14
-52.7798233 593.014343 -545 -1.95422275e-14 -1 -1.13686838e-13
-55.6885719 593.014343 -545.5 -1.95422275e-14 -1 -1.13686838e-13
-52.7798233 593.014343 -545.5 -0 -1 -2.27373675e-13
-55.6885719 593.014343 -545 -3.90844549e-14 -1 -0
-54.2030182 601.102966 -545.5 -8.00377102e-16 -6.74838137e-15 -1
-52.7798233 593.014343 -545.5 -0 -0 -1
-55.6885719 593.014343 -545.5 -0 -0 -1
-57.1769562 601.455688 -545.5 -4.42286258e-15 -3.84246809e-16 -1
-54.2992821 601.78479 -545.5 -3.91178585e-14 -3.39845776e-15 -1
-54.3220367 602.4729 -545.5 2.7368687e-15 6.06478504e-14 -1
-57.2725677 603.752136 -545.5 9.89427402e-15 -1.8931233e-15 -1
-54.23312 603.19397 -545.5 3.61342256e-14 -6.913751e-15 -1
-54.0951691 603.65863 -545.5 -1.31481388e-15 -4.46680013e-14 -1
-57.0630798 604.765625 -545.5 -0 -0 -1
-56.7686691 605.399109 -545.5 -0 -0 -1
-53.9278297 603.98053 -545.5 -0 -0 -1
-56.3297729 605.928284 -545.5 -0 -0 -1
-55.6399574 606.463745 -545.5 -0 -0 -1
-53.6898613 604.254883 -545.5 6.76814832e-14 3.29787399e-14 -1
-54.9255524 606.790833 -545.5 6.23849591e-14 1.41616455e-14 -1
-53.4004173 604.456482 -545.5 6.02807802e-14 -9.91557605e-15 -1
-48.8935432 601.2854 -545.5 -0 -0 -1
-44.5264282 593.014343 -545.5 -0 -0 -1
-47.4351807 593.014343 -545.5 -0 -0 -1
-54.2980232 606.93396 -545.5 5.93995661e-15 -4.37359804e-14 -1
-53.6549416 606.96344 -545.5 6.07751425e-14 -2.96066475e-14 -1
-52.9618607 604.626404 -545.5 4.35436557e-15 -1.12389803e-14 -1
-52.841507 606.894409 -545.5 -4.88354982e-14 4.26366358e-15 -1
-52.322361 604.710205 -545.5 -1.35491011e-13 9.38414843e-15 -1
-52.1446571 606.745605 -545.5 -5.20991433e-14 4.54860166e-15 -1
-51.9684372 604.679871 -545.5 -4.9960978e-14 3.03277775e-14 -1
-51.0045547 606.267761 -545.5 1.690208e-14 3.02274346e-14 -1
-51.6205215 604.613403 -545.5 1.0170183e-13 -1.67725483e-14 -1
-49.2524147 604.756775 -545.5 1.04269099e-13 -5.86814939e-15 -1
-49.7391739 603.299683 -545.5 6.89656801e-14 -2.30383831e-14 -1
-50.3353348 603.91687 -545.5 -8.86628942e-15 7.08842165e-14 -1
-50.0638428 605.613708 -545.5 1.03389567e-13 -1.70010964e-14 -1
-50.9759331 604.350281 -545.5 -3.26137941e-14 4.16305784e-14 -1
-49.631649 605.210205 -545.5 -1.17910551e-13 1.32874194e-13 -1
-49.1800117 604.758972 -545.5 -0 -0 -1
-49.2727852 602.498718 -545.5 -0 -0 -1
-46.2648582 602.8797 -545.5 -0 -0 -1
-46.847744 606.741333 -545.5 -0 -0 -1
-49.3790932 606.741333 -545.5 -0 -0 -1
-41.0372658 601.327209 -545 -0.984712839 -0.174185589 -0
-40.1421585 596.266968 -545.5 -0.984712839 -0.174185589 -0
-40.1421585 596.266968 -545 -0.984712839 -0.174185589 -0
-41.0372658 601.327209 -545.5 -0.984712839 -0.174185589 -0
-41.1964035 602.713623 -545.5 -0.998842716 -0.0480954163 -0
-41.0372658 601.327209 -545.5 -0.993476391 -0.114037812 -0
-41.0372658 601.327209 -545 -0.993476391 -0.114037812 -0
-41.1964035 602.713623 -545 -0.999830604 0.0184051208 -0
-41.0785103 604.102356 -545.5 -0.981113315 0.193433866 -0
-41.0785103 604.102356 -545 -0.981113315 0.193433866 -0
-40.7119904 605.170593 -545 -0.932471812 0.361242771 -0
-40.7119904 605.170593 -545.5 -0.908636689 0.417587489 -0
-40.4432564 605.619934 -545 -0.789662957 0.613540888 -0
-40.4432564 605.619934 -545.5 -0.789662957 0.613540828 -0
-40.0051079 606.080383 -545.5 -0.645239294 0.763980567 -0
-40.0051079 606.080383 -545 -0.645239234 0.763980567 -0
-39.5137482 606.404968 -545 -0.475400954 0.879769266 -0
-39.5137482 606.404968 -545.5 -0.475400954 0.879769266 -0
-38.9727364 606.638245 -545.5 -0.341028929 0.940052807 -0
-38.9727364 606.638245 -545 -0.295147181 0.955451787 -0
-38.2135925 606.839661 -545.5 -0.201860622 0.979414284 -0
-38.2135925 606.839661 -545 -0.201860622 0.979414284 -0
-37.554203 606.930603 -545 -0.109368004 0.994001329 -0
-37.554203 606.930603 -545.5 -0.0820440203 0.996628702 -0
-36.8895187 606.96698 -545 -0.0546803996 0.998503923 -0
-36.8895187 606.96698 -545.5 -0.0546803996 0.998503923 -0
-35.3228607 606.842896 -545 0.130978197 0.991385221 -0
-36.8895187 606.96698 -545.5 0.0789690167 0.996877074 -0
-36.8895187 606.96698 -545 0.0789690167 0.996877074 -0
-35.3228607 606.842896 -545.5 0.182775721 0.983154655 -0
-33.7951317 606.475281 -545 0.285830736 0.958280146 -0
-33.7951317 606.475281 -545.5 0.337068468 0.94148016 -0
-32.3472862 605.867249 -545 0.387202919 0.921994507 -0
-32.3472862 605.867249 -545.5 0.387202919 0.921994507 -0
-32.6162949 603.935425 -545 0.990443408 -0.137919933 -0
-32.3472862 605.867249 -545.5 0.990443408 -0.137919933 -0
-32.3472862 605.867249 -545 0.990443408 -0.137919933 -0
-32.6162949 603.935425 -545.5 0.990443408 -0.137919933 -0
-33.6989708 604.466919 -545 -0.389347255 -0.92109108 -0
-32.6162949 603.935425 -545.5 -0.440664202 -0.897671998 -0
-32.6162949 603.935425 -545 -0.440664202 -0.897671998 -0
-33.6989708 604.466919 -545.5 -0.336621463 -0.941640079 -0
-34.8557663 604.808228 -545 -0.223827153 -0.974628866 -0
-34.8557663 604.808228 -545.5 -0.163578406 -0.986530364 -0
-36.054863 604.932312 -545 -0.102921948 -0.994689465 -0
-36.054863 604.932312 -545.5 -0.102921948 -0.994689465 -0
-36.8236198 604.833435 -545.5 0.183507189 -0.983018398 -0
-36.054863 604.932312 -545.5 0.127561912 -0.991830587 -0
-36.054863 604.932312 -545 0.127561912 -0.991830587 -0
-36.8236198 604.833435 -545 0.247146741 -0.968978047 -0
-37.418396 604.633118 -545.5 0.357851863 -0.933778346 -0
-37.418396 604.633118 -545 0.417217135 -0.90880686 -0
-37.6673889 604.482483 -545.5 0.582626462 -0.812740088 -0
-37.6673889 604.482483 -545 0.640843213 -0.767671824 -0
-37.8967018 604.262451 -545.5 0.745217919 -0.666821063 -0
-37.8967018 604.262451 -545 0.796472609 -0.604674578 -0
-38.0544853 604.013611 -545.5 0.882773161 -0.469799489 -0
-38.0544853 604.013611 -545 0.918321013 -0.395836443 -0
-38.1376457 603.762085 -545.5 0.983893096 -0.178757951 -0
-38.1376457 603.762085 -545 0.991241992 -0.132057801 -0
-38.2505531 602.72821 -545.5 0.996980906 -0.077647306 -0
-38.2505531 602.72821 -545 0.999556899 -0.0297660138 -0
-38.2241745 602.235168 -545.5 0.992286325 0.123966925 -0
-38.2241745 602.235168 -545 0.992286325 0.12396694 -0
-38.1217957 601.697571 -545 0.982343733 0.187085018 -0
-38.1217957 601.697571 -545.5 0.982343733 0.187085018 -0
-34.9494133 601.384705 -545.5 0.195336476 0.980736256 -0
-38.1217957 601.697571 -545.5 0.0981415734 0.995172441 -0
-38.1217957 601.697571 -545 0.0981415734 0.995172441 -0
-34.9494133 601.384705 -545 0.195336476 0.980736256 -0
-32.7532387 600.628296 -545 0.394782543 0.918774605 -0
-32.7532387 600.628296 -545.5 0.394782543 0.918774605 -0
-31.7334061 600.002869 -545.5 0.618279934 0.785957992 -0
-31.7334061 600.002869 -545 0.618279934 0.785957992 -0
-30.7978191 599.090088 -545 0.753085911 0.657922208 -0
-30.7978191 599.090088 -545.5 0.805882335 0.592075706 -0
-30.1699982 598.055237 -545 0.87531352 0.483555853 -0
-30.1699982 598.055237 -545.5 0.901284516 0.433227658 -0
-29.9199505 597.399414 -545 0.954066098 0.29959619 -0
-29.9199505 597.399414 -545.5 0.954066098 0.29959619 -0
-29.7501888 596.718323 -545.5 0.970310986 0.241860777 -0
-29.7501888 596.718323 -545 0.970310986 0.241860777 -0
-29.6875496 595.720642 -545.5 0.999892533 -0.0146621028 -0
-29.7501888 596.718323 -545.5 0.998034775 0.0626621023 -0
-29.7501888 596.718323 -545 0.998034775 0.0626621023 -0
-29.6875496 595.720642 -545 0.99518168 -0.0980480537 -0
-29.8550377 594.837402 -545.5 0.965855598 -0.259081036 -0
-29.8550377 594.837402 -545 0.939967394 -0.341264337 -0
-30.1701241 594.180481 -545.5 0.869644523 -0.493678391 -0
-30.1701241 594.180481 -545 0.830522954 -0.556984425 -0
-30.5774307 593.666687 -545.5 0.728588283 -0.684951961 -0
-30.5774307 593.666687 -545 0.667911112 -0.744241059 -0
-31.1004887 593.271423 -545.5 0.54137677 -0.840780139 -0
-31.1004887 593.271423 -545 0.476448417 -0.879202425 -0
-31.6990433 593.002991 -545.5 0.34771207 -0.937601388 -0
-31.6990433 593.002991 -545 0.28724578 -0.957856894 -0
-32.3820572 592.842651 -545.5 0.155685857 -0.987806618 -0
-32.3820572 592.842651 -545 0.155685857 -0.987806618 -0
-33.0816383 592.785095 -545 0.0820000842 -0.996632338 -0
-33.0816383 592.785095 -545.5 0.0820000842 -0.996632338 -0
-34.2856674 592.926208 -545.5 -0.182737365 -0.983161747 -0
-33.0816383 592.785095 -545.5 -0.116416201 -0.993200541 -0
-33.0816383 592.785095 -545 -0.116416201 -0.993200541 -0
-34.2856674 592.926208 -545 -0.253264695 -0.967397034 -0
-35.3165665 593.283142 -545.5 -0.383662641 -0.923473299 -0
-35.3165665 593.283142 -545 -0.442834556 -0.896603346 -0
-36.1656113 593.778564 -545.5 -0.532584727 -0.846376657 -0
-36.1656113 593.778564 -545 -0.570226669 -0.821487427 -0
-36.6381226 594.153503 -545.5 -0.650837362 -0.759217143 -0
-36.6381226 594.153503 -545 -0.679192781 -0.733959973 -0
-37.0650444 594.579773 -545.5 -0.706528008 -0.707685053 -0
-37.0650444 594.579773 -545 -0.706528008 -0.707685053 -0
-37.1448364 594.580383 -545 -0.00802288949 -0.999967813 -0
-37.0650444 594.579773 -545.5 -0.00802288949 -0.999967813 -0
-37.0650444 594.579773 -545 -0.00802288949 -0.999967813 -0
-37.1448364 594.580383 -545.5 -0.00802288949 -0.999967813 -0
-37.0746346 593.014343 -545 0.998996735 0.0447824933 -0
-37.1448364 594.580383 -545.5 0.998996735 0.0447824933 -0
-37.1448364 594.580383 -545 0.998996735 0.0447824933 -0
-37.0746346 593.014343 -545.5 0.998996735 0.0447824933 -0
-37.0746346 593.014343 -545 -0 -1 -0
-39.7696114 593.014343 -545.5 -0 -1 -0
-37.0746346 593.014343 -545.5 -0 -1 -0
-39.7696114 593.014343 -545 -0 -1 -0
-39.8880386 594.647888 -545.5 -0.994989693 -0.0999773666 -0
-39.7696114 593.014343 -545.5 -0.997382581 -0.0723050311 -0
-39.7696114 593.014343 -545 -0.997382581 -0.0723050311 -0
-39.8880386 594.647888 -545 -0.991827965 -0.127582356 -0
-40.1421585 596.266968 -545.5 -0.987905622 -0.155056253 -0
-40.1421585 596.266968 -545 -0.987905622 -0.155056253 -0
-37.1448364 594.580383 -545.5 -0 -0 -1
-39.7696114 593.014343 -545.5 -0 -0 -1
-39.8880386 594.647888 -545.5 -0 -0 -1
-37.0746346 593.014343 -545.5 -0 -0 -1
-36.3560524 595.652893 -545.5 -5.85604427e-14 3.86891752e-14 -1
-37.0650444 594.579773 -545.5 -1.26267676e-13 9.61738827e-14 -1
-36.8750496 596.222717 -545.5 3.87414394e-16 2.8600945e-14 -1
-40.1421585 596.266968 -545.5 5.17073211e-15 2.20788243e-15 -1
-35.7248611 595.210266 -545.5 -4.04756252e-14 -1.84836472e-16 -1
-36.1656113 593.778564 -545.5 8.77121845e-15 -7.96510007e-14 -1
-36.6381226 594.153503 -545.5 -0 -0 -1
-37.2539101 596.894653 -545.5 3.60193138e-14 1.53801058e-14 -1
-35.0096512 594.921814 -545.5 2.15152535e-14 -7.53158048e-14 -1
-35.3165665 593.283142 -545.5 6.11487586e-14 -7.09378641e-14 -1
-37.4770851 597.632629 -545.5 1.75899165e-14 -3.43259526e-14 -1
-34.2458534 594.819763 -545.5 8.58075275e-14 -7.17639246e-14 -1
-34.2856674 592.926208 -545.5 -1.07612258e-14 -4.82884132e-14 -1
-33.7769127 594.867676 -545.5 -5.59502091e-14 -3.20137627e-14 -1
-33.0816383 592.785095 -545.5 -4.9113901e-14 -1.63964962e-14 -1
-33.4199524 595.005005 -545.5 7.56613264e-14 3.63162259e-14 -1
-32.3820572 592.842651 -545.5 5.49036728e-14 4.7194748e-14 -1
-37.8746223 599.88855 -545.5 -0 -0 -1
-41.0372658 601.327209 -545.5 4.48895656e-15 1.35842748e-14 -1
-33.1298065 595.207642 -545.5 5.93172362e-14 6.49792313e-14 -1
-31.6990433 593.002991 -545.5 4.66129177e-14 7.11927059e-14 -1
-32.9196472 595.446838 -545.5 -5.32666596e-14 -8.05394569e-14 -1
-31.1004887 593.271423 -545.5 6.78063698e-14 5.6701673e-14 -1
-30.5774307 593.666687 -545.5 -1.06925008e-13 -1.40685112e-13 -1
-38.1217957 601.697571 -545.5 -2.82880629e-15 2.22690315e-14 -1
-36.4941559 599.824951 -545.5 -1.69483957e-14 1.67850336e-14 -1
-30.1701241 594.180481 -545.5 -6.7226796e-14 -3.69030876e-14 -1
-32.7844238 595.699463 -545.5 2.55449213e-14 8.62227295e-14 -1
-38.2241745 602.235168 -545.5 1.64969763e-14 2.0609777e-15 -1
-41.1964035 602.713623 -545.5 1.64407791e-14 1.88718115e-15 -1
-38.2505531 602.72821 -545.5 -3.17543131e-14 -3.58042047e-14 -1
-41.0785103 604.102356 -545.5 -5.33804263e-14 -2.15405425e-14 -1
-29.8550377 594.837402 -545.5 4.7272265e-14 4.81499606e-14 -1
-32.7046242 595.974304 -545.5 5.09169663e-16 -7.43186098e-14 -1
-38.1376457 603.762085 -545.5 -8.21301442e-14 -7.73885012e-14 -1
-40.7119904 605.170593 -545.5 -4.14960289e-14 1.64608622e-14 -1
-38.0544853 604.013611 -545.5 -5.89246432e-15 8.39057421e-14 -1
-40.4432564 605.619934 -545.5 -6.25191901e-14 4.8575249e-14 -1
-29.6875496 595.720642 -545.5 -4.24597499e-15 -5.05101095e-14 -1
-32.6614685 596.353821 -545.5 8.19945935e-15 -6.54922148e-14 -1
-40.0051079 606.080383 -545.5 -1.92313189e-14 1.61583071e-14 -1
-37.8967018 604.262451 -545.5 4.3907508e-14 5.09230414e-14 -1
-34.9494133 601.384705 -545.5 1.31631698e-14 4.19603825e-14 -1
-34.4018631 599.271851 -545.5 1.07419824e-13 2.00198507e-14 -1
-35.1419601 599.539795 -545.5 -3.7024464e-14 6.54841239e-14 -1
-39.5137482 606.404968 -545.5 -0 -0 -1
-29.7501888 596.718323 -545.5 2.07978894e-14 -1.09258624e-13 -1
-32.6724167 596.68573 -545.5 1.06243343e-14 -8.48606192e-14 -1
-29.9199505 597.399414 -545.5 -2.43424174e-14 5.94552551e-14 -1
-32.7090874 597.015625 -545.5 4.2691333e-15 4.49253841e-14 -1
-38.9727364 606.638245 -545.5 -0 -0 -1
-37.6673889 604.482483 -545.5 -0 -0 -1
-32.7532387 600.628296 -545.5 4.9981134e-14 1.38016065e-14 -1
-33.417038 598.523071 -545.5 -1.18336818e-13 7.62207138e-14 -1
-33.8940773 598.971802 -545.5 1.51533883e-13 -1.04360761e-13 -1
-30.1699982 598.055237 -545.5 -2.27042726e-14 5.54541561e-14 -1
-31.7334061 600.002869 -545.5 -7.43532094e-14 7.17703349e-14 -1
-33.0293694 597.931274 -545.5 -9.02590939e-15 3.20619792e-14 -1
-30.7978191 599.090088 -545.5 3.85226586e-14 -1.25822314e-14 -1
-38.2135925 606.839661 -545.5 6.12438905e-14 2.20710511e-14 -1
-37.418396 604.633118 -545.5 -9.22191536e-15 3.97143086e-14 -1
-37.554203 606.930603 -545.5 -6.44488057e-14 4.85215607e-14 -1
-36.8236198 604.833435 -545.5 -1.21476939e-13 4.65486719e-14 -1
-36.8895187 606.96698 -545.5 -3.96381502e-14 5.42289636e-14 -1
-36.054863 604.932312 -545.5 3.29250922e-14 4.47949884e-14 -1
-35.3228607 606.842896 -545.5 5.67369197e-14 3.38363709e-14 -1
-34.8557663 604.808228 -545.5 4.09919969e-14 4.70887808e-14 -1
-33.7951317 606.475281 -545.5 -1.17389746e-15 7.71946255e-14 -1
-33.6989708 604.466919 -545.5 -2.87100886e-15 7.31969959e-14 -1
-32.3472862 605.867249 -545.5 2.54822933e-14 5.65881672e-14 -1
-32.6162949 603.935425 -545.5 9.82865861e-14 -1.36864769e-14 -1
-37.4770851 597.632629 -545 0.984825909 0.173545226 -0
-37.8746223 599.88855 -545.5 0.984825909 0.173545226 -0
-37.8746223 599.88855 -545 0.984825909 0.173545226 -0
-37.4770851 597.632629 -545.5 0.984825909 0.173545226 -0
-33.0293694 597.931274 -545.5 -0.920546889 -0.390632004 -0
-32.7090874 597.015625 -545.5 -0.943920076 -0.330173969 -0
-32.7090874 597.015625 -545 -0.943920076 -0.330173969 -0
-33.0293694 597.931274 -545 -0.886523247 -0.462684035 -0
-33.417038 598.523071 -545.5 -0.793386281 -0.608718455 -0
-33.417038 598.523071 -545 -0.742931545 -0.669367433 -0
-33.8940773 598.971802 -545.5 -0.633671045 -0.773602664 -0
-33.8940773 598.971802 -545 -0.574913323 -0.818214297 -0
-34.4018631 599.271851 -545.5 -0.443197638 -0.896423936 -0
-34.4018631 599.271851 -545 -0.387612551 -0.921822369 -0
-35.1419601 599.539795 -545.5 -0.278421551 -0.960458994 -0
-35.1419601 599.539795 -545 -0.236474663 -0.971637666 -0
-36.4941559 599.824951 -545.5 -0.153368413 -0.988169074 -0
-36.4941559 599.824951 -545 -0.0997689664 -0.995010614 -0
-37.8746223 599.88855 -545.5 -0.0460350476 -0.998939812 -0
-37.8746223 599.88855 -545 -0.0460350476 -0.998939812 -0
-33.7769127 594.867676 -545 -0.177214816 0.984172165 -0
-34.2458534 594.819763 -545.5 -0.101683311 0.99481684 -0
-34.2458534 594.819763 -545 -0.101683311 0.99481684 -0
-33.7769127 594.867676 -545.5 -0.263054162 0.964781046 -0
-33.4199524 595.005005 -545 -0.429293126 0.903165221 -0
-33.4199524 595.005005 -545.5 -0.501044691 0.865421414 -0
-33.1298065 595.207642 -545 -0.631951034 0.775008321 -0
-33.1298065 595.207642 -545.5 -0.692019463 0.721878886 -0
-32.9196472 595.446838 -545 -0.796173573 0.605068326 -0
-32.9196472 595.446838 -545.5 -0.840117276 0.54240483 -0
-32.7844238 595.699463 -545 -0.912258029 0.409616023 -0
-32.7844238 595.699463 -545.5 -0.938628376 0.344930023 -0
-32.7046242 595.974304 -545 -0.977012515 0.213182077 -0
-32.7046242 595.974304 -545.5 -0.98733896 0.158624798 -0
-32.6614685 596.353821 -545 -0.99762255 0.0689151883 -0
-32.6614685 596.353821 -545.5 -0.999792397 0.0203763265 -0
-32.6724167 596.68573 -545 -0.998267889 -0.0588325262 -0
-32.6724167 596.68573 -545.5 -0.99640733 -0.0846901163 -0
-32.7090874 597.015625 -545 -0.993878186 -0.110481523 -0
-32.7090874 597.015625 -545.5 -0.993878186 -0.110481523 -0
-37.2539101 596.894653 -545 0.9334777 0.358635455 -0
-37.4770851 597.632629 -545.5 0.957187593 0.289468318 -0
-37.4770851 597.632629 -545 0.957187593 0.289468318 -0
-37.2539101 596.894653 -545.5 0.904620409 0.426218092 -0
-36.8750496 596.222717 -545 0.831870914 0.554969132 -0
-36.8750496 596.222717 -545.5 0.787699282 0.616059899 -0
-36.3560524 595.652893 -545 0.687961698 0.725746989 -0
-36.3560524 595.652893 -545.5 0.632613242 0.774467885 -0
-35.7248611 595.210266 -545 0.510384798 0.859946132 -0
-35.7248611 595.210266 -545.5 0.443285495 0.896380484 -0
-35.0096512 594.921814 -545 0.295596361 0.955312908 -0
-35.0096512 594.921814 -545.5 0.214502081 0.976723552 -0
-34.2458534 594.819763 -545 0.132436052 0.991191566 -0
-34.2458534 594.819763 -545.5 0.132436052 0.991191566 -0
-32.7844238 595.699463 -545 -5.3013844e-14 -1.93935444e-13 -1
-32.9196472 595.446838 -545 1.31123367e-12 -1.15202108e-12 -1
-33.1298065 595.207642 -545 4.9908054e-13 -4.5204926e-13 -1
-32.7046242 595.974304 -545 1.71869043e-13 -1.38005614e-13 -1
-33.4199524 595.005005 -545 2.86926895e-13 -2.11745836e-13 -1
-33.7769127 594.867676 -545 1.75871646e-13 -1.70418611e-13 -1
-34.2458534 594.819763 -545 1.21710313e-13 -9.76285228e-14 -1
-32.6614685 596.353821 -545 2.36858276e-13 -1.70517192e-13 -1
-32.6724167 596.68573 -545 3.91406005e-15 2.92940178e-14 -1
-35.0096512 594.921814 -545 -3.66038885e-14 7.57249217e-14 -1
-32.7090874 597.015625 -545 2.23471144e-14 6.40436995e-15 -1
-35.7248611 595.210266 -545 3.89859789e-15 9.66672455e-15 -1
-33.0293694 597.931274 -545 -6.43061179e-14 7.8258675e-14 -1
-36.3560524 595.652893 -545 -6.72845839e-14 9.77896217e-14 -1
-33.417038 598.523071 -545 -9.64482061e-14 1.38369933e-13 -1
-33.8940773 598.971802 -545 9.56321068e-14 -6.25431781e-14 -1
-36.8750496 596.222717 -545 3.65516231e-14 -3.92291078e-14 -1
-34.4018631 599.271851 -545 2.29617367e-14 -7.2107515e-14 -1
-37.2539101 596.894653 -545 -8.70231011e-14 2.54681864e-15 -1
-35.1419601 599.539795 -545 -6.44648587e-14 -3.29668442e-14 -1
-37.4770851 597.632629 -545 -5.38382781e-14 -2.94327822e-14 -1
-36.4941559 599.824951 -545 -4.56117857e-14 -3.1406928e-14 -1
-37.8746223 599.88855 -545 -2.34140426e-15 -5.08074146e-14 -1
-26.5268993 601.337708 -545 -0.984808743 -0.173642471 -0
-25.059309 593.014343 -545.5 -0.984808743 -0.173642471 -0
-25.059309 593.014343 -545 -0.984808743 -0.173642471 -0
-26.5268993 601.337708 -545.5 -0.984808743 -0.173642471 -0
-26.6513939 603.63501 -545 -0.999972045 -0.00748083601 -0
-26.5268993 601.337708 -545.5 -0.998534858 -0.0541121587 -0
-26.5268993 601.337708 -545 -0.998534858 -0.0541121587 -0
-26.6513939 603.63501 -545.5 -0.998014212 0.0629890561 -0
-26.4452438 604.766418 -545 -0.972414076 0.233261421 -0
-26.4452438 604.766418 -545.5 -0.952114344 0.305742204 -0
-26.1614494 605.405457 -545 -0.879990101 0.474991977 -0
-26.1614494 605.405457 -545.5 -0.838349462 0.545133233 -0
-25.7635098 605.916138 -545 -0.703141928 0.711049497 -0
-25.7635098 605.916138 -545.5 -0.703141928 0.711049497 -0
-25.0866261 606.468323 -545.5 -0.536360741 0.843988836 -0
-25.0866261 606.468323 -545 -0.536360741 0.843988836 -0
-24.3737564 606.799316 -545 -0.367508233 0.930020273 -0
-24.3737564 606.799316 -545.5 -0.302306861 0.953210652 -0
-23.7821445 606.934509 -545 -0.164962783 0.986299813 -0
-23.7821445 606.934509 -545.5 -0.106407836 0.994322598 -0
-23.1761303 606.96344 -545 -0.0476765372 0.998862803 -0
-23.1761303 606.96344 -545.5 -0.0476765372 0.998862803 -0
-22.4045982 606.90918 -545.5 0.108760819 0.994067967 -0
-23.1761303 606.96344 -545.5 0.0701530352 0.997536242 -0
-23.1761303 606.96344 -545 0.0701530352 0.997536242 -0
-22.4045982 606.90918 -545 0.150312245 0.98863858 -0
-21.7293358 606.774963 -545.5 0.27537778 0.961336076 -0
-21.7293358 606.774963 -545 0.328903973 0.944363356 -0
-20.6297092 606.341492 -545.5 0.426812291 0.904340267 -0
-20.6297092 606.341492 -545 0.488287508 0.87268281 -0
-19.7148151 605.738708 -545.5 0.582805157 0.812611938 -0
-19.7148151 605.738708 -545 0.620449424 0.784246504 -0
-19.0897865 605.183716 -545.5 0.692516208 0.721402287 -0
-19.0897865 605.183716 -545 0.720059633 0.693912208 -0
-18.5335979 604.559753 -545.5 0.74647367 0.665414989 -0
-18.5335979 604.559753 -545 0.74647367 0.665414989 -0
-18.4844475 604.562134 -545 -0.0475617684 0.998868287 -0
-18.5335979 604.559753 -545.5 -0.0475617684 0.998868287 -0
-18.5335979 604.559753 -545 -0.0475617684 0.998868287 -0
-18.4844475 604.562134 -545.5 -0.0475617684 0.998868287 -0
-18.2513981 605.247742 -545.5 -0.922310054 0.386450678 -0
-18.4844475 604.562134 -545.5 -0.946803927 0.32181108 -0
-18.4844475 604.562134 -545 -0.946803927 0.32181108 -0
-18.2513981 605.247742 -545 -0.890986621 0.45402962 -0
-17.9101734 605.803223 -545.5 -0.814960539 0.579516411 -0
-17.9101734 605.803223 -545 -0.770868659 0.636994123 -0
-17.5025387 606.225281 -545.5 -0.670869708 0.741575241 -0
-17.5025387 606.225281 -545 -0.619178176 0.785250545 -0
-17.0182705 606.556824 -545.5 -0.508927763 0.860809207 -0
-17.0182705 606.556824 -545 -0.450432152 0.892810643 -0
-16.4779778 606.785767 -545.5 -0.334722459 0.942316771 -0
-16.4779778 606.785767 -545 -0.279032767 0.96028161 -0
-15.8882303 606.921143 -545.5 -0.172896475 0.984939992 -0
-15.8882303 606.921143 -545 -0.121463403 0.992595911 -0
-15.2845402 606.96344 -545.5 -0.0698465481 0.997557759 -0
-15.2845402 606.96344 -545 -0.0698465481 0.997557759 -0
-13.9689741 606.788757 -545.5 0.201161072 0.97955817 -0
-15.2845402 606.96344 -545.5 0.131599933 0.991302907 -0
-15.2845402 606.96344 -545 0.131599933 0.991302907 -0
-13.9689741 606.788757 -545 0.280144393 0.959957898 -0
-12.9698544 606.392578 -545.5 0.430689573 0.902500153 -0
-12.9698544 606.392578 -545 0.494128555 0.869388819 -0
-12.1431475 605.836853 -545.5 0.58806175 0.808816075 -0
-12.1431475 605.836853 -545 0.622963548 0.782250881 -0
-11.5745106 605.332703 -545.5 0.696370721 0.717682302 -0
-11.5745106 605.332703 -545 0.727976978 0.685601592 -0
-11.0790348 604.756775 -545.5 0.758053958 0.652191877 -0
-11.0790348 604.756775 -545 0.758053958 0.652191877 -0
-11.0050468 604.75946 -545 -0.0358162485 0.999358416 -0
-11.0790348 604.756775 -545.5 -0.0358162485 0.999358416 -0
-11.0790348 604.756775 -545 -0.0358162485 0.999358416 -0
-11.0050468 604.75946 -545.5 -0.0358162485 0.999358416 -0
-11.2013998 606.741333 -545 -0.995128036 -0.0985909849 -0
-11.0050468 604.75946 -545.5 -0.995128036 -0.0985909849 -0
-11.0050468 604.75946 -545 -0.995128036 -0.0985909849 -0
-11.2013998 606.741333 -545.5 -0.995128036 -0.0985909849 -0
-8.65287304 606.741333 -545.5 -0 1 -0
-11.2013998 606.741333 -545.5 -0 1 -0
-11.2013998 606.741333 -545 -0 1 -0
-8.65287304 606.741333 -545 -0 1 -0
-8.06998539 602.8797 -545.5 0.988798976 0.149253383 -0
-8.65287304 606.741333 -545.5 0.988798976 0.149253383 -0
-8.65287304 606.741333 -545 0.988798976 0.149253383 -0
-8.06998539 602.8797 -545 0.988798976 0.149253383 -0
-6.3315568 593.014343 -545.5 0.984826624 0.173541099 -0
-8.06998539 602.8797 -545.5 0.984826624 0.173541099 -0
-8.06998539 602.8797 -545 0.984826624 0.173541099 -0
-6.3315568 593.014343 -545 0.984826624 0.173541099 -0
-6.3315568 593.014343 -545 -0 -1 -0
-9.24030876 593.014343 -545.5 -0 -1 -0
-6.3315568 593.014343 -545.5 -0 -1 -0
-9.24030876 593.014343 -545 -0 -1 -0
-10.7074547 601.335205 -545.5 -0.984808803 -0.173642382 -0
-9.24030876 593.014343 -545.5 -0.984808803 -0.173642382 -0
-9.24030876 593.014343 -545 -0.984808803 -0.173642382 -0
-10.7074547 601.335205 -545 -0.984808803 -0.173642382 -0
-11.1186094 602.624756 -545.5 -0.931085765 -0.364800423 -0
-10.7074547 601.335205 -545.5 -0.952745855 -0.303768486 -0
-10.7074547 601.335205 -545 -0.952745855 -0.303768486 -0
-11.1186094 602.624756 -545 -0.899114013 -0.437714517 -0
-11.6361017 603.465271 -545.5 -0.806110859 -0.591764569 -0
-11.6361017 603.465271 -545 -0.752147973 -0.658994257 -0
-12.2979813 604.095764 -545.5 -0.607827365 -0.794069171 -0
-12.2979813 604.095764 -545 -0.607827365 -0.794069171 -0
-13.006629 604.514343 -545 -0.438918263 -0.898527026 -0
-13.006629 604.514343 -545.5 -0.438918263 -0.898527026 -0
-13.4528198 604.659912 -545.5 -0.209755033 -0.977753997 -0
-13.4528198 604.659912 -545 -0.209755033 -0.977753997 -0
-13.9197206 604.710205 -545 -0.107161723 -0.994241595 -0
-13.9197206 604.710205 -545.5 -0.107161723 -0.994241595 -0
-14.4502993 604.640442 -545.5 0.203302756 -0.979115903 -0
-13.9197206 604.710205 -545.5 0.130422175 -0.991458535 -0
-13.9197206 604.710205 -545 0.130422175 -0.991458535 -0
-14.4502993 604.640442 -545 0.286019474 -0.95822382 -0
-14.8516054 604.476379 -545.5 0.442247003 -0.896893263 -0
-14.8516054 604.476379 -545 0.516528845 -0.856269777 -0
-15.111331 604.280701 -545.5 0.655947804 -0.754806221 -0
-15.111331 604.280701 -545 0.70980233 -0.704400897 -0
-15.306385 604.051086 -545.5 0.804074049 -0.594529152 -0
-15.306385 604.051086 -545 0.842563152 -0.538597584 -0
-15.4511709 603.786804 -545.5 0.907117128 -0.420878321 -0
-15.4511709 603.786804 -545 0.928783774 -0.370621979 -0
-15.5831118 603.406921 -545.5 0.960712612 -0.277545094 -0
-15.5831118 603.406921 -545 0.97316426 -0.23011148 -0
-15.6671829 602.962341 -545.5 0.99385196 -0.110717215 -0
-15.6671829 602.962341 -545 0.998077393 -0.0619799756 -0
-15.6904135 602.133606 -545.5 0.998882234 0.0472683273 -0
-15.6904135 602.133606 -545 0.998882234 0.0472683199 -0
-15.5890274 601.31073 -545 0.992495596 0.122280389 -0
-15.5890274 601.31073 -545.5 0.992495596 0.122280389 -0
-14.1264286 593.014343 -545 0.984813392 0.173616186 -0
-15.5890274 601.31073 -545.5 0.984813392 0.173616186 -0
-15.5890274 601.31073 -545 0.984813392 0.173616186 -0
-14.1264286 593.014343 -545.5 0.984813392 0.173616186 -0
-14.1264286 593.014343 -545 -0 -1 -0
-17.0351772 593.014343 -545.5 -0 -1 -0
-14.1264286 593.014343 -545.5 -0 -1 -0
-17.0351772 593.014343 -545 -0 -1 -0
-18.5336189 601.512695 -545 -0.984808743 -0.173642591 -0
-17.0351772 593.014343 -545.5 -0.984808743 -0.173642591 -0
-17.0351772 593.014343 -545 -0.984808743 -0.173642591 -0
-18.5336189 601.512695 -545.5 -0.984808743 -0.173642591 -0
-18.893507 602.642151 -545 -0.929510117 -0.368796587 -0
-18.5336189 601.512695 -545.5 -0.952799916 -0.30359894 -0
-18.5336189 601.512695 -545 -0.952799916 -0.30359894 -0
-18.893507 602.642151 -545.5 -0.897128522 -0.4417696 -0
-19.3948936 603.46106 -545 -0.808051407 -0.589111924 -0
-19.3948936 603.46106 -545.5 -0.754876256 -0.655867279 -0
-20.0357552 604.077759 -545 -0.640226007 -0.768186569 -0
-20.0357552 604.077759 -545.5 -0.579256117 -0.815145612 -0
-20.7240582 604.486206 -545 -0.464154571 -0.885754228 -0
-20.7240582 604.486206 -545.5 -0.401765317 -0.915742636 -0
-21.2203617 604.650696 -545 -0.248877242 -0.968535066 -0
-21.2203617 604.650696 -545.5 -0.18163982 -0.983365119 -0
-21.7396679 604.710205 -545 -0.113850735 -0.993497849 -0
-21.7396679 604.710205 -545.5 -0.113850735 -0.993497849 -0
-22.3340721 604.63324 -545.5 0.167679757 -0.985841513 -0
-21.7396679 604.710205 -545.5 0.128458813 -0.991714835 -0
-21.7396679 604.710205 -545 0.128458813 -0.991714835 -0
-22.3340721 604.63324 -545 0.226263657 -0.974066079 -0
-22.6182213 604.536682 -545.5 0.397773623 -0.917483568 -0
-22.6182213 604.536682 -545 0.462476671 -0.886631429 -0
-22.9300671 604.348206 -545.5 0.575459838 -0.817830026 -0
-22.9300671 604.348206 -545 0.633950353 -0.773373783 -0
-23.1738281 604.114807 -545.5 0.745249927 -0.66678524 -0
-23.1738281 604.114807 -545 0.79476738 -0.606914222 -0
-23.357399 603.831482 -545.5 0.868684113 -0.495366484 -0
-23.357399 603.831482 -545 0.895434737 -0.445192754 -0
-23.4903164 603.521179 -545.5 0.941724002 -0.336386621 -0
-23.4903164 603.521179 -545 0.957511067 -0.288396418 -0
-23.6019402 603.085083 -545.5 0.982450783 -0.186521962 -0
-23.6019402 603.085083 -545 0.990172327 -0.139852703 -0
-23.6717606 602.413635 -545.5 0.998613298 -0.0526444018 -0
-23.6717606 602.413635 -545 0.999982417 -0.00593090057 -0
-23.6433964 601.645691 -545.5 0.996192575 0.0871798471 -0
-23.6433964 601.645691 -545 0.996192575 0.0871798471 -0
-23.5379333 600.884399 -545 0.990540206 0.137222692 -0
-23.5379333 600.884399 -545.5 0.990540206 0.137222692 -0
-22.1505585 593.014343 -545.5 0.984814942 0.173607454 1.97368824e-14
-23.5379333 600.884399 -545.5 0.984814942 0.173607454 -0
-23.5379333 600.884399 -545 0.984814942 0.173607454 1.97368824e-14
-22.1505585 593.014343 -545 0.984814942 0.173607454 3.94737648e-14
-22.1505585 593.014343 -545 -1.95422038e-14 -1 -1.13686838e-13
-25.059309 593.014343 -545.5 -1.95422038e-14 -1 -1.13686838e-13
-22.1505585 593.014343 -545.5 -0 -1 -2.27373675e-13
-25.059309 593.014343 -545 -3.90844075e-14 -1 -0
-23.5379333 600.884399 -545.5 -0 -0 -1
-22.1505585 593.014343 -545.5 -0 -0 -1
-25.059309 593.014343 -545.5 -0 -0 -1
-26.5268993 601.337708 -545.5 -6.39641801e-15 -9.67195159e-15 -1
-23.6433964 601.645691 -545.5 7.8668329e-15 -7.36543598e-14 -1
-23.6717606 602.413635 -545.5 -1.48735648e-14 4.28380269e-16 -1
-26.6513939 603.63501 -545.5 -1.44263839e-14 2.41486722e-14 -1
-23.6019402 603.085083 -545.5 1.7979411e-14 9.97021815e-14 -1
-23.4903164 603.521179 -545.5 2.33081207e-14 5.53108652e-14 -1
-26.4452438 604.766418 -545.5 3.09517731e-14 4.38773739e-14 -1
-23.357399 603.831482 -545.5 1.04730906e-14 -5.58384278e-15 -1
-26.1614494 605.405457 -545.5 3.04192469e-14 -1.80371516e-14 -1
-25.7635098 605.916138 -545.5 -2.54212697e-14 -5.88455473e-14 -1
-23.1738281 604.114807 -545.5 -2.94279236e-14 -4.23069884e-14 -1
-25.0866261 606.468323 -545.5 -0 -0 -1
-24.3737564 606.799316 -545.5 -0 -0 -1
-22.9300671 604.348206 -545.5 8.28990603e-14 2.73116033e-14 -1
-23.7821445 606.934509 -545.5 6.03000383e-15 -2.54558405e-14 -1
-22.6182213 604.536682 -545.5 -7.16906189e-14 -7.26802719e-14 -1
-23.1761303 606.96344 -545.5 -6.64195397e-14 -8.06651837e-14 -1
-22.3340721 604.63324 -545.5 -4.54679358e-14 -9.7661137e-15 -1
-22.4045982 606.90918 -545.5 7.88968432e-14 2.44480051e-15 -1
-21.7293358 606.774963 -545.5 -8.52968886e-14 3.87640935e-14 -1
-21.7396679 604.710205 -545.5 -5.51549468e-14 1.55733174e-14 -1
-20.6297092 606.341492 -545.5 4.20807594e-14 -5.82308114e-14 -1
-20.7240582 604.486206 -545.5 5.06801124e-14 -1.06073611e-13 -1
-21.2203617 604.650696 -545.5 1.94093317e-13 -1.35042544e-13 -1
-15.5890274 601.31073 -545.5 -2.02266555e-14 -3.4689292e-15 -1
-17.0351772 593.014343 -545.5 -1.97764626e-14 -1.02559274e-14 -1
-18.5336189 601.512695 -545.5 -3.39260209e-14 5.00285357e-15 -1
-14.1264286 593.014343 -545.5 -0 -1.37031804e-14 -1
-19.7148151 605.738708 -545.5 3.60805305e-14 -9.53018317e-14 -1
-20.0357552 604.077759 -545.5 -3.47474972e-14 3.98825251e-15 -1
-18.5335979 604.559753 -545.5 -1.00554114e-13 8.24274798e-14 -1
-19.3948936 603.46106 -545.5 -4.83233279e-14 3.78808211e-14 -1
-18.4844475 604.562134 -545.5 -2.87430064e-15 -8.57513252e-14 -1
-18.893507 602.642151 -545.5 4.1017235e-14 4.7191248e-14 -1
-19.0897865 605.183716 -545.5 -0 -0 -1
-15.6904135 602.133606 -545.5 5.29607647e-15 1.23657364e-13 -1
-15.6671829 602.962341 -545.5 2.86172622e-14 -2.41162837e-15 -1
-15.5831118 603.406921 -545.5 -1.49144789e-13 -3.74581415e-13 -1
-15.4511709 603.786804 -545.5 -5.35799059e-14 -6.4227764e-14 -1
-18.2513981 605.247742 -545.5 -5.84430982e-14 -4.81454002e-14 -1
-15.306385 604.051086 -545.5 -4.02127409e-15 2.20304884e-15 -1
-17.9101734 605.803223 -545.5 -0 -0 -1
-17.5025387 606.225281 -545.5 -2.38368404e-14 2.82119722e-14 -1
-17.0182705 606.556824 -545.5 6.0130348e-15 -1.41885557e-14 -1
-15.111331 604.280701 -545.5 6.90386604e-14 7.25397407e-15 -1
-16.4779778 606.785767 -545.5 1.24434095e-14 -3.8593596e-14 -1
-10.7074547 601.335205 -545.5 -0 -0 -1
-6.3315568 593.014343 -545.5 -0 -0 -1
-9.24030876 593.014343 -545.5 -0 -0 -1
-15.8882303 606.921143 -545.5 7.96988072e-14 -1.17799938e-14 -1
-14.8516054 604.476379 -545.5 8.90061543e-14 5.74658153e-15 -1
-15.2845402 606.96344 -545.5 5.1416184e-14 8.95021429e-15 -1
-14.4502993 604.640442 -545.5 -0 -0 -1
-13.9689741 606.788757 -545.5 -0 -0 -1
-13.9197206 604.710205 -545.5 -0 -0 -1
-12.9698544 606.392578 -545.5 -0 -0 -1
-13.4528198 604.659912 -545.5 -0 -0 -1
-11.0790348 604.756775 -545.5 -0 -0 -1
-11.6361017 603.465271 -545.5 -0 -0 -1
-12.2979813 604.095764 -545.5 -0 -0 -1
-12.1431475 605.836853 -545.5 -0 -0 -1
-13.006629 604.514343 -545.5 -0 -0 -1
-11.0050468 604.75946 -545.5 -0 -0 -1
-11.1186094 602.624756 -545.5 -0 -0 -1
-11.5745106 605.332703 -545.5 -0 -0 -1
-8.06998539 602.8797 -545.5 -0 -0 -1
-8.65287304 606.741333 -545.5 -0 -0 -1
-11.2013998 606.741333 -545.5 -0 -0 -1
-3.92550731 606.20459 -545 -0.899923384 -0.436048061 -0
-2.93239069 604.154968 -545.5 -0.899923384 -0.436048061 -0
-2.93239069 604.154968 -545 -0.899923384 -0.436048061 -0
-3.92550731 606.20459 -545.5 -0.899923384 -0.436048061 -0
-2.94951701 606.644958 -545 -0.352107137 0.935959697 -0
-3.92550731 606.20459 -545.5 -0.411263883 0.911516309 -0
-3.92550731 606.20459 -545 -0.411263883 0.911516309 -0
-2.94951701 606.644958 -545.5 -0.291296124 0.956632912 -0
-1.90635061 606.890991 -545 -0.177174032 0.984179556 -0
-1.90635061 606.890991 -545.5 -0.124121152 0.992267072 -0
-0.836802423 606.96698 -545 -0.0708794743 0.997484863 -0
-0.836802423 606.96698 -545.5 -0.0708794743 0.997484863 -0
0.938048482 606.731445 -545.5 0.196268618 0.98055017 -0
-0.836802423 606.96698 -545.5 0.131582394 0.991305232 -0
-0.836802423 606.96698 -545 0.131582394 0.991305232 -0
0.938048482 606.731445 -545 0.274622709 0.961552083 -0
2.15152001 606.249207 -545.5 0.437576383 0.899181247 -0
2.15152001 606.249207 -545 0.507198274 0.8618294 -0
3.13927317 605.551941 -545.5 0.632507503 0.774554193 -0
3.13927317 605.551941 -545 0.689171314 0.724598408 -0
3.86485267 604.740723 -545.5 0.790494084 0.612469673 -0
3.86485267 604.740723 -545 0.834491968 0.551020145 -0
4.34179592 603.874573 -545.5 0.908297241 0.418325454 -0
4.34179592 603.874573 -545 0.936076343 0.351796925 -0
4.62247372 602.92627 -545.5 0.958881497 0.283806771 -0
4.62247372 602.92627 -545 0.958881497 0.283806771 -0
4.67731953 602.216675 -545.5 0.999994814 -0.0032232285 -0
4.62247372 602.92627 -545.5 0.997026324 0.0770619288 -0
4.62247372 602.92627 -545 0.997026324 0.0770619288 -0
4.67731953 602.216675 -545 0.996463358 -0.0840286985 -0
4.56079102 601.514832 -545.5 0.969775856 -0.243997604 -0
4.56079102 601.514832 -545 0.946366966 -0.323093712 -0
4.27653837 600.862488 -545.5 0.883963883 -0.467555255 -0
4.27653837 600.862488 -545 0.845913231 -0.533320546 -0
3.85255361 600.29071 -545.5 0.76258868 -0.646883667 -0
3.85255361 600.29071 -545 0.718488097 -0.695539236 -0
3.3247838 599.812439 -545.5 0.62686491 -0.779127955 -0
3.3247838 599.812439 -545 0.585661411 -0.810555816 -0
2.60742307 599.34259 -545.5 0.49732694 -0.867563188 -0
2.60742307 599.34259 -545 0.49732694 -0.867563188 -0
1.83910251 598.960754 -545 0.445023775 -0.89551878 -0
1.83910251 598.960754 -545.5 0.445023775 -0.89551878 -0
0.87771678 598.452393 -545.5 0.498695999 -0.866776943 -0
1.83910251 598.960754 -545.5 0.467466652 -0.884010732 -0
1.83910251 598.960754 -545 0.467466652 -0.884010732 -0
0.87771678 598.452393 -545 0.544517577 -0.838749468 -0
0.449633986 598.116638 -545.5 0.658357203 -0.752705634 -0
0.449633986 598.116638 -545 0.705512524 -0.708697498 -0
0.184114724 597.807129 -545.5 0.801328003 -0.598225176 -0
0.184114724 597.807129 -545 0.847599506 -0.53063643 -0
0.0483489409 597.532959 -545.5 0.933191895 -0.359378457 -0
0.0483489409 597.532959 -545 0.959222376 -0.282652467 -0
-0.0312791653 597.169434 -545.5 0.98731637 -0.158765152 -0
-0.0312791653 597.169434 -545 0.995890319 -0.0905675516 -0
-0.03280624 596.896606 -545.5 0.999272406 0.0381393693 -0
-0.03280624 596.896606 -545 0.996647894 0.0818102956 -0
0.00143288088 596.625183 -545.5 0.992135763 0.125166461 -0
0.00143288088 596.625183 -545 0.992135763 0.125166461 -0
0.176896453 596.069092 -545.5 0.930915833 0.365233779 -0
0.00143288088 596.625183 -545.5 0.953658879 0.300889909 -0
0.00143288088 596.625183 -545 0.953658879 0.300889909 -0
0.176896453 596.069092 -545 0.897016108 0.441997796 -0
0.403683245 595.708801 -545.5 0.804794848 0.593553126 -0
0.403683245 595.708801 -545 0.759620667 0.650366426 -0
0.711310148 595.397217 -545.5 0.662909329 0.748699665 -0
0.711310148 595.397217 -545 0.610941887 0.791675448 -0
1.07527351 595.153442 -545.5 0.500470877 0.865753353 -0
1.07527351 595.153442 -545 0.442021281 0.897004545 -0
1.4799298 594.986267 -545.5 0.315590322 0.948895574 -0
1.4799298 594.986267 -545 0.260449886 0.965487361 -0
2.05635047 594.859741 -545.5 0.165879712 0.986145973 -0
2.05635047 594.859741 -545 0.116918556 0.993141532 -0
2.64509797 594.819763 -545.5 0.06779024 0.997699618 -0
2.64509797 594.819763 -545 0.06779024 0.997699618 -0
3.68146873 594.9375 -545 -0.177376926 0.984143019 -0
2.64509797 594.819763 -545.5 -0.112880386 0.993608594 -0
2.64509797 594.819763 -545 -0.112880386 0.993608594 -0
3.68146873 594.9375 -545.5 -0.241404966 0.970424473 -0
4.6747632 595.254639 -545 -0.361729801 0.932282984 -0
4.6747632 595.254639 -545.5 -0.418183833 0.908362448 -0
5.59325027 595.747559 -545 -0.472873747 0.881130219 -0
5.59325027 595.747559 -545.5 -0.472873747 0.881130219 -0
6.60078669 593.660461 -545 0.900555849 0.434740365 -0
5.59325027 595.747559 -545.5 0.900555849 0.434740365 -0
5.59325027 595.747559 -545 0.900555849 0.434740365 -0
6.60078669 593.660461 -545.5 0.900555849 0.434740365 -0
5.70547915 593.224182 -545 0.384490669 -0.923128843 -0
6.60078669 593.660461 -545.5 0.438040495 -0.898955226 -0
6.60078669 593.660461 -545 0.438040495 -0.898955226 -0
5.70547915 593.224182 -545.5 0.329465955 -0.944167435 -0
4.74636841 592.951416 -545 0.23652339 -0.971625805 -0
4.74636841 592.951416 -545.5 0.194974959 -0.980808198 -0
3.90603542 592.825439 -545 0.11481379 -0.993387043 -0
3.90603542 592.825439 -545.5 0.0811785087 -0.996699572 -0
3.05705118 592.785095 -545 0.0474947542 -0.998871505 -0
3.05705118 592.785095 -545.5 0.0474947542 -0.998871505 -0
0.967781365 593.036377 -545 -0.179704294 -0.98372066 -0
3.05705118 592.785095 -545.5 -0.119425245 -0.992843211 -0
3.05705118 592.785095 -545 -0.119425245 -0.992843211 -0
0.967781365 593.036377 -545.5 -0.257481068 -0.966283321 -0
-0.321243256 593.532593 -545 -0.42101866 -0.90705198 -0
-0.321243256 593.532593 -545.5 -0.488661498 -0.872473478 -0
-1.27376401 594.178955 -545 -0.623112261 -0.782132387 -0
-1.27376401 594.178955 -545.5 -0.684364557 -0.729139984 -0
-1.98636138 594.971619 -545 -0.789462507 -0.613798797 -0
-1.98636138 594.971619 -545.5 -0.834322333 -0.551276922 -0
-2.44775462 595.812805 -545 -0.893558562 -0.448946714 -0
-2.44775462 595.812805 -545.5 -0.914768994 -0.403977334 -0
-2.63924026 596.348206 -545 -0.958557189 -0.284900099 -0
-2.63924026 596.348206 -545.5 -0.958557189 -0.284900099 -0
-2.7711916 596.901001 -545.5 -0.972676337 -0.232165247 -0
-2.7711916 596.901001 -545 -0.972676337 -0.232165247 -0
-2.84025526 597.805115 -545.5 -0.999886572 -0.0150610311 -0
-2.7711916 596.901001 -545.5 -0.99709487 -0.076169759 -0
-2.7711916 596.901001 -545 -0.99709487 -0.076169759 -0
-2.84025526 597.805115 -545 -0.998466372 0.055361148 -0
-2.74032187 598.532593 -545.5 -0.979456544 0.201655373 -0
-2.74032187 598.532593 -545 -0.961504817 0.274788111 -0
-2.52284193 599.104675 -545.5 -0.910274029 0.414006233 -0
-2.52284193 599.104675 -545 -0.879844844 0.475261062 -0
-2.22620773 599.569092 -545.5 -0.800213814 0.599714756 -0
-2.22620773 599.569092 -545 -0.761938512 0.647649407 -0
-1.72239721 600.104065 -545.5 -0.674809098 0.737992287 -0
-1.72239721 600.104065 -545 -0.627276719 0.778796494 -0
-0.951097608 600.660706 -545.5 -0.542624116 0.839975655 -0
-0.951097608 600.660706 -545 -0.498505443 0.866886556 -0
-0.102450982 601.092224 -545.5 -0.453205496 0.891406059 -0
-0.102450982 601.092224 -545 -0.453205496 0.891406059 -0
1.13416123 601.765259 -545.5 -0.509131849 0.860688567 -0
-0.102450982 601.092224 -545.5 -0.478055656 0.878329515 -0
-0.102450982 601.092224 -545 -0.478055656 0.878329515 -0
1.13416123 601.765259 -545 -0.55948633 0.8288396 -0
1.56596482 602.137573 -545.5 -0.685319304 0.728242695 -0
1.56596482 602.137573 -545 -0.733346641 0.67985487 -0
1.72101629 602.351562 -545.5 -0.856799662 0.515649438 -0
1.72101629 602.351562 -545 -0.895599484 0.444861263 -0
1.82970726 602.619446 -545.5 -0.940515101 0.339751929 -0
1.82970726 602.619446 -545 -0.957711697 0.287729472 -0
1.86365747 602.779419 -545.5 -0.986381173 0.164475426 -0
1.86365747 602.779419 -545 -0.992833495 0.119505763 -0
1.87502575 602.934875 -545.5 -0.999883175 -0.0152832642 -0
1.87502575 602.934875 -545 -0.997731864 -0.0673135445 -0
1.84268475 603.252258 -545.5 -0.994847715 -0.101380534 -0
1.84268475 603.252258 -545 -0.994847715 -0.101380534 -0
1.68458164 603.746765 -545.5 -0.927010417 -0.375035554 -0
1.84268475 603.252258 -545.5 -0.952497423 -0.304546595 -0
1.84268475 603.252258 -545 -0.952497423 -0.304546595 -0
1.68458164 603.746765 -545 -0.891145706 -0.453717291 -0
1.45729589 604.101196 -545.5 -0.806877494 -0.590718746 -0
1.45729589 604.101196 -545 -0.766665518 -0.64204675 -0
1.18700576 604.382385 -545.5 -0.675414205 -0.73743856 -0
1.18700576 604.382385 -545 -0.626876116 -0.779118955 -0
0.868248582 604.606995 -545.5 -0.496178299 -0.868220627 -0
0.868248582 604.606995 -545 -0.496178299 -0.868220627 -0
0.512923956 604.767639 -545 -0.364731431 -0.931112766 -0
0.512923956 604.767639 -545.5 -0.316459954 -0.948605895 -0
0.136808932 604.87207 -545 -0.231134802 -0.972921729 -0
0.136808932 604.87207 -545.5 -0.188394696 -0.982093394 -0
-0.169376284 604.914673 -545 -0.0974336714 -0.995242 -0
-0.169376284 604.914673 -545.5 -0.0974336714 -0.995242 -0
-0.478582203 604.932312 -545.5 -0.0569813736 -0.998375237 -0
-0.478582203 604.932312 -545 -0.0569813736 -0.998375237 -0
-1.34599745 604.847839 -545 0.158351704 -0.98738277 -0
-0.478582203 604.932312 -545.5 0.0969528109 -0.995288968 -0
-0.478582203 604.932312 -545 0.0969528109 -0.995288968 -0
-1.34599745 604.847839 -545.5 0.223810345 -0.97463274 -0
-2.09511876 604.618469 -545 0.323521644 -0.946220756 -0
-2.09511876 604.618469 -545.5 0.364549726 -0.931183934 -0
-2.5301404 604.416199 -545 0.463618249 -0.886035025 -0
-2.5301404 604.416199 -545.5 0.504716396 -0.863285184 -0
-2.93239069 604.154968 -545 0.544620752 -0.838682473 -0
-2.93239069 604.154968 -545.5 0.544620752 -0.838682473 -0
0.711310148 595.397217 -545.5 -4.85395246e-14 2.68790812e-14 -1
-0.321243256 593.532593 -545.5 -7.35305846e-14 2.10534088e-14 -1
-1.27376401 594.178955 -545.5 1.21732653e-14 -3.94655452e-14 -1
0.403683245 595.708801 -545.5 8.94404993e-14 -9.80679568e-14 -1
1.07527351 595.153442 -545.5 -4.62112885e-14 2.55898072e-14 -1
0.967781365 593.036377 -545.5 -0 -0 -1
0.176896453 596.069092 -545.5 -2.15084484e-14 -9.44141632e-15 -1
-1.98636138 594.971619 -545.5 -4.39521974e-14 2.2911777e-14 -1
1.4799298 594.986267 -545.5 1.61808619e-14 5.40551084e-14 -1
0.00143288088 596.625183 -545.5 -3.6436325e-14 8.73545756e-14 -1
-2.44775462 595.812805 -545.5 -0 -0 -1
-2.63924026 596.348206 -545.5 8.46089437e-15 8.50484573e-14 -1
-0.03280624 596.896606 -545.5 2.0885637e-14 1.05485844e-13 -1
-2.7711916 596.901001 -545.5 4.1347195e-14 4.76853249e-15 -1
2.05635047 594.859741 -545.5 3.58450587e-14 7.2573622e-15 -1
3.05705118 592.785095 -545.5 7.40807968e-14 -1.60355246e-14 -1
-0.0312791653 597.169434 -545.5 7.09021338e-15 -1.48352169e-13 -1
-2.84025526 597.805115 -545.5 -1.45953399e-14 -1.1034448e-13 -1
2.64509797 594.819763 -545.5 6.92850454e-14 1.40277821e-14 -1
0.0483489409 597.532959 -545.5 -3.36581992e-14 -4.44663397e-14 -1
-2.74032187 598.532593 -545.5 -8.65050354e-15 8.9592972e-14 -1
-2.52284193 599.104675 -545.5 -2.72859501e-14 1.00632041e-13 -1
0.184114724 597.807129 -545.5 -4.44533597e-14 3.12884721e-14 -1
-2.22620773 599.569092 -545.5 -1.11946402e-13 -2.40938064e-14 -1
-1.72239721 600.104065 -545.5 -1.56898268e-14 1.4293227e-14 -1
0.449633986 598.116638 -545.5 4.10713401e-14 4.48852008e-14 -1
3.68146873 594.9375 -545.5 3.03114569e-14 -8.79332177e-15 -1
4.74636841 592.951416 -545.5 -8.74617354e-14 1.46255604e-14 -1
3.90603542 592.825439 -545.5 5.24618538e-15 -5.32696276e-14 -1
-0.951097608 600.660706 -545.5 -0 -0 -1
0.87771678 598.452393 -545.5 -0 -0 -1
4.6747632 595.254639 -545.5 -2.74730308e-14 6.93038698e-14 -1
5.70547915 593.224182 -545.5 -5.37844949e-14 1.40671532e-13 -1
6.60078669 593.660461 -545.5 1.61499401e-14 9.08260012e-14 -1
-0.102450982 601.092224 -545.5 -0 -0 -1
1.83910251 598.960754 -545.5 -0 -0 -1
5.59325027 595.747559 -545.5 -9.83072741e-14 -4.74575111e-14 -1
-3.92550731 606.20459 -545.5 8.21991401e-14 5.65377128e-16 -1
-2.5301404 604.416199 -545.5 1.68256488e-14 -3.21560168e-14 -1
-2.93239069 604.154968 -545.5 4.02567601e-13 2.50527274e-13 -1
1.13416123 601.765259 -545.5 -0 -0 -1
2.60742307 599.34259 -545.5 -0 -0 -1
3.3247838 599.812439 -545.5 4.2930425e-14 3.24742573e-14 -1
-2.94951701 606.644958 -545.5 -1.78246412e-14 -7.62642919e-14 -1
-2.09511876 604.618469 -545.5 1.01173605e-14 -3.33585156e-14 -1
1.56596482 602.137573 -545.5 6.41069703e-14 4.04916138e-14 -1
3.85255361 600.29071 -545.5 2.41825738e-14 -2.19188223e-14 -1
1.72101629 602.351562 -545.5 -6.94333066e-15 -6.0726245e-14 -1
-1.90635061 606.890991 -545.5 4.19829932e-15 -1.37115474e-14 -1
-1.34599745 604.847839 -545.5 -3.91886637e-14 -2.85661929e-14 -1
4.27653837 600.862488 -545.5 -0 -0 -1
4.56079102 601.514832 -545.5 2.61419016e-15 -1.38772715e-13 -1
1.82970726 602.619446 -545.5 -4.64134075e-14 -2.91903004e-13 -1
-0.836802423 606.96698 -545.5 -2.23126965e-15 -3.97689457e-14 -1
-0.478582203 604.932312 -545.5 3.14301189e-15 -5.5320911e-14 -1
-0.169376284 604.914673 -545.5 4.34107028e-14 -3.41819909e-14 -1
4.67731953 602.216675 -545.5 -2.04399553e-14 -1.44511993e-13 -1
1.86365747 602.779419 -545.5 -5.83426384e-15 1.09582401e-13 -1
4.62247372 602.92627 -545.5 -2.49215338e-14 5.639111e-14 -1
1.87502575 602.934875 -545.5 -4.17809369e-14 7.23425971e-14 -1
0.938048482 606.731445 -545.5 2.50369471e-14 -1.52616042e-14 -1
0.868248582 604.606995 -545.5 4.45645006e-14 -3.48245975e-14 -1
0.512923956 604.767639 -545.5 -0 -0 -1
0.136808932 604.87207 -545.5 -0 -0 -1
4.34179592 603.874573 -545.5 -5.32711658e-14 3.30588455e-14 -1
1.84268475 603.252258 -545.5 -8.30435506e-14 1.01135937e-13 -1
2.15152001 606.249207 -545.5 1.80859898e-14 -4.34679792e-14 -1
1.18700576 604.382385 -545.5 -1.37138632e-14 -1.59701608e-14 -1
3.86485267 604.740723 -545.5 -6.96130165e-14 6.09876394e-14 -1
1.68458164 603.746765 -545.5 -2.07505759e-14 -9.42027269e-15 -1
3.13927317 605.551941 -545.5 -2.5229454e-14 -2.86558971e-14 -1
1.45729589 604.101196 -545.5 -0 -0 -1
13.6239519 606.741333 -545 0.984808743 0.173642457 -0
13.1873713 609.217407 -545.5 0.984808743 0.173642457 -0
13.1873713 609.217407 -545 0.984808743 0.173642457 -0
13.6239519 606.741333 -545.5 0.984808743 0.173642457 -0
15.5552769 606.741333 -545.5 -0 1 -0
13.6239519 606.741333 -545.5 -0 1 -0
13.6239519 606.741333 -545 -0 1 -0
15.5552769 606.741333 -545 -0 1 -0
15.9140358 604.706604 -545.5 0.984808803 0.173642278 -0
15.5552769 606.741333 -545.5 0.984808803 0.173642278 -0
15.5552769 606.741333 -545 0.984808803 0.173642278 -0
15.9140358 604.706604 -545 0.984808803 0.173642278 -0
15.9140358 604.706604 -545 -0 -1 -0
13.9827108 604.706604 -545.5 -0 -1 -0
15.9140358 604.706604 -545.5 -0 -1 -0
13.9827108 604.706604 -545 -0 -1 -0
15.2605495 597.459412 -545 0.984808743 0.173642412 -0
13.9827108 604.706604 -545.5 0.984808743 0.173642412 -0
13.9827108 604.706604 -545 0.984808743 0.173642412 -0
15.2605495 597.459412 -545.5 0.984808743 0.173642412 -0
15.4349546 595.77948 -545 0.997739494 0.0672005042 -0
15.2605495 597.459412 -545.5 0.994654059 0.103263229 -0
15.2605495 597.459412 -545 0.994654059 0.103263229 -0
15.4349546 595.77948 -545.5 0.999918997 0.0127286427 -0
15.3691664 594.937256 -545 0.99114275 -0.132800773 -0
15.3691664 594.937256 -545.5 0.9800964 -0.198522046 -0
15.1935081 594.328735 -545 0.950317085 -0.311283529 -0
15.1935081 594.328735 -545.5 0.932323635 -0.361624986 -0
15.0531626 594.044739 -545 0.873336554 -0.487117261 -0
15.0531626 594.044739 -545.5 0.847933173 -0.530103087 -0
14.87187 593.784485 -545 0.820506811 -0.571636736 -0
14.87187 593.784485 -545.5 0.820506811 -0.571636736 -0
14.537756 593.449646 -545 0.659386098 -0.751804471 -0
14.87187 593.784485 -545.5 0.707875311 -0.706337452 -0
14.87187 593.784485 -545 0.707875311 -0.706337452 -0
14.537756 593.449646 -545.5 0.607756972 -0.794123054 -0
14.1437588 593.187683 -545 0.503263295 -0.86413312 -0
14.1437588 593.187683 -545.5 0.450895667 -0.892576694 -0
13.7094412 592.999756 -545 0.351212651 -0.936295748 -0
13.7094412 592.999756 -545.5 0.304319113 -0.95257014 -0
13.2520943 592.878235 -545 0.219204977 -0.975678802 -0
13.2520943 592.878235 -545.5 0.181245983 -0.983437777 -0
12.7834959 592.810486 -545 0.0947324038 -0.99550277 -0
12.7834959 592.810486 -545.5 0.0947324038 -0.99550277 -0
12.3105955 592.788635 -545.5 0.0461470895 -0.998934627 -0
12.3105955 592.788635 -545 0.0461470895 -0.998934627 -0
11.1567268 592.852661 -545 -0.13379401 -0.991009176 -0
12.3105955 592.788635 -545.5 -0.0553693064 -0.998465955 -0
12.3105955 592.788635 -545 -0.0553693064 -0.998465955 -0
11.1567268 592.852661 -545.5 -0.13379401 -0.991009176 -0
10.0287333 593.096741 -545.5 -0.211491451 -0.977379858 -0
10.0287333 593.096741 -545 -0.211491451 -0.977379858 -0
9.75033188 595.22168 -545 -0.991526306 -0.129906163 -0
10.0287333 593.096741 -545.5 -0.991526306 -0.129906163 -0
10.0287333 593.096741 -545 -0.991526306 -0.129906163 -0
9.75033188 595.22168 -545.5 -0.991526306 -0.129906163 -0
10.3916569 595.086609 -545.5 0.160428464 0.987047493 -0
9.75033188 595.22168 -545.5 0.206051081 0.978541255 -0
9.75033188 595.22168 -545 0.206051081 0.978541255 -0
10.3916569 595.086609 -545 0.114387169 0.993436217 -0
11.0460787 595.04187 -545.5 0.0682251528 0.997669935 -0
11.0460787 595.04187 -545 0.0682251528 0.997669935 -0
11.0460787 595.04187 -545 -0.0886683315 0.996061206 -0
11.4585857 595.078552 -545.5 -0.156728268 0.987641752 -0
11.0460787 595.04187 -545.5 -0.0886683315 0.996061206 -0
11.4585857 595.078552 -545 -0.23426123 0.972173691 -0
11.7762861 595.186462 -545.5 -0.425908387 0.904766321 -0
11.7762861 595.186462 -545 -0.425908387 0.904766321 -0
11.9853373 595.326538 -545 -0.642194092 0.766542077 -0
11.9853373 595.326538 -545.5 -0.642194092 0.766542077 -0
12.1455917 595.49585 -545.5 -0.795314252 0.606197417 -0
12.1455917 595.49585 -545 -0.795314252 0.606197417 -0
12.2664061 595.695312 -545 -0.899405599 0.437115014 -0
12.2664061 595.695312 -545.5 -0.899405599 0.437115014 -0
12.3485622 595.913513 -545.5 -0.96787405 0.251435429 -0
12.3485622 595.913513 -545 -0.96787411 0.251435399 -0
12.4179497 596.278625 -545 -0.993946791 0.109862797 -0
12.4179497 596.278625 -545.5 -0.993946791 0.109862782 -0
12.4337397 596.684082 -545.5 -0.999761701 -0.0218299199 -0
12.4337397 596.684082 -545 -0.999761701 -0.0218299199 -0
12.3989344 597.149475 -545 -0.99316895 -0.11668501 -0
12.3989344 597.149475 -545.5 -0.99316895 -0.116685018 -0
12.3249245 597.610291 -545.5 -0.987346888 -0.158575132 -0
12.3249245 597.610291 -545 -0.987346888 -0.158575132 -0
11.0739594 604.706604 -545 -0.984815121 -0.173606426 -0
12.3249245 597.610291 -545.5 -0.984815121 -0.173606426 -0
12.3249245 597.610291 -545 -0.984815121 -0.173606426 -0
11.0739594 604.706604 -545.5 -0.984815121 -0.173606426 -0
11.0739594 604.706604 -545 -0 -1 -0
7.83032417 604.706604 -545.5 -0 -1 -0
11.0739594 604.706604 -545.5 -0 -1 -0
7.83032417 604.706604 -545 -0 -1 -0
7.47156525 606.741333 -545.5 -0.984808803 -0.173642278 -0
7.83032417 604.706604 -545.5 -0.984808803 -0.173642278 -0
7.83032417 604.706604 -545 -0.984808803 -0.173642278 -0
7.47156525 606.741333 -545 -0.984808803 -0.173642278 -0
10.7152004 606.741333 -545.5 -0 1 -0
7.47156525 606.741333 -545.5 -0 1 -0
7.47156525 606.741333 -545 -0 1 -0
10.7152004 606.741333 -545 -0 1 -0
10.1214504 610.108765 -545 -0.984808743 -0.173642457 3.49874345e-14
10.7152004 606.741333 -545.5 -0.984808743 -0.173642457 3.49874345e-14
10.7152004 606.741333 -545 -0.984808743 -0.173642457 -0
10.1214504 610.108765 -545.5 -0.984808743 -0.173642457 6.9974869e-14
13.1873713 609.217407 -545.5 0.279178321 0.960239291 -9.87522679e-15
10.1214504 610.108765 -545.5 0.279178321 0.960239291 -1.97504536e-14
10.1214504 610.108765 -545 0.279178321 0.960239291 -9.87522679e-15
13.1873713 609.217407 -545 0.279178321 0.960239291 -0
10.3916569 595.086609 -545.5 -0 -0 -1
10.0287333 593.096741 -545.5 4.34789059e-14 -2.27403494e-14 -1
9.75033188 595.22168 -545.5 -0 -0 -1
11.0460787 595.04187 -545.5 4.82669528e-14 -3.48232321e-14 -1
11.1567268 592.852661 -545.5 -5.89887466e-15 -4.36928326e-14 -1
11.4585857 595.078552 -545.5 -5.93742178e-14 -3.33213038e-14 -1
12.3105955 592.788635 -545.5 -5.71812359e-14 -2.12753433e-14 -1
11.7762861 595.186462 -545.5 -0 -0 -1
12.7834959 592.810486 -545.5 9.48265582e-14 3.00816263e-14 -1
11.9853373 595.326538 -545.5 -6.3792511e-14 -7.90888215e-14 -1
13.7094412 592.999756 -545.5 -1.53078708e-13 -1.33090641e-13 -1
13.2520943 592.878235 -545.5 8.58363538e-15 -4.19939047e-14 -1
12.1455917 595.49585 -545.5 7.34093301e-15 -5.59534168e-15 -1
14.1437588 593.187683 -545.5 1.81963836e-14 -3.35015964e-14 -1
14.537756 593.449646 -545.5 2.32556656e-14 -2.83722292e-14 -1
14.87187 593.784485 -545.5 7.83242083e-14 7.9221223e-14 -1
12.2664061 595.695312 -545.5 3.63312726e-14 1.23212801e-13 -1
15.0531626 594.044739 -545.5 -9.16441876e-14 -1.54728322e-13 -1
15.1935081 594.328735 -545.5 -3.3330035e-14 1.18008901e-14 -1
15.3691664 594.937256 -545.5 1.42692068e-14 1.32797297e-13 -1
12.3485622 595.913513 -545.5 -1.47903218e-14 3.84224479e-15 -1
15.4349546 595.77948 -545.5 -1.54669216e-14 -3.40285356e-14 -1
12.4179497 596.278625 -545.5 -2.39694959e-14 -1.44878819e-13 -1
12.4337397 596.684082 -545.5 1.18187117e-14 -4.30927673e-14 -1
15.2605495 597.459412 -545.5 3.67516034e-15 4.31785236e-16 -1
12.3989344 597.149475 -545.5 3.9229057e-14 4.60892226e-15 -1
12.3249245 597.610291 -545.5 3.98346943e-16 7.74965097e-15 -1
10.7152004 606.741333 -545.5 -0 -0 -1
7.83032417 604.706604 -545.5 -0 -0 -1
7.47156525 606.741333 -545.5 -0 -0 -1
11.0739594 604.706604 -545.5 -0 -0 -1
13.9827108 604.706604 -545.5 -0 -0 -1
13.6239519 606.741333 -545.5 -0 -0 -1
15.5552769 606.741333 -545.5 -0 -0 -1
15.9140358 604.706604 -545.5 -0 -0 -1
13.1873713 609.217407 -545.5 -0 -0 -1
10.1214504 610.108765 -545.5 -0 -0 -1
24.6844368 606.970581 -545 -0.726717591 -0.686936378 -0
24.6878204 606.96698 -545.5 -0.726717591 -0.686936378 -0
24.6878204 606.96698 -545 -0.726717591 -0.686936378 -0
24.6844368 606.970581 -545.5 -0.726717591 -0.686936378 -0
26.5795441 606.728271 -545 0.202942878 0.979190588 -0
24.6844368 606.970581 -545.5 0.126841977 0.991922915 -0
24.6844368 606.970581 -545 0.126841977 0.991922915 -0
26.5795441 606.728271 -545.5 0.283699811 0.958913147 -0
28.1788673 606.095886 -545 0.430896878 0.902401149 -0
28.1788673 606.095886 -545.5 0.496685833 0.867930412 -0
29.4581242 605.222412 -545 0.617905617 0.78625232 -0
29.4581242 605.222412 -545.5 0.66936636 0.742932498 -0
30.5366478 604.111145 -545 0.764229953 0.644943893 -0
30.5366478 604.111145 -545.5 0.807360709 0.590058148 -0
31.361784 602.799866 -545 0.876011252 0.482290685 -0
31.361784 602.799866 -545.5 0.902236819 0.431240916 -0
31.9688606 601.322205 -545 0.941653252 0.336584598 -0
31.9688606 601.322205 -545.5 0.956314445 0.29234007 -0
32.3644791 599.773926 -545 0.968870521 0.247567996 -0
32.3644791 599.773926 -545.5 0.968870521 0.247567996 -0
32.4844246 597.338989 -545 0.999992013 0.00399058405 -0
32.3644791 599.773926 -545.5 0.998788953 0.0491995327 -0
32.3644791 599.773926 -545 0.998788953 0.0491995327 -0
32.4844246 597.338989 -545.5 0.997934341 -0.0642420202 -0
32.2687645 596.138 -545 0.973436832 -0.228955746 -0
32.2687645 596.138 -545.5 0.956715465 -0.291025043 -0
31.9346676 595.285706 -545 0.900647521 -0.434550434 -0
31.9346676 595.285706 -545.5 0.867112875 -0.498111665 -0
31.379076 594.453918 -545 0.786078274 -0.618126929 -0
31.379076 594.453918 -545.5 0.73656261 -0.676369369 -0
30.6284409 593.749878 -545 0.626452267 -0.779459774 -0
30.6284409 593.749878 -545.5 0.564768612 -0.825249314 -0
29.7373161 593.235168 -545 0.436125278 -0.899885952 -0
29.7373161 593.235168 -545.5 0.369488269 -0.929235399 -0
28.7555485 592.924988 -545 0.264257342 -0.964452207 -0
28.7555485 592.924988 -545.5 0.216062456 -0.976379573 -0
28.0739136 592.820618 -545 0.101568066 -0.994828582 -0
28.0739136 592.820618 -545.5 0.101568066 -0.994828582 -0
27.3852196 592.785095 -545.5 0.0515367165 -0.998671114 -0
27.3852196 592.785095 -545 0.0515367165 -0.998671114 -0
25.8507824 592.940918 -545 -0.176421121 -0.984314799 -0
27.3852196 592.785095 -545.5 -0.101054609 -0.994880855 -0
27.3852196 592.785095 -545 -0.101054609 -0.994880855 -0
25.8507824 592.940918 -545.5 -0.251196414 -0.967936158 -0
24.3916645 593.440796 -545 -0.385774285 -0.922593176 -0
24.3916645 593.440796 -545.5 -0.446019411 -0.895023286 -0
23.0585232 594.21875 -545 -0.557643175 -0.830080807 -0
23.0585232 594.21875 -545.5 -0.609254956 -0.792974412 -0
21.8974247 595.234009 -545 -0.714057088 -0.700087428 -0
21.8974247 595.234009 -545.5 -0.76595068 -0.642899334 -0
20.9990788 596.488342 -545 -0.847184598 -0.531298697 -0
20.9990788 596.488342 -545.5 -0.878274441 -0.478156865 -0
20.3452778 597.887085 -545 -0.91885519 -0.394594848 -0
20.3452778 597.887085 -545.5 -0.933704734 -0.358043969 -0
20.0076752 598.920593 -545 -0.958633959 -0.284641802 -0
20.0076752 598.920593 -545.5 -0.965999246 -0.258544832 -0
19.7551289 599.978149 -545 -0.972649574 -0.232277334 -0
19.7551289 599.978149 -545.5 -0.972649574 -0.232277334 -0
19.6025105 601.641357 -545 -0.999596417 -0.0284072645 -0
19.7551289 599.978149 -545.5 -0.995816588 -0.0913745388 -0
19.7551289 599.978149 -545 -0.995816588 -0.0913745388 -0
19.6025105 601.641357 -545.5 -0.999388039 0.0349796936 -0
19.7660332 603.301453 -545 -0.98687005 0.161516115 -0
19.7660332 603.301453 -545.5 -0.971110463 0.23863028 -0
20.1701584 604.44873 -545 -0.915047586 0.403345942 -0
20.1701584 604.44873 -545.5 -0.879401147 0.47608158 -0
20.7882748 605.390137 -545 -0.79060781 0.612322867 -0
20.7882748 605.390137 -545.5 -0.736328542 0.676624119 -0
21.5383434 606.072021 -545 -0.611783624 0.791025162 -0
21.5383434 606.072021 -545.5 -0.546597898 0.837395191 -0
22.4286289 606.557007 -545 -0.414149076 0.91020906 -0
22.4286289 606.557007 -545.5 -0.347475827 0.937688947 -0
23.4026318 606.840393 -545 -0.247453541 0.968899786 -0
23.4026318 606.840393 -545.5 -0.204828128 0.978797972 -0
24.0421429 606.934448 -545 -0.113894507 0.993492842 -0
24.0421429 606.934448 -545.5 -0.0821614712 0.996619046 -0
24.6878204 606.96698 -545 -0.0503808223 0.998730063 -0
24.6878204 606.96698 -545.5 -0.0503808223 0.998730063 -0
23.4842606 604.287231 -545.5 4.00338772e-14 4.36481465e-14 -1
21.5383434 606.072021 -545.5 1.92437364e-14 4.70409607e-14 -1
22.4286289 606.557007 -545.5 -3.61661249e-14 -2.73234753e-14 -1
23.1839371 603.921509 -545.5 -4.8258557e-14 -4.01704427e-14 -1
20.7882748 605.390137 -545.5 -4.83809837e-14 -6.93556811e-14 -1
23.9048405 604.603027 -545.5 -9.52966072e-14 -5.84611637e-14 -1
23.4026318 606.840393 -545.5 -9.32065094e-14 -5.71789591e-14 -1
22.9648552 603.501831 -545.5 -1.53968957e-14 -4.59497146e-14 -1
20.1701584 604.44873 -545.5 3.25706327e-14 2.59457288e-14 -1
24.3753262 604.802429 -545.5 4.35613663e-14 -3.77700419e-15 -1
24.0421429 606.934448 -545.5 8.71179824e-14 1.36145122e-14 -1
24.6878204 606.96698 -545.5 6.20444044e-14 1.1735578e-14 -1
26.5795441 606.728271 -545.5 -0 -0 -1
24.6844368 606.970581 -545.5 -0 -0 -1
22.7712498 602.900818 -545.5 2.10983151e-14 3.54528554e-14 -1
19.7660332 603.301453 -545.5 -0 -0 -1
25.1427593 604.932312 -545.5 9.18448057e-14 2.05357209e-14 -1
22.6096706 601.967957 -545.5 -3.400825e-15 3.13169494e-14 -1
19.6025105 601.641357 -545.5 -1.75206648e-14 2.51347693e-14 -1
25.5947762 604.884583 -545.5 -0 -0 -1
26.0387001 604.786987 -545.5 -0 -0 -1
22.5914021 600.931885 -545.5 -2.13277797e-14 -1.07780612e-15 -1
19.7551289 599.978149 -545.5 -1.79581928e-14 -3.21262826e-14 -1
26.7711296 604.480286 -545.5 2.7778227e-14 -2.42042375e-14 -1
28.1788673 606.095886 -545.5 -1.76719415e-14 -2.54573025e-14 -1
22.712204 599.903076 -545.5 7.32206366e-15 2.66915731e-15 -1
20.3452778 597.887085 -545.5 2.06953442e-14 8.43551896e-15 -1
20.0076752 598.920593 -545.5 -1.79143369e-14 4.93128521e-14 -1
22.7140274 599.902893 -545.5 -1.22470368e-14 -1.11942214e-13 -1
27.3611965 604.056152 -545.5 -6.18381079e-14 -1.54235111e-14 -1
29.4581242 605.222412 -545.5 -8.19275678e-14 -7.68604303e-15 -1
27.9438782 603.408203 -545.5 -5.5814223e-14 -1.14899833e-14 -1
23.3270531 597.856506 -545.5 2.11586577e-14 -1.06148941e-14 -1
20.9990788 596.488342 -545.5 1.87402533e-14 -3.18868501e-14 -1
30.5366478 604.111145 -545.5 6.00178874e-15 -5.44652824e-14 -1
21.8974247 595.234009 -545.5 -1.2217372e-14 2.11900488e-14 -1
28.8813839 601.713684 -545.5 -4.58943754e-15 -1.75736493e-16 -1
24.1018696 596.505005 -545.5 -4.45280646e-15 3.27610457e-14 -1
31.361784 602.799866 -545.5 3.74189273e-14 1.92160757e-14 -1
23.0585232 594.21875 -545.5 3.75622622e-14 7.77281478e-15 -1
24.8875065 595.640381 -545.5 5.98809874e-14 -3.24594206e-14 -1
31.9688606 601.322205 -545.5 -2.07596002e-14 1.64278618e-14 -1
29.4055805 599.849182 -545.5 -1.6694086e-14 -2.99770415e-14 -1
24.3916645 593.440796 -545.5 -1.16622944e-14 -3.00638217e-14 -1
25.5377045 595.193481 -545.5 -7.62043084e-14 1.58154129e-14 -1
32.3644791 599.773926 -545.5 -5.82300264e-16 -2.29038099e-14 -1
29.5259762 598.796143 -545.5 -0 -0 -1
25.8507824 592.940918 -545.5 -4.65370709e-14 1.89083859e-14 -1
26.2234154 594.925903 -545.5 -6.21743461e-14 6.89446127e-14 -1
26.9517727 594.819763 -545.5 4.22619601e-14 -1.9429606e-15 -1
27.3852196 592.785095 -545.5 8.07134375e-14 -2.42989358e-14 -1
27.4817104 594.883911 -545.5 6.46184156e-14 -2.97078129e-15 -1
32.4844246 597.338989 -545.5 -0 -0 -1
29.3807545 597.026306 -545.5 -0 -0 -1
29.501852 597.736816 -545.5 -0 -0 -1
28.0739136 592.820618 -545.5 -0 -0 -1
27.9878159 595.053223 -545.5 -0 -0 -1
28.7555485 592.924988 -545.5 -0 -0 -1
28.3974247 595.303772 -545.5 -5.16078472e-14 -3.34274133e-14 -1
32.2687645 596.138 -545.5 -0 -0 -1
29.7373161 593.235168 -545.5 -2.88066757e-14 -4.13580574e-14 -1
28.7089939 595.603638 -545.5 1.53320095e-14 -1.32782808e-14 -1
31.9346676 595.285706 -545.5 -0 -0 -1
29.1542568 596.342163 -545.5 -0 -0 -1
30.6284409 593.749878 -545.5 4.67715669e-14 1.33440732e-14 -1
28.9613552 595.954956 -545.5 4.82393022e-14 3.64696507e-14 -1
31.379076 594.453918 -545.5 -0 -0 -1
22.712204 599.903076 -545 -0.10875605 -0.994068444 -0
22.7140274 599.902893 -545.5 -0.10875605 -0.994068444 -0
22.7140274 599.902893 -545 -0.10875605 -0.994068444 -0
22.712204 599.903076 -545.5 -0.10875605 -0.994068444 -0
24.3753262 604.802429 -545.5 0.223192841 -0.974774301 -0
25.1427593 604.932312 -545.5 0.166875601 -0.985977948 -0
25.1427593 604.932312 -545 0.166875601 -0.985977948 -0
24.3753262 604.802429 -545 0.295618743 -0.955305994 -0
23.9048405 604.603027 -545.5 0.464713544 -0.885461092 -0
23.9048405 604.603027 -545 0.535181284 -0.844737232 -0
23.4842606 604.287231 -545.5 0.657958686 -0.753054023 -0
23.4842606 604.287231 -545 0.715953827 -0.698147595 -0
23.1839371 603.921509 -545.5 0.814574957 -0.580058277 -0
23.1839371 603.921509 -545 0.852635741 -0.52250582 -0
22.9648552 603.501831 -545.5 0.915779769 -0.401680678 -0
22.9648552 603.501831 -545 0.93667835 -0.350190967 -0
22.7712498 602.900818 -545.5 0.968513072 -0.24896276 -0
22.7712498 602.900818 -545 0.978753686 -0.205039546 -0
22.6096706 601.967957 -545.5 0.993149042 -0.116854668 -0
22.6096706 601.967957 -545 0.997833669 -0.0657869279 -0
22.5914021 600.931885 -545.5 0.999614894 0.0277504344 -0
22.5914021 600.931885 -545 0.997319877 0.0731647015 -0
22.7140274 599.902893 -545.5 0.992974102 0.118332118 -0
22.7140274 599.902893 -545 0.992974102 0.118332118 -0
28.8813839 601.713684 -545 -0.939029038 -0.343837857 -0
29.4055805 599.849182 -545.5 -0.962676883 -0.270653248 -0
29.4055805 599.849182 -545 -0.962676883 -0.270653248 -0
28.8813839 601.713684 -545.5 -0.909633517 -0.415411681 -0
27.9438782 603.408203 -545 -0.854165435 -0.520001352 -0
27.9438782 603.408203 -545.5 -0.818005741 -0.575210094 -0
27.3611965 604.056152 -545 -0.699875951 -0.714264452 -0
27.3611965 604.056152 -545.5 -0.647102892 -0.762402713 -0
26.7711296 604.480286 -545 -0.516925097 -0.856030643 -0
26.7711296 604.480286 -545.5 -0.450690836 -0.892680109 -0
26.0387001 604.786987 -545 -0.349031508 -0.93711096 -0
26.0387001 604.786987 -545.5 -0.29585883 -0.955231667 -0
25.5947762 604.884583 -545 -0.178388834 -0.983960092 -0
25.5947762 604.884583 -545.5 -0.141793191 -0.989896297 -0
25.1427593 604.932312 -545 -0.105053701 -0.994466543 -0
25.1427593 604.932312 -545.5 -0.105053701 -0.994466543 -0
27.4817104 594.883911 -545.5 -0.186690748 0.982418716 -0
26.9517727 594.819763 -545.5 -0.120153978 0.992755294 -0
26.9517727 594.819763 -545 -0.120153978 0.992755294 -0
27.4817104 594.883911 -545 -0.252689928 0.967547297 -0
27.9878159 595.053223 -545.5 -0.382836521 0.923816085 -0
27.9878159 595.053223 -545 -0.451430619 0.892306209 -0
28.3974247 595.303772 -545.5 -0.578052461 0.815999568 -0
28.3974247 595.303772 -545 -0.635622561 0.772000015 -0
28.7089939 595.603638 -545.5 -0.735710621 0.677296042 -0
28.7089939 595.603638 -545 -0.775431514 0.631431639 -0
28.9613552 595.954956 -545.5 -0.842222333 0.53913039 -0
28.9613552 595.954956 -545 -0.869942129 0.49315384 -0
29.1542568 596.342163 -545.5 -0.922052681 0.387064368 -0
29.1542568 596.342163 -545 -0.938495576 0.345291287 -0
29.3807545 597.026306 -545.5 -0.963916779 0.266203791 -0
29.3807545 597.026306 -545 -0.976098835 0.217327014 -0
29.501852 597.736816 -545.5 -0.994284689 0.10676121 -0
29.501852 597.736816 -545 -0.998213351 0.0597503111 -0
29.5259762 598.796143 -545.5 -0.998963058 -0.0455277972 -0
29.5259762 598.796143 -545 -0.998963058 -0.0455277972 -0
29.4055805 599.849182 -545 -0.993527055 -0.11359559 -0
29.4055805 599.849182 -545.5 -0.993527055 -0.11359559 -0
23.3270531 597.856506 -545 0.938423157 0.345488101 -0
22.712204 599.903076 -545.5 0.95771426 0.287721068 -0
22.712204 599.903076 -545 0.95771426 0.287721068 -0
23.3270531 597.856506 -545.5 0.909964681 0.414685696 -0
24.1018696 596.505005 -545 0.836691022 0.547675252 -0
24.1018696 596.505005 -545.5 0.795570016 0.605861664 -0
24.8875065 595.640381 -545 0.699769974 0.714368224 -0
24.8875065 595.640381 -545.5 0.644502878 0.764601886 -0
25.5377045 595.193481 -545 0.471607894 0.8818084 -0
25.5377045 595.193481 -545.5 0.471607894 0.8818084 -0
26.2234154 594.925903 -545.5 0.255533665 0.966800153 -0
26.2234154 594.925903 -545 0.255533665 0.966800153 -0
26.9517727 594.819763 -545 0.144241601 0.989542484 -0
26.9517727 594.819763 -545.5 0.144241601 0.989542484 -0
27.9878159 595.053223 -545 2.37228396e-13 -5.17340131e-13 -1
28.7089939 595.603638 -545 -1.64238415e-13 1.42238638e-13 -1
28.3974247 595.303772 -545 6.36695557e-13 -1.04070485e-12 -1
27.4817104 594.883911 -545 2.19058644e-14 -6.54820504e-14 -1
28.9613552 595.954956 -545 -4.45820444e-14 1.18619971e-13 -1
26.9517727 594.819763 -545 3.15845034e-15 9.45561988e-14 -1
26.2234154 594.925903 -545 -3.19874945e-14 8.51095046e-14 -1
29.1542568 596.342163 -545 0 0 -1
25.5377045 595.193481 -545 0 0 -1
29.3807545 597.026306 -545 0 0 -1
24.8875065 595.640381 -545 0 0 -1
29.501852 597.736816 -545 0 0 -1
24.1018696 596.505005 -545 0 0 -1
29.5259762 598.796143 -545 0 0 -1
23.3270531 597.856506 -545 0 0 -1
29.4055805 599.849182 -545 0 0 -1
22.7140274 599.902893 -545 6.29912441e-15 -2.14544806e-14 -1
28.8813839 601.713684 -545 1.31053319e-14 -1.95529052e-14 -1
22.712204 599.903076 -545 0 0 -1
22.5914021 600.931885 -545 1.00071666e-14 5.05714774e-16 -1
27.9438782 603.408203 -545 -6.36379072e-15 6.22749939e-14 -1
22.6096706 601.967957 -545 -1.5940086e-14 8.5990446e-14 -1
27.3611965 604.056152 -545 1.10609111e-14 1.2099349e-14 -1
22.7712498 602.900818 -545 5.19144206e-15 -1.31394792e-14 -1
26.7711296 604.480286 -545 3.58274371e-14 -9.07293107e-14 -1
26.0387001 604.786987 -545 0 0 -1
25.5947762 604.884583 -545 -1.32753161e-14 -1.61694558e-14 -1
24.3753262 604.802429 -545 1.32776101e-13 -2.54549094e-13 -1
25.1427593 604.932312 -545 5.69293283e-14 5.38908328e-13 -1
22.9648552 603.501831 -545 4.57307769e-14 -1.2540728e-13 -1
23.1839371 603.921509 -545 1.18343242e-13 -1.61415572e-13 -1
23.9048405 604.603027 -545 -5.76754519e-13 7.76877965e-13 -1
23.4842606 604.287231 -545 -6.08729647e-13 8.10700031e-13 -1
36.5939827 595.590454 -545 -0.999957025 0.00927059911 -0
36.5742836 593.465698 -545.5 -0.999957025 0.00927059911 -0
36.5742836 593.465698 -545 -0.999957025 0.00927059911 -0
36.5939827 595.590454 -545.5 -0.999957025 0.00927059911 -0
37.7551537 595.21582 -545.5 0.275601208 0.961272061 -0
36.5939827 595.590454 -545.5 0.307055682 0.951691568 -0
36.5939827 595.590454 -545 0.307055682 0.951691568 -0
37.7551537 595.21582 -545 0.233100772 0.972452581 -0
38.50634 595.083862 -545.5 0.13387087 0.990998805 -0
38.50634 595.083862 -545 0.0945232213 0.995522678 -0
39.2681007 595.04187 -545.5 0.0550973788 0.998480976 -0
39.2681007 595.04187 -545 0.0550973788 0.998480976 -0
40.2784615 595.163452 -545.5 -0.182360172 0.983231783 -0
39.2681007 595.04187 -545.5 -0.119509496 0.992833078 -0
39.2681007 595.04187 -545 -0.119509496 0.992833078 -0
40.2784615 595.163452 -545 -0.258585483 0.965988398 -0
40.9732208 595.423889 -545.5 -0.421268791 0.906935811 -0
40.9732208 595.423889 -545 -0.493057698 0.869996607 -0
41.5400429 595.811768 -545.5 -0.618881822 0.785484076 -0
41.5400429 595.811768 -545 -0.674034715 0.738699675 -0
41.9633789 596.262695 -545.5 -0.77319473 0.634168625 -0
41.9633789 596.262695 -545 -0.814039171 0.58081001 -0
42.2882309 596.789185 -545.5 -0.883834541 0.467799664 -0
42.2882309 596.789185 -545 -0.912887096 0.408212215 -0
42.5030403 597.369568 -545.5 -0.955174029 0.296044946 -0
42.5030403 597.369568 -545 -0.969782174 0.243972301 -0
42.6214943 597.977173 -545.5 -0.992121875 0.125276297 -0
42.6214943 597.977173 -545 -0.997150958 0.0754317343 -0
42.6558037 598.909912 -545.5 -0.999939978 -0.0109581221 -0
42.6558037 598.909912 -545 -0.998272896 -0.0587472692 -0
42.5565605 599.83844 -545.5 -0.994336486 -0.106277876 -0
42.5565605 599.83844 -545 -0.994336486 -0.106277876 -0
42.0861015 601.432495 -545.5 -0.93599093 -0.352024078 -0
42.5565605 599.83844 -545.5 -0.959102094 -0.283060282 -0
42.5565605 599.83844 -545 -0.959102094 -0.283060282 -0
42.0861015 601.432495 -545 -0.905516863 -0.424310267 -0
41.3404427 602.72876 -545.5 -0.827720046 -0.561141253 -0
41.3404427 602.72876 -545 -0.780516028 -0.62513572 -0
40.4128418 603.704285 -545.5 -0.678943455 -0.734190524 -0
40.4128418 603.704285 -545 -0.618893325 -0.785475016 -0
39.5860863 604.233398 -545.5 -0.472251594 -0.881463826 -0
39.5860863 604.233398 -545 -0.403574407 -0.914946795 -0
38.6343422 604.570984 -545.5 -0.300718099 -0.953713059 -0
38.6343422 604.570984 -545 -0.251822323 -0.967773497 -0
38.0895271 604.667786 -545.5 -0.125980034 -0.992032766 -0
38.0895271 604.667786 -545 -0.125980034 -0.992032766 -0
37.5378952 604.710205 -545 -0.0767191574 -0.997052729 -0
37.5378952 604.710205 -545.5 -0.0767191574 -0.997052729 -0
36.4573441 604.616943 -545 0.128587052 -0.991698205 -0
37.5378952 604.710205 -545.5 0.0860173851 -0.996293664 -0
37.5378952 604.710205 -545 0.0860173851 -0.996293664 -0
36.4573441 604.616943 -545.5 0.185199738 -0.982700884 -0
35.803257 604.438477 -545 0.312179059 -0.950023293 -0
35.803257 604.438477 -545.5 0.360483021 -0.932765782 -0
35.184391 604.16217 -545 0.407726169 -0.913104236 -0
35.184391 604.16217 -545.5 0.407726169 -0.913104236 -0
34.2258759 606.352966 -545 -0.916151404 -0.400832355 -0
35.184391 604.16217 -545.5 -0.916151404 -0.400832355 -0
35.184391 604.16217 -545 -0.916151404 -0.400832355 -0
34.2258759 606.352966 -545.5 -0.916151404 -0.400832355 -0
35.168808 606.706604 -545.5 -0.299351931 0.954142749 -0
34.2258759 606.352966 -545.5 -0.351184845 0.936306119 -0
34.2258759 606.352966 -545 -0.351184845 0.936306119 -0
35.168808 606.706604 -545 -0.246510267 0.969140172 -0
36.1583328 606.901367 -545.5 -0.14953509 0.988756418 -0
36.1583328 606.901367 -545 -0.105564401 0.994412482 -0
37.1653481 606.96344 -545.5 -0.0614848509 0.998108029 -0
37.1653481 606.96344 -545 -0.0614848509 0.998108029 -0
39.1553879 606.727966 -545.5 0.183362871 0.98304528 -0
37.1653481 606.96344 -545.5 0.117512494 0.993071377 -0
37.1653481 606.96344 -545 0.117512494 0.993071377 -0
39.1553879 606.727966 -545 0.253399491 0.967361689 -0
40.8592567 606.138733 -545.5 0.390696555 0.920519531 -0
40.8592567 606.138733 -545 0.457454741 0.889232934 -0
42.2395744 605.284973 -545.5 0.582601249 0.812758148 -0
42.2395744 605.284973 -545 0.636716187 0.771098256 -0
43.418438 604.168518 -545.5 0.753581941 0.657353997 -0
43.418438 604.168518 -545 0.753581941 0.657353997 -0
44.3643532 602.849182 -545 0.847155452 0.531345189 -0
44.3643532 602.849182 -545.5 0.878470063 0.477797419 -0
45.0506325 601.377502 -545 0.924223363 0.381852329 -0
45.0506325 601.377502 -545.5 0.924223363 0.381852329 -0
45.312191 600.555054 -545.5 0.965268433 0.261260092 -0
45.312191 600.555054 -545 0.965268433 0.261260092 -0
45.501133 599.713074 -545 0.975735545 0.218952477 -0
45.501133 599.713074 -545.5 0.975735545 0.218952477 -0
45.6455536 598.013489 -545.5 0.999709427 0.0241044052 -0
45.501133 599.713074 -545.5 0.99640882 0.0846723616 -0
45.501133 599.713074 -545 0.99640882 0.0846723616 -0
45.6455536 598.013489 -545 0.999150515 -0.0412101224 -0
45.4754181 596.489075 -545.5 0.98373872 -0.179605484 -0
45.4754181 596.489075 -545 0.966215551 -0.257735252 -0
45.0462456 595.323486 -545.5 0.912290931 -0.40954268 -0
45.0462456 595.323486 -545 0.876770437 -0.480909109 -0
44.4834175 594.488953 -545.5 0.790221691 -0.612821043 -0
44.4834175 594.488953 -545 0.744511902 -0.667609215 -0
43.8286972 593.862244 -545.5 0.639576435 -0.768727481 -0
43.8286972 593.862244 -545 0.58430475 -0.811534286 -0
43.0580368 593.38501 -545.5 0.444406033 -0.895825505 -0
43.0580368 593.38501 -545 0.444406062 -0.895825446 -0
42.2116432 593.060059 -545 0.303058147 -0.952972054 -0
42.2116432 593.060059 -545.5 0.250580817 -0.96809566 -0
41.2201729 592.856323 -545 0.156769723 -0.987635195 -0
41.2201729 592.856323 -545.5 0.111894101 -0.993720114 -7.54599698e-14
40.2102203 592.788635 -545 0.0668826476 -0.997760832 -1.12957048e-13
40.2102203 592.788635 -545.5 0.0668826476 -0.997760832 -2.25914095e-13
38.5637398 592.92218 -545.5 -0.11197298 -0.993711233 -8.69095648e-14
40.2102203 592.788635 -545.5 -0.080853276 -0.996726036 -2.27806191e-13
40.2102203 592.788635 -545 -0.080853276 -0.996726036 -1.13903095e-13
38.5637398 592.92218 -545 -0.153372809 -0.988168418 -0
37.5540237 593.139893 -545.5 -0.245999709 -0.969269872 -0
37.5540237 593.139893 -545 -0.280960411 -0.95971936 -0
36.5742836 593.465698 -545.5 -0.31551671 -0.948920012 -0
36.5742836 593.465698 -545 -0.31551671 -0.948920012 -0
37.7551537 595.21582 -545.5 0 0 -1
36.5742836 593.465698 -545.5 0 0 -1
36.5939827 595.590454 -545.5 0 0 -1
37.5540237 593.139893 -545.5 0 0 -1
38.50634 595.083862 -545.5 0 0 -1
38.5637398 592.92218 -545.5 -3.25709952e-14 1.08233684e-14 -1
39.2681007 595.04187 -545.5 -3.34411454e-14 2.55848013e-14 -1
40.2102203 592.788635 -545.5 8.94667751e-16 3.60857008e-14 -1
40.2784615 595.163452 -545.5 3.74581042e-14 3.34572085e-14 -1
41.2201729 592.856323 -545.5 3.83582665e-14 1.56568433e-14 -1
40.9732208 595.423889 -545.5 0 0 -1
42.2116432 593.060059 -545.5 -4.49252858e-14 -1.09645993e-14 -1
41.5400429 595.811768 -545.5 -4.74350715e-14 6.73386026e-15 -1
43.0580368 593.38501 -545.5 -7.1391474e-14 2.19023704e-15 -1
43.8286972 593.862244 -545.5 -2.45760647e-14 2.92209189e-14 -1
41.9633789 596.262695 -545.5 -2.80524251e-14 2.45335148e-14 -1
44.4834175 594.488953 -545.5 4.57280266e-15 5.46846233e-14 -1
42.2882309 596.789185 -545.5 -8.50193312e-15 3.92756337e-14 -1
45.0462456 595.323486 -545.5 0 0 -1
34.2258759 606.352966 -545.5 -1.09267894e-13 -9.00292414e-14 -1
35.803257 604.438477 -545.5 -7.0732374e-14 -9.09192494e-14 -1
35.184391 604.16217 -545.5 0 0 -1
35.168808 606.706604 -545.5 5.76995184e-14 -4.6650492e-14 -1
36.4573441 604.616943 -545.5 6.09836007e-14 1.68019759e-14 -1
45.4754181 596.489075 -545.5 -5.56756416e-14 1.1312673e-14 -1
42.5030403 597.369568 -545.5 -4.44533089e-14 1.08170465e-13 -1
42.6214943 597.977173 -545.5 -7.46607637e-14 7.86632552e-15 -1
36.1583328 606.901367 -545.5 1.05702881e-13 6.36004514e-14 -1
45.6455536 598.013489 -545.5 -6.81390437e-14 2.85694997e-14 -1
42.6558037 598.909912 -545.5 -4.86861629e-14 -1.89653324e-15 -1
37.1653481 606.96344 -545.5 -3.60565663e-15 -9.97419497e-15 -1
38.0895271 604.667786 -545.5 3.20987032e-14 -3.61321928e-14 -1
37.5378952 604.710205 -545.5 6.92962262e-14 1.1457564e-14 -1
45.501133 599.713074 -545.5 -2.94972244e-14 -2.7348949e-15 -1
42.5565605 599.83844 -545.5 -1.15593464e-15 -2.71479498e-14 -1
45.312191 600.555054 -545.5 0 0 -1
39.1553879 606.727966 -545.5 2.08292466e-14 -2.02694442e-14 -1
39.5860863 604.233398 -545.5 4.76620933e-14 2.79608608e-14 -1
38.6343422 604.570984 -545.5 -8.52844339e-14 -3.21053033e-14 -1
45.0506325 601.377502 -545.5 0 0 -1
42.0861015 601.432495 -545.5 1.23561948e-14 -1.98710541e-14 -1
40.8592567 606.138733 -545.5 3.28524134e-14 7.02184215e-14 -1
40.4128418 603.704285 -545.5 -4.53324139e-14 8.77854918e-14 -1
44.3643532 602.849182 -545.5 2.50078617e-14 -1.21777588e-14 -1
41.3404427 602.72876 -545.5 1.67942696e-14 1.23695991e-14 -1
42.2395744 605.284973 -545.5 -3.74477874e-14 6.87793802e-14 -1
43.418438 604.168518 -545.5 3.41000692e-14 2.97456931e-14 -1
47.4889793 611.425171 -545.5 -0.901645243 -0.432476372 -0
48.5861244 609.137817 -545.5 -0.901645243 -0.432476372 -0
48.5861244 609.137817 -545 -0.901645243 -0.432476372 -0
47.4889793 611.425171 -545 -0.901645243 -0.432476372 -0
48.726532 611.902771 -545 -0.305263102 0.952268064 -0
47.4889793 611.425171 -545.5 -0.360008895 0.932948887 -0
47.4889793 611.425171 -545 -0.360008895 0.932948887 -0
48.726532 611.902771 -545.5 -0.249326974 0.968419373 -0
50.0291481 612.15863 -545 -0.148315132 0.988940179 -0
50.0291481 612.15863 -545.5 -0.10348662 0.994630873 -0
51.3551674 612.23645 -545 -0.058556404 0.998284101 -0
51.3551674 612.23645 -545.5 -0.058556404 0.998284101 -0
53.6507225 611.955139 -545 0.183528885 0.983014345 -0
51.3551674 612.23645 -545.5 0.121615455 0.992577314 -0
51.3551674 612.23645 -545 0.121615455 0.992577314 -0
53.6507225 611.955139 -545.5 0.258611947 0.965981305 -0
55.2304001 611.365601 -545 0.41739729 0.908724129 -0
55.2304001 611.365601 -545.5 0.486645043 0.873599768 -0
56.5281448 610.497498 -545 0.61469543 0.788764536 -0
56.5281448 610.497498 -545.5 0.674358606 0.738404036 -0
57.4831581 609.466736 -545 0.781375885 0.62406069 -0
57.4831581 609.466736 -545.5 0.828260064 0.560343862 -0
58.1008682 608.363281 -545 0.888733089 0.458424956 -0
58.1008682 608.363281 -545.5 0.910865366 0.412703604 -0
58.3174438 607.755371 -545 0.953114808 0.302608937 -0
58.3174438 607.755371 -545.5 0.96308279 0.269205272 -0
58.4694176 607.128235 -545 0.97187084 0.235514358 -0
58.4694176 607.128235 -545.5 0.97187084 0.235514358 -0
58.5243568 605.924194 -545 0.999698997 -0.0245328005 -0
58.4694176 607.128235 -545.5 0.998960555 0.0455823764 -0
58.4694176 607.128235 -545 0.998960555 0.0455823764 -0
58.5243568 605.924194 -545.5 0.994447589 -0.105233274 -0
58.3319016 604.967102 -545 0.961435556 -0.275030226 -0
58.3319016 604.967102 -545.5 0.934621632 -0.35564369 -0
57.9366188 604.153992 -545 0.863968968 -0.503545046 -0
57.9366188 604.153992 -545.5 0.823477685 -0.567348719 -0
57.3687363 603.449402 -545 0.743147552 -0.669127524 -0
57.3687363 603.449402 -545.5 0.705385089 -0.708824337 -0
56.6932373 602.846924 -545 0.62283051 -0.782356799 -0
56.6932373 602.846924 -545.5 0.585451543 -0.81070739 -0
55.7176933 602.199768 -545 0.515545547 -0.856862187 -0
55.7176933 602.199768 -545.5 0.477225393 -0.878780901 -0
54.6651192 601.686829 -545 0.438057452 -0.898947001 -0
54.6651192 601.686829 -545.5 0.438057452 -0.898947001 -0
53.2495804 600.912659 -545.5 0.516455829 -0.856313825 -0
54.6651192 601.686829 -545.5 0.479836792 -0.877357781 -0
54.6651192 601.686829 -545 0.479836792 -0.877357781 -0
53.2495804 600.912659 -545 0.5699476 -0.821681023 -0
52.6389999 600.385315 -545.5 0.696785986 -0.717279136 -0
52.6389999 600.385315 -545 0.745669305 -0.666316211 -0
52.2762032 599.901306 -545.5 0.836762369 -0.547566235 -0
52.2762032 599.901306 -545 0.876445174 -0.481501728 -0
52.0958557 599.484863 -545.5 0.940823078 -0.338898063 -0
52.0958557 599.484863 -545 0.960531771 -0.278170258 -0
51.9994698 599.048889 -545.5 0.987577379 -0.157133579 -0
51.9994698 599.048889 -545 0.995124996 -0.0986217558 -0
51.9807205 598.591431 -545.5 0.999917746 0.0128273033 -0
51.9807205 598.591431 -545 0.997771859 0.0667183623 -0
52.0357857 598.136902 -545.5 0.992742598 0.120258622 -0
52.0357857 598.136902 -545 0.992742598 0.120258622 -0
52.2728653 597.35675 -545.5 0.929785788 0.36810109 -0
52.0357857 598.136902 -545.5 0.956793368 0.290768713 -0
52.0357857 598.136902 -545 0.956793368 0.290768713 -0
52.2728653 597.35675 -545 0.896284461 0.443479598 -0
52.6929398 596.658264 -545.5 0.809426606 0.587221086 -0
52.6929398 596.658264 -545 0.755474389 0.65517813 -0
53.2781715 596.090515 -545.5 0.638859034 0.769323826 -0
53.2781715 596.090515 -545 0.577212393 0.816594064 -0
53.9783249 595.672607 -545.5 0.450339288 0.892857492 -0
53.9783249 595.672607 -545 0.385622561 0.922656596 -0
54.7513809 595.41217 -545.5 0.275834173 0.961205244 -0
54.7513809 595.41217 -545 0.22613138 0.974096835 -0
55.4220848 595.296936 -545.5 0.132694796 0.991156936 -0
55.4220848 595.296936 -545 0.0958966762 0.995391309 -0
56.1015854 595.256775 -545.5 0.0590234846 0.998256624 -0
56.1015854 595.256775 -545 0.0590234846 0.998256624 -0
57.4790764 595.378662 -545 -0.148073286 0.988976419 -0
56.1015854 595.256775 -545.5 -0.0881351456 0.996108532 -0
56.1015854 595.256775 -545 -0.0881351456 0.996108532 -0
57.4790764 595.378662 -545.5 -0.207700029 0.978192568 -0
58.8116035 595.746887 -545 -0.362153023 0.932118654 -0
58.8116035 595.746887 -545.5 -0.362153023 0.932118654 -0
60.0420074 596.374451 -545.5 -0.454340041 0.890828311 -0
60.0420074 596.374451 -545 -0.454340041 0.890828311 -0
61.1122589 593.956665 -545 0.914415479 0.404776871 -0
60.0420074 596.374451 -545.5 0.914415479 0.404776871 -0
60.0420074 596.374451 -545 0.914415479 0.404776871 -0
61.1122589 593.956665 -545.5 0.914415479 0.404776871 -0
60.3249626 593.507507 -545.5 0.427399397 -0.904062927 -0
61.1122589 593.956665 -545.5 0.49551484 -0.868599474 -0
61.1122589 593.956665 -545 0.49551484 -0.868599474 -0
60.3249626 593.507507 -545 0.369617879 -0.929183841 -0
59.1791992 593.119751 -545.5 0.276289284 -0.961074531 -0
59.1791992 593.119751 -545 0.232203931 -0.972667098 -0
57.9549179 592.884583 -545.5 0.125855356 -0.992048621 -0
57.9549179 592.884583 -545 0.125855356 -0.992048621 -0
56.7105598 592.80658 -545 0.0625941753 -0.998039067 -0
56.7105598 592.80658 -545.5 0.0625941753 -0.998039067 -0
54.224762 593.107178 -545 -0.182262525 -0.983249903 -0
56.7105598 592.80658 -545.5 -0.12005955 -0.992766678 -0
56.7105598 592.80658 -545 -0.12005955 -0.992766678 -0
54.224762 593.107178 -545.5 -0.25771758 -0.966220319 -0
52.5147209 593.744507 -545 -0.412958473 -0.910749853 -0
52.5147209 593.744507 -545.5 -0.482741982 -0.875762641 -0
51.2522507 594.593079 -545 -0.613354802 -0.789807498 -0
51.2522507 594.593079 -545.5 -0.668920338 -0.743334055 -0
50.2793198 595.612366 -545 -0.772152662 -0.635437012 -0
50.2793198 595.612366 -545.5 -0.817003548 -0.576632679 -0
49.5538979 596.819763 -545 -0.877307534 -0.479928643 -0
49.5538979 596.819763 -545.5 -0.902920187 -0.429808259 -0
49.2640877 597.586853 -545 -0.949500263 -0.313766181 -0
49.2640877 597.586853 -545.5 -0.961881459 -0.273466647 -0
49.0733032 598.384033 -545 -0.972538054 -0.232744038 -0
49.0733032 598.384033 -545.5 -0.972538054 -0.232744038 -0
48.9763451 599.587402 -545.5 -0.999867022 -0.0163084827 -0
49.0733032 598.384033 -545.5 -0.996769905 -0.0803106949 -0
49.0733032 598.384033 -545 -0.996769905 -0.0803106949 -0
48.9763451 599.587402 -545 -0.998344898 0.0575107932 -0
49.1152229 600.554993 -545.5 -0.978639662 0.205583036 -0
49.1152229 600.554993 -545 -0.961043358 0.276397586 -0
49.4039993 601.316711 -545.5 -0.910386801 0.413758188 -0
49.4039993 601.316711 -545 -0.879634261 0.475650698 -0
49.7996635 601.93457 -545.5 -0.812297702 0.583243012 -0
49.7996635 601.93457 -545 -0.78009361 0.625662863 -0
50.2886887 602.482056 -545.5 -0.686125219 0.727483451 -0
50.2886887 602.482056 -545 -0.686125219 0.727483451 -0
51.0421982 603.106445 -545 -0.588973165 0.808152556 -0
51.0421982 603.106445 -545.5 -0.588973165 0.808152556 -0
51.8040848 603.586426 -545.5 -0.507897258 0.861417651 -0
51.8040848 603.586426 -545 -0.482307881 0.876001775 -0
52.6053543 603.997375 -545.5 -0.456323296 0.889814019 -0
52.6053543 603.997375 -545 -0.456323296 0.889814019 -0
54.0622749 604.760376 -545 -0.489776999 0.871847749 -0
52.6053543 603.997375 -545.5 -0.463943839 0.885864615 -0
52.6053543 603.997375 -545 -0.463943839 0.885864615 -0
54.0622749 604.760376 -545.5 -0.527831793 0.849348903 -0
54.7270164 605.24469 -545 -0.625861108 0.779934525 -0
54.7270164 605.24469 -545.5 -0.66864717 0.743579805 -0
55.1560249 605.687195 -545 -0.757140934 0.653251588 -0
55.1560249 605.687195 -545.5 -0.803730547 0.594993412 -0
55.3696022 606.044189 -545 -0.895574689 0.444911271 -0
55.3696022 606.044189 -545.5 -0.925959826 0.377622008 -0
55.5118332 606.476318 -545 -0.972087085 0.234620377 -0
55.5118332 606.476318 -545.5 -0.987367928 0.158444315 -0
55.5536118 606.963745 -545 -0.999962151 -0.00869879872 -0
55.5536118 606.963745 -545.5 -0.999962151 -0.00869879872 -0
55.5033569 607.450623 -545.5 -0.994713604 -0.102688238 -0
55.5033569 607.450623 -545 -0.994713604 -0.102688238 -0
55.3128471 608.076355 -545.5 -0.927819967 -0.373028249 -0
55.5033569 607.450623 -545.5 -0.956650078 -0.291239887 -0
55.5033569 607.450623 -545 -0.956650078 -0.291239887 -0
55.3128471 608.076355 -545 -0.891739309 -0.452549487 -0
54.9671173 608.632446 -545.5 -0.811832368 -0.583890557 -0
54.9671173 608.632446 -545 -0.770570993 -0.637354136 -0
54.5166931 609.107971 -545.5 -0.655098498 -0.75554347 -0
54.5166931 609.107971 -545 -0.655098498 -0.75554347 -0
53.9827614 609.485901 -545 -0.519735575 -0.854327142 -0
53.9827614 609.485901 -545.5 -0.458913416 -0.888481021 -0
53.3819237 609.745178 -545 -0.315556139 -0.948906898 -0
53.3819237 609.745178 -545.5 -0.315556139 -0.948906898 -0
52.7453575 609.8974 -545.5 -0.190782905 -0.981632233 -0
52.7453575 609.8974 -545 -0.190782905 -0.981632233 -0
52.2882652 609.957764 -545 -0.0931186527 -0.995655 -0
52.2882652 609.957764 -545.5 -0.0931186378 -0.995655 -0
51.8280182 609.983215 -545.5 -0.0552707389 -0.998471379 -0
51.8280182 609.983215 -545 -0.0552707389 -0.998471379 -0
50.3306351 609.828064 -545.5 0.148777857 -0.988870621 -0
51.8280182 609.983215 -545.5 0.103073098 -0.994673789 -0
51.8280182 609.983215 -545 0.103073098 -0.994673789 -0
50.3306351 609.828064 -545 0.209489182 -0.977810979 -0
49.4305344 609.552368 -545.5 0.343065292 -0.939311564 -0
49.4305344 609.552368 -545 0.392499238 -0.919752359 -0
48.5861244 609.137817 -545.5 0.440712035 -0.897648573 -0
48.5861244 609.137817 -545 0.440712035 -0.897648573 -0
49.4305344 609.552368 -545.5 2.6812418e-14 2.7796816e-14 -1
47.4889793 611.425171 -545.5 3.78093857e-14 3.91975271e-14 -1
48.726532 611.902771 -545.5 -0 -0 -1
48.5861244 609.137817 -545.5 8.92215853e-14 9.24972921e-14 -1
50.3306351 609.828064 -545.5 -0 -0 -1
50.0291481 612.15863 -545.5 -0 -0 -1
51.3551674 612.23645 -545.5 -0 -0 -1
51.8280182 609.983215 -545.5 -0 -0 -1
52.2882652 609.957764 -545.5 -0 -0 -1
53.6507225 611.955139 -545.5 -0 -0 -1
52.7453575 609.8974 -545.5 -0 -0 -1
53.3819237 609.745178 -545.5 -0 -0 -1
55.2304001 611.365601 -545.5 5.06890435e-14 -1.60244166e-14 -1
53.9827614 609.485901 -545.5 -0 -0 -1
54.5166931 609.107971 -545.5 9.40597901e-14 -9.06060132e-15 -1
56.5281448 610.497498 -545.5 2.57823751e-14 8.09310098e-14 -1
54.9671173 608.632446 -545.5 -3.93353359e-14 7.90717996e-14 -1
57.4831581 609.466736 -545.5 -7.45379304e-14 3.40581411e-14 -1
55.3128471 608.076355 -545.5 -5.84768711e-14 -2.85063179e-14 -1
58.1008682 608.363281 -545.5 -5.72726071e-14 -2.73404278e-14 -1
55.5033569 607.450623 -545.5 -2.82693316e-14 -9.32820952e-15 -1
58.3174438 607.755371 -545.5 6.90756681e-15 -6.37858296e-14 -1
55.5536118 606.963745 -545.5 -0 -0 -1
58.4694176 607.128235 -545.5 -0 -0 -1
55.5118332 606.476318 -545.5 -0 -0 -1
52.6389999 600.385315 -545.5 -5.49198587e-15 5.55253475e-14 -1
49.7996635 601.93457 -545.5 -7.30520042e-14 -1.27802999e-14 -1
50.2886887 602.482056 -545.5 -4.97160906e-14 5.27128762e-14 -1
51.0421982 603.106445 -545.5 1.29711449e-14 5.09872567e-14 -1
53.2495804 600.912659 -545.5 4.67504148e-14 2.52560187e-14 -1
51.8040848 603.586426 -545.5 1.8525051e-14 -3.25041541e-14 -1
52.6053543 603.997375 -545.5 4.89145298e-14 2.45151511e-14 -1
52.2762032 599.901306 -545.5 -6.8018067e-14 -6.03901898e-14 -1
49.1152229 600.554993 -545.5 -2.94837431e-14 -4.33250475e-14 -1
49.4039993 601.316711 -545.5 -3.18059042e-14 1.57792955e-14 -1
58.5243568 605.924194 -545.5 -0 -0 -1
55.3696022 606.044189 -545.5 -0 -0 -1
52.0958557 599.484863 -545.5 -2.28412277e-14 -1.18816984e-13 -1
48.9763451 599.587402 -545.5 1.56666248e-14 -4.30170493e-14 -1
51.9994698 599.048889 -545.5 1.6169222e-14 -2.08367352e-15 -1
49.0733032 598.384033 -545.5 1.55767411e-14 4.69868319e-14 -1
54.6651192 601.686829 -545.5 4.14898659e-14 3.16440565e-14 -1
54.0622749 604.760376 -545.5 2.39098614e-14 2.13149929e-14 -1
58.3319016 604.967102 -545.5 -0 -0 -1
51.9807205 598.591431 -545.5 -4.74013825e-15 6.64569379e-14 -1
49.2640877 597.586853 -545.5 1.05394395e-14 -5.31103041e-14 -1
55.7176933 602.199768 -545.5 -2.82197175e-14 -2.31406403e-14 -1
54.7270164 605.24469 -545.5 -5.19115255e-14 -3.79164507e-14 -1
57.9366188 604.153992 -545.5 -0 -0 -1
55.1560249 605.687195 -545.5 -0 -0 -1
56.6932373 602.846924 -545.5 -4.24874945e-14 -3.4840454e-14 -1
52.0357857 598.136902 -545.5 -4.49151079e-15 -5.87312859e-14 -1
49.5538979 596.819763 -545.5 -2.73534772e-14 -1.40644391e-14 -1
57.3687363 603.449402 -545.5 -0 -0 -1
52.2728653 597.35675 -545.5 -3.56698957e-14 2.48176859e-14 -1
50.2793198 595.612366 -545.5 -3.41999141e-14 5.40171647e-14 -1
52.6929398 596.658264 -545.5 -7.1246423e-15 4.46848979e-14 -1
51.2522507 594.593079 -545.5 2.32994115e-14 2.78841874e-14 -1
53.2781715 596.090515 -545.5 4.35992625e-14 -2.66668228e-15 -1
52.5147209 593.744507 -545.5 2.72120583e-14 -8.85552109e-15 -1
53.9783249 595.672607 -545.5 -0 -0 -1
54.224762 593.107178 -545.5 -0 -0 -1
54.7513809 595.41217 -545.5 -0 -0 -1
55.4220848 595.296936 -545.5 -0 -0 -1
56.7105598 592.80658 -545.5 2.08364718e-14 -6.22570402e-15 -1
56.1015854 595.256775 -545.5 -0 -0 -1
57.4790764 595.378662 -545.5 2.6587532e-15 -2.09574891e-14 -1
57.9549179 592.884583 -545.5 5.64618144e-15 -4.45057402e-14 -1
59.1791992 593.119751 -545.5 -5.58044313e-14 -2.36156394e-14 -1
58.8116035 595.746887 -545.5 -3.52604366e-14 9.3473999e-15 -1
60.3249626 593.507507 -545.5 -1.02952848e-14 2.37791761e-14 -1
60.0420074 596.374451 -545.5 3.34242318e-14 4.29538708e-14 -1
61.1122589 593.956665 -545.5 1.15288042e-13 5.10336233e-14 -1
-127.957291 318.705231 -512.7052 0.119121946 -0.992879629 2.62569358e-07
-165.052353 313.836212 -507.836212 0.130141184 -0.99149549 4.77280738e-14
-165.052353 313.836212 -512.643005 0.130141094 -0.99149549 -6.7012661e-05
-127.995872 318.700806 -517.516296 0.108120017 -0.994137824 -0.000142182573
-90.6501541 322.344757 -516.344788 0.0861378461 -0.996283233 4.37829003e-05
-90.7733612 322.334808 -521.156738 0.0751305521 -0.997173667 -0.000187021724
-53.4722061 324.729492 -518.729492 0.0493544154 -0.99875778 -0.00685726246
-53.6344223 324.721771 -523.547913 0.0522337854 -0.998634875 -0.000157548653
-26.8168774 325.680603 -524.508423 0.0266006291 -0.999629438 -0.00577444863
-16.2850876 325.882233 -519.882202 0.0135661159 -0.999771237 -0.0165365841
0 326 -524.82843 -0.00367645919 -0.999984443 0.00420026481
20.8906593 325.806183 -519.806152 -0.0188829079 -0.999734521 -0.0132024009
37.1704483 325.386261 -524.213623 -0.034599077 -0.99938482 0.00573667651
62.1571465 324.282928 -518.282959 -0.0526229851 -0.998498201 -0.015236496
74.3252182 323.544037 -522.368103 -0.070406355 -0.997479439 0.00881544035
103.353912 321.246155 -515.246155 -0.085704051 -0.996304035 -0.0057529062
115.505669 320.059448 -518.877319 -0.0995816886 -0.994979799 0.00993228331
134.279739 317.963867 -511.963867 -0.120739102 -0.992656946 -0.00736978464
140.320587 317.22168 -516.034485 -0.124202624 -0.992251039 -0.0033975488
165.052353 313.836212 -512.643005 -0.133106947 -0.991071641 -0.00771562336
165.052353 313.836212 -507.836212 -0.13294363 -0.991123617 1.25770815e-14
210.5 291 0 -6.211867e-16 -1 1.85252357e-14
193 291 0 0 -1 0
193.445038 291 -0.0501441769 0 -1 0
193.867767 291 -0.198062271 0 -1 0
194.246979 291 -0.436337024 0 -1 0
194.56366 291 -0.753020406 0 -1 0
194.801941 291 -1.13223255 0 -1 0
194.94986 291 -1.55495811 -6.40413363e-15 -1 6.40436529e-14
195 291 -2 3.4230611e-15 -1 1.78462867e-16
210.933884 291 -0.0990311354 0 -1 0
210.722519 291 -0.0250720885 0 -1 0
211.123489 291 -0.218168512 0 -1 0
211.28183 291 -0.376510203 0 -1 0
211.5 291 -1 3.5614161e-15 -1 4.16880459e-18
211.47493 291 -0.777479053 0 -1 0
211.40097 291 -0.566116273 0 -1 0
195 291 -320 1.07974962e-17 -1 1.88956189e-16
195 291 -321 6.98292014e-15 -1 1.22507368e-16
194 291 -320 2.84217094e-14 -1 2.84217094e-14
194 291 -321 0 -1 0
211.5 291 -480.301514 2.52951524e-15 -1 -2.50407424e-16
194.481323 291 -352.525269 1.21721726e-15 -1 -2.82744204e-16
192.952194 291 -356.815826 7.17827494e-16 -1 -3.52504752e-16
190.491928 291 -360.649109 4.78867536e-16 -1 -3.90993744e-16
187.228134 291 -363.826324 7.16107149e-15 -1 1.00424057e-15
183.330109 291 -366.182678 6.61655679e-15 -1 6.37063009e-16
179 291 -367.595917 3.82826202e-17 -1 -9.97666957e-16
179 291 -480.301514 0 -1 -1.00870634e-15
195 291 -348 5.7385309e-15 -1 -1.13848401e-16
-177 294.640442 -488.832031 1 0 0
-177 294.179291 -486.825043 1 0 0
-177 293.360382 -484.357086 1 0 0
-177 295.440521 -489.098999 1 0 0
-177 296.795258 -492.957642 1 0 0
-177 297.100494 -491.100494 1 0 0
-177 299.987457 -493.987457 1 0 0
-177 299.736542 -496.564972 1 0 0
-177 299.987457 -496.815887 1 0 0
177 299.987457 -493.987457 -1 0 0
177 299.987457 -496.815887 -1 0 0
177 299.736542 -496.564972 -1 0 0
177 296.795258 -492.957642 -1 0 0
177 297.100494 -491.100494 -1 0 0
177 295.440521 -489.098999 -1 0 0
177 294.640442 -488.832031 -1 0 0
177 294.179291 -486.825043 -1 0 0
177 293.360382 -484.357086 -1 0 0
189.5 349.912689 -545 -0 -0 -1
-189.5 346.17157 -545 -0 -0 -1
-189.5 349.912689 -545 -0 -0 -1
189.5 346.17157 -545 -0 -0 -1
-189.5 344.757355 -544.414185 2.48591147e-16 -0.707106769 -0.707106769
-207.866745 334.867798 -534.524658 3.08116149e-16 -0.707106769 -0.707106769
-204.03981 339.267792 -538.924622 1.65701074e-14 -0.707106769 -0.707106769
-200.199112 341.980499 -541.637329 2.06588303e-14 -0.707106769 -0.707106769
-196.316574 343.674683 -543.331543 1.25073978e-14 -0.707106769 -0.707106769
-192.863113 344.498779 -544.15564 1.20981131e-14 -0.707106769 -0.707106769
-172.612854 311.363617 -511.020447 -1.2178514e-16 -0.707106769 -0.707106769
-211.5 322.757355 -522.414185 -2.53941558e-15 -0.707106769 -0.707106769
-210.542831 329.175995 -528.832886 -2.27213581e-15 -0.707106769 -0.707106769
-170.281693 312.820251 -512.477112 2.34996819e-15 -0.707106769 -0.707106769
-174.695679 309.491638 -509.148499 1.02496842e-15 -0.707106769 -0.707106769
-167.820938 313.829681 -513.486511 2.06299787e-14 -0.707106769 -0.707106769
-176.425461 307.2771 -506.93396 2.86244858e-16 -0.707106769 -0.707106769
-165.345551 314.400391 -514.057251 -2.12921742e-15 -0.707106769 -0.707106769
-177.728134 304.824829 -504.481689 -3.2567646e-15 -0.707106769 -0.707106769
-211.5 298.322327 -497.979187 -3.07207584e-15 -0.707106769 -0.707106769
-178.695496 301.679962 -501.336823 -1.15953146e-15 -0.707106769 -0.707106769
-179 298.573242 -498.230103 -1.05252081e-15 -0.707106769 -0.707106769
-179 298.322327 -497.979187 -0 -0.707106769 -0.707106769
-140.544266 317.795074 -517.451904 -1.97904145e-15 -0.707106769 -0.707106769
-115.659546 320.639984 -520.296814 -1.40819683e-15 -0.707106769 -0.707106769
-74.4242783 324.127655 -523.784485 -2.88168523e-16 -0.707106769 -0.707106769
-37.2199707 325.971497 -525.628357 1.70150708e-15 -0.707106769 -0.707106769
189.5 344.757355 -544.414185 -3.26670406e-16 -0.707106769 -0.707106769
128.240433 319.271667 -518.928528 4.24077315e-16 -0.707106769 -0.707106769
90.9691162 322.911285 -522.568115 -0 -0.707106769 -0.707106769
53.7809372 325.302856 -524.959717 -4.48752179e-16 -0.707106769 -0.707106769
26.8901463 326.265198 -525.922058 -6.34747538e-16 -0.707106769 -0.707106769
195.490372 343.926086 -543.582947 5.76083413e-15 -0.707106769 -0.707106769
192.454132 344.558105 -544.214966 3.28415375e-14 -0.707106769 -0.707106769
198.515518 342.825256 -542.482117 -1.69689482e-14 -0.707106769 -0.707106769
201.422424 341.246704 -540.903564 -6.16139855e-15 -0.707106769 -0.707106769
165.345551 314.400391 -514.057251 -1.6287537e-16 -0.707106769 -0.707106769
167.647827 313.883301 -513.540161 -7.17992052e-15 -0.707106769 -0.707106769
204.100174 339.214417 -538.871277 -3.63916948e-15 -0.707106769 -0.707106769
169.944092 312.987823 -512.644653 -1.29822845e-15 -0.707106769 -0.707106769
206.446884 336.786011 -536.442871 -7.52604698e-15 -0.707106769 -0.707106769
208.925705 333.084106 -532.740967 -1.45689932e-15 -0.707106769 -0.707106769
210.716492 328.576355 -528.233215 3.6513909e-15 -0.707106769 -0.707106769
211.312057 325.626923 -525.283813 -1.0792934e-15 -0.707106769 -0.707106769
172.953232 311.100555 -510.757416 5.25524122e-16 -0.707106769 -0.707106769
211.5 322.757355 -522.414185 1.48249559e-15 -0.707106769 -0.707106769
178.044586 304.019379 -503.676239 1.16741522e-15 -0.707106769 -0.707106769
175.767075 308.21701 -507.87384 6.14477868e-17 -0.707106769 -0.707106769
211.5 298.322327 -497.979187 1.93254527e-15 -0.707106769 -0.707106769
179 298.573242 -498.230103 1.12929217e-15 -0.707106769 -0.707106769
179 298.322327 -497.979187 -0 -0.707106769 -0.707106769
0 326.585785 -526.242615 9.17347402e-17 -0.707106769 -0.707106769
210.5 299.011414 2 0 0 1
-210.5 299.011414 2 0 0 1
-210.5 293 2 0 0 1
210.5 293 2 0 0 1
-177 295.440521 -489.098999 0 -0.807747662 -0.589528382
-177 297.100494 -491.100494 0 -0.769718409 -0.638383567
177 297.100494 -491.100494 0 -0.769718409 -0.638383567
177 295.440521 -489.098999 -2.60610399e-17 -0.842809379 -0.538212121
-177 294.179291 -486.825043 -4.30115621e-17 -0.902838111 -0.429980606
177 294.179291 -486.825043 -4.30115621e-17 -0.927805066 -0.373065382
-177 293.360382 -484.357086 -1.80206541e-17 -0.960363984 -0.278749079
177 293.360382 -484.357086 0 -0.960363984 -0.278749108
177 293.160553 -483.315186 0 -0.988531947 -0.15101172
-177 293.160553 -483.315186 0 -0.988531947 -0.151011705
-177 293.040192 -482.261139 0 -0.997128844 -0.0757232681
177 293.040192 -482.261139 0 -0.997128844 -0.0757232681
177 293 -481.201019 0 -0.999281943 -0.0378888398
-177 293 -481.201019 0 -0.999281943 -0.0378888398
-211.373779 314.100494 -486.887299 4.76678592e-12 0.773010433 0.634393275
-210 312.359436 -484.765778 2.44396322e-12 0.812792063 0.582553864
-210 314.100494 -486.887299 7.29874754e-12 0.773010433 0.634393275
-211.373779 312.359436 -484.765778 4.9167029e-13 0.849251688 0.527988195
-210 311.065674 -482.345367 -7.62365106e-13 0.910825133 0.412792385
-211.373779 311.065674 -482.345367 2.31765155e-13 0.935938954 0.352162302
-210 310.269012 -479.719086 -5.11186471e-13 0.973855674 0.227167577
-211.373779 310.269012 -479.719086 -5.70478506e-13 0.986658573 0.162802979
-210 310 -476.987793 -1.2203424e-12 0.99518472 0.0980171412
-211.373779 310 -476.987793 -1.6882987e-12 0.99518472 0.0980171412
210 312.359436 -484.765778 2.93270334e-12 0.812792063 0.582553864
211.373779 314.100494 -486.887299 2.70891426e-12 0.773010433 0.634393275
210 314.100494 -486.887299 8.69374538e-12 0.773010433 0.634393275
211.373779 312.359436 -484.765778 -7.21126175e-13 0.849251688 0.527988195
210 311.065674 -482.345367 1.11012967e-12 0.910825133 0.412792385
211.373779 311.065674 -482.345367 -3.7591043e-13 0.935938954 0.352162302
210 310.269012 -479.719086 7.37004912e-13 0.973855674 0.227167577
211.373779 310.269012 -479.719086 5.5381356e-13 0.986658573 0.162802979
210 310 -476.987793 1.37537052e-12 0.99518472 0.0980171412
211.373779 310 -476.987793 1.6471207e-12 0.99518472 0.0980171412
179 298.322327 -497.979187 -0.000243757764 -0.774034858 -0.633142889
211.5 298.322327 -497.979187 0 -0.773010492 -0.634393275
211.5 295.213257 -494.190765 -1.02699732e-05 -0.813017428 -0.58223933
179 295.125275 -494.058197 -0.000324388267 -0.851145983 -0.524928927
211.5 292.903015 -489.868591 0.000133558919 -0.911878347 -0.410460502
179 292.783112 -489.573822 -0.000475530629 -0.938685119 -0.344775379
211.5 291.480377 -485.178772 0.000721077377 -0.979569495 -0.201104745
179 291.391724 -484.709717 -0.000333991513 -0.978125811 -0.208013907
178.999924 291.019135 -481.279236 0.00166852318 -0.995617151 -0.0935075283
211.5 291 -480.301514 0.00197080011 -0.996378839 -0.085002169
179 291 -480.301514 0 -0.999808729 -0.0195579771
-211.5 295.213257 -494.190765 1.02699732e-05 -0.813017428 -0.58223933
-211.5 298.322327 -497.979187 0 -0.773010492 -0.634393275
-179 298.322327 -497.979187 0.000243757764 -0.774034858 -0.633142889
-179 295.125275 -494.058197 0.000324388297 -0.851146042 -0.524928868
-211.5 292.903015 -489.868591 -0.000133558919 -0.911878407 -0.410460472
-179 292.783112 -489.573822 0.000475530658 -0.938685119 -0.344775379
-211.5 291.480377 -485.178772 -0.000721077377 -0.979569495 -0.201104745
-179 291.391724 -484.709717 0.000333991513 -0.978125811 -0.208013907
-178.999924 291.019135 -481.279236 -0.00166852318 -0.995617151 -0.0935075283
-211.5 291 -480.301514 -0.00197080011 -0.996378839 -0.085002169
-179 291 -480.301514 0 -0.999808729 -0.0195579771
-176.228104 304.571899 -498.571899 0.964824438 -0.262858629 0.00437969668
-177 299.987457 -493.987457 0.986119926 -0.166034743 -0
-177 299.987457 -496.815887 0.9869349 -0.160417408 0.0150234504
-176.040314 305.081604 -502.637756 0.930091262 -0.36700359 0.015444993
-174.383942 308.136444 -502.136444 0.831603229 -0.55536741 -0.0017645153
-173.763931 308.939423 -507.046722 0.775359869 -0.631464183 0.00836596265
-171.798111 310.877533 -504.877533 0.656599462 -0.754202425 -0.0074770418
-171.299042 311.262482 -509.70163 0.58497113 -0.811035395 0.00550559442
-169.279205 312.500336 -506.500336 0.480945766 -0.876748443 -0.00182635512
-168.651596 312.796021 -511.454254 0.421344131 -0.906892955 0.00377554283
-167.170898 313.351746 -507.351746 0.311710924 -0.950171053 -0.00335491891
-166.850815 313.447449 -512.19873 0.257348835 -0.966318488 -0.00041050461
-165.052353 313.836212 -507.836212 0.217033878 -0.976160884 -0.00248287246
-165.052353 313.836212 -512.643005 0.211284369 -0.977424622 4.74837217e-14
167.290771 313.313721 -512.045898 -0.283224046 -0.959053755 1.19597362e-05
167.368484 313.288452 -507.288452 -0.338989228 -0.9407897 -0.00102597976
165.052353 313.836212 -507.836212 -0.228582814 -0.973524213 -0.000715126342
165.052353 313.836212 -512.643005 -0.227307633 -0.973823011 2.15032815e-14
169.512054 312.380737 -510.979645 -0.443282932 -0.896381617 0.000472898479
169.662277 312.300629 -506.300629 -0.498278886 -0.867015243 -0.00164435885
171.604782 311.030914 -509.436981 -0.595310867 -0.803494871 0.000977669726
171.809906 310.867981 -504.867981 -0.646124959 -0.763228118 -0.00231678342
173.454956 309.298431 -507.457001 -0.731000125 -0.682375669 0.00150554138
173.685959 309.032379 -503.032379 -0.774410546 -0.632676303 -0.00301071908
174.964294 307.25766 -505.124664 -0.855408072 -0.517939806 0.00392189994
175.185287 306.880859 -500.880859 -0.887214541 -0.461335242 0.00449414318
176.338547 304.239899 -501.675812 -0.932953417 -0.359949529 0.00585519709
176.241669 304.532593 -498.532593 -0.9540326 -0.299694926 0.00218908046
176.840927 302.091888 -499.220978 -0.981776774 -0.190021038 -0.0025286742
176.817886 302.238281 -496.238281 -0.990394592 -0.138269335 0.000306393835
177 299.987457 -496.815887 -0.996780455 -0.0801558569 -0.00193467562
177 299.987457 -493.987457 -0.996742547 -0.0806492716 -0
-211.167557 293 1.92478371 -0.185773954 0 0.982592523
-210.5 293 2 -0.111964472 0 0.993712187
-210.5 299.011414 2 -0.111964472 0 0.993712187
-211.167557 299.011414 1.92478371 -0.258954346 0 0.965889573
-211.801651 293 1.70290661 -0.399763644 0 0.916618288
-211.801651 299.011414 1.70290661 -0.467392474 0 0.884049892
-212.370468 293 1.34549439 -0.593707442 0 0.804680943
-212.370468 299.011414 1.34549439 -0.652393579 1.75101381e-17 0.75788033
-212.84549 293 0.870469391 -0.75788033 3.13332046e-17 0.652393579
-212.84549 299.011414 0.870469391 -0.804680943 4.4507955e-17 0.593707442
-213.202911 293 0.30165121 -0.884049892 3.39093527e-17 0.467392474
-213.202911 299.011414 0.30165121 -0.916618288 1.3952239e-17 0.399763644
-213.424789 293 -0.332437187 -0.965889573 -9.50394852e-19 0.258954346
-213.424789 299.011414 -0.332437187 -0.982592523 -7.86192821e-18 0.185773969
-213.5 293 -1 -0.993712187 -2.57734383e-18 0.111964472
-213.5 299.011414 -1 -0.993712187 0 0.111964472
211.167557 299.011414 1.92478371 0.185773954 4.76458117e-17 0.982592523
210.5 299.011414 2 0.111964472 0 0.993712187
210.5 293 2 0.111964472 3.67048261e-17 0.993712187
211.167557 293 1.92478371 0.258954346 7.10192723e-17 0.965889573
211.801651 299.011414 1.70290661 0.399763644 6.94503357e-17 0.916618288
211.801651 293 1.70290661 0.467392474 6.73793997e-17 0.884049892
212.370468 299.011414 1.34549439 0.623489797 7.2453319e-17 0.781831443
212.370468 293 1.34549439 0.623489797 5.77571517e-17 0.781831443
212.84549 293 0.870469391 0.781831443 8.31657711e-17 0.623489797
212.84549 299.011414 0.870469391 0.781831443 9.06076901e-17 0.623489797
213.202911 299.011414 0.30165121 0.884049892 7.90137678e-17 0.467392474
213.202911 293 0.30165121 0.916618288 7.41182879e-17 0.399763644
213.424789 299.011414 -0.332437187 0.974927902 3.61100965e-17 0.222520918
213.424789 293 -0.332437187 0.974927902 4.10963677e-17 0.222520933
213.5 293 -1 0.993712187 1.03391025e-17 0.111964472
213.5 299.011414 -1 0.993712187 0 0.111964472
-189 358.911957 -544.220276 9.62667768e-17 0.0871557444 -0.99619472
-189.5 350.086975 -544.992371 5.45871276e-17 0.087155737 -0.99619472
-189.5 358.911804 -544.220337 8.27838774e-14 0.087155737 -0.99619472
189 358.911957 -544.220276 -5.46968085e-17 0.087155737 -0.99619472
189.5 350.086975 -544.992371 -9.61228076e-17 0.0871557444 -0.99619472
189.5 358.911804 -544.220337 -8.27842366e-14 0.087155737 -0.99619472
189.5 358.911804 -544.220337 0.0981538147 0.0948956013 -0.990636468
193.246078 350.077423 -544.695435 0.143739656 0.0967547894 -0.984874308
189.5 350.086975 -544.992371 0.0789487883 0.0868837088 -0.993085265
193.293686 358.882385 -543.773987 0.230894521 0.115114383 -0.966145098
196.873642 350.020233 -543.818176 0.322433084 0.126532435 -0.938097239
196.902328 358.792389 -542.482544 0.418468267 0.156797305 -0.894594252
200.40538 349.82428 -542.333557 0.48660931 0.172467425 -0.856426477
200.159348 358.629974 -540.476379 0.580643058 0.20624055 -0.787602961
203.626266 349.349792 -540.312744 0.675714552 0.234599292 -0.698836923
202.996368 358.337402 -537.889709 0.728878558 0.225372061 -0.646485448
205.359604 357.786804 -534.907349 0.761309683 0.25170365 -0.597538948
206.400208 348.438019 -537.889343 0.789855957 0.274941921 -0.548210323
206.433365 357.298828 -533.235962 0.863090932 0.232285216 -0.448461384
207.278976 356.669128 -531.792297 0.862054348 0.263781279 -0.432760626
208.671707 346.922546 -535.217285 0.899997771 0.258719683 -0.350810647
208.56218 354.989258 -529.493286 0.924678504 0.228608027 -0.304479957
209.478195 353.194275 -527.722473 0.946024776 0.192564517 -0.260683835
210.253738 350.849915 -526.428101 0.923953056 0.25873518 -0.281721264
210.359131 344.744904 -532.593018 0.894951701 0.324577063 -0.306122839
210.254852 350.884521 -526.383789 0.958467364 0.210674182 -0.192241162
210.247375 351.217896 -526.056519 0.959298909 0.208554029 -0.190396428
210.304291 350.925415 -526.06604 0.965625167 0.193521366 -0.173543915
210.275696 350.932709 -526.216064 0.965379477 0.193625703 -0.174790144
210.266251 350.924896 -526.276672 0.965153277 0.194068223 -0.175546676
210.259552 350.910431 -526.329407 0.964999735 0.194423363 -0.175997213
210.371658 350.849548 -525.774841 0.965720952 0.193522573 -0.173008949
-210.253738 350.849915 -526.428101 -0.931712329 0.244970754 -0.268144459
-208.867722 346.733795 -534.946655 -0.905873299 0.258510232 -0.335508525
-210.359131 344.744904 -532.593018 -0.899005473 0.318764299 -0.30029732
-210.247375 351.217896 -526.056519 -0.954143226 0.22074613 -0.202192515
-210.256714 350.898376 -526.358276 -0.964990854 0.194441184 -0.176026374
-210.267487 350.926453 -526.268188 -0.965230405 0.193900213 -0.175308168
-210.290665 350.932404 -526.133728 -0.965477586 0.19353281 -0.174350575
-210.329315 350.903351 -525.951477 -0.965655029 0.193671688 -0.173209935
-210.371658 350.849548 -525.774841 -0.965734005 0.193940163 -0.172467485
-208.936646 354.317871 -528.789917 -0.937902272 0.214626491 -0.272534013
-207.568436 356.37442 -531.282715 -0.877142727 0.259543687 -0.404051572
-206.905212 348.183411 -537.359192 -0.804661214 0.264872789 -0.53137821
-206.208221 357.423309 -533.602844 -0.849489748 0.252426624 -0.463301212
-204.264297 358.100128 -536.400818 -0.751000762 0.253589749 -0.609663963
-203.946747 349.275787 -540.069397 -0.657487214 0.233925119 -0.716232896
-201.619186 358.507599 -539.259888 -0.62334764 0.212129846 -0.752621174
-200.029846 349.856506 -542.524536 -0.489564151 0.183011115 -0.8525455
-198.501938 358.726379 -541.608582 -0.451642543 0.152916744 -0.878996849
-195.204056 350.056885 -544.297485 -0.27865231 0.115210332 -0.953456581
-194.975983 358.848999 -543.282654 -0.356947482 0.116248414 -0.926862895
-192.289276 358.895996 -543.979858 -0.144626766 0.0887586474 -0.985497355
-189.5 350.086975 -544.992371 -0.109542519 0.0792013109 -0.99082166
-189.5 358.911804 -544.220337 -0.0860510767 0.0868324563 -0.99249953
213.499802 332.702911 -520.98999 0.99763155 0.0514174625 -0.0456894711
213.137589 342.404846 -517.980591 0.995790899 0.0705895424 -0.0584606342
213.373581 339.058685 -514.634216 0.998660624 0.0451314002 -0.0252998509
212.888077 338.156616 -526.25061 0.990598381 0.101271704 -0.0919721201
212.424805 345.717621 -521.294006 0.973348618 0.176729217 -0.146147981
211.876877 341.498718 -529.470825 0.961222649 0.208351821 -0.180667043
210.253738 350.849915 -526.428101 0.95394367 0.228735805 -0.194091126
210.359131 344.744904 -532.593018 0.947619319 0.234903708 -0.216420695
210.359131 344.744629 -532.593323 0.947619319 0.234903708 -0.21642071
-210.359131 344.744904 -532.593018 -0.954127252 0.213220552 -0.210186124
-211.762817 347.67337 -523.250366 -0.961358488 0.199761271 -0.18943426
-210.253738 350.849915 -526.428101 -0.947880268 0.23435463 -0.215872511
-212.542496 339.503387 -527.548706 -0.973452508 0.165825263 -0.157772571
-212.767654 344.399597 -519.975708 -0.990432322 0.111347452 -0.0815203339
-210.359131 344.744629 -532.593323 -0.957762182 0.212346211 -0.193909064
-213.260773 336.121277 -524.287781 -0.995643139 0.0781167522 -0.0509172529
-213.373581 339.058685 -514.634216 -0.997378051 0.0651606247 -0.0314825773
-213.499802 332.702911 -520.98999 -0.998650193 0.0452792235 -0.0254478808
213.373581 339.058685 -514.634216 0.999901414 0.00992809422 0.00992809422
213.499802 332.692871 -520.980164 0.999901414 0.00992809422 0.00992809422
213.499802 332.702911 -520.98999 0.999901414 0.00992809422 0.00992809422
213.373581 312.706146 -488.281647 0.999901414 0.00992809515 0.00992809515
213.499802 306.350281 -494.637543 0.999901414 0.00992809422 0.00992809422
-213.499802 332.692871 -520.980164 -0.999901414 0.00992809422 0.00992809422
-213.373581 339.058685 -514.634216 -0.999901414 0.00992809422 0.00992809422
-213.499802 332.702911 -520.98999 -0.999901414 0.00992809515 0.00992809515
-213.373581 312.706146 -488.281647 -0.999901414 0.00992809515 0.00992809515
-213.499802 306.350281 -494.637543 -0.999901414 0.00992809422 0.00992809422
213.499802 299.519104 -481.857361 0.999901354 0.0138360551 0.00241040066
213.373581 308.334991 -480.10376 0.999901235 0.0136523228 0.00333407801
213.373581 308.028076 -476.987793 0.99990046 0.014040431 0.00138286187
213.499802 299.03952 -476.987793 0.99990046 0.0140404319 0.00138286187
213.499802 300.939514 -486.539764 0.999901354 0.0130999535 0.00506336614
213.373581 309.243866 -483.100006 0.999901235 0.0127395513 0.00593345007
213.499802 303.246124 -490.855103 0.999901414 0.0116742039 0.00780045334
213.373581 312.706146 -488.281647 0.99990046 0.0109059159 0.00895025488
213.373581 310.719849 -485.861328 0.999901414 0.0116742039 0.00780045334
213.499802 306.350281 -494.637543 0.99990046 0.0109059159 0.00895025488
-213.499802 303.246124 -490.855103 -0.999901414 0.0116742048 0.00780045334
-213.373581 309.243866 -483.100006 -0.999901235 0.0127395513 0.00593345007
-213.373581 310.719849 -485.861328 -0.999901414 0.0116742039 0.00780045334
-213.373581 312.706146 -488.281647 -0.99990046 0.0109059159 0.00895025488
-213.499802 306.350281 -494.637543 -0.99990046 0.0109059159 0.00895025488
-213.499802 300.939514 -486.539764 -0.999901354 0.0130999535 0.00506336614
-213.373581 308.334991 -480.10376 -0.999901235 0.0136523228 0.00333407801
-213.499802 299.519104 -481.857361 -0.999901354 0.0138360551 0.00241040066
-213.373581 308.028076 -476.987793 -0.99990046 0.014040431 0.00138286187
-213.499802 299.03952 -476.987793 -0.99990046 0.0140404319 0.00138286187
213.373581 308.028076 -1 0.999901414 0.0140404459 1.6946077e-18
213.499802 299.03952 -476.987793 0.999901414 0.0140404459 1.6946077e-18
213.373581 308.028076 -476.987793 0.999901414 0.0140404459 1.67673832e-18
213.499802 299.03952 -1 0.999901414 0.0140404459 1.71247728e-18
-213.499802 299.03952 -1 -0.999901414 0.0140404459 1.66866101e-18
-213.373581 308.028076 -476.987793 -0.999901414 0.0140404459 1.66866101e-18
-213.499802 299.03952 -476.987793 -0.999901414 0.0140404459 1.67673832e-18
-213.373581 308.028076 -1 -0.999901414 0.0140404459 1.660584e-18
213.184006 305.780945 0.111749277 0.902009308 0.0057899151 0.431677759
213.373581 308.028076 -1 0.982368052 0.00949535426 0.186715946
213.301544 308.028076 -0.360566765 0.9749192 -0.00422429573 0.222518951
213.08902 308.028076 0.246802613 0.900903881 0.0120071275 0.433852494
212.746658 308.028076 0.791652083 0.805859566 0.00396352634 0.592093468
212.554245 305.780945 1.05424476 0.681210399 0.00755615626 0.73204869
212.291656 308.028076 1.24666071 0.592093468 0.00396352634 0.805859566
213.21315 303.533783 0.12382447 0.946979344 0.0140099833 0.320988923
213.499802 299.03952 -1 0.982297242 0.0183226205 0.186430648
211.611755 305.780945 1.68400013 0.403312445 0.00402199943 0.915053487
211.746796 308.028076 1.58901227 0.433852494 0.0120071275 0.900903881
211.139435 308.028076 1.80154002 0.222518951 -0.00422429573 0.9749192
210.5 308.028076 1.87358689 0.186715946 0.00949535426 0.982368052
212.576553 303.533783 1.0765568 0.706533194 0.0140404431 0.707540631
213.24231 301.286652 0.135899663 0.915435612 0.0244860966 0.401718825
212.845337 299.03952 0.870346487 0.805363059 0.0242046267 0.592287481
213.202728 299.03952 0.301565677 0.900851846 0.0161177553 0.433827341
213.424591 299.03952 -0.332481056 0.974406958 0.0326873139 0.222402036
211.623825 303.533783 1.71315229 0.320391744 0.0140093956 0.947181523
210.5 299.03952 1.99980283 0.186430648 0.0183226205 0.982297242
212.598862 301.286652 1.09886885 0.731429279 0.0207815301 0.681600571
212.370346 299.03952 1.34534037 0.592287481 0.0242046267 0.805363059
211.635895 301.286652 1.74230433 0.429596514 0.022661021 0.902736545
211.167526 299.03952 1.92459154 0.222402036 0.0326873139 0.974406958
211.801559 299.03952 1.70272899 0.433827341 0.0161177553 0.900851846
-211.611755 305.780945 1.68400013 -0.431677759 0.0057899151 0.902009308
-210.5 308.028076 1.87358689 -0.186715946 0.00949535426 0.982368052
-211.139435 308.028076 1.80154002 -0.222518951 -0.00422429573 0.9749192
-211.746796 308.028076 1.58901227 -0.433852494 0.0120071275 0.900903881
-212.291656 308.028076 1.24666071 -0.592093468 0.00396352634 0.805859566
-212.554245 305.780945 1.05424476 -0.73204869 0.00755615626 0.681210399
-212.746658 308.028076 0.791652083 -0.805859566 0.00396352634 0.592093468
-211.623825 303.533783 1.71315229 -0.320988923 0.0140099833 0.946979344
-210.5 299.03952 1.99980283 -0.186430648 0.0183226205 0.982297242
-213.184006 305.780945 0.111749277 -0.915053487 0.00402199943 0.403312445
-213.08902 308.028076 0.246802613 -0.900903881 0.0120071275 0.433852494
-213.301544 308.028076 -0.360566765 -0.9749192 -0.00422429573 0.222518951
-213.373581 308.028076 -1 -0.982368052 0.00949535426 0.186715946
-212.576553 303.533783 1.0765568 -0.707540631 0.0140404431 0.706533194
-211.635895 301.286652 1.74230433 -0.401718825 0.0244860966 0.915435612
-212.370346 299.03952 1.34534037 -0.592287481 0.0242046267 0.805363059
-211.801559 299.03952 1.70272899 -0.433827341 0.0161177553 0.900851846
-211.167526 299.03952 1.92459154 -0.222402036 0.0326873139 0.974406958
-213.21315 303.533783 0.12382447 -0.947181523 0.0140093956 0.320391744
-213.499802 299.03952 -1 -0.982297242 0.0183226205 0.186430648
-212.598862 301.286652 1.09886885 -0.681600571 0.0207815301 0.731429279
-212.845337 299.03952 0.870346487 -0.805363059 0.0242046267 0.592287481
-213.24231 301.286652 0.135899663 -0.902736545 0.022661021 0.429596514
-213.424591 299.03952 -0.332481056 -0.974406958 0.0326873139 0.222402036
-213.202728 299.03952 0.301565677 -0.900851846 0.0161177553 0.433827341
-210.5 308.028076 1.87358689 -3.52026924e-19 0.0140404459 0.999901414
210.5 299.03952 1.99980283 -3.52026924e-19 0.0140404459 0.999901414
210.5 308.028076 1.87358689 -0 0.0140404459 0.999901414
-210.5 299.03952 1.99980283 -7.04053848e-19 0.0140404459 0.999901414
-177 293 -480.301514 0.99434942 -0.106156811 -2.32790117e-05
-177 293 -367.89975 0.995027721 -0.0995984003 -5.03685429e-17
-177.03952 292.605103 -367.895782 0.986102998 -0.166135103 -3.08262042e-06
-177.05014 292.554962 -480.301514 0.969728112 -0.24418731 -3.10308133e-05
-177.154831 292.228424 -367.883575 0.925412476 -0.378961384 1.57722134e-05
-177.198059 292.132233 -480.301514 0.890838802 -0.454319507 -1.81186697e-05
-177.387527 291.816772 -367.856995 0.820031881 -0.572317898 3.18761377e-05
-177.43634 291.753021 -480.301514 0.764781654 -0.644289553 -1.39390359e-05
-177.708374 291.473083 -367.815765 0.666352928 -0.745636463 2.57400461e-05
-177.753021 291.43634 -480.301514 0.59932667 -0.800504565 -9.03117416e-06
-178.099533 291.214172 -367.758362 0.477483332 -0.878640831 1.90711853e-05
-178.132233 291.198059 -480.301514 0.402884275 -0.915250897 -4.20836432e-06
-178.539001 291.053864 -367.684387 0.263919324 -0.964544773 1.23335067e-05
-178.554962 291.05014 -480.301514 0.186262012 -0.982500136 4.82621772e-07
-179 291 -367.595917 0.114053942 -0.993474543 8.35643095e-06
-179 291 -480.301514 0.111964472 -0.993712187 0
-178.557327 291.068665 -481.27713 0.184727073 -0.982602239 -0.0192036815
-178.554962 291.05014 -480.301514 0.258019447 -0.965959132 -0.0186785497
-179 291 -480.301514 0.111628942 -0.993562877 -0.0192818902
-178.999924 291.019135 -481.279236 0.111312799 -0.993595481 -0.0194276255
-178.136688 291.214844 -481.271271 0.452625483 -0.891657174 -0.00880968105
-178.132233 291.198059 -480.301514 0.486480832 -0.873184502 -0.0297521576
-177.203476 292.139191 -481.234772 0.888633966 -0.458616793 0.000579076761
-177.05014 292.554962 -480.301514 0.965197265 -0.261463732 -0.00556358369
-177.198059 292.132233 -480.301514 0.872268081 -0.488513887 -0.0224191025
-177.053482 292.558197 -481.218323 0.981577635 -0.191041648 -0.00291047641
-177 293 -480.301514 0.993245661 -0.116012596 -0.00202889717
-177 293 -481.201019 0.992754102 -0.120163381 0
-177.586487 291.587158 -480.620331 0.704111636 -0.7099576 -0.0136745824
-177.43634 291.753021 -480.301514 0.781080425 -0.62289083 -0.0438216068
-177.753021 291.43634 -480.301514 0.622881413 -0.781068683 -0.0441641435
-177.442551 291.763702 -481.249542 0.778412759 -0.62774986 0.00193698809
-177.75885 291.450439 -481.261932 0.620230138 -0.784419656 0.000563221984
-177 293.040192 -482.261139 0.930650294 -0.354269326 -0.0915600136
-177 293 -481.201019 0.992765129 -0.119986482 -0.00454941485
-177.053482 292.558197 -481.218323 0.972175658 -0.227619022 -0.0553537272
-177.203476 292.139191 -481.234772 0.905663431 -0.403475672 -0.130311519
-177.198059 292.506195 -484.510071 0.886501253 -0.451699764 0.100413218
-177 293.160553 -483.315186 0.926978528 -0.375094742 -0.00383903412
-177.43634 292.132935 -484.576965 0.879875004 -0.475054085 -0.0119850794
-177.05014 292.922302 -484.435547 0.973962009 -0.226664528 0.00460791774
-177 293.360382 -484.357086 0.993711293 -0.109968506 -0.021090921
-177.600876 291.659729 -482.384705 0.635387301 -0.766933084 -0.0899813771
-177.442551 291.763702 -481.249542 0.778414249 -0.625653982 -0.0512674525
-177.75885 291.450439 -481.261932 0.620303929 -0.782173872 -0.0585414022
-178.136688 291.214844 -481.271271 0.428804398 -0.890920222 -0.149625987
-178.557327 291.068665 -481.27713 0.212913409 -0.926413655 -0.310524762
-178.999924 291.019135 -481.279236 0.325920701 -0.936394632 -0.130156696
-179 291.391724 -484.709717 0.309059501 -0.947944283 -0.0767064169
-177.753021 291.821228 -484.632782 0.622978926 -0.776087284 -0.0979070067
-178.132233 291.58667 -484.674805 0.432199419 -0.898931026 -0.0716011971
-178.554962 291.441071 -484.700897 0.219132006 -0.975693464 0.00184670405
-179 292.783112 -489.573822 0.111964487 -0.922836602 -0.368560135
-178.554962 291.441071 -484.700897 0.221217752 -0.937617779 -0.268208057
-179 291.391724 -484.709717 0.111396991 -0.955453932 -0.273310155
-177 299.736542 -496.564972 0.993647814 -0.0872173011 -0.0711141005
-177 296.795258 -492.957642 0.993704855 -0.0913729221 -0.0648199469
-177.05014 299.421844 -496.879669 0.982327461 -0.145061865 -0.118278652
-178.554962 292.829681 -489.555237 0.244279638 -0.893235683 -0.377435416
-178.132233 292.967041 -489.500366 0.43361932 -0.837526679 -0.332450569
-178.132233 291.58667 -484.674805 0.465301871 -0.851018786 -0.243436173
-177.753021 293.188324 -489.411987 0.623155653 -0.727304697 -0.287584722
-177.753021 291.821228 -484.632782 0.650218368 -0.730449975 -0.208947137
-177.43634 293.482422 -489.294525 0.781490922 -0.580627501 -0.22834973
-177.43634 292.132935 -484.576965 0.802983403 -0.573018372 -0.163913414
-177.198059 293.834564 -489.1539 0.900688708 -0.404829979 -0.157710224
-177.198059 292.506195 -484.510071 0.915682018 -0.386405319 -0.110532269
-177.05014 294.227142 -488.997101 0.974744737 -0.210095733 -0.0757128298
-177 293.360382 -484.357086 0.993647814 -0.108195201 -0.0309495255
-177.05014 292.922302 -484.435547 0.974678338 -0.214988679 -0.0614980869
-177 294.640442 -488.832031 0.993704855 -0.102552071 -0.0450966768
-178.554962 295.167145 -494.030609 0.185724631 -0.820461512 -0.540693283
-179 295.125275 -494.058197 0.111964479 -0.829738557 -0.546806991
-179 298.322327 -497.979187 0.111396991 -0.770201683 -0.627996922
-178.554962 298.357788 -497.943726 0.257570952 -0.748875618 -0.610608339
-178.132233 295.290649 -493.949188 0.399627239 -0.765415668 -0.504417419
-178.132233 298.462372 -497.839142 0.465301901 -0.686015368 -0.559354186
-177.753021 295.489624 -493.818085 0.593512893 -0.672019422 -0.442868263
-177.753021 298.630859 -497.670654 0.650218368 -0.588823557 -0.480107218
-177.43634 295.754028 -493.643829 0.757668197 -0.544947088 -0.359126151
-177.43634 298.854797 -497.446716 0.802983403 -0.461916208 -0.37663123
-177.198059 296.070679 -493.43515 0.883865178 -0.390559137 -0.25738281
-177.198059 299.122925 -497.178589 0.915682018 -0.31148544 -0.253974944
-177.05014 296.423645 -493.202545 0.971017659 -0.200445741 -0.130177572
-177.05014 299.67276 -497.130585 0.982592523 -0.131362006 -0.131362006
-177 299.736542 -496.564972 0.993712187 -0.0791708454 -0.0791708454
-177.05014 299.421844 -496.879669 0.965889573 -0.183108374 -0.183108374
-177 299.987457 -496.815887 0.993712187 -0.0791708454 -0.0791708454
-177.198059 299.373871 -497.429504 0.916618288 -0.282675564 -0.282675564
-177.198059 299.122925 -497.178589 0.884049952 -0.330496371 -0.330496371
-177.43634 299.105713 -497.697632 0.804680943 -0.419814557 -0.419814557
-177.43634 298.854797 -497.446716 0.75788033 -0.461311907 -0.461311907
-177.753021 298.881775 -497.92157 0.652393579 -0.535902321 -0.535902321
-177.753021 298.630859 -497.670654 0.593707502 -0.568995357 -0.568995357
-178.132233 298.713318 -498.090057 0.467392504 -0.625117719 -0.625117719
-178.132233 298.462372 -497.839142 0.399763614 -0.648146987 -0.648146987
-178.554962 298.608704 -498.194641 0.258954346 -0.682987034 -0.682987034
-178.554962 298.357788 -497.943726 0.185773954 -0.694797814 -0.694797814
-179 298.573242 -498.230103 0.111964479 -0.70266062 -0.70266062
-179 298.322327 -497.979187 0.111964479 -0.70266062 -0.70266062
-166.850815 313.447449 -512.19873 0.117107511 -0.936138093 -0.331558853
-165.114883 313.866852 -513.034302 0.13859266 -0.970143855 -0.199029982
-165.052353 313.836212 -512.643005 0.184982255 -0.97699827 -0.106093809
-165.186523 313.974426 -513.410095 0.0657231212 -0.934334815 -0.35028401
-167.820938 313.829681 -513.486511 0.139245123 -0.908119917 -0.394878417
-165.264435 314.154633 -513.755676 0.0467248932 -0.829055727 -0.557210386
-165.345551 314.400391 -514.057251 0.0309796873 -0.770751655 -0.636382043
-168.651596 312.796021 -511.454254 0.257132411 -0.891860664 -0.372112244
-170.281693 312.820251 -512.477112 0.22383526 -0.856519997 -0.465049684
-174.695679 309.491638 -509.148499 0.3084656 -0.792623937 -0.525924206
-172.612854 311.363617 -511.020447 0.287445456 -0.860045671 -0.421540737
-171.299042 311.262482 -509.70163 0.373328239 -0.848520756 -0.37501812
-170.17778 312.245972 -511.619598 0.274543226 -0.877980411 -0.392143339
-174.229019 308.847931 -508.094543 0.445266157 -0.797581553 -0.406941831
-173.763931 308.939423 -507.046722 0.637887239 -0.729053497 -0.248155043
-174.929565 307.928314 -507.139282 0.405771554 -0.771713555 -0.489701569
-176.425461 307.2771 -506.93396 0.271568388 -0.763207197 -0.586315036
-176.142365 305.857147 -504.985687 0.532707989 -0.734950304 -0.419607311
-177.728134 304.824829 -504.481689 0.320751935 -0.732563972 -0.600390017
-176.040314 305.081604 -502.637756 0.780980706 -0.555522442 -0.285418868
-176.653519 304.662231 -503.74173 0.579538763 -0.689475536 -0.434463203
-176.809891 304.225555 -503.286835 0.596513093 -0.661974907 -0.453829736
-177.118744 303.193939 -502.211487 0.51189518 -0.668073952 -0.540037513
-178.695496 301.679962 -501.336823 0.341162086 -0.694990337 -0.632927239
-177.561752 300.448029 -499.344269 0.749629736 -0.524159491 -0.404118955
-177 299.987457 -496.815887 0.85878557 -0.435351282 -0.270104796
-177.05014 299.67276 -497.130585 0.966926992 -0.0656500682 -0.246459484
-177.198059 299.373871 -497.429504 0.900478303 -0.283304781 -0.329965413
-177.43634 299.105713 -497.697632 0.78171736 -0.452891678 -0.428727269
-177.753021 298.881775 -497.92157 0.612732232 -0.57625556 -0.540822268
-177.745941 300.34906 -499.461243 0.595680177 -0.532892227 -0.600991607
-177.932632 300.2724 -499.556152 0.329245269 -0.668384254 -0.6669783
-178.132233 298.713318 -498.090057 0.433848262 -0.646071672 -0.627986491
-178.554962 298.608704 -498.194641 0.222402439 -0.665938199 -0.712083936
-179 298.573242 -498.230103 0.245975643 -0.687636912 -0.68311888
-26.8168774 325.680603 -524.508423 0.00938450359 -0.927688181 -0.373238027
0 326.038422 -525.218628 0.00792088732 -0.980754495 -0.195084184
0 326 -524.82843 0.0106833456 -0.995127916 -0.0980115533
0 326.152252 -525.593811 0.000760952069 -0.923879266 -0.382683277
0 326.337067 -525.939575 -0.0092941355 -0.831433713 -0.555546224
0 326.585785 -526.242615 0.00576807931 -0.920298696 -0.391173869
-37.2199707 325.971497 -525.628357 0.0196025949 -0.934982598 -0.354151428
-53.6344223 324.721771 -523.547913 0.0300120097 -0.926096916 -0.376090139
-127.995872 318.700806 -517.516296 0.0573677942 -0.910789549 -0.408865869
-115.659546 320.639984 -520.296814 0.0511149205 -0.922238529 -0.383227557
-90.7733612 322.334808 -521.156738 0.0491434745 -0.940222681 -0.33699581
-140.544266 317.795074 -517.451904 0.0687728524 -0.915851831 -0.395582825
-165.052353 313.836212 -512.643005 0.0738262981 -0.921170473 -0.382092416
-165.114883 313.866852 -513.034302 0.120273128 -0.973126829 -0.196363375
-165.186523 313.974426 -513.410095 0.0797368363 -0.920060873 -0.38357538
-165.264435 314.154633 -513.755676 0.0391105376 -0.830199778 -0.556092322
-165.345551 314.400391 -514.057251 0.0188837126 -0.772588849 -0.634625733
-74.4242783 324.127655 -523.784485 0.0305310842 -0.90465647 -0.425046474
-82.8173752 323.103668 -522.543762 0.0412939601 -0.926125288 -0.374949038
167.290771 313.313721 -512.045898 -0.15405032 -0.920889676 -0.358093143
169.944092 312.987823 -512.644653 -0.221227571 -0.874098241 -0.432447284
169.512054 312.380737 -510.979645 -0.312223375 -0.886656284 -0.34111166
167.647827 313.883301 -513.540161 -0.113055483 -0.902689934 -0.415173799
165.114883 313.866852 -513.034302 -0.154458046 -0.967277467 -0.201288387
165.052353 313.836212 -512.643005 -0.198555857 -0.974116802 -0.108037241
165.186523 313.974426 -513.410095 -0.0633316413 -0.92573756 -0.372825861
165.264435 314.154633 -513.755676 -0.0440827236 -0.829458416 -0.556826234
165.345551 314.400391 -514.057251 -0.0302294753 -0.770869076 -0.636275947
170.17778 312.245972 -511.619598 -0.301245868 -0.875388324 -0.378082365
172.953232 311.100555 -510.757416 -0.278286397 -0.835753441 -0.47336334
171.604782 311.030914 -509.436981 -0.396242589 -0.858360231 -0.325897932
177.281342 300.357819 -498.731567 -0.928623319 -0.279303998 -0.244229302
177.05014 299.67276 -497.130585 -0.973697662 -0.121635556 -0.192659453
177 299.987457 -496.815887 -0.951647043 -0.243798897 -0.186895788
177.198059 299.373871 -497.429504 -0.900881112 -0.316641986 -0.296902537
177.43634 299.105713 -497.697632 -0.776640177 -0.463397145 -0.426723778
176.840927 302.091888 -499.220978 -0.887254715 -0.387874514 -0.249664754
177.414825 300.234436 -498.865082 -0.768349707 -0.405714959 -0.495009214
177.580017 300.115479 -498.996552 -0.655099392 -0.559912801 -0.50728935
177.753021 298.881775 -497.92157 -0.623442471 -0.561512351 -0.544080377
178.132233 298.713318 -498.090057 -0.433411926 -0.603421271 -0.669355571
178.554962 298.608704 -498.194641 -0.219560564 -0.565248966 -0.795164645
179 298.573242 -498.230103 -0.388106972 -0.678074658 -0.624169588
177.240707 302.687836 -501.683594 -0.624389887 -0.614103734 -0.4827151
178.044586 304.019379 -503.676239 -0.3538948 -0.718567252 -0.598681569
176.338547 304.239899 -501.675812 -0.791947961 -0.55543983 -0.253584355
176.938812 303.82785 -502.872406 -0.615055025 -0.64506036 -0.453436285
176.809891 304.225555 -503.286835 -0.595818937 -0.675997615 -0.43362087
176.313354 305.489075 -504.602722 -0.551832378 -0.713881135 -0.431108803
175.767075 308.21701 -507.87384 -0.279424399 -0.771839082 -0.571127355
174.964294 307.25766 -505.124664 -0.710358739 -0.662008345 -0.239030287
175.246536 307.457031 -506.649628 -0.546818078 -0.750308096 -0.371520758
173.454956 309.298431 -507.457001 -0.604940653 -0.763564825 -0.225866199
174.229019 308.847931 -508.094543 -0.445826739 -0.79353708 -0.414170802
173.201172 309.966187 -509.255371 -0.407510191 -0.80578047 -0.429713041
177.05014 299.421844 -496.879669 -0.982592523 -0.131362006 -0.131362006
177 299.987457 -496.815887 -0.993712187 -0.0791708454 -0.0791708454
177.05014 299.67276 -497.130585 -0.965889573 -0.183108374 -0.183108374
177 299.736542 -496.564972 -0.993712187 -0.0791708454 -0.0791708454
177.198059 299.122925 -497.178589 -0.916618288 -0.282675564 -0.282675564
177.198059 299.373871 -497.429504 -0.884049952 -0.330496371 -0.330496371
177.43634 298.854797 -497.446716 -0.804680943 -0.419814557 -0.419814557
177.43634 299.105713 -497.697632 -0.75788033 -0.461311907 -0.461311907
177.753021 298.630859 -497.670654 -0.652393579 -0.535902321 -0.535902321
177.753021 298.881775 -497.92157 -0.593707502 -0.568995357 -0.568995357
178.132233 298.462372 -497.839142 -0.467392504 -0.625117719 -0.625117719
178.132233 298.713318 -498.090057 -0.399763614 -0.648146987 -0.648146987
178.554962 298.357788 -497.943726 -0.258954346 -0.682987034 -0.682987034
178.554962 298.608704 -498.194641 -0.185773954 -0.694797814 -0.694797814
179 298.322327 -497.979187 -0.111964479 -0.70266062 -0.70266062
179 298.573242 -498.230103 -0.111964479 -0.70266062 -0.70266062
179 295.125275 -494.058197 -0.111964479 -0.829738617 -0.546806931
178.554962 298.357788 -497.943726 -0.221217781 -0.755823672 -0.616273642
179 298.322327 -497.979187 -0.111396998 -0.770201623 -0.627996922
177 296.795258 -492.957642 -0.993712187 -0.0934890881 -0.0616103448
177 299.736542 -496.564972 -0.993647814 -0.0872173011 -0.0711141005
177.05014 299.421844 -496.879669 -0.982327461 -0.145061865 -0.118278652
178.554962 291.441071 -484.700897 -0.184804082 -0.944877565 -0.270284742
179 292.783112 -489.573822 -0.111901164 -0.934785843 -0.337125361
179 291.391724 -484.709717 -0.111396991 -0.955453932 -0.273310155
178.554962 295.167145 -494.030609 -0.244279608 -0.820110321 -0.517442346
178.132233 295.290649 -493.949188 -0.43361932 -0.751361728 -0.497423172
178.132233 298.462372 -497.839142 -0.465301901 -0.686015368 -0.559354186
177.753021 295.489624 -493.818085 -0.623155594 -0.651565135 -0.432596713
177.753021 298.630859 -497.670654 -0.650218368 -0.588823557 -0.480107218
177.43634 295.754028 -493.643829 -0.781490982 -0.519147217 -0.346060753
177.43634 298.854797 -497.446716 -0.802983403 -0.461916208 -0.37663123
177.198059 296.070679 -493.43515 -0.900688708 -0.360731691 -0.242141381
177.198059 299.122925 -497.178589 -0.915682018 -0.31148544 -0.253974944
177.05014 296.423645 -493.202545 -0.969565332 -0.200579718 -0.14039515
178.554962 292.829681 -489.555237 -0.222375423 -0.90505892 -0.362515569
178.132233 291.58667 -484.674805 -0.431678861 -0.86724335 -0.248077273
178.132233 292.967041 -489.500366 -0.413300246 -0.838258445 -0.355676413
177.753021 293.188324 -489.411987 -0.593512952 -0.747421086 -0.29850316
177.753021 291.821228 -484.632782 -0.650218368 -0.730449975 -0.208947137
177.43634 293.482422 -489.294525 -0.771261573 -0.593911886 -0.228963301
177.43634 292.132935 -484.576965 -0.780264318 -0.601331294 -0.172012433
177.198059 292.506195 -484.510071 -0.88286674 -0.451513976 -0.129156768
177.198059 293.834564 -489.1539 -0.900688708 -0.402095318 -0.164557561
177.05014 292.922302 -484.435547 -0.965437531 -0.250583977 -0.071680218
177.05014 294.227142 -488.997101 -0.978193283 -0.191000208 -0.081589371
177 293.360382 -484.357086 -0.993647814 -0.108195201 -0.0309495255
177 294.640442 -488.832031 -0.993712187 -0.103978701 -0.0415267572
177 293.040192 -482.261139 -0.930549026 -0.354499042 -0.0917003378
177.053482 292.558197 -481.218323 -0.972175658 -0.227619022 -0.0553537272
177 293 -481.201019 -0.992765129 -0.119986482 -0.00454941485
177.203476 292.139191 -481.234772 -0.905487478 -0.403719515 -0.130778506
177.05014 292.922302 -484.435547 -0.973962009 -0.226664528 0.00460791774
177 293.160553 -483.315186 -0.926986456 -0.375074536 -0.00389389694
177 293.360382 -484.357086 -0.993711293 -0.109968506 -0.021090921
177.198059 292.506195 -484.510071 -0.886501253 -0.451699764 0.100413218
177.43634 292.132935 -484.576965 -0.879903376 -0.474998862 -0.0120857945
177.600845 291.658936 -482.374878 -0.635387361 -0.766933024 -0.0899813697
177.753021 291.821228 -484.632782 -0.622975349 -0.776107848 -0.0977666304
178.132233 291.58667 -484.674805 -0.432199985 -0.898929536 -0.0716157183
178.554962 291.441071 -484.700897 -0.219145745 -0.97569102 0.00149156735
179 291.391724 -484.709717 -0.309049577 -0.947947383 -0.0767080784
178.999924 291.019135 -481.279236 -0.326218814 -0.936286926 -0.130184993
177.442551 291.763702 -481.249542 -0.778414726 -0.625655115 -0.0512469783
177.75885 291.450439 -481.261932 -0.620305061 -0.782177806 -0.0584764034
178.136688 291.214844 -481.271271 -0.428771913 -0.890826344 -0.150276735
178.557327 291.068665 -481.27713 -0.212793648 -0.925809026 -0.312404454
177.053482 292.558197 -481.218323 -0.981577635 -0.191041648 -0.00291047641
177.05014 292.554962 -480.301514 -0.965197265 -0.261463732 -0.00556358369
177 293 -480.301514 -0.993245661 -0.116012596 -0.00202889717
177 293 -481.201019 -0.992754102 -0.120163381 0
177.203476 292.139191 -481.234772 -0.88862586 -0.458632529 0.000577360683
177.198059 292.132233 -480.301514 -0.872274756 -0.488501698 -0.022423109
178.136688 291.214844 -481.271271 -0.452642858 -0.891648352 -0.0088098431
178.554962 291.05014 -480.301514 -0.258019447 -0.965959132 -0.0186785497
178.132233 291.198059 -480.301514 -0.48647213 -0.873189151 -0.0297576245
178.557327 291.068665 -481.27713 -0.184727073 -0.982602239 -0.0192036815
179 291 -480.301514 -0.111628942 -0.993562877 -0.0192818902
178.999924 291.019135 -481.279236 -0.111312799 -0.993595481 -0.0194276255
177.586472 291.587158 -480.619568 -0.704111636 -0.709957659 -0.0136745786
177.43634 291.753021 -480.301514 -0.781077623 -0.622888625 -0.0439037159
177.753021 291.43634 -480.301514 -0.622879207 -0.781065822 -0.0442453884
177.442551 291.763702 -481.249542 -0.778412998 -0.627749562 0.00192443188
177.75885 291.450439 -481.261932 -0.620230436 -0.784419477 0.000551463629
179 291 -480.301514 -0.105371937 -0.994432867 -2.63526508e-05
179 291 -367.595917 -0.0977951288 -0.995206594 -1.00387116e-15
178.612152 291.038116 -367.671051 -0.1638854 -0.986479402 -4.07818425e-06
178.554962 291.05014 -480.301514 -0.242537156 -0.970142126 -3.41926825e-05
178.239822 291.150085 -367.73584 -0.375303507 -0.926901996 1.66707305e-05
178.132233 291.198059 -480.301514 -0.452102095 -0.891966164 -2.09182217e-05
177.830505 291.377869 -367.798676 -0.568252385 -0.82285428 3.5614743e-05
177.753021 291.43634 -480.301514 -0.641941488 -0.766753674 -1.59016454e-05
177.483749 291.695862 -367.845184 -0.742092192 -0.670297801 3.07512892e-05
177.43634 291.753021 -480.301514 -0.798993468 -0.601339698 -1.19552915e-05
177.220398 292.08728 -367.876373 -0.876708984 -0.481021136 2.4170753e-05
177.198059 292.132233 -480.301514 -0.914575815 -0.404414445 -5.89713954e-06
177.055801 292.530914 -367.894073 -0.964008808 -0.265870273 1.70684016e-05
177.05014 292.554962 -480.301514 -0.982442081 -0.186567858 9.94924449e-07
177 293 -367.89975 -0.993350029 -0.115133487 1.27088852e-05
177 293 -480.301514 -0.993712187 -0.111964479 -3.07890574e-16
-213.499908 306.343658 -494.644165 -0.999948561 0.00717040431 0.00717040431
-213.499802 306.350281 -494.637543 -0.999931574 0.00827349536 0.00827349536
-213.499802 332.692871 -520.980164 -0.999931574 0.00827349536 0.00827349536
-213.499908 332.686249 -520.986755 -0.999963164 0.0060672937 0.0060672937
-213.499985 306.337036 -494.650787 -0.999989033 0.00330946129 0.00330946129
-213.499985 332.679626 -520.993408 -0.999989033 0.00330946129 0.00330946129
-213.5 332.673004 -521 -0.999997258 0.00165473518 0.00165473518
-213.5 306.330414 -494.65741 -0.999997258 0.00165473518 0.00165473518
-213.499802 332.702911 -520.98999 -0.999956608 0.00846265908 0.00389010506
-213.499908 332.686249 -520.986755 -0.999948323 0.00746822776 0.00689599337
-213.499802 332.692871 -520.980164 -0.999931574 0.00829188526 0.00825510733
-213.5 332.682983 -521.01062 -0.999981284 0.00597249297 0.00134805439
-213.5 332.673004 -521 -0.999997258 0.0018228984 0.0014865722
-213.499985 332.679626 -520.993408 -0.999992669 0.00305662886 0.00230269739
-213.499954 332.686249 -520.993469 -0.999970436 0.00724350801 0.00258060708
-213.499985 299.020782 -476.987793 -0.999988914 0.00467984658 0.000460924639
-213.5 299.491577 -481.862823 -0.999997258 0.00229518372 0.000456540409
-213.5 299.011414 -476.987793 -0.999997258 0.00234014913 0.000230484555
-213.499985 303.23053 -490.865509 -0.999989033 0.00393392378 0.00253623328
-213.499985 306.337036 -494.650787 -0.99998492 0.00424116151 0.00348063093
-213.5 306.330414 -494.65741 -0.999997258 0.00181771256 0.00149175804
-213.5 303.222748 -490.870728 -0.999997258 0.0019884354 0.0012362526
-213.499908 303.238342 -490.860321 -0.999956131 0.00761198625 0.00545572909
-213.499802 306.350281 -494.637543 -0.999930859 0.00908835791 0.00745862257
-213.499908 306.343658 -494.644165 -0.999955773 0.0072707478 0.00596694881
-213.499802 303.246124 -490.855103 -0.999931455 0.00994206686 0.00618096953
-213.499985 300.922211 -486.546936 -0.999990582 0.00405261712 0.00157177751
-213.5 300.913574 -486.550507 -0.999997258 0.00216201576 0.000895536272
-213.499908 300.930878 -486.543365 -0.999956131 0.00853008498 0.00386587391
-213.499802 300.939514 -486.539764 -0.999931455 0.0109568797 0.00412260229
-213.499985 299.500763 -481.861023 -0.999989033 0.00459035533 0.000913078373
-213.499908 299.509949 -481.859192 -0.999956191 0.0091801798 0.00182605127
-213.499908 299.030151 -476.987793 -0.999955773 0.00936046429 0.000921925239
-213.499802 299.03952 -476.987793 -0.999930859 0.0117004821 0.00115239678
-213.499802 299.519104 -481.857361 -0.999931574 0.0114756683 0.00228265231
-212.861588 337.90744 -526.49884 -0.950962365 -0.0932152718 -0.294926196
-212.542496 339.503387 -527.548706 -0.970169365 0.199606255 -0.137581557
-211.807831 341.104095 -529.852173 -0.959021091 0.169676259 -0.2269108
-213.260773 336.121277 -524.287781 -0.952828407 -0.131191492 -0.273691028
-213.5 332.682983 -521.01062 -0.838582933 -0.344158411 -0.42229569
-213.499802 332.702911 -520.98999 -0.99871248 0.0409570187 -0.0299325883
-210.359131 344.744629 -532.593323 -0.950149119 0.287057489 -0.121715434
-210.488632 344.193726 -532.572205 -0.932564914 0.0982420668 -0.347377509
-210.319046 344.447754 -532.885681 -0.905465007 0.0935504884 -0.413982451
-210.229401 344.201691 -533.095154 -0.895926178 -0.00406653248 -0.444184333
-210.349182 344.59787 -532.743591 -0.929965734 0.186487734 -0.316837639
-213.499908 299.030151 -1 -0.999948561 0.0101404833 1.21099262e-18
-213.499802 299.03952 -476.987793 -0.999931574 0.0117004886 1.39729572e-18
-213.499908 299.030151 -476.987793 -0.999963164 0.00858044904 1.02469025e-18
-213.499802 299.03952 -1 -0.999931574 0.0117004886 1.39729551e-18
-213.499985 299.020782 -1 -0.999985099 0.00546032656 6.52078988e-19
-213.499985 299.020782 -476.987793 -0.999992371 0.00390024041 4.65774494e-19
-213.5 299.011414 -1 -0.999997258 0.0023401489 2.79465167e-19
-213.5 299.011414 -476.987793 -0.999997258 0.0023401489 2.79465271e-19
-192.910919 349.881439 -544.756409 -0.131910026 0.344813257 -0.929356515
-189.5 350.086975 -544.992371 -0.090303123 0.531360328 -0.842319131
-189.5 349.912689 -545 -0.0715704039 0.0435075313 -0.996486187
-195.204056 350.056885 -544.297485 -0.219318047 0.418950081 -0.881124556
-196.220825 349.772736 -544.039734 -0.322172999 0.181984678 -0.929024279
-200.029846 349.856506 -542.524536 -0.455570608 0.231312007 -0.859622121
-199.828705 349.49231 -542.663696 -0.437988639 0.0995149612 -0.893455505
-203.167099 348.930084 -540.728455 -0.573273957 0.133885056 -0.808351278
-203.946747 349.275787 -540.069397 -0.635540128 0.206910655 -0.743825734
-206.060257 347.952271 -538.371216 -0.695890903 0.111524262 -0.709435105
-206.905212 348.183411 -537.359192 -0.74027729 0.270022869 -0.615692496
-210.229401 344.201691 -533.095154 -0.860942781 0.0979705825 -0.499178559
-208.867722 346.733795 -534.946655 -0.856304049 0.170133144 -0.487645417
-208.447037 346.399872 -535.731262 -0.821323931 0.0881447941 -0.56361109
-210.319046 344.447754 -532.885681 -0.876751125 0.142487749 -0.459352523
-210.349182 344.59787 -532.743591 -0.897442162 0.242132738 -0.368740082
-210.359131 344.744904 -532.593018 -0.900112927 0.280511618 -0.333331555
-210.359131 344.744629 -532.593323 -0.11791037 0.706601918 -0.697718382
-207.08696 347.762177 -537.287964 -0.789319992 0.135807201 -0.598774076
-213.492981 299.020782 -0.795274258 -0.956765532 -0.281804115 0.0720148534
-213.499985 299.020782 -1 -0.999402165 0.00545713212 0.034140598
-213.5 299.011414 -1 -0.558918297 -0.827489793 0.0535816103
-213.49292 299.030151 -0.795278728 -0.953963041 0.294122249 0.0587075278
-213.499802 299.03952 -1 -0.555293202 0.8299492 0.0532338358
-213.499908 299.030151 -1 -0.999373317 0.00935501233 0.0341396183
-213.472031 299.020782 -0.591503024 -0.711495221 -0.696404934 0.0937799439
-213.424789 299.011414 -0.332437187 -0.647764266 -0.746394157 0.152634308
-213.47197 299.030151 -0.591511965 -0.707306743 0.701495707 0.087297678
-213.424591 299.03952 -0.332481056 -0.613023102 0.776827455 0.144020006
-213.437225 299.020782 -0.389636427 -0.978036046 -0.114368126 0.174256846
-213.437164 299.030151 -0.389649779 -0.980580986 0.0742031187 0.181534529
-213.388672 299.030151 -0.190633327 -0.944999039 0.192669794 0.2643013
-213.388733 299.020782 -0.190615594 -0.929978251 -0.233877763 0.283622324
-213.326767 299.020782 0.00463150069 -0.670932651 -0.701568127 0.240107253
-213.202911 299.011414 0.30165121 -0.596973538 -0.749638557 0.285770357
-213.326706 299.030151 0.00460949447 -0.668204188 0.706573844 0.232930258
-213.202728 299.03952 0.301565677 -0.564591169 0.77981323 0.270422101
-213.251617 299.020782 0.195194542 -0.896942556 -0.247755617 0.366211891
-213.251556 299.030151 0.195168361 -0.913187623 0.133637547 0.385005623
-213.163574 299.030151 0.380154788 -0.875054419 0.130333066 0.466147065
-213.163635 299.020782 0.380185038 -0.867608666 -0.12674664 0.480822682
-213.063232 299.020782 0.558740497 -0.606595039 -0.699844122 0.377174675
-212.84549 299.011414 0.870469391 -0.513107657 -0.755657732 0.407064974
-213.063187 299.030151 0.558706343 -0.605420947 0.704908192 0.369553596
-212.845337 299.03952 0.870346487 -0.486198336 0.78342998 0.387102902
-212.950897 299.020782 0.730028331 -0.763611078 -0.380051643 0.521975994
-212.950836 299.030151 0.729990423 -0.802310526 0.189273834 0.566103518
-212.827072 299.030151 0.893208563 -0.7584005 0.056196142 0.64936173
-212.827118 299.020782 0.893249989 -0.754504204 -0.033272706 0.655451238
-212.69249 299.020782 1.0476445 -0.677633405 -0.359411657 0.641588807
-212.692444 299.030151 1.04759967 -0.68307358 0.370725691 0.629263759
-212.547638 299.020782 1.19249189 -0.498251081 -0.691124976 0.523538053
-212.370468 299.011414 1.34549439 -0.413364023 -0.739741862 0.530954003
-212.547592 299.030151 1.19244385 -0.499077618 0.696314275 0.515817702
-212.370346 299.03952 1.34534037 -0.391995877 0.770694733 0.502363265
-212.39325 299.020782 1.32711685 -0.654277742 -0.0520308428 0.754462302
-212.393204 299.030151 1.32706594 -0.65171504 0.0424505435 0.757275045
-212.229996 299.030151 1.45083809 -0.567200005 0.221336171 0.79328078
-212.230026 299.020782 1.45089173 -0.536224365 -0.289558619 0.792855144
-212.058746 299.020782 1.56323946 -0.372148871 -0.699861169 0.609671712
-211.801651 299.011414 1.70290661 -0.285770327 -0.749638557 0.596973538
-212.058701 299.030151 1.56318331 -0.374544948 0.704891205 0.602365732
-211.801559 299.03952 1.70272899 -0.270422131 0.77981323 0.564591229
-211.880188 299.020782 1.66363621 -0.474605858 -0.18028225 0.861537933
-211.880157 299.030151 1.66357791 -0.471814662 0.104482517 0.875485182
-211.695175 299.030151 1.75155354 -0.385005623 0.133637547 0.913187623
-211.69519 299.020782 1.75161386 -0.366211891 -0.247755602 0.896942616
-211.504639 299.020782 1.82676208 -0.250465155 -0.659648299 0.708612204
-211.167557 299.011414 1.92478371 -0.152634308 -0.746394157 0.647764266
-211.504608 299.030151 1.82670021 -0.220044613 0.750229955 0.623486519
-211.167526 299.03952 1.92459154 -0.144020006 0.776827455 0.613023102
-211.309387 299.020782 1.88873076 -0.273084939 -0.314896345 0.908991158
-211.309372 299.030151 1.88866746 -0.271408796 0.161863953 0.948755682
-211.110352 299.030151 1.93716645 -0.185041502 0.0954157189 0.978087664
-211.110367 299.020782 1.93723083 -0.173209757 -0.0777136087 0.981814146
-210.908493 299.020782 1.97203612 -0.0879104361 -0.696376383 0.712272227
-210.5 299.011414 2 -0.0535816103 -0.827489793 0.558918297
-210.908493 299.030151 1.97197104 -0.0931267962 0.701524138 0.706534743
-210.5 299.03952 1.99980283 -0.0532338358 0.8299492 0.555293202
-210.704727 299.020782 1.99298441 -0.0640249327 -0.34609738 0.936011434
-210.5 299.020782 1.99997807 -0.034140598 0.00545713212 0.999402165
-210.704727 299.030151 1.99291885 -0.0660846978 0.249474064 0.966123939
-210.5 299.030151 1.99991238 -0.0341396183 0.00935501233 0.999373317
189.5 349.912689 -545 3.27107519e-18 0.0436193869 -0.999048233
-189.5 349.912689 -545 0 0.0436193869 -0.999048233
-189.5 350.086975 -544.992371 3.27107519e-18 0.0436193869 -0.999048233
189.5 350.086975 -544.992371 6.54215037e-18 0.0436193869 -0.999048233
210.5 299.030151 1.99991238 -2.52063336e-18 0.0101404842 0.999948561
-210.5 299.03952 1.99980283 -1.83168828e-18 0.0117004905 0.999931574
-210.5 299.030151 1.99991238 -6.46664367e-18 0.00858044811 0.999963164
210.5 299.03952 1.99980283 2.13079534e-18 0.0117004905 0.999931574
210.5 299.020782 1.99997807 -6.85520142e-18 0.0046802857 0.999989033
-210.5 299.020782 1.99997807 -1.03392895e-17 0.0046802857 0.999989033
-210.5 299.011414 2 -6.90750819e-18 0.0023401489 0.999997258
210.5 299.011414 2 -2.84370219e-18 0.0023401489 0.999997258
193.246078 350.077423 -544.695435 0.140466616 -0.171809152 -0.975064456
189.5 349.912689 -545 0.0915991515 -0.384812444 -0.918438315
189.5 350.086975 -544.992371 0.0790628046 0.0434828438 -0.995920837
195.218933 349.816528 -544.308716 0.22300297 -0.267000884 -0.937539458
196.873642 350.020233 -543.818176 0.331479847 0.0119086476 -0.943387151
200.072571 349.463837 -542.545837 0.459599704 -0.0136200031 -0.888021767
200.40538 349.82428 -542.333557 0.465834647 0.0883849785 -0.880446553
203.626266 349.349792 -540.312744 0.584731042 0.0913251191 -0.806070328
203.990097 348.714722 -540.13208 0.634383976 0.104300268 -0.765949368
206.400208 348.438019 -537.889343 0.713687539 0.175725237 -0.678063929
206.956284 347.482513 -537.47052 0.749024272 0.101728335 -0.654686213
208.799301 346.066467 -535.266602 0.8596645 0.167184368 -0.482728064
208.671707 346.922546 -535.217285 0.840102375 0.180863425 -0.511386752
210.359131 344.744904 -532.593018 0.885962605 0.188297436 -0.42380932
210.349182 344.598206 -532.743225 0.882787645 0.26367116 -0.388797551
210.359131 344.744629 -532.593323 0.11681778 0.706684291 -0.697818696
210.31897 344.447632 -532.885803 0.875691473 0.144367158 -0.460784763
210.229401 344.201691 -533.095154 0.867835581 0.0984319374 -0.487003714
207.066177 347.774231 -537.310425 0.801515996 0.223313272 -0.55471015
210.704727 299.020782 1.99298441 0.0720148534 -0.281804115 0.956765532
210.5 299.020782 1.99997807 0.034140598 0.00545713212 0.999402165
210.5 299.011414 2 0.0535816103 -0.827489793 0.558918297
210.704727 299.030151 1.99291885 0.0587075278 0.294122249 0.953963041
210.5 299.03952 1.99980283 0.0532338358 0.8299492 0.555293202
210.5 299.030151 1.99991238 0.0341396183 0.00935501233 0.999373317
210.908493 299.020782 1.97203612 0.0937799439 -0.696404934 0.711495221
211.167557 299.011414 1.92478371 0.152634308 -0.746394157 0.647764266
210.908493 299.030151 1.97197104 0.087297678 0.701495707 0.707306743
211.167526 299.03952 1.92459154 0.144020006 0.776827455 0.613023102
211.110367 299.020782 1.93723083 0.174256846 -0.114368126 0.978036046
211.110352 299.030151 1.93716645 0.181534529 0.0742031112 0.980580986
211.309372 299.030151 1.88866746 0.2643013 0.192669794 0.944999039
211.309387 299.020782 1.88873076 0.283622324 -0.233877763 0.929978251
211.504639 299.020782 1.82676208 0.221579522 -0.746139944 0.627835751
211.801651 299.011414 1.70290661 0.285770357 -0.749638557 0.596973538
211.504608 299.030151 1.82670021 0.248732328 0.66552633 0.703709364
211.801559 299.03952 1.70272899 0.270422101 0.77981323 0.564591169
211.69519 299.020782 1.75161386 0.368813336 -0.179203868 0.912065089
211.695175 299.030151 1.75155354 0.388280451 0.162485033 0.907103598
211.880157 299.030151 1.66357791 0.471814632 0.104482509 0.875485241
211.880188 299.020782 1.66363621 0.474605858 -0.18028225 0.861537933
212.058746 299.020782 1.56323946 0.394645751 -0.657855868 0.641467392
212.370468 299.011414 1.34549439 0.407064974 -0.755657732 0.513107657
212.058701 299.030151 1.56318331 0.348180324 0.748673737 0.564143717
212.370346 299.03952 1.34534037 0.387102902 0.78342998 0.486198336
212.230026 299.020782 1.45089173 0.521975994 -0.380051643 0.763611078
212.229996 299.030151 1.45083809 0.566103518 0.189273834 0.802310526
212.393204 299.030151 1.32706594 0.64936173 0.056196142 0.7584005
212.39325 299.020782 1.32711685 0.655451238 -0.033272706 0.754504204
212.547638 299.020782 1.19249189 0.641588807 -0.359411657 0.677633405
212.547592 299.030151 1.19244385 0.629263759 0.370725691 0.68307358
212.69249 299.020782 1.0476445 0.48727116 -0.736411273 0.469324261
212.84549 299.011414 0.870469391 0.555605888 -0.713282049 0.427236289
212.692444 299.030151 1.04759967 0.546083033 0.654826939 0.52248925
212.845337 299.03952 0.870346487 0.502363205 0.770694733 0.391995907
212.827118 299.020782 0.893249989 0.754504204 -0.033272706 0.655451238
212.827072 299.030151 0.893208563 0.75840044 0.0561961494 0.649361789
212.950836 299.030151 0.729990423 0.819687366 0.00700629968 0.572768271
213.063232 299.020782 0.558740497 0.63189286 -0.663763165 0.400162309
213.202911 299.011414 0.30165121 0.596973538 -0.749638557 0.285770327
213.063187 299.030151 0.558706343 0.605420947 0.704908252 0.369553626
213.202728 299.03952 0.301565677 0.564591229 0.77981323 0.270422131
213.163635 299.020782 0.380185038 0.867608666 -0.12674664 0.480822712
213.163574 299.030151 0.380154788 0.875054419 0.130333081 0.466147065
213.251556 299.030151 0.195168361 0.907103598 0.162485033 0.388280451
213.251617 299.020782 0.195194542 0.912065029 -0.179203868 0.368813366
213.326767 299.020782 0.00463150069 0.627835751 -0.746139884 0.221579492
213.424789 299.011414 -0.332437187 0.647764266 -0.746394157 0.152634308
213.326706 299.030151 0.00460949447 0.703709364 0.66552639 0.248732284
213.424591 299.03952 -0.332481056 0.613023102 0.776827455 0.144020006
213.388733 299.020782 -0.190615594 0.929978251 -0.233877763 0.283622324
213.388672 299.030151 -0.190633327 0.944999039 0.192669794 0.26430127
213.437164 299.030151 -0.389649779 0.980580986 0.0742031112 0.181534514
213.437225 299.020782 -0.389636427 0.978036046 -0.114368126 0.174256846
213.472031 299.020782 -0.591503024 0.750105619 -0.654237032 0.096516639
213.5 299.011414 -1 0.558918297 -0.827489793 0.0535816103
213.47197 299.030151 -0.591511965 0.661229134 0.745523691 0.0834894702
213.499802 299.03952 -1 0.555293202 0.8299492 0.0532338358
213.492981 299.020782 -0.795274258 0.936011434 -0.34609738 0.0640249327
213.499985 299.020782 -1 0.999402165 0.00545713212 0.034140598
213.49292 299.030151 -0.795278728 0.966123939 0.249474064 0.0660846978
213.499908 299.030151 -1 0.999373317 0.00935501233 0.0341396183
212.888077 338.156616 -526.25061 0.987112939 0.119253501 -0.106708154
212.059601 340.471863 -529.189392 0.944474161 0.0266065318 -0.327506661
211.876877 341.498718 -529.470825 0.956296206 0.126462489 -0.263637722
213.499802 332.702911 -520.98999 0.943247795 0.278547585 0.180817068
213.140884 336.610016 -525.136475 0.99156332 0.112812474 -0.0638396442
213.5 332.682983 -521.01062 0.997972548 0.0503258705 -0.038962841
210.488632 344.193726 -532.572205 0.930357218 0.0789412931 -0.358055443
210.229401 344.201691 -533.095154 0.895634472 -0.0209589489 -0.444296807
210.31897 344.447632 -532.885803 0.905473292 0.0937753171 -0.413913369
210.349182 344.598206 -532.743225 0.929893911 0.186502069 -0.317039847
210.359131 344.744629 -532.593323 0.947030544 0.213419482 -0.239969373
213.499908 299.030151 -476.987793 0.999948561 0.0101404833 2.70146083e-18
213.499802 299.03952 -1 0.999931574 0.0117004886 2.79459144e-18
213.499908 299.030151 -1 0.999963164 0.00858044904 3.63301447e-18
213.499802 299.03952 -476.987793 0.999931574 0.0117004886 1.39729551e-18
213.499985 299.020782 -476.987793 0.999985099 0.00546032656 2.7014933e-18
213.499985 299.020782 -1 0.999992371 0.00390024041 1.9562532e-18
213.5 299.011414 -476.987793 0.999997258 0.0023401489 8.38398216e-19
213.5 299.011414 -1 0.999997258 0.0023401489 2.79465271e-19
213.499908 332.686249 -520.986755 0.999965489 0.00744682457 0.00368371606
213.499802 332.702911 -520.98999 0.999964237 0.0074677309 0.00396687444
213.499802 332.692871 -520.980164 0.999931574 0.00829167664 0.00825531501
213.5 332.682983 -521.01062 0.999978244 0.00615700986 0.00236147246
213.499985 332.679626 -520.993408 0.999987423 0.00459355302 0.00202535978
213.5 332.673004 -521 0.999997258 0.0018228984 0.0014865722
213.499802 306.350281 -494.637543 0.999930859 0.00908835698 0.00745862164
213.499802 303.246124 -490.855103 0.999931455 0.00951513462 0.00681991782
213.499908 306.343658 -494.644165 0.999948084 0.00787647255 0.00646405388
213.499985 299.500763 -481.861023 0.999989033 0.00457509141 0.000988316257
213.499985 299.020782 -476.987793 0.99998492 0.00546013098 0.000537775981
213.5 299.011414 -476.987793 0.999997258 0.00234014937 0.000230484569
213.5 299.491577 -481.862823 0.999997258 0.00228019874 0.000531873491
213.499908 299.509949 -481.859192 0.999956131 0.00924027059 0.00152470439
213.499802 299.03952 -476.987793 0.999930859 0.0117004821 0.00115239678
213.499908 299.030151 -476.987793 0.999955773 0.00936046429 0.000921925239
213.499802 299.519104 -481.857361 0.999931455 0.011400708 0.00265949778
213.499985 300.922211 -486.546936 0.999990582 0.00397704728 0.00175421848
213.5 300.913574 -486.550507 0.999997258 0.00216201576 0.000895536272
213.5 303.222748 -490.870728 0.999997258 0.0019884354 0.0012362526
213.499908 300.930878 -486.543365 0.999956131 0.00876526535 0.00329809473
213.499802 300.939514 -486.539764 0.999931455 0.0106628044 0.00483256392
213.499985 303.23053 -490.865509 0.999991119 0.0034766309 0.0023784677
213.5 306.330414 -494.65741 0.999997258 0.00181771256 0.00149175804
213.499985 306.337036 -494.650787 0.99998492 0.00424116151 0.00348063093
213.499908 303.238342 -490.860321 0.99995923 0.00759611605 0.00487765018
213.499802 332.692871 -520.980164 0.999931574 0.00827349536 0.00827349536
213.499802 306.350281 -494.637543 0.999931574 0.00827349536 0.00827349536
213.499908 306.343658 -494.644165 0.999948561 0.00717040431 0.00717040431
213.499908 332.686249 -520.986755 0.999963164 0.0060672937 0.0060672937
213.499985 306.337036 -494.650787 0.999985099 0.00386103406 0.00386103406
213.499985 332.679626 -520.993408 0.999992371 0.00275788666 0.00275788666
213.5 306.330414 -494.65741 0.999997258 0.00165473518 0.00165473518
213.5 332.673004 -521 0.999997258 0.00165473518 0.00165473518
211.814911 309.950745 -476.987793 0.219929054 0.97081852 0.095617272
211.373779 310.269012 -479.719086 0.110908501 0.980583966 0.161723241
211.373779 310 -476.987793 0.110440001 0.989096999 0.0974175483
211.814911 312.318481 -484.793152 0.220816001 0.810617864 0.542345822
211.814911 314.065674 -486.922119 0.255780548 0.747296154 0.613290071
211.373779 314.100494 -486.887299 0.110440001 0.768281758 0.630512595
211.373779 312.359436 -484.765778 0.110908501 0.844052672 0.524666011
212.234314 312.197632 -484.873901 0.430714279 0.749732792 0.502380252
212.234314 313.962891 -487.024902 0.462147206 0.685508192 0.562581956
212.611328 312.002838 -485.004059 0.61932528 0.65182215 0.437680274
212.611328 313.797241 -487.190552 0.646152854 0.589967787 0.484174013
212.927399 311.743713 -485.177185 0.777345896 0.521734238 0.351463646
212.927399 313.576874 -487.410919 0.798669517 0.465174407 0.381758779
213.166931 311.432983 -485.384796 0.896999061 0.365912169 0.247993886
213.166931 313.312653 -487.675171 0.911963582 0.317143887 0.260273248
213.318146 311.085999 -485.616669 0.972391427 0.189705685 0.135892123
213.373581 310.719849 -485.861328 0.992159963 0.106094554 0.0660495758
213.373581 312.706146 -488.281647 0.992092907 0.0970170498 0.0796198398
213.318146 313.017548 -487.970245 0.971920729 0.181896031 0.149278209
211.814911 311.020172 -482.364227 0.220816016 0.900848508 0.373781055
211.373779 311.065674 -482.345367 0.110908501 0.930191696 0.349918216
212.234314 310.885895 -482.41983 0.430714279 0.833336413 0.346461535
212.611328 310.669464 -482.509491 0.61932528 0.724684775 0.302106172
212.927399 310.381531 -482.628754 0.762722552 0.592051923 0.260247648
213.166931 310.036285 -482.771759 0.889923394 0.42326811 0.169942603
213.318146 309.650757 -482.931458 0.972391427 0.2125718 0.0962712616
213.373581 309.243866 -483.100006 0.992159963 0.116941616 0.044082433
211.814911 310.220703 -479.728668 0.198756948 0.95719409 0.210416719
212.234314 310.078156 -479.75705 0.396627277 0.900341034 0.179088935
212.234314 309.805389 -476.987793 0.462147206 0.882533014 0.0869219229
212.611328 309.848389 -479.802734 0.589454532 0.792279899 0.157594278
212.611328 309.571136 -476.987793 0.646152854 0.759532988 0.0748074651
212.927399 309.542725 -479.863525 0.767306566 0.627379477 0.132799149
212.927399 309.259491 -476.987793 0.798669517 0.598872244 0.0589837618
213.166931 309.176208 -479.936432 0.886617124 0.455545455 0.0799277052
213.166931 308.885803 -476.987793 0.911963582 0.408295602 0.0402136073
213.318146 308.766907 -480.017853 0.972539127 0.228267446 0.0454052202
213.318146 308.468475 -476.987793 0.971920729 0.234175548 0.0230642781
213.373581 308.028076 -476.987793 0.992092907 0.124901146 0.012301689
213.373581 308.334991 -480.10376 0.992168009 0.122510478 0.0243688487
213.373581 312.706146 -488.281647 0.992940664 0.0838181227 0.0839250013
213.373581 339.058685 -514.634216 0.993774354 0.0787799284 0.0787799284
213.330292 339.331726 -514.361145 0.984158516 0.125355512 0.125371292
213.318146 313.017548 -487.970245 0.967007697 0.18006444 0.180202365
213.213379 339.59375 -514.099121 0.922251582 0.273394972 0.273326188
213.166931 313.312653 -487.675171 0.886974812 0.326512873 0.326596081
212.981766 339.879639 -513.813232 0.81668365 0.408132017 0.407990307
212.927399 313.576874 -487.410919 0.760864794 0.458816946 0.45888105
212.66301 340.119965 -513.572937 0.663738191 0.52895087 0.528831363
212.611328 313.797241 -487.190552 0.595882714 0.567834854 0.567879736
212.274231 340.301544 -513.391296 0.475743562 0.622006774 0.621912837
212.234314 313.962891 -487.024902 0.400522172 0.647902548 0.647923112
211.836563 340.414581 -513.278259 0.262846917 0.682276666 0.682209671
211.814911 314.065674 -486.922119 0.184909001 0.69491607 0.694910288
211.373779 340.453033 -513.239807 0.113916658 0.702528715 0.702478707
211.373779 314.100494 -486.887299 0.110967807 0.702739716 0.702739716
213.318146 308.468475 -1 0.980218768 0.197917148 4.22748784e-17
213.373581 308.028076 -476.987793 0.992168009 0.1249106 2.23723437e-17
213.318146 308.468475 -476.987793 0.962794542 0.270234406 6.97296779e-17
213.373581 308.028076 -1 0.992168009 0.1249106 1.49105377e-17
213.166931 308.885803 -1 0.912424624 0.409244776 9.8169815e-17
213.166931 308.885803 -476.987793 0.879478872 0.475937873 1.09341941e-16
212.927399 309.259491 -1 0.799688637 0.600414932 1.19446244e-16
212.927399 309.259491 -476.987793 0.752844155 0.658198833 1.52061221e-16
212.611328 309.571136 -1 0.647563696 0.762011349 1.92164075e-16
212.611328 309.571136 -476.987793 0.589127779 0.808039904 2.28166483e-16
212.234314 309.805389 -1 0.4635427 0.886074603 2.39297051e-16
212.234314 309.805389 -476.987793 0.396393627 0.918080688 2.36385217e-16
211.814911 309.950745 -1 0.256689698 0.966493845 2.37386013e-16
211.814911 309.950745 -476.987793 0.184134915 0.982900977 1.94980513e-16
211.373779 310 -1 0.1109678 0.993824005 1.78027148e-16
211.373779 310 -476.987793 0.1109678 0.993824005 1.18684457e-16
210.253738 350.849915 -526.428101 0.955943167 0.25522244 -0.14503181
210.461609 350.702026 -525.316223 0.93452245 0.355732977 -0.0110360198
212.424805 345.717621 -521.294006 0.924195647 0.375598371 0.0691971108
210.371658 350.849548 -525.774841 0.979510248 0.0965176374 -0.176759794
210.259552 350.910431 -526.329407 0.965157568 0.193827212 -0.175789475
210.254852 350.884521 -526.383789 0.964986801 0.194378585 -0.176117569
210.266251 350.924896 -526.276672 0.965398669 0.193002433 -0.175372273
210.304291 350.925415 -526.06604 0.966255128 0.189537928 -0.174431771
210.275696 350.932709 -526.216064 0.965758622 0.191667512 -0.174853668
212.58812 343.030548 -516.631836 0.683208227 0.554672003 0.47493729
213.373581 339.058685 -514.634216 0.941095889 0.280833632 0.188337415
213.137589 342.404846 -517.980591 0.920053124 0.34010303 0.194505051
211.027359 344.415863 -517.202698 0.364009619 0.690709531 0.624833882
211.373779 340.453033 -513.239807 0.320198685 0.695560992 0.643169999
211.836563 340.414581 -513.278259 0.230726242 0.741455793 0.630086303
212.274231 340.301544 -513.391296 0.449761033 0.661227226 0.600411177
212.66301 340.119965 -513.572937 0.644379735 0.561811626 0.51878947
212.981766 339.879639 -513.813232 0.803302526 0.44968015 0.390503228
213.213379 339.59375 -514.099121 0.909574926 0.340748549 0.237831503
213.330292 339.331726 -514.361145 0.971060216 0.231324539 0.0594226941
212.01442 345.994019 -519.59552 0.676967859 0.594386101 0.434073359
209.999969 348.253082 -521.039917 0.370675594 0.705490232 0.604055524
211.045868 348.909821 -522.511597 0.751976669 0.581336081 0.310772419
210.217972 350.348328 -523.661987 0.565240324 0.688584924 0.454262227
209.888443 350.194489 -523.161682 0.433389843 0.686127901 0.584295988
210.425766 350.46225 -524.236145 0.730101109 0.617270231 0.293137878
210.494415 350.58194 -524.842468 0.870280325 0.473948181 0.134109244
212.486328 343.740906 -517.342224 0.700508773 0.567863703 0.432224751
211.613815 347.358459 -520.960083 0.685040891 0.61620003 0.388608366
211.139435 308.028076 1.80154002 0.193753362 0.139220089 0.971121728
210.5 308.468475 1.81814265 0.142517358 0.254709989 0.956457853
210.5 308.028076 1.87358689 0.111098439 0.124137327 0.98602587
210.694443 310 -0.148123592 0.0211771894 0.993679583 0.110238209
210.5 310 -0.126216009 0.012502091 0.99374634 0.110959128
210.5 309.950745 0.314913869 0.0308423229 0.979106009 0.200997889
213.318146 308.468475 -1 0.956457853 0.254709989 0.142517358
213.301544 308.028076 -0.360566765 0.971121728 0.139220089 0.193753362
213.373581 308.028076 -1 0.98602587 0.124137327 0.111098439
211.373779 310 -1 0.110959128 0.99374634 0.012502091
211.351883 310 -0.805564761 0.110238209 0.993679583 0.0211771894
211.814911 309.950745 -1 0.200997889 0.979106009 0.0308423229
211.37085 308.468475 1.68021297 0.324833542 0.257326722 0.910091281
211.746796 308.028076 1.58901227 0.437952548 0.136913717 0.88851124
211.324127 308.885803 1.53639948 0.271653533 0.440429807 0.855702043
210.5 308.885803 1.66692817 0.13813141 0.4693757 0.872127354
212.156464 308.468475 1.27992523 0.595717311 0.244233027 0.765160859
212.291656 308.028076 1.24666071 0.618100584 0.131196231 0.775073647
212.746658 308.028076 0.791652083 0.74465704 0.143828169 0.65176636
211.250107 309.259491 1.30858672 0.232887939 0.62638849 0.743909001
210.5 309.259491 1.42739177 0.118743658 0.651016891 0.749717951
212.067581 308.885803 1.15759027 0.522784293 0.440429837 0.729875445
212.779922 308.468475 0.656462669 0.801594853 0.254560947 0.540966213
213.08902 308.028076 0.246802613 0.88851124 0.136913717 0.437952578
211.152435 309.571136 1.00799572 0.183203414 0.781717241 0.596116304
210.5 309.571136 1.1113317 0.0934984609 0.801731348 0.590326071
211.926788 309.259491 0.963801205 0.45137009 0.62638855 0.635533214
212.657593 308.885803 0.567581058 0.722741306 0.440429807 0.532603562
211.035934 309.805389 0.649432242 0.125341296 0.89892745 0.419784456
210.5 309.805389 0.734315693 0.0636001229 0.913623691 0.401555389
213.180206 308.468475 -0.129146039 0.922049522 0.240557656 0.303243548
211.741013 309.571136 0.70810324 0.358446836 0.7817173 0.51032722
212.463806 309.259491 0.426785082 0.623271108 0.610620618 0.488544315
210.906326 309.950745 0.250557393 0.0623205975 0.971248269 0.229767099
210.87912 310 -0.212747827 0.0498494282 0.993684411 0.100530088
213.036392 308.885803 -0.175873861 0.86830318 0.407986343 0.282128811
213.166931 308.885803 -1 0.872127354 0.4693757 0.13813141
211.519409 309.805389 0.403090864 0.248927176 0.89892745 0.360506147
212.208099 309.571136 0.241009623 0.526064456 0.759719074 0.382208198
212.808594 309.259491 -0.249894693 0.746855915 0.613256216 0.257144123
212.927399 309.259491 -1 0.749717891 0.651016891 0.118743651
211.272888 309.950745 0.0637876615 0.129470661 0.971293569 0.199564829
211.0448 310 -0.316848159 0.0749897733 0.993669808 0.0836470947
211.903091 309.805389 0.0194051918 0.370201409 0.8911888 0.262170583
212.507996 309.571136 -0.347562641 0.596116185 0.7817173 0.183203429
212.611328 309.571136 -1 0.590326011 0.801731408 0.0934984609
211.563782 309.950745 -0.227113023 0.177676529 0.973544061 0.143676847
211.183151 310 -0.455204576 0.0870160684 0.99378711 0.0693930015
211.287247 310 -0.620879352 0.100530088 0.993684411 0.0498494282
212.149429 309.805389 -0.464066982 0.43740657 0.89101851 0.121497035
212.234314 309.805389 -1 0.401555389 0.913623691 0.0636001304
211.750565 309.950745 -0.593669295 0.242222503 0.96700877 0.0788818747
202.996368 358.337402 -537.889709 0.621022224 0.550396264 -0.558028162
200.159348 358.629974 -540.476379 0.586196363 0.499381274 -0.637959421
201.294846 359.879211 -538.024719 0.546149015 0.675130844 -0.495902807
206.671936 357.614319 -532.344849 0.820124805 0.496403873 -0.284567207
205.359604 357.786804 -534.907349 0.790968955 0.451913655 -0.412482858
204.30069 358.992798 -535.383606 0.708501101 0.595224977 -0.379121989
206.433365 357.298828 -533.235962 0.835296988 0.408320159 -0.368176103
207.278976 356.669128 -531.792297 0.88539654 0.378163129 -0.270306587
209.61055 352.2388 -525.025574 0.863530755 0.474245906 0.171480313
209.478195 353.194275 -527.722473 0.903900743 0.422859192 0.0644483268
208.502701 355.42746 -528.787476 0.889599919 0.454755157 0.0425410718
210.247375 351.217896 -526.056519 0.890019 0.445229679 0.0981667712
210.217972 350.348328 -523.661987 0.675487697 0.561655283 0.477765262
209.888443 350.194489 -523.161682 0.577872455 0.591370106 0.562445462
210.425766 350.46225 -524.236145 0.814343989 0.50263232 0.290180266
210.461609 350.702026 -525.316223 0.884942472 0.461864799 0.0596472174
210.371658 350.849548 -525.774841 0.964365959 0.239669874 -0.112056673
210.494415 350.58194 -524.842468 0.867965579 0.477945924 0.134919956
197.877853 359.362 -541.748962 0.49501127 0.399952769 -0.771363497
196.902328 358.792389 -542.482544 0.377708733 0.403062344 -0.833592772
197.717453 359.8909 -541.389648 0.33655569 0.743233442 -0.578216493
204.243149 358.646851 -536.044312 0.636725783 0.613121033 -0.467613965
204.325653 358.366547 -536.170166 0.779794693 0.258469433 -0.570187509
208.442368 355.428467 -529.418945 0.891732514 0.428741753 -0.144891828
208.56218 354.989258 -529.493286 0.93043524 0.270305067 -0.24743776
208.459167 355.294739 -529.554871 0.909539938 0.297297776 -0.290432751
190.70192 360.50592 -543.10199 0.075267382 0.927360475 -0.366520673
189.501144 360.72229 -542.473083 0.113855489 0.985996723 -0.121849939
189.50116 360.723755 -541.994019 0.0511315465 0.988965213 -0.139044479
189.501053 360.607117 -542.938049 0.0303114932 0.934426606 -0.354863614
189.5009 360.384583 -543.362305 0.0586319566 0.786158204 -0.615237832
191.715851 360.699066 -541.823792 0.0741795972 0.970246792 -0.230474681
192.555069 360.24765 -543.191772 0.135746822 0.800051808 -0.584371388
193.902451 360.636017 -541.419739 0.129344046 0.951344848 -0.279665947
193.738297 360.198792 -542.926941 0.212618113 0.756495297 -0.618472695
193.293686 358.882385 -543.773987 0.227185175 0.409989148 -0.883343518
195.5177 360.090424 -542.365601 0.272329748 0.749480546 -0.603419721
197.769516 360.386871 -540.081299 0.240573794 0.918043494 -0.315151453
199.13356 359.731812 -540.563538 0.47204572 0.72184813 -0.50607127
190.128189 359.847137 -543.878235 0.123813681 0.487536073 -0.86427933
189.5 358.911804 -544.220337 0.123353258 0.266714096 -0.955849111
189.500702 360.067535 -543.721436 0.0468829684 0.664347947 -0.745951593
189.500458 359.674255 -543.994995 0.0286665987 0.485740066 -0.873633087
189.500229 359.304291 -544.145813 0.161501259 0.279612392 -0.946432352
-210.5 308.468475 1.81814265 0 0.197917163 0.980218768
-210.5 308.028076 1.87358689 0 0.124910593 0.992168009
210.5 308.028076 1.87358689 0 0.124910593 0.992168009
210.5 308.468475 1.81814265 1.66203009e-19 0.270234436 0.962794542
-210.5 308.885803 1.66692817 3.15551593e-19 0.409244806 0.912424624
210.5 308.885803 1.66692817 6.13204963e-19 0.475937903 0.879478872
-210.5 309.259491 1.42739177 6.95916252e-19 0.600414872 0.799688637
210.5 309.259491 1.42739177 9.18927247e-19 0.658198833 0.752844095
-210.5 309.571136 1.1113317 8.95079526e-19 0.762011349 0.647563636
210.5 309.571136 1.1113317 1.11266277e-18 0.808039963 0.589127719
208.198807 309.996765 -0.00973844621 0.00399002107 0.993893325 0.11027319
208 309.996002 0 1.54075394e-06 0.989827156 0.142275259
210.5 309.950745 0.314913869 9.98148971e-06 0.97564739 0.219344825
210.5 310 -0.126216009 0.0035979806 0.995219111 0.0976009369
208.394089 309.998352 -0.0389544666 0.000439359836 0.999560356 0.0296461508
208.699234 310 -0.126216009 2.348714e-18 0.999818563 0.0190478638
-210.5 309.805389 0.734315693 1.02655461e-18 0.886074603 0.4635427
210.5 309.805389 0.734315693 1.20134666e-18 0.918080688 0.396393627
-210.5 309.950745 0.314913869 -9.01108615e-06 0.960230052 0.27921015
-208 309.996002 0 -2.27075634e-06 0.989827931 0.142269611
-210.5 310 -0.126216009 -0.00351092499 0.995225966 0.0975340977
-208.316391 309.997681 -0.0249306839 -0.00385452528 0.994214594 0.10734272
-208.509567 309.999237 -0.0658337399 -0.000359464815 0.999704659 0.0242984537
-208.699234 310 -0.126216009 6.14154846e-18 0.999922454 0.0124518545
189 358.911957 -544.220276 -0.00581539422 0.193733424 -0.981036961
189.500229 359.304291 -544.145813 -0.000785818906 0.253275037 -0.967393994
189.5 358.911804 -544.220337 3.16103688e-05 0.186546087 -0.982446194
189 359.358276 -544.129211 -0.00747611746 0.331060886 -0.943579793
189.500458 359.674255 -543.994995 0.00393919926 0.462480158 -0.886620879
189 359.772369 -543.939453 -0.00433001574 0.536191165 -0.844085455
189.500702 360.067535 -543.721436 0.0134693682 0.640056372 -0.768209875
189 360.132812 -543.66095 -0.0150231272 0.693687558 -0.720119298
189 360.420868 -543.308105 -0.00706514018 0.859085262 -0.511783719
189.501053 360.607117 -542.938049 0.00529361842 0.92367965 -0.38312903
189.5009 360.384583 -543.362305 0.0219283011 0.845000923 -0.534315109
189 360.621613 -542.899231 -0.000511164602 0.952982426 -0.303025156
189.501144 360.72229 -542.473083 0.00372648635 0.987694561 -0.156350911
189 360.72467 -542.455505 0.00106856122 0.997138917 -0.075583227
189.50116 360.723755 -541.994019 0.00320002064 0.999993682 -0.00154353515
189 360.724609 -542 0.00170354743 0.999998569 8.16047759e-05
189.333939 360.287689 -543.491699 0.00307776639 0.761947632 -0.647631288
-213.301544 308.028076 -0.360566765 -0.971121728 0.139220089 0.193753362
-213.318146 308.468475 -1 -0.956457853 0.254709989 0.142517358
-213.373581 308.028076 -1 -0.98602587 0.124137327 0.111098439
-211.351883 310 -0.805564761 -0.110238209 0.993679583 0.0211771894
-211.373779 310 -1 -0.110959128 0.99374634 0.012502091
-211.814911 309.950745 -1 -0.200997889 0.979106009 0.0308423229
-210.5 308.468475 1.81814265 -0.142517358 0.254709989 0.956457853
-211.139435 308.028076 1.80154002 -0.193753362 0.139220089 0.971121728
-210.5 308.028076 1.87358689 -0.111098439 0.124137327 0.98602587
-210.5 310 -0.126216009 -0.012502091 0.99374634 0.110959128
-210.694443 310 -0.148123592 -0.0211771894 0.993679583 0.110238209
-210.5 309.950745 0.314913869 -0.0308423229 0.979106009 0.200997889
-213.180206 308.468475 -0.129146039 -0.910091281 0.257326722 0.324833542
-213.08902 308.028076 0.246802613 -0.88851124 0.136913717 0.437952578
-213.036392 308.885803 -0.175873861 -0.855702043 0.440429807 0.271653533
-213.166931 308.885803 -1 -0.872127354 0.4693757 0.13813141
-212.779922 308.468475 0.656462669 -0.772742927 0.254670858 0.581387222
-212.746658 308.028076 0.791652083 -0.74465704 0.143828169 0.65176636
-212.808594 309.259491 -0.249894693 -0.743909001 0.62638849 0.232887939
-212.927399 309.259491 -1 -0.749717951 0.651016891 0.118743658
-212.657593 308.885803 0.567581058 -0.729875445 0.440429837 0.522784293
-212.156464 308.468475 1.27992523 -0.560383201 0.2443427 0.791370511
-212.291656 308.028076 1.24666071 -0.618100584 0.131196231 0.775073647
-211.746796 308.028076 1.58901227 -0.437952548 0.136913717 0.88851124
-212.507996 309.571136 -0.347562641 -0.596116304 0.781717241 0.183203414
-212.611328 309.571136 -1 -0.590326071 0.801731348 0.0934984609
-212.463806 309.259491 0.426785082 -0.635533214 0.62638855 0.45137009
-212.067581 308.885803 1.15759027 -0.532603562 0.440429807 0.722741306
-212.149429 309.805389 -0.464066982 -0.419784456 0.89892745 0.125341296
-212.234314 309.805389 -1 -0.401555389 0.913623691 0.0636001304
-211.37085 308.468475 1.68021297 -0.303243548 0.240557656 0.922049522
-212.208099 309.571136 0.241009623 -0.51032722 0.7817173 0.358446836
-211.926788 309.259491 0.963801205 -0.464946955 0.62638855 0.625669003
-211.750565 309.950745 -0.593669295 -0.229767099 0.971248269 0.0623205975
-211.287247 310 -0.620879352 -0.100530088 0.993684411 0.0498494282
-211.324127 308.885803 1.53639948 -0.282128811 0.407986343 0.86830318
-210.5 308.885803 1.66692817 -0.13813141 0.4693757 0.872127354
-211.903091 309.805389 0.0194051918 -0.360506147 0.89892745 0.248927176
-211.741013 309.571136 0.70810324 -0.39518109 0.769665122 0.501445413
-211.250107 309.259491 1.30858672 -0.247555882 0.598520339 0.761898637
-210.5 309.259491 1.42739177 -0.118743658 0.651016891 0.749717951
-211.563782 309.950745 -0.227113023 -0.199564829 0.971293569 0.129470661
-211.183151 310 -0.455204576 -0.0836470947 0.993669808 0.0749897733
-211.519409 309.805389 0.403090864 -0.262170583 0.8911888 0.370201409
-211.152435 309.571136 1.00799572 -0.206000358 0.770985782 0.602614999
-210.5 309.571136 1.1113317 -0.0934984609 0.801731348 0.590326071
-211.272888 309.950745 0.0637876615 -0.143676847 0.973544061 0.177676529
-211.0448 310 -0.316848159 -0.0693930015 0.99378711 0.0870160684
-210.87912 310 -0.212747827 -0.0498494282 0.993684411 0.100530088
-211.035934 309.805389 0.649432242 -0.121497028 0.89101845 0.4374066
-210.5 309.805389 0.734315693 -0.0636001229 0.913623691 0.401555389
-210.906326 309.950745 0.250557393 -0.0788818821 0.96700871 0.242222533
189 359.358276 -544.129211 -4.12019954e-17 0.273784399 -0.961791098
189 358.911957 -544.220276 -3.01040803e-17 0.200031847 -0.979789376
-189 358.911957 -544.220276 -3.00923774e-17 0.200031847 -0.979789376
-189 359.358276 -544.129211 -7.31113047e-17 0.346374065 -0.938096464
189 359.772369 -543.939453 -1.24665237e-16 0.484309316 -0.874896824
-189 359.772369 -543.939453 -1.34469273e-16 0.549654961 -0.835391819
189 360.132812 -543.66095 -1.3154194e-16 0.669712424 -0.742620528
-189 360.132812 -543.66095 -1.08958189e-16 0.724424362 -0.6893543
189 360.420868 -543.308105 -1.23393642e-16 0.820376694 -0.571823478
-189 360.420868 -543.308105 -1.29575672e-16 0.861616969 -0.507559061
189 360.621613 -542.899231 -1.39620821e-16 0.928486884 -0.371365249
-189 360.621613 -542.899231 -1.43468773e-16 0.954116404 -0.299436003
189 360.72467 -542.455505 -1.48629626e-16 0.988435209 -0.151643828
-189 360.72467 -542.455505 -9.95290977e-17 0.997124493 -0.0757808685
189 360.724609 -542 -7.51897052e-17 1 8.16048996e-05
-189 360.724609 -542 0 1 8.16048996e-05
-213.373581 308.028076 -476.987793 -0.992168009 0.1249106 1.49170741e-17
-213.373581 308.028076 -1 -0.992168009 0.1249106 1.49170741e-17
-213.318146 308.468475 -1 -0.980218768 0.197917148 2.36356636e-17
-213.318146 308.468475 -476.987793 -0.962794542 0.270234406 3.22719354e-17
-213.166931 308.885803 -1 -0.912424624 0.409244776 4.88728349e-17
-213.166931 308.885803 -476.987793 -0.879478872 0.475937873 5.68374526e-17
-212.927399 309.259491 -1 -0.799688637 0.600414932 7.17027485e-17
-212.927399 309.259491 -476.987793 -0.752844155 0.658198833 7.860342e-17
-212.611328 309.571136 -1 -0.647563696 0.762011349 9.10009185e-17
-212.611328 309.571136 -476.987793 -0.589127779 0.808039904 9.64977388e-17
-212.234314 309.805389 -1 -0.4635427 0.886074603 1.05816809e-16
-212.234314 309.805389 -476.987793 -0.396393627 0.918080688 1.03085868e-16
-211.814911 309.950745 -1 -0.220564932 0.975372314 1.0989596e-16
-211.814911 309.950745 -476.987793 -0.220564932 0.975372314 1.03311001e-16
-211.373779 310 -476.987793 -0.1109678 0.993824005 1.15371684e-16
-211.373779 310 -1 -0.1109678 0.993824005 1.18684457e-16
-189 360.72467 -542.455505 -0.00106858904 0.997138977 -0.0755828768
-189.50116 360.72229 -542.473083 -0.00372630497 0.987694621 -0.156350493
-189.50119 360.723755 -541.994019 -0.00319989747 0.999993682 -0.00154338498
-189 360.724609 -542 -0.00170365209 0.999998569 8.16047759e-05
-189 360.621613 -542.899231 0.000511078339 0.952982545 -0.303024828
-189.501068 360.607117 -542.938049 -0.00529341307 0.923679769 -0.383128732
-189 360.420868 -543.308105 0.00706488639 0.859085858 -0.511782765
-189.500916 360.384583 -543.362305 -0.0219273269 0.845000088 -0.534316421
-189 359.772369 -543.939453 0.00432991842 0.536191344 -0.844085336
-189.500458 359.674255 -543.994995 -0.00393914944 0.462480336 -0.88662076
-189.500717 360.067535 -543.721436 -0.0134690162 0.640057147 -0.768209219
-189 360.132812 -543.66095 0.0150228571 0.693687081 -0.720119834
-189 359.358276 -544.129211 0.00747603178 0.331061065 -0.943579733
-189.500244 359.304291 -544.145813 0.00078581291 0.253275216 -0.967393935
-189 358.911957 -544.220276 0.00581536908 0.193733454 -0.981036961
-189.5 358.911804 -544.220337 -3.16103688e-05 0.186546117 -0.982446194
-189.333939 360.287689 -543.491699 -0.00307769957 0.761947691 -0.647631288
-213.373581 308.334991 -480.10376 -0.992159963 0.123294674 0.0204212256
-213.373581 308.028076 -476.987793 -0.992092907 0.124901146 0.012301689
-213.318146 308.468475 -476.987793 -0.980171323 0.197197661 0.0194222778
-211.814911 310.220703 -479.728668 -0.220816001 0.956689775 0.189697027
-211.814911 309.950745 -476.987793 -0.255780518 0.962079763 0.0947565883
-211.373779 310 -476.987793 -0.110440001 0.989096999 0.0974175483
-211.373779 310.269012 -479.719086 -0.110908501 0.967830241 0.225840449
-212.234314 310.078156 -479.75705 -0.430714279 0.885377645 0.174904689
-212.234314 309.805389 -476.987793 -0.462147206 0.882533014 0.0869219229
-212.611328 309.848389 -479.802734 -0.61932528 0.770394564 0.15142116
-212.611328 309.571136 -476.987793 -0.646152854 0.759532988 0.0748074651
-212.927399 309.542725 -479.863525 -0.777345955 0.617444158 0.120399542
-212.927399 309.259491 -476.987793 -0.798669517 0.598872244 0.0589837618
-213.166931 309.176208 -479.936432 -0.896999061 0.434097171 0.0833808333
-213.166931 308.885803 -476.987793 -0.911963582 0.408295602 0.0402136073
-213.318146 308.766907 -480.017853 -0.972414017 0.229410157 0.042213589
-213.373581 309.243866 -483.100006 -0.992168009 0.115402348 0.0478012189
-211.814911 311.020172 -482.364227 -0.20524013 0.898956954 0.386979222
-211.373779 311.065674 -482.345367 -0.110967807 0.918173671 0.380320013
-211.373779 312.359436 -484.765778 -0.110908501 0.844052672 0.524666011
-212.234314 310.885895 -482.41983 -0.430714279 0.834243119 0.344272554
-212.611328 310.669464 -482.509491 -0.61932534 0.726050854 0.298808187
-212.927399 310.381531 -482.628754 -0.777345896 0.582091331 0.238543481
-213.166931 310.036285 -482.771759 -0.896999061 0.409489304 0.166466862
-213.318146 309.650757 -482.931458 -0.96680969 0.238497719 0.0916401222
-211.814911 312.318481 -484.793152 -0.198756963 0.803808987 0.560702026
-211.373779 314.100494 -486.887299 -0.110440001 0.768281758 0.630512595
-211.814911 314.065674 -486.922119 -0.255780548 0.747296154 0.613290071
-212.234314 312.197632 -484.873901 -0.396627337 0.763272226 0.510002255
-212.234314 313.962891 -487.024902 -0.462147206 0.685508192 0.562581956
-212.611328 312.002838 -485.004059 -0.589454532 0.671662509 0.448790461
-212.611328 313.797241 -487.190552 -0.646152854 0.589967787 0.484174013
-212.927399 311.743713 -485.177185 -0.753191292 0.546941996 0.365454942
-212.927399 313.576874 -487.410919 -0.798669517 0.465174407 0.381758779
-213.166931 311.432983 -485.384796 -0.889923394 0.376457244 0.257519484
-213.166931 313.312653 -487.675171 -0.895720303 0.343694299 0.28206262
-213.318146 313.017548 -487.970245 -0.96263659 0.209328532 0.171791494
-213.318146 311.085999 -485.616669 -0.976055562 0.183416799 0.116935208
-213.373581 312.706146 -488.281647 -0.992092907 0.0970170498 0.0796198398
-213.373581 310.719849 -485.861328 -0.992168009 0.103859365 0.0693966076
-202.76236 359.522491 -536.861816 -0.594813347 0.662674904 -0.455037355
-201.619186 358.507599 -539.259888 -0.637942553 0.488187939 -0.595568478
-204.264297 358.100128 -536.400818 -0.684344888 0.479991764 -0.548889756
-207.580261 356.739868 -530.786438 -0.868186295 0.440512329 -0.228476495
-206.208221 357.423309 -533.602844 -0.832728446 0.404497474 -0.378080815
-207.568436 356.37442 -531.282715 -0.893511951 0.319040626 -0.315989643
-205.633331 358.334106 -533.819214 -0.75826633 0.540170789 -0.365031123
-210.461273 350.702698 -525.318481 -0.884976983 0.461837858 0.0593424514
-210.247375 351.217896 -526.056519 -0.885415316 0.456490874 0.0874970779
-210.371658 350.849548 -525.774841 -0.964385629 0.239456117 -0.112343945
-209.61055 352.2388 -525.025574 -0.887022614 0.442764014 0.130961329
-208.936646 354.317871 -528.789917 -0.926595867 0.376020014 0.0053871912
-208.856827 354.716736 -527.834229 -0.933370531 0.356633782 -0.0403959975
-210.494598 350.583466 -524.849976 -0.868219137 0.477856547 0.133598894
-210.427399 350.46344 -524.242554 -0.815322518 0.502220929 0.288137704
-210.220779 350.34964 -523.667603 -0.676375926 0.561305225 0.476919383
-209.888443 350.194489 -523.161682 -0.579209626 0.59082222 0.56164521
-197.892181 359.36084 -541.740967 -0.38925606 0.497895449 -0.774970889
-194.975983 358.848999 -543.282654 -0.322385997 0.449825346 -0.832901239
-198.501938 358.726379 -541.608582 -0.535499334 0.353428036 -0.767026126
-204.330887 358.36499 -536.163574 -0.731479824 0.524703145 -0.435458213
-208.462082 355.290131 -529.549255 -0.911278605 0.380445361 -0.157583609
-190.88382 359.94104 -543.758728 -0.0934864208 0.376167923 -0.921823204
-189.5 358.911804 -544.220337 -0.0994391441 0.292795211 -0.950990438
-192.289276 358.895996 -543.979858 -0.187615022 0.37770772 -0.906717956
-189.500717 360.067535 -543.721436 -0.0295650549 0.675177813 -0.737062275
-189.500458 359.674255 -543.994995 -0.0554630235 0.485178798 -0.8726542
-189.500244 359.304291 -544.145813 -0.136593834 0.280689001 -0.950029373
-190.872604 360.123322 -543.602173 -0.0765313059 0.696624696 -0.71334213
-190.85936 360.285461 -543.424988 -0.0705094263 0.902403712 -0.425083458
-189.50119 360.723755 -541.994019 -0.0363605097 0.985205233 -0.167477056
-189.50116 360.72229 -542.473083 -0.227118164 0.966512918 -0.119457409
-189.501068 360.607117 -542.938049 -0.0936797336 0.930739105 -0.353480965
-189.500916 360.384583 -543.362305 -0.033897981 0.823053598 -0.566951275
-192.102737 360.535248 -542.814453 -0.0689975917 0.951511443 -0.299775392
-194.292801 360.619965 -541.322083 -0.112143718 0.971185088 -0.210293278
-193.470306 360.211517 -542.994324 -0.225936696 0.683083773 -0.694513619
-194.762711 360.141571 -542.628296 -0.254413456 0.760094941 -0.597937703
-196.153183 360.24115 -541.815125 -0.277806461 0.817168474 -0.50503391
-198.807083 360.274994 -539.569519 -0.284327954 0.913981855 -0.289473325
-198.815979 359.771973 -540.760864 -0.420249879 0.722805858 -0.5485816
-200.400375 359.550293 -539.692017 -0.53084594 0.653929591 -0.539053559
-192.236862 359.875336 -543.61554 -0.177800611 0.59506768 -0.783761084
-213.373581 339.058685 -514.634216 -0.991792917 0.0904317647 0.0903817788
-213.373581 312.706146 -488.281647 -0.992168009 0.088325128 0.088325128
-213.318146 313.017548 -487.970245 -0.980062544 0.140497312 0.140491515
-213.312698 339.385345 -514.307556 -0.961051941 0.195455059 0.195388034
-213.166931 313.312653 -487.675171 -0.910573244 0.29227069 0.292291343
-213.146744 339.693207 -513.999695 -0.872817695 0.345147908 0.345053941
-212.927399 313.576874 -487.410919 -0.794625878 0.429261655 0.429306597
-212.884476 339.965546 -513.727356 -0.738572061 0.476773173 0.476653576
-212.611328 313.797241 -487.190552 -0.638163626 0.544369996 0.544434071
-212.540192 340.187531 -513.50531 -0.565562129 0.583225787 0.583084106
-212.234314 313.962891 -487.024902 -0.449318707 0.631667435 0.631750643
-212.13266 340.34726 -513.345581 -0.373603314 0.655938566 0.655869782
-211.814911 314.065674 -486.922119 -0.241144791 0.686170518 0.686308444
-211.760498 340.42627 -513.266602 -0.163455129 0.697588801 0.697604656
-211.373779 314.100494 -486.887299 -0.104659274 0.703170061 0.703276873
-211.373779 340.453033 -513.239807 -0.0974476188 0.703741431 0.703741431
-210.494598 350.583466 -524.849976 -0.881180048 0.454871088 0.128895506
-211.762817 347.67337 -523.250366 -0.907236993 0.412180334 0.0838357657
-210.427399 350.46344 -524.242554 -0.848722517 0.502065539 0.166133389
-210.461273 350.702698 -525.318481 -0.937106311 0.338107437 -0.0866898149
-210.253738 350.849915 -526.428101 -0.943300545 0.302478939 -0.136713311
-210.267487 350.926453 -526.268188 -0.965541542 0.192495912 -0.175142512
-210.256714 350.898376 -526.358276 -0.965177238 0.193784669 -0.175728112
-210.290665 350.932404 -526.133728 -0.965970516 0.190785721 -0.17464745
-210.329315 350.903351 -525.951477 -0.966343164 0.189098373 -0.174421176
-210.371658 350.849548 -525.774841 -0.980399311 0.0866874605 -0.176925048
-212.58812 343.030548 -516.631836 -0.73250854 0.527730227 0.43003729
-212.767654 344.399597 -519.975708 -0.930574715 0.331329167 0.155729517
-213.373581 339.058685 -514.634216 -0.956693649 0.257486999 0.13578549
-213.312698 339.385345 -514.307556 -0.963457644 0.251056522 0.0933808908
-213.146744 339.693207 -513.999695 -0.884794354 0.370744765 0.282289267
-212.884476 339.965546 -513.727356 -0.754853904 0.488135368 0.438086182
-212.540192 340.187531 -513.50531 -0.582975149 0.596655488 0.551490903
-212.13266 340.34726 -513.345581 -0.396867692 0.683265507 0.61289829
-211.760498 340.42627 -513.266602 -0.192637861 0.75253582 0.629746377
-211.373779 340.453033 -513.239807 -0.32353878 0.694002867 0.643181741
-211.027359 344.415863 -517.202698 -0.363265812 0.690851271 0.62511003
-212.01442 345.994019 -519.59552 -0.672520459 0.611832678 0.416385621
-209.999969 348.253082 -521.039917 -0.372042537 0.70527494 0.603466392
-211.045868 348.909821 -522.511597 -0.674337745 0.630464315 0.384425908
-209.888443 350.194489 -523.161682 -0.433691114 0.686227322 0.583955526
-210.220779 350.34964 -523.667603 -0.565988719 0.688462079 0.453515977
-212.308243 344.726135 -518.327576 -0.697683096 0.569598496 0.434506506
-211.275787 348.321625 -521.92334 -0.687165082 0.615019917 0.386722952
213.5 293.441925 -484.788605 0.993712187 -0.109813109 -0.0218431856
213.5 293 -480.301514 0.993651807 -0.111957677 -0.0110268686
213.44986 292.554962 -480.301514 0.982338428 -0.186211944 -0.0183402747
213.5 299.736542 -496.564972 0.993651807 -0.0869632065 -0.0713688508
213.5 296.87619 -493.07962 0.993705332 -0.0910260677 -0.0652992129
213.44986 299.421844 -496.879669 0.974459171 -0.173590824 -0.142462328
211.945038 291.529541 -485.168976 0.222375423 -0.956412256 -0.189274445
211.945038 291.05014 -480.301514 0.257647544 -0.961586237 -0.0947079733
211.5 291 -480.301514 0.111432046 -0.98898679 -0.0974066928
211.5 291.480377 -485.178772 0.111905113 -0.967748702 -0.225698277
212.367767 291.674622 -485.140137 0.43361938 -0.88413769 -0.173996538
212.367767 291.198059 -480.301514 0.465418071 -0.880829036 -0.0867540911
212.746979 291.908325 -485.093658 0.623155773 -0.767571807 -0.150034711
212.746979 291.43634 -480.301514 0.650337934 -0.755987167 -0.074458234
213.06366 292.218933 -485.03186 0.78149122 -0.61254096 -0.118596159
213.06366 291.753021 -480.301514 0.803074241 -0.59300971 -0.0584063567
213.301941 292.590851 -484.957886 0.900689125 -0.426798195 -0.0812553912
213.301941 292.132233 -480.301514 0.915729105 -0.399861455 -0.0393829234
213.44986 293.005463 -484.875427 0.969566762 -0.24132967 -0.0412340723
211.945038 292.949341 -489.849426 0.206622377 -0.89877516 -0.386665702
211.5 292.903015 -489.868591 0.111964472 -0.918070376 -0.380277216
211.5 295.213257 -494.190765 0.111905098 -0.843894422 -0.524708927
212.367767 293.085999 -489.792816 0.413305104 -0.848289907 -0.331033379
212.746979 293.306122 -489.70163 0.61039716 -0.72796613 -0.312218815
213.06366 293.598724 -489.580444 0.78149122 -0.577634156 -0.235818177
213.301941 293.949066 -489.435303 0.900689065 -0.402745277 -0.162958294
213.44986 294.3396 -489.273529 0.974746525 -0.209023312 -0.0786033869
213.5 294.750763 -489.103241 0.993705332 -0.10201627 -0.0462861992
211.945038 295.254944 -494.162903 0.200425968 -0.803476632 -0.560584247
211.5 298.322327 -497.979187 0.111432046 -0.768196225 -0.630442262
211.945038 298.357788 -497.943726 0.257647544 -0.746912837 -0.612975538
212.367767 295.37793 -494.080719 0.418988109 -0.761496246 -0.494542688
212.367767 298.462372 -497.839142 0.465418041 -0.684184611 -0.561495781
212.746979 295.57605 -493.948364 0.605492413 -0.652183235 -0.456109673
212.746979 298.630859 -497.670654 0.650337934 -0.587213576 -0.481913716
213.06366 295.839386 -493.77243 0.757668197 -0.542650342 -0.362587333
213.06366 298.854797 -497.446716 0.803074241 -0.460620701 -0.378021657
213.301941 296.154663 -493.561737 0.893517733 -0.370786965 -0.253264755
213.301941 299.122925 -497.178589 0.900147319 -0.336712241 -0.276332587
213.44986 296.506165 -493.326874 0.974746525 -0.189672247 -0.117871478
213.44986 323.856873 -521.314697 0.982592523 -0.131362021 -0.131362021
213.5 299.736542 -496.564972 0.993712187 -0.0791708305 -0.0791708305
213.44986 299.421844 -496.879669 0.965889573 -0.183108374 -0.183108374
213.5 324.17157 -521 0.993712187 -0.0791708305 -0.0791708305
213.301941 323.557983 -521.613586 0.916618288 -0.282675564 -0.282675564
213.301941 299.122925 -497.178589 0.884049952 -0.330496401 -0.330496401
213.06366 323.289825 -521.881775 0.804680943 -0.419814587 -0.419814587
213.06366 298.854797 -497.446716 0.75788033 -0.461311936 -0.461311936
212.746979 323.065887 -522.105652 0.65239352 -0.535902381 -0.535902381
212.746979 298.630859 -497.670654 0.593707442 -0.568995357 -0.568995357
212.367767 322.8974 -522.27417 0.467392474 -0.625117719 -0.625117719
212.367767 298.462372 -497.839142 0.399763644 -0.648146987 -0.648146987
211.945038 322.792816 -522.378784 0.258954346 -0.682987034 -0.682987034
211.945038 298.357788 -497.943726 0.185773954 -0.694797814 -0.694797814
211.5 322.757355 -522.414185 0.111964472 -0.70266062 -0.70266062
211.5 298.322327 -497.979187 0.111964472 -0.70266062 -0.70266062
213.5 293 -480.301514 0.993712187 -0.111964479 -2.9462668e-17
213.5 293 -1 0.993712187 -0.111964479 0
213.44986 292.554962 -1 0.982592523 -0.185773984 -3.85138205e-17
213.44986 292.554962 -480.301514 0.965889573 -0.258954346 -5.72754944e-17
213.301941 292.132233 -1 0.916618288 -0.399763644 -5.43537932e-17
213.301941 292.132233 -480.301514 0.884049892 -0.467392504 -5.24225548e-17
213.06366 291.753021 -1 0.804680943 -0.593707502 -4.77161155e-17
213.06366 291.753021 -480.301514 0.75788033 -0.652393639 -4.49409245e-17
212.746979 291.43634 -1 0.652393639 -0.75788033 -3.86857549e-17
212.746979 291.43634 -480.301514 0.593707502 -0.804680943 -3.5205773e-17
212.367767 291.198059 -1 0.467392504 -0.884049892 -2.77155252e-17
212.367767 291.198059 -480.301514 0.399763644 -0.916618288 -2.37052593e-17
211.945038 291.05014 -1 0.258954346 -0.965889573 -1.53555228e-17
211.945038 291.05014 -480.301514 0.185773984 -0.982592523 -1.10160605e-17
211.5 291 -1 0.111964479 -0.993712187 -6.63929033e-18
211.5 291 -480.301514 0.111964479 -0.993712187 -6.63929033e-18
198.515518 342.825256 -542.482117 0.222036317 -0.474242926 -0.851935148
201.666809 343.13504 -541.687378 0.341061115 -0.308000475 -0.888151467
201.422424 341.246704 -540.903564 0.20433639 -0.456297994 -0.8660478
189.5 345.060425 -544.662964 0.0316009 -0.555292785 -0.83105433
192.454132 344.558105 -544.214966 0.0530179739 -0.436158538 -0.898306608
189.5 344.757355 -544.414185 0.00934861414 -0.634365559 -0.772976637
189.5 345.406219 -544.847778 0.0876965374 -0.381209016 -0.920320034
189.5 345.781403 -544.961548 0.0821420997 -0.316244125 -0.94511497
193.35527 345.885864 -544.688354 0.0948603749 -0.27555123 -0.956594527
189.5 346.17157 -545 0.0729948804 -0.0977556631 -0.992529869
212.377533 327.526123 -526.488037 0.75068903 -0.406233966 -0.520999014
211.312057 325.626923 -525.283813 0.341177464 -0.634156406 -0.693861365
210.716492 328.576355 -528.233215 0.31192413 -0.624046087 -0.716428518
212.546021 330.312622 -527.699341 0.889598191 -0.176861838 -0.421111524
213.5 324.17157 -521 0.94214803 -0.159263983 -0.294944137
210.984467 331.703461 -530.786316 0.610040665 -0.417214394 -0.673633814
208.925705 333.084106 -532.740967 0.268389761 -0.610096037 -0.745486259
209.877075 335.794647 -533.679688 0.771843135 -0.151732266 -0.617442727
208.788681 335.546783 -534.735596 0.4250139 -0.466588199 -0.775666595
206.446884 336.786011 -536.442871 0.231368706 -0.592166483 -0.771885633
205.872849 338.911438 -538.189331 0.298268437 -0.510504544 -0.806486845
204.100174 339.214417 -538.871277 0.189632937 -0.578291833 -0.793484628
202.346039 341.670349 -541.019043 0.359258503 -0.354327559 -0.863357008
206.033524 340.1185 -538.396606 0.60257715 -0.15259172 -0.783336818
198.339935 343.719208 -543.119202 0.226881906 -0.37865895 -0.897297084
195.490372 343.926086 -543.582947 0.123895556 -0.463962078 -0.877148271
197.311234 344.973755 -543.693298 0.232464626 -0.259986252 -0.937212527
194.003998 344.980408 -544.41156 0.130675569 -0.375231594 -0.917673767
212.457733 324.420074 -523.693115 0.312681168 -0.649840474 -0.692775488
212.746979 323.065887 -522.105652 0.615964532 -0.549605548 -0.564377069
212.367767 322.8974 -522.27417 0.43384707 -0.627838135 -0.646216631
211.945038 322.792816 -522.378784 0.222255856 -0.654053092 -0.723060787
211.5 322.757355 -522.414185 0.225671172 -0.672290444 -0.705051839
212.646683 324.514618 -523.610962 0.593018353 -0.474762201 -0.650330722
212.832565 324.631836 -523.50592 0.777827859 -0.380375743 -0.500297964
213.44986 323.856873 -521.314697 0.959393203 -0.0291119087 -0.280565828
213.301941 323.557983 -521.613586 0.897961974 -0.248055875 -0.363500506
213.06366 323.289825 -521.881775 0.781550109 -0.421747267 -0.45968321
211.917953 329.235992 -528.248108 0.618159652 -0.454067886 -0.641639352
209.616837 334.293152 -533.447876 0.534127951 -0.437919348 -0.72314173
206.428833 338.364838 -537.628479 0.580395877 -0.290713727 -0.760674775
205.155746 339.565063 -538.859863 0.382950664 -0.375927508 -0.843817115
213.424789 293 -0.332437187 0.97274977 -0.126918539 0.194034949
213.44986 292.554962 -1 0.959179401 -0.244002029 0.142960995
213.5 293 -1 0.987541556 -0.111269213 0.111269213
211.47493 291 -0.777479053 0.111272141 -0.993558347 0.0214545745
211.5 291 -1 0.111955576 -0.993633151 0.0126143629
211.945038 291.05014 -1 0.2022755 -0.978837848 0.0310014449
210.5 292.554962 1.9498558 0.142960995 -0.244002029 0.959179401
211.167557 293 1.92478371 0.194034949 -0.126918539 0.97274977
210.5 293 2 0.111269213 -0.111269213 0.987541556
210.5 291 0 0.0126143629 -0.993633151 0.111955576
210.722519 291 -0.0250720885 0.0214545745 -0.993558347 0.111272141
210.5 291.05014 0.445041865 0.0310014449 -0.978837848 0.2022755
213.305481 292.554962 -0.0884444192 0.912697315 -0.246556297 0.325873643
213.202911 293 0.30165121 0.889969707 -0.124528579 0.438687235
213.164795 292.132233 -0.134153619 0.859735966 -0.431530297 0.273195416
213.301941 292.132233 -1 0.876500547 -0.460949689 0.138824061
212.88649 292.554962 0.733881772 0.774891317 -0.243782446 0.583192527
212.84549 293 0.870469391 0.745880485 -0.131694108 0.652931094
212.938187 291.753021 -0.207784578 0.748479545 -0.620269477 0.234614804
213.06366 291.753021 -1 0.754531741 -0.645290732 0.119506091
212.766815 292.132233 0.646937668 0.733235419 -0.431530297 0.525497258
212.233887 292.554962 1.38648355 0.561815023 -0.233411983 0.793651521
212.370468 293 1.34549439 0.619096279 -0.118506163 0.776322186
211.801651 293 1.70290661 0.438687235 -0.124528579 0.889969707
212.637009 291.43634 -0.305645108 0.600286245 -0.77813834 0.184816405
212.746979 291.43634 -1 0.594644964 -0.798452914 0.0941825062
212.574051 291.753021 0.506883264 0.63934648 -0.620269477 0.454424798
212.146942 292.132233 1.2668153 0.534960747 -0.431530327 0.726359844
212.276352 291.198059 -0.422828108 0.422716439 -0.897380352 0.126567662
212.367767 291.198059 -1 0.404534698 -0.912275434 0.064071998
211.41156 292.554962 1.80547965 0.304057777 -0.229644358 0.924560606
212.317841 291.43634 0.320741475 0.51379478 -0.77813834 0.361269504
212.006882 291.753021 1.07404685 0.467629582 -0.620269477 0.629752576
211.874313 291.05014 -0.553457499 0.231099471 -0.970895767 0.0628840551
211.40097 291 -0.566116273 0.101487733 -0.993564606 0.0502955392
211.365845 292.132233 1.66480112 0.283410639 -0.398574352 0.872248173
210.5 292.132233 1.8019377 0.138824061 -0.460949689 0.876500547
212.011063 291.198059 0.0978461802 0.362915665 -0.897380292 0.25099957
211.82074 291.43634 0.817844689 0.377009422 -0.77813834 0.502359033
211.292221 291.753021 1.43818831 0.249072939 -0.591892302 0.766567767
210.5 291.753021 1.56366301 0.119506091 -0.645290732 0.754531741
211.669067 291.05014 -0.150625706 0.200658247 -0.970948577 0.130365536
211.28183 291 -0.376510203 0.0845455676 -0.99354589 0.0756218284
211.597839 291.198059 0.511055648 0.267590165 -0.897380352 0.350861847
211.194351 291.43634 1.13700461 0.202387705 -0.755680561 0.622885346
210.5 291.43634 1.24697959 0.0941825062 -0.798452854 0.594644964
211.34938 291.05014 0.169063434 0.144202307 -0.973302245 0.178573191
211.123489 291 -0.218168512 0.0700348169 -0.993671298 0.0878208801
210.933884 291 -0.0990311354 0.0502955392 -0.993564606 0.101487733
211.077179 291.198059 0.776352406 0.145729229 -0.881818056 0.448508471
210.5 291.198059 0.867767453 0.064071998 -0.912275434 0.404534698
210.946548 291.05014 0.374316484 0.0793414712 -0.966623545 0.243605852
189.5 344.757355 -544.414185 0 -0.634393334 -0.773010433
-189.5 344.757355 -544.414185 0 -0.634393334 -0.773010433
-189.5 345.060425 -544.662964 0 -0.582553923 -0.812792063
189.5 345.060425 -544.662964 0 -0.527988195 -0.849251688
-189.5 345.406219 -544.847778 0 -0.412792385 -0.910825133
189.5 345.406219 -544.847778 0 -0.352162302 -0.935938954
-189.5 345.781403 -544.961548 0 -0.227167577 -0.973855674
189.5 345.781403 -544.961548 0 -0.162802964 -0.986658573
-189.5 346.17157 -545 0 -0.0980171412 -0.99518472
189.5 346.17157 -545 0 -0.0980171412 -0.99518472
210.5 292.554962 1.9498558 0 -0.185773954 0.982592523
210.5 293 2 0 -0.111964479 0.993712187
-210.5 293 2 0 -0.111964479 0.993712187
-210.5 292.554962 1.9498558 0 -0.258954346 0.965889573
210.5 292.132233 1.8019377 0 -0.399763614 0.916618288
-210.5 292.132233 1.8019377 0 -0.467392474 0.884049892
210.5 291.753021 1.56366301 0 -0.593707442 0.804680943
-210.5 291.753021 1.56366301 0 -0.652393639 0.75788033
210.5 291.43634 1.24697959 0 -0.75788033 0.652393579
-210.5 291.43634 1.24697959 0 -0.804680943 0.593707442
-193 291 0 0 -0.993712187 0.111964479
-210.5 291.05014 0.445041865 0 -0.975435853 0.220283762
-210.5 291 0 0 -0.993712187 0.111964472
210.5 291.198059 0.867767453 0 -0.884049892 0.467392474
-210.5 291.198059 0.867767453 0 -0.916618288 0.399763614
210.5 291.05014 0.445041865 0 -0.974663973 0.223674312
193 291 0 0 -0.993712187 0.111964472
210.5 291 0 0 -0.993712187 0.111964472
-192.863113 344.498779 -544.15564 -0.0548717454 -0.441546738 -0.895558834
-189.5 345.781403 -544.961548 -0.0840246901 -0.315030664 -0.9453547
-189.5 345.406219 -544.847778 -0.0865523741 -0.381247312 -0.920412481
-189.5 345.060425 -544.662964 -0.0326222144 -0.555274546 -0.831027091
-189.5 344.757355 -544.414185 -0.0106571242 -0.634357274 -0.772966504
-193.65419 345.839508 -544.637756 -0.102041848 -0.274457484 -0.956169724
-189.5 346.17157 -545 -0.0787038803 -0.0977130905 -0.992097676
-194.003998 344.980408 -544.41156 -0.143567026 -0.375828415 -0.9155007
-196.316574 343.674683 -543.331543 -0.12456914 -0.477005392 -0.87002784
-197.909943 344.776672 -543.478271 -0.237120166 -0.265021145 -0.934632421
-198.339935 343.719208 -543.119202 -0.239582866 -0.389394492 -0.889366031
-200.199112 341.980499 -541.637329 -0.194079116 -0.494342655 -0.847324371
-202.038208 342.930634 -541.464417 -0.367943078 -0.27052781 -0.889624953
-202.346039 341.670349 -541.019043 -0.328094035 -0.384014875 -0.863068283
-204.03981 339.267792 -538.924622 -0.178572163 -0.591863692 -0.786008477
-205.785583 340.331451 -538.628967 -0.567086458 -0.179449335 -0.803872466
-205.872849 338.911438 -538.189331 -0.412569314 -0.43938905 -0.797949791
-207.866745 334.867798 -534.524658 -0.238867983 -0.609383285 -0.756038427
-208.919342 337.099152 -535.102783 -0.694030464 -0.192533255 -0.693723738
-210.984467 331.703461 -530.786316 -0.544564903 -0.476331323 -0.690331459
-210.542831 329.175995 -528.832886 -0.295123875 -0.632827163 -0.715843379
-212.772903 329.545776 -526.862793 -0.85533005 -0.226697668 -0.465852648
-211.272659 333.427246 -531.097107 -0.795360923 -0.208069831 -0.569304824
-212.377533 327.526123 -526.488037 -0.568544686 -0.534527242 -0.625329971
-211.5 322.757355 -522.414185 -0.312579989 -0.645524263 -0.696844459
-213.325195 326.821991 -523.891357 -0.900781512 -0.239120334 -0.36251083
-205.002136 339.69812 -538.996399 -0.376528352 -0.383572698 -0.843266487
-208.570358 335.849365 -535.046326 -0.451995105 -0.417473018 -0.788299918
-208.788681 335.546783 -534.735596 -0.505723953 -0.43204394 -0.746713638
-209.780823 334.021759 -533.169067 -0.614807189 -0.363906056 -0.699703097
-211.94368 329.152985 -528.16272 -0.634007096 -0.441710204 -0.634765446
-212.84227 324.519928 -523.390564 -0.608871877 -0.510566771 -0.607121527
-212.746979 323.065887 -522.105652 -0.623393238 -0.540308058 -0.565197408
-213.06366 323.289825 -521.881775 -0.778544426 -0.434878439 -0.452492386
-212.367767 322.8974 -522.27417 -0.433100224 -0.593454778 -0.678406715
-211.945038 322.792816 -522.378784 -0.220009759 -0.575666547 -0.787530184
-213.007797 324.651794 -523.268738 -0.764309227 -0.360710412 -0.534527242
-213.141144 324.785889 -523.1427 -0.943903148 -0.195227653 -0.266332448
-213.44986 323.856873 -521.314697 -0.971680403 -0.099154748 -0.214489132
-213.5 324.17157 -521 -0.970440328 -0.133764535 -0.200879559
-213.301941 323.557983 -521.613586 -0.900642753 -0.28766644 -0.325715661
-211.167557 293 1.92478371 -0.194034949 -0.126918539 0.97274977
-210.5 292.554962 1.9498558 -0.142960995 -0.244002029 0.959179401
-210.5 293 2 -0.111269213 -0.111269213 0.987541556
-210.722519 291 -0.0250720885 -0.0214545745 -0.993558347 0.111272141
-210.5 291 0 -0.0126143629 -0.993633151 0.111955576
-210.5 291.05014 0.445041865 -0.0310014449 -0.978837848 0.2022755
-213.44986 292.554962 -1 -0.959179401 -0.244002029 0.142960995
-213.424789 293 -0.332437187 -0.97274977 -0.126918539 0.194034949
-213.5 293 -1 -0.987541556 -0.111269213 0.111269213
-211.5 291 -1 -0.111955576 -0.993633151 0.0126143629
-211.47493 291 -0.777479053 -0.111272141 -0.993558347 0.0214545745
-211.945038 291.05014 -1 -0.2022755 -0.978837848 0.0310014449
-211.41156 292.554962 1.80547965 -0.325873643 -0.246556297 0.912697315
-211.801651 293 1.70290661 -0.438687235 -0.124528579 0.889969707
-211.365845 292.132233 1.66480112 -0.251557738 -0.41241613 0.875575066
-210.5 292.132233 1.8019377 -0.138824061 -0.460949689 0.876500547
-212.233887 292.554962 1.38648355 -0.583192527 -0.243782446 0.774891317
-212.370468 293 1.34549439 -0.652931094 -0.131694108 0.745880485
-211.292221 291.753021 1.43818831 -0.258844793 -0.606965244 0.751393795
-210.5 291.753021 1.56366301 -0.119506091 -0.645290732 0.754531741
-212.146942 292.132233 1.2668153 -0.507539213 -0.44519192 0.737704635
-212.88649 292.554962 0.733881772 -0.793651521 -0.233411983 0.561815023
-212.84549 293 0.870469391 -0.776322186 -0.118506163 0.619096279
-213.202911 293 0.30165121 -0.889969707 -0.124528579 0.438687235
-211.194351 291.43634 1.13700461 -0.174812734 -0.765761852 0.618909717
-210.5 291.43634 1.24697959 -0.0941825062 -0.798452914 0.594644964
-212.006882 291.753021 1.07404685 -0.46832335 -0.639060676 0.610143125
-212.766815 292.132233 0.646937668 -0.726359844 -0.431530327 0.534960747
-211.077179 291.198059 0.776352406 -0.146554232 -0.889547765 0.432696909
-210.5 291.198059 0.867767453 -0.064071998 -0.912275434 0.404534698
-213.305481 292.554962 -0.0884444192 -0.924560606 -0.229644358 0.304057777
-211.82074 291.43634 0.817844689 -0.347143143 -0.78704679 0.509949982
-212.574051 291.753021 0.506883264 -0.629752576 -0.620269477 0.467629582
-210.946548 291.05014 0.374316484 -0.0628840551 -0.970895767 0.231099471
-210.933884 291 -0.0990311354 -0.0502955392 -0.993564606 0.101487733
-213.164795 292.132233 -0.134153619 -0.872248173 -0.398574352 0.283410639
-213.301941 292.132233 -1 -0.876500547 -0.460949689 0.138824061
-211.597839 291.198059 0.511055648 -0.255030483 -0.90096885 0.351019323
-212.317841 291.43634 0.320741475 -0.502359033 -0.77813834 0.377009422
-212.938187 291.753021 -0.207784578 -0.766567767 -0.591892302 0.249072939
-213.06366 291.753021 -1 -0.754531741 -0.645290732 0.119506091
-211.34938 291.05014 0.169063434 -0.150025025 -0.966682076 0.207408458
-211.123489 291 -0.218168512 -0.0756218284 -0.99354589 0.0845455676
-212.011063 291.198059 0.0978461802 -0.337903142 -0.903344393 0.264178723
-212.637009 291.43634 -0.305645108 -0.622885346 -0.755680561 0.202387705
-212.746979 291.43634 -1 -0.594644964 -0.798452854 0.0941825062
-211.669067 291.05014 -0.150625706 -0.163065046 -0.979323447 0.119730636
-211.28183 291 -0.376510203 -0.0878208801 -0.993671298 0.0700348169
-211.40097 291 -0.566116273 -0.101487748 -0.993564606 0.0502955392
-212.276352 291.198059 -0.422828108 -0.448508471 -0.881818056 0.145729229
-212.367767 291.198059 -1 -0.404534668 -0.912275434 0.064071998
-211.874313 291.05014 -0.553457499 -0.243605807 -0.966623604 0.0793414637
-211.5 322.757355 -522.414185 -0.111964472 -0.70266062 -0.70266062
-211.5 298.322327 -497.979187 -0.111964472 -0.70266062 -0.70266062
-211.945038 298.357788 -497.943726 -0.185773954 -0.694797814 -0.694797814
-211.945038 322.792816 -522.378784 -0.258954376 -0.682987034 -0.682987034
-212.367767 298.462372 -497.839142 -0.399763644 -0.648146987 -0.648146987
-212.367767 322.8974 -522.27417 -0.467392474 -0.625117719 -0.625117719
-212.746979 298.630859 -497.670654 -0.593707442 -0.568995357 -0.568995357
-212.746979 323.065887 -522.105652 -0.65239352 -0.535902381 -0.535902381
-213.06366 298.854797 -497.446716 -0.75788033 -0.461311936 -0.461311936
-213.06366 323.289825 -521.881775 -0.804680943 -0.419814587 -0.419814587
-213.301941 299.122925 -497.178589 -0.884049952 -0.330496401 -0.330496401
-213.301941 323.557983 -521.613586 -0.916618288 -0.282675564 -0.282675564
-213.44986 299.421844 -496.879669 -0.965889573 -0.183108374 -0.183108374
-213.44986 323.856873 -521.314697 -0.982592523 -0.131362006 -0.131362006
-213.5 299.736542 -496.564972 -0.993712187 -0.0791708305 -0.0791708305
-213.5 324.17157 -521 -0.993712187 -0.0791708305 -0.0791708305
-211.5 291 -480.301514 -0.111964479 -0.993712187 0
-211.5 291 -1 -0.111964479 -0.993712187 0
-211.945038 291.05014 -1 -0.185773984 -0.982592523 0
-211.945038 291.05014 -480.301514 -0.258954346 -0.965889573 0
-212.367767 291.198059 -1 -0.399763644 -0.916618288 0
-212.367767 291.198059 -480.301514 -0.467392504 -0.884049892 0
-212.746979 291.43634 -1 -0.623489797 -0.781831443 0
-212.746979 291.43634 -480.301514 -0.623489797 -0.781831443 0
-213.06366 291.753021 -480.301514 -0.781831443 -0.623489797 0
-213.06366 291.753021 -1 -0.781831443 -0.623489797 0
-213.301941 292.132233 -1 -0.90096885 -0.433883756 0
-213.301941 292.132233 -480.301514 -0.900968909 -0.433883727 0
-213.44986 292.554962 -480.301514 -0.965889573 -0.258954346 0
-213.44986 292.554962 -1 -0.982592523 -0.185773984 0
-213.5 293 -480.301514 -0.993712187 -0.111964479 0
-213.5 293 -1 -0.993712187 -0.111964479 0
-213.5 293 -480.301514 -0.993651807 -0.111957677 -0.0110268686
-213.5 293.441925 -484.788605 -0.993705332 -0.110538661 -0.0181916337
-213.44986 292.554962 -480.301514 -0.982338428 -0.186211944 -0.0183402747
-211.945038 295.254944 -494.162903 -0.200425968 -0.803476632 -0.560584247
-211.945038 298.357788 -497.943726 -0.257647544 -0.746912837 -0.612975538
-211.5 298.322327 -497.979187 -0.111432046 -0.768196225 -0.630442262
-211.5 295.213257 -494.190765 -0.111905098 -0.843894422 -0.524708927
-212.367767 295.37793 -494.080719 -0.418988109 -0.761496246 -0.494542688
-212.367767 298.462372 -497.839142 -0.465418041 -0.684184611 -0.561495781
-212.746979 295.57605 -493.948364 -0.605492413 -0.652183175 -0.456109732
-212.746979 298.630859 -497.670654 -0.650337934 -0.587213576 -0.481913716
-213.06366 295.839386 -493.77243 -0.771263003 -0.533321321 -0.347450405
-213.06366 298.854797 -497.446716 -0.803074241 -0.460620701 -0.378021657
-213.301941 296.154663 -493.561737 -0.900689125 -0.359248132 -0.244335681
-213.301941 299.122925 -497.178589 -0.915729105 -0.310592651 -0.25489682
-213.44986 296.506165 -493.326874 -0.974746525 -0.181483433 -0.130126834
-213.5 299.736542 -496.564972 -0.993651807 -0.0869632065 -0.0713688508
-213.44986 299.421844 -496.879669 -0.974693835 -0.172801793 -0.141814783
-213.5 296.87619 -493.07962 -0.993705332 -0.0951627716 -0.059108194
-211.945038 292.949341 -489.849426 -0.23796393 -0.891843796 -0.384691894
-211.5 292.903015 -489.868591 -0.111905098 -0.93004483 -0.349991173
-212.367767 293.085999 -489.792816 -0.433883727 -0.832386732 -0.344785839
-212.746979 293.306122 -489.70163 -0.622991681 -0.72268486 -0.299345851
-213.06366 293.598724 -489.580444 -0.795465171 -0.563771784 -0.222253218
-213.301941 293.949066 -489.435303 -0.900689125 -0.400012791 -0.169555008
-213.44986 294.3396 -489.273529 -0.974746525 -0.203382775 -0.092220813
-213.5 294.750763 -489.103241 -0.993705332 -0.104865685 -0.0394071154
-211.945038 291.529541 -485.168976 -0.185724616 -0.963721395 -0.191696122
-211.5 291.480377 -485.178772 -0.111964487 -0.974618316 -0.19386366
-211.5 291 -480.301514 -0.111432046 -0.98898679 -0.0974066928
-211.945038 291.05014 -480.301514 -0.257647544 -0.961586237 -0.0947079733
-212.367767 291.674622 -485.140137 -0.418988079 -0.888153613 -0.188764662
-212.367767 291.198059 -480.301514 -0.465418071 -0.880829036 -0.0867540911
-212.746979 291.908325 -485.093658 -0.605492353 -0.783681393 -0.138644919
-212.746979 291.43634 -480.301514 -0.650337934 -0.755987167 -0.074458234
-213.06366 292.218933 -485.03186 -0.757668197 -0.640099704 -0.127323747
-213.06366 291.753021 -480.301514 -0.803074241 -0.59300971 -0.0584063567
-213.301941 292.590851 -484.957886 -0.883865178 -0.458754241 -0.0912519023
-213.301941 292.132233 -480.301514 -0.915729105 -0.399861455 -0.0393829234
-213.44986 293.005463 -484.875427 -0.971017718 -0.234107435 -0.0481484793
-121.811768 143.265869 -369 -0.788733244 -0.180023223 -0.587785244
-122.168411 144.25 -368.661743 -0.762484133 -0.0859113261 -0.64127779
-121.922653 144.25 -369 -0.805676699 -0.0907779634 -0.585358322
-123.094994 142.972977 -368.043701 -0.199593529 -0.0489532165 -0.978655219
-123.654701 144.25 -368 -0.104521208 -0.0117767118 -0.994452953
-123.238876 144.25 -368.043701 -0.240338326 -0.0270796269 -0.970311403
-123.500389 142.880447 -368 -0.101073675 -0.0269106328 -0.994514942
-122.707314 143.061462 -368.172913 -0.393756896 -0.0924664065 -0.914552033
-122.841225 144.25 -368.172913 -0.436489791 -0.0491805859 -0.898364067
-122.354294 143.142044 -368.381958 -0.570800304 -0.132041126 -0.810402453
-122.479134 144.25 -368.381958 -0.61311084 -0.069081001 -0.786970735
-122.670547 141.759995 -368.043701 -0.18369621 -0.0921395943 -0.978655219
-123.045197 141.579575 -368 -0.0925513804 -0.0487269387 -0.994514942
-122.051361 143.211182 -368.661743 -0.71336472 -0.146458179 -0.685317993
-122.312279 141.932526 -368.172913 -0.363308907 -0.177767217 -0.914552033
-121.986038 142.08963 -368.381958 -0.518407822 -0.23636055 -0.821819365
-121.986832 140.671875 -368.043701 -0.15858756 -0.130705729 -0.978655219
-122.311935 140.412613 -368 -0.0793881565 -0.0680998713 -0.994514942
-121.706093 142.224457 -368.661743 -0.664107025 -0.30620876 -0.682054341
-121.484673 142.331085 -369 -0.714881778 -0.379202783 -0.587494016
-121.675941 140.9198 -368.172913 -0.314643055 -0.254154086 -0.914552033
-121.392838 141.145569 -368.381958 -0.472627461 -0.365722537 -0.801791906
-121.078133 139.763168 -368.043701 -0.11800649 -0.14396064 -0.98252219
-121.337395 139.438065 -368 -0.0622440837 -0.0840579942 -0.994514942
-121.14991 141.339294 -368.661743 -0.602271199 -0.457854599 -0.653940797
-120.957764 141.492523 -369 -0.612577617 -0.528771579 -0.587494016
-120.8302 140.074066 -368.172913 -0.232517585 -0.291567832 -0.927859783
-120.604439 140.357162 -368.381958 -0.347735614 -0.43604666 -0.83002609
-119.990005 139.079453 -368.043701 -0.0969281569 -0.197052166 -0.975589752
-120.170425 138.704803 -368 -0.0419788286 -0.0958010927 -0.994514942
-120.410706 140.600082 -368.661743 -0.465480745 -0.564029753 -0.682054341
-120.257477 140.792236 -369 -0.479556322 -0.651825488 -0.587494016
-119.817474 139.437714 -368.172913 -0.189615279 -0.393740207 -0.899452448
-119.660362 139.763962 -368.381958 -0.266655892 -0.5537166 -0.788855255
-118.777023 138.655014 -368.043701 -0.0382536948 -0.167600393 -0.985112548
-118.869553 138.249603 -368 -0.0232597701 -0.101907723 -0.994521916
-117.5 138.095306 -368 -0.0117767118 -0.104521208 -0.994452953
-117.5 138.511124 -368.043701 -0.0270796269 -0.240338326 -0.970311403
-119.525551 140.0439 -368.661743 -0.343971938 -0.673828423 -0.653940797
-119.418915 140.265335 -369 -0.32248804 -0.742194176 -0.587494016
-118.688538 139.042694 -368.172913 -0.0829845667 -0.363579154 -0.927859783
-117.5 138.908768 -368.172913 -0.0491805896 -0.436489791 -0.898364007
-118.607964 139.395706 -368.381958 -0.117759816 -0.561026335 -0.819379091
-117.5 139.270874 -368.381958 -0.0660827234 -0.586500466 -0.807248592
-117.5 139.581589 -368.661743 -0.0806585625 -0.715864599 -0.693564713
-118.538818 139.698639 -368.661743 -0.178524658 -0.7299788 -0.659742355
-118.484131 139.938232 -369 -0.180023223 -0.788733304 -0.587785184
-117.5 139.827347 -369 -0.0907779634 -0.805676699 -0.585358322
-123.238876 203.75 -368.043701 -0.173536077 8.40851427e-18 -0.984827518
-123.654701 144.25 -368 -0.104528464 1.25513731e-17 -0.994521916
-123.654701 203.75 -368 -0.104528464 2.51027462e-17 -0.994521916
-123.238876 144.25 -368.043701 -0.242032364 -0 -0.97026819
-122.841225 203.75 -368.172913 -0.37450102 -0 -0.927226484
-122.841225 144.25 -368.172913 -0.438473463 -0 -0.898744166
-122.479134 203.75 -368.381958 -0.559098542 -0 -0.829101205
-122.479134 144.25 -368.381958 -0.615751207 -0 -0.787940681
-122.168411 203.75 -368.661743 -0.719260752 -0 -0.694740236
-122.168411 144.25 -368.661743 -0.766117632 -0 -0.642700374
-121.922653 203.75 -369 -0.809017003 -0 -0.587785184
-121.922653 144.25 -369 -0.809017003 -0 -0.587785184
-117.5 138.511124 -368.043701 -8.39426922e-17 -0.173536062 -0.984827518
-82.5 138.095306 -368 1.15017228e-19 -0.104528464 -0.994521916
-117.5 138.095306 -368 8.51122528e-17 -0.104528464 -0.994521916
-82.5 138.511124 -368.043701 -1.96507025e-16 -0.242032349 -0.97026819
-117.5 138.908768 -368.172913 -3.04030883e-16 -0.37450105 -0.927226484
-82.5 138.908768 -368.172913 -2.20011144e-16 -0.438473463 -0.898744166
-117.5 139.270874 -368.381958 -1.35956319e-16 -0.559098482 -0.829101264
-82.5 139.270874 -368.381958 -1.82008256e-16 -0.615751207 -0.787940681
-117.5 139.581589 -368.661743 -4.02143159e-16 -0.719260752 -0.694740236
-82.5 139.581589 -368.661743 -4.02143132e-16 -0.766117632 -0.642700434
-117.5 139.827347 -369 -3.28594944e-16 -0.809017003 -0.587785244
-82.5 139.827347 -369 -0 -0.809017003 -0.587785244
-121.922653 203.75 -369 -0.805676699 0.0907779634 -0.585358322
-122.168411 203.75 -368.661743 -0.762484133 0.0859113261 -0.64127779
-121.811768 204.734131 -369 -0.7953462 0.149248824 -0.587494016
-118.777023 209.344986 -368.043701 -0.0489532165 0.199593529 -0.978655219
-117.5 209.904694 -368 -0.0117767118 0.104521208 -0.994452953
-117.5 209.488876 -368.043701 -0.0270796269 0.240338326 -0.970311403
-118.869553 209.750397 -368 -0.0269106328 0.101073675 -0.994514942
-118.688538 208.957306 -368.172913 -0.0924664065 0.393756896 -0.914552033
-117.5 209.091232 -368.172913 -0.0491805859 0.436489791 -0.898364067
-118.607964 208.604294 -368.381958 -0.132041126 0.570800304 -0.810402453
-117.5 208.729126 -368.381958 -0.069081001 0.61311084 -0.786970735
-119.990005 208.920547 -368.043701 -0.0921395943 0.18369621 -0.978655219
-120.170425 209.295197 -368 -0.0487269387 0.0925513804 -0.994514942
-118.538818 208.301361 -368.661743 -0.137817457 0.729073226 -0.670416713
-117.5 208.172653 -369 -0.0907779634 0.805676699 -0.585358322
-118.484131 208.061768 -369 -0.210619226 0.781338811 -0.587494016
-117.5 208.418411 -368.661743 -0.0834403187 0.740553319 -0.666797161
-119.817474 208.562286 -368.172913 -0.160932362 0.351259649 -0.922343433
-119.660362 208.236038 -368.381958 -0.257725835 0.512050033 -0.819379151
-121.078133 208.236832 -368.043701 -0.130705729 0.15858756 -0.978655219
-121.337395 208.561935 -368 -0.0680998713 0.0793881565 -0.994514942
-119.525551 207.9561 -368.661743 -0.29659614 0.680126548 -0.670416713
-119.418915 207.734665 -369 -0.379202783 0.714881778 -0.587494016
-120.8302 207.925934 -368.172913 -0.256151199 0.329897374 -0.908600152
-120.604439 207.642838 -368.381958 -0.387682498 0.463057458 -0.797044575
-121.986832 207.328125 -368.043701 -0.1627177 0.125526696 -0.978655219
-122.311935 207.587387 -368 -0.0840579942 0.0622440837 -0.994514942
-120.410706 207.399918 -368.661743 -0.440502226 0.597075582 -0.670416713
-120.257477 207.207764 -369 -0.528771579 0.612577617 -0.587494016
-121.675941 207.0802 -368.172913 -0.317796588 0.250199735 -0.914552033
-121.392838 206.854431 -368.381958 -0.459122032 0.363943338 -0.810402513
-122.670547 206.240005 -368.043701 -0.186570346 0.0861713737 -0.978655219
-123.045197 206.420425 -368 -0.0958010927 0.0419788286 -0.994514942
-121.14991 206.660706 -368.661743 -0.562319696 0.484084636 -0.670416713
-120.957764 206.507477 -369 -0.651825488 0.479556322 -0.587494016
-122.312279 206.067474 -368.172913 -0.344828755 0.174286157 -0.922343433
-121.986038 205.91037 -368.381958 -0.520756185 0.239647433 -0.819379091
-123.094994 205.027023 -368.043701 -0.167600393 0.0382536948 -0.985112548
-123.500389 205.119553 -368 -0.101907723 0.0232597701 -0.994521916
-123.654701 203.75 -368 -0.104521208 0.0117767118 -0.994452953
-123.238876 203.75 -368.043701 -0.240338326 0.0270796269 -0.970311403
-121.706093 205.775543 -368.661743 -0.655940175 0.346819669 -0.670416713
-121.484673 205.668915 -369 -0.742194176 0.32248804 -0.587494016
-122.707314 204.938538 -368.172913 -0.378722906 0.0940887406 -0.920715094
-122.841225 203.75 -368.172913 -0.436489791 0.0491805896 -0.898364007
-122.354294 204.857956 -368.381958 -0.558005393 0.115077913 -0.821819365
-122.479134 203.75 -368.381958 -0.61311084 0.069081001 -0.786970735
-122.051361 204.788818 -368.661743 -0.710137904 0.17466031 -0.682054222
-81.1304474 138.249603 -368 0.023259772 -0.101907708 -0.994521916
-82.5 138.095306 -368 0.0117767127 -0.104521215 -0.994452953
-82.5 138.511124 -368.043701 0.0230096038 -0.204215884 -0.978655398
-81.2229767 138.655014 -368.043701 0.0570130721 -0.220099449 -0.973809898
-81.3114624 139.042694 -368.172913 0.0787348226 -0.378263623 -0.922343433
-82.5 138.908768 -368.172913 0.0491805859 -0.436489791 -0.898364067
-81.3920364 139.395706 -368.381958 0.137322247 -0.556561291 -0.819379091
-82.5 139.270874 -368.381958 0.069081001 -0.61311084 -0.786970735
-80.0099945 139.079453 -368.043701 0.0921395943 -0.18369621 -0.978655219
-79.8295746 138.704803 -368 0.0487269387 -0.0925513804 -0.994514942
-81.4611816 139.698639 -368.661743 0.137817457 -0.729073226 -0.670416713
-82.5 139.827347 -369 0.0907779634 -0.805676699 -0.585358322
-81.5158691 139.938232 -369 0.210619226 -0.781338811 -0.587494016
-82.5 139.581589 -368.661743 0.0834403187 -0.740553319 -0.666797161
-80.1825256 139.437714 -368.172913 0.176319882 -0.378625214 -0.908600152
-80.3396378 139.763962 -368.381958 0.27492252 -0.537715137 -0.797044575
-78.9218674 139.763168 -368.043701 0.130705729 -0.15858756 -0.978655219
-78.6626053 139.438065 -368 0.0680998713 -0.0793881565 -0.994514942
-80.4744492 140.0439 -368.661743 0.29659614 -0.680126548 -0.670416713
-80.5810852 140.265335 -369 0.379202783 -0.714881778 -0.587494016
-79.1697998 140.074066 -368.172913 0.235060066 -0.306641996 -0.922343433
-79.3955612 140.357162 -368.381958 0.365205944 -0.441862494 -0.819379091
-78.0131683 140.671875 -368.043701 0.14396064 -0.11800649 -0.98252219
-77.6880646 140.412613 -368 0.0840579942 -0.0622440837 -0.994514942
-79.5892944 140.600082 -368.661743 0.440502256 -0.597075522 -0.670416713
-79.7425232 140.792236 -369 0.528771579 -0.612577617 -0.587494016
-78.3240585 140.9198 -368.172913 0.315332264 -0.251469076 -0.915056765
-78.6071625 141.145569 -368.381958 0.48100245 -0.365180135 -0.797044575
-77.3294525 141.759995 -368.043701 0.184040889 -0.0886294171 -0.978914618
-76.9548035 141.579575 -368 0.0941768959 -0.0453532003 -0.994521916
-76.4996109 142.880447 -368 0.101073675 -0.0269106328 -0.994514942
-78.85009 141.339294 -368.661743 0.562319696 -0.484084636 -0.670416713
-79.0422363 141.492523 -369 0.651825488 -0.479556322 -0.587494016
-77.6877213 141.932526 -368.172913 0.387354314 -0.174659744 -0.905235112
-78.0139618 142.08963 -368.381958 0.528595984 -0.252654225 -0.810402453
-76.9050064 142.972977 -368.043701 0.182019219 -0.0389771387 -0.98252213
-76.3452988 144.25 -368 0.104521208 -0.0117767118 -0.994452953
-76.7611237 144.25 -368.043701 0.240338326 -0.0270796269 -0.970311403
-78.2939072 142.224457 -368.661743 0.655940175 -0.346819699 -0.670416713
-78.5153275 142.331085 -369 0.742194176 -0.32248804 -0.587494016
-77.2926865 143.061462 -368.172913 0.363579124 -0.0829845592 -0.927859783
-77.1587753 144.25 -368.172913 0.436489791 -0.0491805896 -0.898364007
-77.6457062 143.142044 -368.381958 0.543741286 -0.124105409 -0.83002609
-77.5208664 144.25 -368.381958 0.61311084 -0.069081001 -0.786970735
-77.9486389 143.211182 -368.661743 0.722472966 -0.164899752 -0.671446919
-77.8315887 144.25 -368.661743 0.740553319 -0.0834403187 -0.666797161
-78.0773468 144.25 -369 0.805676699 -0.0907779634 -0.585358322
-78.1882324 143.265869 -369 0.788733304 -0.180023223 -0.587785184
-82.5 209.488876 -368.043701 -2.85095342e-17 0.173536062 -0.984827518
-117.5 209.904694 -368 -4.25561264e-17 0.104528464 -0.994521916
-82.5 209.904694 -368 -8.51122528e-17 0.104528464 -0.994521916
-117.5 209.488876 -368.043701 -0 0.242032349 -0.97026819
-82.5 209.091232 -368.172913 -0 0.37450105 -0.927226484
-117.5 209.091232 -368.172913 -0 0.438473463 -0.898744166
-82.5 208.729126 -368.381958 -0 0.587785244 -0.809017003
-117.5 208.418411 -368.661743 -0 0.74314481 -0.669130623
-117.5 208.729126 -368.381958 -0 0.587785244 -0.809017003
-82.5 208.418411 -368.661743 -0 0.74314481 -0.669130623
-82.5 208.172653 -369 -0 0.809017003 -0.587785244
-117.5 208.172653 -369 -0 0.809017003 -0.587785244
-76.7611237 144.25 -368.043701 0.173536077 -0 -0.984827518
-76.3452988 203.75 -368 0.104528464 -0 -0.994521916
-76.3452988 144.25 -368 0.104528464 -0 -0.994521916
-76.7611237 203.75 -368.043701 0.242032364 -0 -0.97026819
-77.1587753 144.25 -368.172913 0.37450102 -0 -0.927226484
-77.1587753 203.75 -368.172913 0.438473463 -4.00010383e-17 -0.898744166
-77.5208664 144.25 -368.381958 0.559098542 -9.34418094e-17 -0.829101205
-77.5208664 203.75 -368.381958 0.615751207 -9.3441816e-17 -0.787940681
-77.8315887 144.25 -368.661743 0.719260752 -5.3440781e-17 -0.694740236
-77.8315887 203.75 -368.661743 0.766117632 -6.47230448e-17 -0.642700374
-78.0773468 144.25 -369 0.809017003 -9.66119493e-17 -0.587785184
-78.0773468 203.75 -369 0.809017003 -1.93223899e-16 -0.587785184
-78.1882324 204.734131 -369 0.788733244 0.180023223 -0.587785244
-77.8315887 203.75 -368.661743 0.762484133 0.0859113261 -0.64127779
-78.0773468 203.75 -369 0.805676699 0.0907779634 -0.585358322
-76.9050064 205.027023 -368.043701 0.184442386 0.0468204618 -0.981727481
-76.3452988 203.75 -368 0.104521208 0.0117767118 -0.994452953
-76.7611237 203.75 -368.043701 0.240338326 0.0270796269 -0.970311403
-76.4996109 205.119553 -368 0.101907723 0.0232597701 -0.994521916
-76.9548035 206.420425 -368 0.0958010927 0.0419788286 -0.994514942
-77.2926865 204.938538 -368.172913 0.393756896 0.0924664065 -0.914552033
-77.1587753 203.75 -368.172913 0.436489791 0.0491805859 -0.898364067
-77.6457062 204.857956 -368.381958 0.570800304 0.132041126 -0.810402453
-77.5208664 203.75 -368.381958 0.61311084 0.069081001 -0.786970735
-77.3294525 206.240005 -368.043701 0.18185617 0.0959495828 -0.978632748
-77.6880646 207.587387 -368 0.0817236379 0.0651724339 -0.994521916
-77.9486389 204.788818 -368.661743 0.71336472 0.146458179 -0.685317993
-77.6877213 206.067474 -368.172913 0.363308907 0.177767217 -0.914552033
-78.0139618 205.91037 -368.381958 0.518407822 0.23636055 -0.821819365
-78.0131683 207.328125 -368.043701 0.173565716 0.146864578 -0.973809898
-78.2939072 205.775543 -368.661743 0.664107025 0.30620876 -0.682054341
-78.5153275 205.668915 -369 0.714881778 0.379202783 -0.587494016
-78.3240585 207.0802 -368.172913 0.306641966 0.235060066 -0.922343433
-78.6071625 206.854431 -368.381958 0.457306087 0.364689469 -0.811093569
-78.9218674 208.236832 -368.043701 0.125526696 0.1627177 -0.978655219
-78.6626053 208.561935 -368 0.0622440837 0.0840579942 -0.994514942
-78.85009 206.660706 -368.661743 0.602271199 0.457854599 -0.653940797
-79.0422363 206.507477 -369 0.612577617 0.528771579 -0.587494016
-79.1697998 207.925934 -368.172913 0.264627188 0.323138028 -0.908600152
-79.3955612 207.642838 -368.381958 0.365180165 0.48100245 -0.797044575
-80.0099945 208.920547 -368.043701 0.0783922374 0.173394963 -0.981727481
-79.8295746 209.295197 -368 0.0453532003 0.0941768959 -0.994521916
-81.1304474 209.750397 -368 0.0269106328 0.101073675 -0.994514942
-79.5892944 207.399918 -368.661743 0.484084636 0.562319696 -0.670416713
-79.7425232 207.207764 -369 0.479556322 0.651825488 -0.587494016
-80.1825256 208.562286 -368.172913 0.173210293 0.365503401 -0.914552033
-80.3396378 208.236038 -368.381958 0.252654225 0.528595924 -0.810402513
-81.2229767 209.344986 -368.043701 0.0389771387 0.182019219 -0.98252213
-82.5 209.904694 -368 0.0117767118 0.104521208 -0.994452953
-82.5 209.488876 -368.043701 0.0270796269 0.240338326 -0.970311403
-80.4744492 207.9561 -368.661743 0.346819669 0.655940175 -0.670416713
-80.5810852 207.734665 -369 0.32248804 0.742194176 -0.587494016
-81.3114624 208.957306 -368.172913 0.079550676 0.382041097 -0.920715094
-82.5 208.729126 -368.381958 0.0627167523 0.556626618 -0.828392029
-82.5 209.091232 -368.172913 0.045780167 0.406310201 -0.912587643
-81.3920364 208.604294 -368.381958 0.12869601 0.57156378 -0.810402513
-82.5 208.418411 -368.661743 0.0806585625 0.715864599 -0.693564713
-81.4611816 208.301361 -368.661743 0.178524643 0.7299788 -0.659742355
-81.5158691 208.061768 -369 0.180023223 0.788733304 -0.587785184
-82.5 208.172653 -369 0.0907779634 0.805676699 -0.585358322
-21.8117638 143.265869 -369 -0.788733244 -0.180023223 -0.587785244
-22.1684113 144.25 -368.661743 -0.762484133 -0.0859113261 -0.64127779
-21.9226494 144.25 -369 -0.805676699 -0.0907779634 -0.585358322
-23.0949917 142.972977 -368.043701 -0.199593529 -0.0489532165 -0.978655219
-23.6547012 144.25 -368 -0.104521208 -0.0117767118 -0.994452953
-23.2388763 144.25 -368.043701 -0.240338326 -0.0270796269 -0.970311403
-23.5003891 142.880447 -368 -0.101073675 -0.0269106328 -0.994514942
-22.7073116 143.061462 -368.172913 -0.393756896 -0.0924664065 -0.914552033
-22.8412266 144.25 -368.172913 -0.436489791 -0.0491805859 -0.898364067
-22.3542919 143.142044 -368.381958 -0.570800304 -0.132041126 -0.810402453
-22.4791298 144.25 -368.381958 -0.61311084 -0.069081001 -0.786970735
-22.6705494 141.759995 -368.043701 -0.18369621 -0.0921395943 -0.978655219
-23.0451927 141.579575 -368 -0.0925513804 -0.0487269387 -0.994514942
-22.0513649 143.211182 -368.661743 -0.71336472 -0.146458179 -0.685317993
-22.3122787 141.932526 -368.172913 -0.363308907 -0.177767217 -0.914552033
-21.986042 142.08963 -368.381958 -0.518407822 -0.23636055 -0.821819365
-21.9868355 140.671875 -368.043701 -0.15858756 -0.130705729 -0.978655219
-22.3119392 140.412613 -368 -0.0793881565 -0.0680998713 -0.994514942
-21.7060928 142.224457 -368.661743 -0.664107025 -0.30620876 -0.682054341
-21.4846706 142.331085 -369 -0.714881778 -0.379202783 -0.587494016
-21.6759396 140.9198 -368.172913 -0.314643055 -0.254154086 -0.914552033
-21.3928413 141.145569 -368.381958 -0.472627461 -0.365722507 -0.801791966
-21.0781307 139.763168 -368.043701 -0.118006498 -0.143960685 -0.98252213
-21.3373928 139.438065 -368 -0.0622440837 -0.0840579942 -0.994514942
-21.14991 141.339294 -368.661743 -0.602271199 -0.457854599 -0.653940797
-20.9577675 141.492523 -369 -0.612577617 -0.528771579 -0.587494016
-20.8302002 140.074066 -368.172913 -0.237434119 -0.30969137 -0.920715094
-20.6044369 140.357162 -368.381958 -0.364516318 -0.437882215 -0.821819365
-19.9900055 139.079453 -368.043701 -0.0886294171 -0.184040889 -0.978914618
-20.1704254 138.704803 -368 -0.0453532003 -0.0941768959 -0.994521916
-18.8695488 138.249603 -368 -0.0269106328 -0.101073675 -0.994514942
-20.4107075 140.600082 -368.661743 -0.465480745 -0.564029753 -0.682054341
-20.2574768 140.792236 -369 -0.479556322 -0.651825488 -0.587494016
-19.8174725 139.437714 -368.172913 -0.176476419 -0.366457045 -0.913545489
-19.6603642 139.763962 -368.381958 -0.253785729 -0.526991487 -0.811093569
-18.7770195 138.655014 -368.043701 -0.0383690558 -0.202004462 -0.978632748
-17.5 138.095306 -368 -0.0117767118 -0.104521208 -0.994452953
-17.5 138.511124 -368.043701 -0.0234195963 -0.207854658 -0.977879345
-17.5 138.908768 -368.172913 -0.0453969724 -0.402909249 -0.914113343
-19.525547 140.0439 -368.661743 -0.343971938 -0.673828423 -0.653940856
-19.4189167 140.265335 -369 -0.32248804 -0.742194176 -0.587494016
-18.6885357 139.042694 -368.172913 -0.104665585 -0.390926868 -0.914451361
-18.6079597 139.395706 -368.381958 -0.115077913 -0.558005393 -0.821819365
-17.5 139.270874 -368.381958 -0.0690809935 -0.61311084 -0.786970735
-18.5388184 139.698639 -368.661743 -0.164899722 -0.722472906 -0.671446919
-18.4841328 139.938232 -369 -0.180023223 -0.788733304 -0.587785184
-17.5 139.827347 -369 -0.0907779634 -0.805676699 -0.585358322
-17.5 139.581589 -368.661743 -0.0834403187 -0.740553319 -0.666797161
-23.6547012 203.75 -368 -0.104528464 1.56033478e-17 -0.994521916
-23.2388763 144.25 -368.043701 -0.2079117 2.63761279e-17 -0.978147626
-23.6547012 144.25 -368 -0.104528464 1.87240173e-17 -0.994521916
-23.2388763 203.75 -368.043701 -0.2079117 2.47858003e-17 -0.978147626
-22.8412266 203.75 -368.172913 -0.37450102 4.46870628e-17 -0.927226484
-22.8412266 144.25 -368.172913 -0.438473463 5.23551032e-17 -0.898744166
-22.4791298 203.75 -368.381958 -0.559098542 6.67144854e-17 -0.829101205
-22.4791298 144.25 -368.381958 -0.615751207 7.34868315e-17 -0.787940681
-22.1684113 203.75 -368.661743 -0.719260752 8.58123719e-17 -0.694740236
-22.1684113 144.25 -368.661743 -0.766117632 9.14535054e-17 -0.642700374
-21.9226494 203.75 -369 -0.809017003 9.65590362e-17 -0.587785184
-21.9226494 144.25 -369 -0.809017003 9.66119493e-17 -0.587785184
-17.5 138.095306 -368 -0 -0.104528464 -0.994521916
17.5 138.511124 -368.043701 -8.4054805e-17 -0.173536062 -0.984827518
17.5 138.095306 -368 8.48822238e-17 -0.104528464 -0.994521916
-17.5 138.511124 -368.043701 -1.12487272e-16 -0.242032349 -0.97026819
17.5 138.908768 -368.172913 -8.4054805e-17 -0.37450105 -0.927226484
-17.5 138.908768 -368.172913 -0 -0.438473463 -0.898744166
17.5 139.270874 -368.381958 -0 -0.559098482 -0.829101264
-17.5 139.270874 -368.381958 -1.82008256e-16 -0.615751207 -0.787940681
17.5 139.581589 -368.661743 -4.02066582e-16 -0.719260752 -0.694740236
-17.5 139.581589 -368.661743 -4.02066582e-16 -0.766117632 -0.642700434
17.5 139.827347 -369 -3.28480674e-16 -0.809017003 -0.587785244
-17.5 139.827347 -369 -0 -0.809017003 -0.587785244
-18.4841328 208.061768 -369 -0.180023223 0.788733244 -0.587785244
-17.5 208.418411 -368.661743 -0.0859113261 0.762484133 -0.64127779
-17.5 208.172653 -369 -0.0907779634 0.805676699 -0.585358322
-18.7770195 209.344986 -368.043701 -0.0489532165 0.199593529 -0.978655219
-17.5 209.904694 -368 -0.0117767118 0.104521208 -0.994452953
-17.5 209.488876 -368.043701 -0.0270796269 0.240338326 -0.970311403
-18.8695488 209.750397 -368 -0.0269106328 0.101073675 -0.994514942
-18.6885357 208.957306 -368.172913 -0.0924664065 0.393756896 -0.914552033
-17.5 209.091232 -368.172913 -0.0491805859 0.436489791 -0.898364067
-18.6079597 208.604294 -368.381958 -0.132041126 0.570800304 -0.810402453
-17.5 208.729126 -368.381958 -0.069081001 0.61311084 -0.786970735
-19.9900055 208.920547 -368.043701 -0.0921395943 0.18369621 -0.978655219
-20.1704254 209.295197 -368 -0.0487269387 0.0925513804 -0.994514942
-18.5388184 208.301361 -368.661743 -0.146458179 0.71336472 -0.685317993
-19.8174725 208.562286 -368.172913 -0.177767217 0.363308907 -0.914552033
-19.6603642 208.236038 -368.381958 -0.25574559 0.527107239 -0.810402453
-21.0781307 208.236832 -368.043701 -0.130705729 0.15858756 -0.978655219
-21.3373928 208.561935 -368 -0.0680998713 0.0793881565 -0.994514942
-19.525547 207.9561 -368.661743 -0.296596169 0.680126548 -0.670416713
-19.4189167 207.734665 -369 -0.379202783 0.714881778 -0.587494016
-20.8302002 207.925934 -368.172913 -0.254154086 0.314643055 -0.914552033
-20.6044369 207.642838 -368.381958 -0.366625905 0.456982791 -0.810402513
-21.9868355 207.328125 -368.043701 -0.1627177 0.125526696 -0.978655219
-22.3119392 207.587387 -368 -0.0840579942 0.0622440837 -0.994514942
-20.4107075 207.399918 -368.661743 -0.440502226 0.597075582 -0.670416713
-20.2574768 207.207764 -369 -0.528771579 0.612577617 -0.587494016
-21.6759396 207.0802 -368.172913 -0.297400892 0.246648073 -0.922343433
-21.3928413 206.854431 -368.381958 -0.454373121 0.34951815 -0.819379091
-22.6705494 206.240005 -368.043701 -0.186570346 0.0861713737 -0.978655219
-23.0451927 206.420425 -368 -0.0958010927 0.0419788286 -0.994514942
-21.14991 206.660706 -368.661743 -0.580229163 0.47757104 -0.659742355
-20.9577675 206.507477 -369 -0.632514954 0.504413843 -0.587785244
-21.4846706 205.668915 -369 -0.728899121 0.351019353 -0.587785244
-22.3122787 206.067474 -368.172913 -0.373921424 0.186087474 -0.908600152
-21.986042 205.91037 -368.381958 -0.550203025 0.248991191 -0.797044575
-23.0949917 205.027023 -368.043701 -0.167600393 0.0382536985 -0.985112548
-23.5003891 205.119553 -368 -0.101907723 0.0232597701 -0.994521916
-23.6547012 203.75 -368 -0.104521208 0.0117767118 -0.994452953
-23.2388763 203.75 -368.043701 -0.240338326 0.0270796269 -0.970311403
-21.7060928 205.775543 -368.661743 -0.649046183 0.330269992 -0.685317993
-22.7073116 204.938538 -368.172913 -0.363579154 0.0829845592 -0.927859783
-22.8412266 203.75 -368.172913 -0.436489791 0.0491805896 -0.898364007
-22.3542919 204.857956 -368.381958 -0.543741286 0.124105409 -0.83002609
-22.4791298 203.75 -368.381958 -0.61311084 0.0690809935 -0.786970735
-22.0513649 204.788818 -368.661743 -0.722472906 0.164899737 -0.671446919
-21.8117638 204.734131 -369 -0.788733304 0.180023223 -0.587785184
-21.9226494 203.75 -369 -0.805676699 0.0907779634 -0.585358322
-22.1684113 203.75 -368.661743 -0.740553319 0.0834403187 -0.666797161
18.8695488 138.249603 -368 0.023259772 -0.101907708 -0.994521916
17.5 138.095306 -368 0.0117767127 -0.104521215 -0.994452953
17.5 138.511124 -368.043701 0.0230096038 -0.204215884 -0.978655398
21.9226494 144.25 -369 0.805676699 -0.0907779634 -0.585358322
22.1684113 144.25 -368.661743 0.762484133 -0.0859113261 -0.64127779
21.8117638 143.265869 -369 0.7953462 -0.149248824 -0.587494016
18.7770195 138.655014 -368.043701 0.0570130721 -0.220099449 -0.973809898
18.6885357 139.042694 -368.172913 0.0924664065 -0.393756956 -0.914552033
17.5 138.908768 -368.172913 0.0491805859 -0.436489791 -0.898364067
18.6079597 139.395706 -368.381958 0.132041126 -0.570800304 -0.810402453
17.5 139.270874 -368.381958 0.069081001 -0.61311084 -0.786970735
19.9900055 139.079453 -368.043701 0.0921395943 -0.18369621 -0.978655219
20.1704254 138.704803 -368 0.0487269387 -0.0925513804 -0.994514942
18.5388184 139.698639 -368.661743 0.137817457 -0.729073226 -0.670416713
17.5 139.827347 -369 0.0907779634 -0.805676699 -0.585358322
18.4841328 139.938232 -369 0.210619226 -0.781338811 -0.587494016
17.5 139.581589 -368.661743 0.0834403187 -0.740553319 -0.666797161
19.8174725 139.437714 -368.172913 0.177767217 -0.363308907 -0.914552033
19.6603642 139.763962 -368.381958 0.25574559 -0.527107179 -0.810402513
21.0781307 139.763168 -368.043701 0.130705729 -0.15858756 -0.978655219
21.3373928 139.438065 -368 0.0680998713 -0.0793881565 -0.994514942
19.525547 140.0439 -368.661743 0.29659614 -0.680126548 -0.670416713
19.4189167 140.265335 -369 0.379202783 -0.714881778 -0.587494016
20.8302002 140.074066 -368.172913 0.254154086 -0.314643055 -0.914552033
20.6044369 140.357162 -368.381958 0.366625905 -0.456982791 -0.810402513
21.9868355 140.671875 -368.043701 0.1627177 -0.125526696 -0.978655219
22.3119392 140.412613 -368 0.0840579942 -0.0622440837 -0.994514942
20.4107075 140.600082 -368.661743 0.440502256 -0.597075522 -0.670416713
20.2574768 140.792236 -369 0.528771579 -0.612577617 -0.587494016
21.6759396 140.9198 -368.172913 0.317796588 -0.250199705 -0.914552033
21.3928413 141.145569 -368.381958 0.459122032 -0.363943338 -0.810402513
22.6705494 141.759995 -368.043701 0.186570346 -0.0861713737 -0.978655219
23.0451927 141.579575 -368 0.0958010927 -0.0419788286 -0.994514942
21.14991 141.339294 -368.661743 0.562319696 -0.484084636 -0.670416713
20.9577675 141.492523 -369 0.651825488 -0.479556322 -0.587494016
22.3122787 141.932526 -368.172913 0.365503401 -0.173210293 -0.914552033
21.986042 142.08963 -368.381958 0.528595924 -0.252654225 -0.810402513
23.0949917 142.972977 -368.043701 0.167600393 -0.0382536948 -0.985112548
23.5003891 142.880447 -368 0.101907723 -0.0232597701 -0.994521916
23.6547012 144.25 -368 0.104521208 -0.0117767118 -0.994452953
23.2388763 144.25 -368.043701 0.240338326 -0.0270796269 -0.970311403
21.7060928 142.224457 -368.661743 0.655940175 -0.346819669 -0.670416713
21.4846706 142.331085 -369 0.742194176 -0.32248804 -0.587494016
22.7073116 143.061462 -368.172913 0.363579124 -0.0829845592 -0.927859783
22.8412266 144.25 -368.172913 0.436489791 -0.0491805896 -0.898364007
22.3542919 143.142044 -368.381958 0.543741286 -0.124105409 -0.83002609
22.4791298 144.25 -368.381958 0.61311084 -0.069081001 -0.786970735
22.0513649 143.211182 -368.661743 0.710137784 -0.174660295 -0.682054281
17.5 209.904694 -368 -4.24411119e-17 0.104528464 -0.994521916
-17.5 209.488876 -368.043701 -2.13374448e-17 0.207911685 -0.978147626
-17.5 209.904694 -368 -8.48822238e-17 0.104528464 -0.994521916
17.5 209.488876 -368.043701 -0 0.207911685 -0.978147626
17.5 209.091232 -368.172913 -0 0.406736642 -0.913545489
-17.5 208.729126 -368.381958 -0 0.587785244 -0.809017003
-17.5 209.091232 -368.172913 -0 0.406736642 -0.913545489
17.5 208.729126 -368.381958 -0 0.587785244 -0.809017003
17.5 208.418411 -368.661743 -0 0.719260752 -0.694740236
-17.5 208.418411 -368.661743 -0 0.766117632 -0.642700434
17.5 208.172653 -369 -0 0.809017003 -0.587785244
-17.5 208.172653 -369 -0 0.809017003 -0.587785244
23.2388763 144.25 -368.043701 0.173536077 8.25686807e-18 -0.984827518
23.6547012 203.75 -368 0.104528464 3.12066997e-18 -0.994521916
23.6547012 144.25 -368 0.104528464 -0 -0.994521916
23.2388763 203.75 -368.043701 0.242032364 1.44373672e-17 -0.97026819
22.8412266 144.25 -368.172913 0.37450102 2.24369598e-17 -0.927226484
22.8412266 203.75 -368.172913 0.438473463 2.62709783e-17 -0.898744166
22.4791298 144.25 -368.381958 0.559098542 3.35440995e-17 -0.829101205
22.4791298 203.75 -368.381958 0.615751207 3.68368441e-17 -0.787940681
22.1684113 144.25 -368.661743 0.719260752 4.30930427e-17 -0.694740236
22.1684113 203.75 -368.661743 0.766117632 2.96394199e-17 -0.642700374
21.9226494 144.25 -369 0.809017003 2.42659868e-17 -0.587785184
21.9226494 203.75 -369 0.809017003 -0 -0.587785184
17.5 208.172653 -369 0.0907779634 0.805676699 -0.585358322
17.5 208.418411 -368.661743 0.0859113261 0.762484133 -0.64127779
18.4841328 208.061768 -369 0.149248824 0.7953462 -0.587494016
23.0949917 205.027023 -368.043701 0.199593529 0.0489532165 -0.978655219
23.6547012 203.75 -368 0.104521208 0.0117767118 -0.994452953
23.2388763 203.75 -368.043701 0.240338326 0.0270796269 -0.970311403
23.5003891 205.119553 -368 0.101073675 0.0269106328 -0.994514942
22.7073116 204.938538 -368.172913 0.393756956 0.0924664065 -0.914552033
22.8412266 203.75 -368.172913 0.436489791 0.0491805859 -0.898364067
22.3542919 204.857956 -368.381958 0.570800304 0.132041126 -0.810402453
22.4791298 203.75 -368.381958 0.61311084 0.069081001 -0.786970735
22.6705494 206.240005 -368.043701 0.18369621 0.0921395943 -0.978655219
23.0451927 206.420425 -368 0.0925513804 0.0487269387 -0.994514942
22.0513649 204.788818 -368.661743 0.729073226 0.137817457 -0.670416713
21.9226494 203.75 -369 0.805676699 0.0907779634 -0.585358322
21.8117638 204.734131 -369 0.781338811 0.210619226 -0.587494016
22.1684113 203.75 -368.661743 0.740553319 0.0834403187 -0.666797161
22.3122787 206.067474 -368.172913 0.363308907 0.177767217 -0.914552033
21.986042 205.91037 -368.381958 0.527107179 0.25574559 -0.810402513
21.9868355 207.328125 -368.043701 0.15858756 0.130705729 -0.978655219
22.3119392 207.587387 -368 0.0793881565 0.0680998713 -0.994514942
21.7060928 205.775543 -368.661743 0.680126548 0.296596169 -0.670416713
21.4846706 205.668915 -369 0.714881778 0.379202783 -0.587494016
21.6759396 207.0802 -368.172913 0.306641996 0.235060066 -0.922343433
21.3928413 206.854431 -368.381958 0.441862494 0.365205944 -0.819379091
21.0781307 208.236832 -368.043701 0.125526696 0.1627177 -0.978655219
21.3373928 208.561935 -368 0.0622440837 0.0840579942 -0.994514942
21.14991 206.660706 -368.661743 0.597075522 0.440502256 -0.670416713
20.9577675 206.507477 -369 0.612577617 0.528771579 -0.587494016
20.8302002 207.925934 -368.172913 0.264627188 0.323138028 -0.908600152
20.6044369 207.642838 -368.381958 0.365180165 0.48100245 -0.797044575
19.9900055 208.920547 -368.043701 0.0783922374 0.173394963 -0.981727481
20.1704254 209.295197 -368 0.0453532003 0.0941768959 -0.994521916
18.8695488 209.750397 -368 0.0269106328 0.101073675 -0.994514942
20.4107075 207.399918 -368.661743 0.484084636 0.562319696 -0.670416713
20.2574768 207.207764 -369 0.479556322 0.651825488 -0.587494016
19.8174725 208.562286 -368.172913 0.173210293 0.365503401 -0.914552033
19.6603642 208.236038 -368.381958 0.252654225 0.528595924 -0.810402513
18.7770195 209.344986 -368.043701 0.0383690521 0.202004462 -0.978632748
17.5 209.904694 -368 0.0117767118 0.104521208 -0.994452953
17.5 209.091232 -368.172913 0.0453969724 0.402909249 -0.914113402
17.5 209.488876 -368.043701 0.0234195963 0.207854658 -0.977879345
19.525547 207.9561 -368.661743 0.346819669 0.655940175 -0.670416713
19.4189167 207.734665 -369 0.32248804 0.742194176 -0.587494016
18.6885357 208.957306 -368.172913 0.0931848139 0.374965519 -0.922343433
18.6079597 208.604294 -368.381958 0.124105409 0.543741286 -0.83002609
17.5 208.729126 -368.381958 0.069081001 0.61311084 -0.786970735
18.5388184 208.301361 -368.661743 0.174660295 0.710137784 -0.682054281
-70.6407242 388.212555 -551.214233 -0.618487716 -0.141165793 -0.773010433
-70.7857895 389.5 -551.214233 -0.632778823 -0.071297057 -0.771043241
-70.4827118 389.5 -551.462952 -0.582260907 -0.0656050518 -0.810350716
-69.6423645 388.440399 -551.761597 -0.191783279 -0.0480949692 -0.980258167
-69.7617569 389.5 -551.761597 -0.228725836 -0.0257712137 -0.973149717
-69.3715744 389.5 -551.799988 -0.0980111659 -0.0110432068 -0.995124042
-69.2619705 388.527222 -551.799988 -0.0946924314 -0.0256070532 -0.995177209
-70.0081482 388.356934 -551.647766 -0.374177486 -0.089937754 -0.922985613
-70.13694 389.5 -551.647766 -0.413652927 -0.0466074906 -0.909240901
-70.345253 388.279968 -551.462952 -0.528623402 -0.110267997 -0.841664016
-69.2901917 387.43396 -551.761597 -0.176272735 -0.0895649195 -0.980258167
-68.938652 387.603241 -551.799988 -0.0866201892 -0.0460360795 -0.995177209
-69.6282196 387.271179 -551.647766 -0.344783038 -0.170945153 -0.922985613
-69.9397507 387.121155 -551.462952 -0.511004031 -0.222790271 -0.830204427
-70.2128143 386.989655 -551.214233 -0.561450005 -0.295878619 -0.772806406
-68.7228851 386.531097 -551.761597 -0.151923135 -0.126543701 -0.980258167
-68.4178314 386.774384 -551.799988 -0.0742044449 -0.0641566664 -0.995177209
-69.0162201 386.29718 -551.647766 -0.298099756 -0.243380651 -0.922985613
-69.2865601 386.081573 -551.462952 -0.448616564 -0.330913514 -0.830204427
-69.5235138 385.892609 -551.214233 -0.481534064 -0.41339469 -0.772806406
-67.9689026 385.7771 -551.761597 -0.111023925 -0.147442594 -0.982819617
-67.7256317 386.082153 -551.799988 -0.0611126833 -0.0766328797 -0.99518472
-66.8967514 385.56134 -551.799988 -0.0425280444 -0.0883103982 -0.99518472
-68.2028275 385.483765 -551.647766 -0.236468494 -0.303612024 -0.922985613
-68.4184189 385.21344 -551.462952 -0.363733619 -0.422443449 -0.830204427
-68.6073761 384.976501 -551.214233 -0.377472013 -0.510181427 -0.772806406
-67.0660477 385.209808 -551.761597 -0.0872383639 -0.197237983 -0.976466417
-67.2288361 384.871765 -551.647766 -0.162979692 -0.348619014 -0.922985613
-67.3788605 384.560242 -551.462952 -0.260611534 -0.492790222 -0.830204427
-67.5103607 384.287201 -551.214233 -0.254481941 -0.581385553 -0.772806406
-66.0595932 384.857635 -551.761597 -0.0366314054 -0.160492674 -0.986357033
-65 385.128418 -551.799988 -0.0110432068 -0.0980111659 -0.995124042
-65 384.738251 -551.761597 -0.0257712137 -0.228725836 -0.973149717
-65.9727631 385.238037 -551.799988 -0.0218108669 -0.0955596417 -0.99518472
-66.143074 384.491852 -551.647766 -0.0787042603 -0.344825894 -0.935361266
-65 384.363068 -551.647766 -0.0466074906 -0.413652927 -0.909240901
-66.2200165 384.154755 -551.462952 -0.124165669 -0.544005275 -0.829844058
-65 384.017273 -551.462952 -0.0624754429 -0.554484963 -0.829845309
-65 383.714203 -551.214233 -0.0712970495 -0.632778823 -0.771043241
-66.2874603 383.859283 -551.214233 -0.141165778 -0.618487716 -0.773010433
-70.4827118 389.5 -551.462952 -0.582553923 1.88851124e-17 -0.812792063
-70.7857895 389.5 -551.214233 -0.634393275 5.64129038e-17 -0.773010492
-70.7857895 549.5 -551.214233 -0.634393275 2.82064519e-17 -0.773010492
-70.4827118 549.5 -551.462952 -0.527988195 0 -0.849251688
-70.13694 389.5 -551.647766 -0.412792414 0 -0.910825133
-70.13694 549.5 -551.647766 -0.352162272 -8.63108458e-18 -0.935938954
-69.7617569 389.5 -551.761597 -0.227167577 -1.15471692e-17 -0.973855674
-69.7617569 549.5 -551.761597 -0.162802964 -1.44615308e-17 -0.986658573
-69.3715744 389.5 -551.799988 -0.0980171412 -8.70824399e-18 -0.99518472
-69.3715744 549.5 -551.799988 -0.0980171412 -8.70567146e-18 -0.99518472
65 384.017273 -551.462952 0 -0.582553923 -0.812792063
-65 383.714203 -551.214233 0 -0.634393275 -0.773010433
-65 384.017273 -551.462952 0 -0.527988255 -0.849251688
65 383.714203 -551.214233 0 -0.634393275 -0.773010433
65 384.363068 -551.647766 0 -0.412792385 -0.910825133
-65 384.363068 -551.647766 0 -0.352162272 -0.935938954
65 384.738251 -551.761597 0 -0.227167562 -0.973855674
-65 384.738251 -551.761597 1.43476231e-17 -0.162802964 -0.986658573
65 385.128418 -551.799988 2.1429343e-17 -0.0980171412 -0.99518472
-65 385.128418 -551.799988 4.28586859e-17 -0.0980171412 -0.99518472
-66.2874603 555.140747 -551.214233 -0.118731104 0.62343657 -0.772806466
-65 555.285767 -551.214233 -0.071297057 0.632778823 -0.771043241
-65 554.982727 -551.462952 -0.0656050518 0.582260907 -0.810350716
-66.0595932 554.142395 -551.761597 -0.0480949692 0.191783294 -0.980258167
-65 554.26178 -551.761597 -0.0257712137 0.228725836 -0.973149717
-65 553.871582 -551.799988 -0.0110432068 0.0980111659 -0.995124042
-65.9727631 553.761963 -551.799988 -0.0256070532 0.0946924314 -0.995177209
-66.143074 554.508118 -551.647766 -0.089937754 0.374177486 -0.922985613
-65 554.636963 -551.647766 -0.0466074906 0.413652927 -0.909240901
-66.2200165 554.845276 -551.462952 -0.128180549 0.542253971 -0.830379665
-67.5103607 554.71283 -551.214233 -0.275252908 0.571568549 -0.773010492
-67.0660477 553.790222 -551.761597 -0.0895649195 0.176272735 -0.980258167
-66.8967514 553.43866 -551.799988 -0.0460360795 0.0866201892 -0.995177209
-67.2288361 554.128235 -551.647766 -0.170945153 0.344783038 -0.922985613
-67.3788605 554.439758 -551.462952 -0.225133121 0.490832716 -0.841664016
-67.9689026 553.2229 -551.761597 -0.126543701 0.151923135 -0.980258167
-67.7256317 552.917847 -551.799988 -0.0641566664 0.0742044449 -0.995177209
-68.2028275 553.516235 -551.647766 -0.243380651 0.298099756 -0.922985613
-68.4184189 553.78656 -551.462952 -0.330913514 0.448616564 -0.830204427
-68.6073761 554.023499 -551.214233 -0.41339469 0.481534064 -0.772806406
-68.7228851 552.468933 -551.761597 -0.157177076 0.11995548 -0.980258167
-68.4178314 552.225647 -551.799988 -0.0790601671 0.0580677837 -0.995177209
-69.0162201 552.70282 -551.647766 -0.281900167 0.23271516 -0.930793166
-69.2865601 552.918396 -551.462952 -0.419924766 0.348868042 -0.837827086
-69.5235138 553.107361 -551.214233 -0.510181427 0.377472013 -0.772806406
-69.2901917 551.56604 -551.761597 -0.179928944 0.0819727629 -0.980258167
-68.938652 551.396729 -551.799988 -0.089999266 0.0390193686 -0.995177209
-69.6282196 551.728821 -551.647766 -0.356880635 0.176652327 -0.917295039
-69.9397507 551.878845 -551.462952 -0.509283245 0.261893779 -0.81978178
-70.2128143 552.010376 -551.214233 -0.581385553 0.254481941 -0.772806406
-69.6423645 550.55957 -551.761597 -0.181012675 0.0360561535 -0.982819617
-69.3715744 549.5 -551.799988 -0.0980111659 0.0110432068 -0.995124042
-69.7617569 549.5 -551.761597 -0.195043191 0.021976091 -0.980548441
-70.13694 549.5 -551.647766 -0.3855142 0.043437019 -0.921678901
-69.2619705 550.472778 -551.799988 -0.0955596417 0.0218108669 -0.99518472
-70.0081482 550.643066 -551.647766 -0.35495463 0.0873572156 -0.930793166
-70.345253 550.720032 -551.462952 -0.544005275 0.124165669 -0.829844058
-70.4827118 549.5 -551.462952 -0.554484963 0.0624754429 -0.829845309
-70.7857895 549.5 -551.214233 -0.632778823 0.0712970495 -0.771043241
-70.6407242 550.787476 -551.214233 -0.618487716 0.141165778 -0.773010433
66.0595932 384.857635 -551.761597 0.0480949692 -0.191783279 -0.980258167
65 384.738251 -551.761597 0.0257712137 -0.228725836 -0.973149717
65 385.128418 -551.799988 0.0110432068 -0.0980111659 -0.995124042
65.9727631 385.238037 -551.799988 0.0256070532 -0.0946924314 -0.995177209
66.143074 384.491852 -551.647766 0.089937754 -0.374177486 -0.922985613
65 384.363068 -551.647766 0.0466074906 -0.413652927 -0.909240901
66.2200165 384.154755 -551.462952 0.103495359 -0.54776752 -0.830204427
65 383.714203 -551.214233 0.0712970495 -0.632778823 -0.771043241
65 384.017273 -551.462952 0.0624754429 -0.554484963 -0.829845309
66.2874603 383.859283 -551.214233 0.163525939 -0.613212407 -0.772806406
67.0660477 385.209808 -551.761597 0.0895649195 -0.176272735 -0.980258167
66.8967514 385.56134 -551.799988 0.0460360795 -0.0866201892 -0.995177209
67.2288361 384.871765 -551.647766 0.153011948 -0.331981003 -0.930793166
67.3788605 384.560242 -551.462952 0.226970956 -0.496517777 -0.837827086
67.5103607 384.287201 -551.214233 0.295878619 -0.561450005 -0.772806406
67.9689026 385.7771 -551.761597 0.126543701 -0.151923135 -0.980258167
67.7256317 386.082153 -551.799988 0.0641566664 -0.0742044449 -0.995177209
68.2028275 385.483765 -551.647766 0.244891748 -0.314002931 -0.917295039
68.4184189 385.21344 -551.462952 0.3452169 -0.456927866 -0.81978184
68.6073761 384.976501 -551.214233 0.41339469 -0.481534064 -0.772806406
68.7228851 386.531097 -551.761597 0.13711454 -0.111994363 -0.984203696
68.4178314 386.774384 -551.799988 0.0790601671 -0.0580677837 -0.995177209
69.0162201 386.29718 -551.647766 0.296211332 -0.22569485 -0.928073645
69.2865601 386.081573 -551.462952 0.422443449 -0.363733619 -0.830204427
69.5235138 385.892609 -551.214233 0.510181427 -0.377472013 -0.772806406
69.2901917 387.43396 -551.761597 0.174795002 -0.0926243067 -0.980238438
68.938652 387.603241 -551.799988 0.089999266 -0.0390193686 -0.995177209
69.6282196 387.271179 -551.647766 0.331981033 -0.153011948 -0.930793166
69.9397507 387.121155 -551.462952 0.502736509 -0.242105141 -0.829843998
70.2128143 386.989655 -551.214233 0.571568608 -0.275252938 -0.773010492
70.6407242 388.212555 -551.214233 0.613212407 -0.163525939 -0.772806406
69.6423645 388.440399 -551.761597 0.17873095 -0.0460529886 -0.982819617
69.2619705 388.527222 -551.799988 0.0955596417 -0.0218108669 -0.99518472
69.3715744 389.5 -551.799988 0.0980111659 -0.0110432068 -0.995124042
69.7617569 389.5 -551.761597 0.228725836 -0.0257712137 -0.973149717
70.0081482 388.356934 -551.647766 0.374177486 -0.089937754 -0.922985613
70.13694 389.5 -551.647766 0.413652927 -0.0466074906 -0.909240901
70.345253 388.279968 -551.462952 0.54776758 -0.103495359 -0.830204427
70.4827118 389.5 -551.462952 0.554484963 -0.0624754429 -0.829845309
70.7857895 389.5 -551.214233 0.632778823 -0.0712970495 -0.771043241
-65 554.982727 -551.462952 0 0.582553923 -0.812792063
-65 555.285767 -551.214233 0 0.634393275 -0.773010433
65 555.285767 -551.214233 0 0.634393275 -0.773010433
65 554.982727 -551.462952 0 0.527988255 -0.849251688
-65 554.636963 -551.647766 0 0.412792385 -0.910825133
65 554.636963 -551.647766 0 0.352162272 -0.935938954
-65 554.26178 -551.761597 0 0.227167562 -0.973855674
65 554.26178 -551.761597 0 0.162802964 -0.986658573
-65 553.871582 -551.799988 0 0.0980171412 -0.99518472
65 553.871582 -551.799988 0 0.0980171412 -0.99518472
70.7857895 549.5 -551.214233 0.634393275 2.81727228e-17 -0.773010492
70.7857895 389.5 -551.214233 0.634393275 0 -0.773010492
70.4827118 389.5 -551.462952 0.582553864 3.28786526e-17 -0.812792122
70.4827118 549.5 -551.462952 0.527988195 4.68947781e-17 -0.849251688
70.13694 389.5 -551.647766 0.412792414 3.66633314e-17 -0.910825133
70.13694 549.5 -551.647766 0.352162272 3.1278293e-17 -0.935938954
69.7617569 389.5 -551.761597 0.227167577 2.01765333e-17 -0.973855674
69.7617569 549.5 -551.761597 0.162802964 1.1545447e-17 -0.986658573
69.3715744 389.5 -551.799988 0.0980171412 4.35283573e-18 -0.99518472
69.3715744 549.5 -551.799988 0.0980171412 0 -0.99518472
69.2619705 550.472778 -551.799988 0.0955596566 0.0218108688 -0.99518472
69.7617569 549.5 -551.761597 0.198923469 0.0224132929 -0.97975868
69.3715744 549.5 -551.799988 0.0980111659 0.0110432068 -0.995124042
70.6407242 550.787476 -551.214233 0.618487716 0.141165793 -0.773010433
70.7857895 549.5 -551.214233 0.632778823 0.071297057 -0.771043241
70.4827118 549.5 -551.462952 0.582260907 0.0656050518 -0.810350716
65 555.285767 -551.214233 0.071297057 0.632778823 -0.771043241
66.2874603 555.140747 -551.214233 0.118731104 0.62343657 -0.772806466
65 554.982727 -551.462952 0.0656050518 0.582260907 -0.810350716
69.6423645 550.55957 -551.761597 0.208599091 0.0547701605 -0.976466417
70.0081482 550.643066 -551.647766 0.374177486 0.089937754 -0.922985613
70.13694 549.5 -551.647766 0.413652927 0.0466074906 -0.909240901
70.345253 550.720032 -551.462952 0.528623402 0.110267997 -0.841664016
69.2901917 551.56604 -551.761597 0.164002061 0.0846697241 -0.982819617
68.938652 551.396729 -551.799988 0.0883103907 0.0425280444 -0.99518472
68.4178314 552.225647 -551.799988 0.0790601671 0.0580677837 -0.995177209
69.6282196 551.728821 -551.647766 0.344783038 0.170945153 -0.922985613
69.9397507 551.878845 -551.462952 0.511004031 0.222790271 -0.830204427
70.2128143 552.010376 -551.214233 0.561450005 0.295878619 -0.772806406
68.7228851 552.468933 -551.761597 0.149801672 0.129197583 -0.980238438
67.7256317 552.917847 -551.799988 0.0611126907 0.0766328871 -0.99518472
69.0162201 552.70282 -551.647766 0.289609224 0.223048329 -0.930793166
69.2865601 552.918396 -551.462952 0.433563232 0.33176595 -0.837827146
69.5235138 553.107361 -551.214233 0.481534064 0.41339469 -0.772806406
67.9689026 553.2229 -551.761597 0.128940687 0.172880441 -0.976466417
68.2028275 553.516235 -551.647766 0.251636684 0.308624029 -0.917295039
68.4184189 553.78656 -551.462952 0.363817513 0.456212759 -0.812100232
68.6073761 554.023499 -551.214233 0.395537734 0.495988637 -0.773010433
67.5103607 554.71283 -551.214233 0.275252908 0.571568549 -0.773010492
67.0660477 553.790222 -551.761597 0.0754312575 0.168451056 -0.982819617
66.8967514 553.43866 -551.799988 0.0425280444 0.0883103907 -0.99518472
65.9727631 553.761963 -551.799988 0.0256070532 0.0946924314 -0.995177209
67.2288361 554.128235 -551.647766 0.162979692 0.348619014 -0.922985613
67.3788605 554.439758 -551.462952 0.243380278 0.482045323 -0.841664016
66.0595932 554.142395 -551.761597 0.0373731256 0.17305021 -0.984203696
65 553.871582 -551.799988 0.0110432068 0.0980111659 -0.995124042
65 554.26178 -551.761597 0.0257712137 0.228725836 -0.973149717
66.143074 554.508118 -551.647766 0.0787042603 0.344825894 -0.935361266
65 554.636963 -551.647766 0.0466074906 0.413652927 -0.909240901
66.2200165 554.845276 -551.462952 0.132120714 0.529707313 -0.837827146
-80.051178 386.064667 -542.038452 -0.18865262 -0.0465949774 -0.980937839
-80.8284302 389.5 -542 -0.0980111659 -0.0110432059 -0.995124042
-80.4382477 389.5 -542.038452 -0.226571992 -0.0255285297 -0.973659813
-80.431572 385.977844 -542 -0.0947534367 -0.0253402293 -0.995178223
-79.6853943 386.148163 -542.152222 -0.371695012 -0.0879919529 -0.924175441
-80.0630569 389.5 -542.152222 -0.411887437 -0.0464085676 -0.91005218
-79.3482971 386.225098 -542.337036 -0.545568645 -0.103173427 -0.831691086
-79.4142151 389.5 -542.585815 -0.632778823 -0.0712970495 -0.771043241
-79.0528183 386.292542 -542.585815 -0.612933218 -0.164670005 -0.772785008
-79.7172852 389.5 -542.337036 -0.554484963 -0.0624754429 -0.829845309
-78.9093781 382.801605 -542.038452 -0.173554331 -0.0874058977 -0.980937898
-79.2609177 382.632294 -542 -0.0867390335 -0.0457895175 -0.995178223
-78.5713501 382.964386 -542.152222 -0.342795759 -0.16849573 -0.924175441
-78.259819 383.11441 -542.337036 -0.508931875 -0.221987098 -0.831691086
-77.9867554 383.245911 -542.585815 -0.560923159 -0.296931893 -0.772785008
-77.0701065 379.87442 -542.038452 -0.138111711 -0.115977079 -0.983602822
-77.3751602 379.631134 -542 -0.0766328946 -0.061112687 -0.99518472
-74.868866 377.124847 -542 -0.0611126833 -0.0766328871 -0.99518472
-76.7767715 380.108337 -542.152222 -0.288798153 -0.221736804 -0.931358397
-76.5064392 380.323914 -542.337036 -0.430806577 -0.330753475 -0.839647472
-76.2694855 380.512878 -542.585815 -0.480786145 -0.414304316 -0.772784948
-74.6255875 377.429901 -542.038452 -0.128381923 -0.171320155 -0.976814985
-74.3916626 377.723236 -542.152222 -0.249901876 -0.30562669 -0.918771684
-74.1760788 377.993561 -542.337036 -0.367374867 -0.4380216 -0.820471108
-73.987114 378.230499 -542.585815 -0.376540422 -0.510901809 -0.772785008
-71.6984024 375.590607 -542.038452 -0.0781192482 -0.156999126 -0.984504282
-71.8676987 375.239075 -542 -0.0392660126 -0.0898805857 -0.995178223
-71.535614 375.92865 -542.152222 -0.153305158 -0.335442394 -0.929503083
-71.3855896 376.240173 -542.337036 -0.252831399 -0.506981075 -0.824042797
-71.2540894 376.513245 -542.585815 -0.275252938 -0.571568608 -0.773010492
-68.2074661 375.447174 -542.585815 -0.164670005 -0.612933218 -0.772785008
-68.4353333 374.448822 -542.038452 -0.0445673168 -0.174754903 -0.983602822
-68.5221558 374.06842 -542 -0.0218108669 -0.0955596417 -0.99518472
-65 373.67157 -542 -0.0110432059 -0.0980111659 -0.995124042
-65 374.061768 -542.038452 -0.0255285297 -0.226571992 -0.973659813
-68.3518448 374.814606 -542.152222 -0.0744731054 -0.356406152 -0.931358337
-65 374.436951 -542.152222 -0.0464085676 -0.411887437 -0.91005218
-68.2749023 375.151703 -542.337036 -0.111078627 -0.531651855 -0.839647472
-65 375.085785 -542.585815 -0.0712970495 -0.632778823 -0.771043241
-65 374.782715 -542.337036 -0.0624754429 -0.554484963 -0.829845309
-80.4382477 549.5 -542.038452 -0.162802964 -0 -0.986658573
-80.8284302 389.5 -542 -0.0980171412 -0 -0.99518472
-80.8284302 549.5 -542 -0.0980171412 -0 -0.99518472
-80.4382477 389.5 -542.038452 -0.227167577 -0 -0.973855674
-80.0630569 549.5 -542.152222 -0.352162331 -0 -0.935938954
-80.0630569 389.5 -542.152222 -0.412792414 -0 -0.910825133
-79.7172852 549.5 -542.337036 -0.527988195 -0 -0.849251688
-79.7172852 389.5 -542.337036 -0.582553864 -0 -0.812792122
-79.4142151 549.5 -542.585815 -0.634393275 -0 -0.773010492
-79.4142151 389.5 -542.585815 -0.634393275 -0 -0.773010492
-65 374.061768 -542.038452 5.68690311e-17 -0.162802964 -0.986658573
65 373.67157 -542 2.1429343e-17 -0.0980171412 -0.99518472
-65 373.67157 -542 -0 -0.0980171412 -0.99518472
65 374.061768 -542.038452 9.93605249e-17 -0.227167547 -0.973855674
-65 374.436951 -542.152222 1.54013341e-16 -0.352162272 -0.935938954
65 374.436951 -542.152222 1.80494383e-16 -0.412792414 -0.910825133
-65 374.782715 -542.337036 2.30884585e-16 -0.527988255 -0.849251688
65 374.782715 -542.337036 2.54745847e-16 -0.582553923 -0.812792063
-65 375.085785 -542.585815 2.77422851e-16 -0.634393275 -0.773010433
65 375.085785 -542.585815 2.77392941e-16 -0.634393275 -0.773010433
-68.4353333 564.551147 -542.038452 -0.0465949774 0.18865262 -0.980937839
-65 565.32843 -542 -0.0110432059 0.0980111659 -0.995124042
-65 564.938232 -542.038452 -0.0255285297 0.226571992 -0.973659813
-68.5221558 564.93158 -542 -0.0253402293 0.0947534367 -0.995178223
-68.3518448 564.185425 -542.152222 -0.0879919529 0.371695012 -0.924175441
-65 564.563049 -542.152222 -0.0464085676 0.411887437 -0.91005218
-68.2749023 563.848267 -542.337036 -0.103173427 0.545568645 -0.831691086
-65 563.914185 -542.585815 -0.0712970495 0.632778823 -0.771043241
-68.2074661 563.552795 -542.585815 -0.164670005 0.612933218 -0.772785008
-65 564.217285 -542.337036 -0.0624754429 0.554484963 -0.829845309
-71.6984024 563.409363 -542.038452 -0.0874058977 0.173554331 -0.980937898
-71.8676987 563.760925 -542 -0.0457895175 0.0867390335 -0.995178223
-71.535614 563.07135 -542.152222 -0.151913732 0.330898494 -0.931358337
-71.3855896 562.759827 -542.337036 -0.226597324 0.493604869 -0.839647472
-71.2540894 562.486755 -542.585815 -0.296931893 0.560923159 -0.772785008
-74.6255875 561.570129 -542.038452 -0.123833917 0.149753332 -0.980937839
-74.868866 561.875183 -542 -0.063942723 0.0743751824 -0.995178223
-74.3916626 561.276794 -542.152222 -0.2423556 0.311644614 -0.918771684
-74.1760788 561.006409 -542.337036 -0.34529084 0.455632985 -0.820471108
-73.987114 560.76947 -542.585815 -0.414304316 0.480786145 -0.772784948
-77.0701065 559.12561 -542.038452 -0.143802032 0.108841643 -0.983602822
-77.3751602 559.368835 -542 -0.0766328946 0.061112687 -0.99518472
-79.2609177 556.367676 -542 -0.0883103907 0.0425280444 -0.99518472
-76.7767715 558.891663 -542.152222 -0.300542891 0.235740751 -0.924175441
-76.5064392 558.676086 -542.337036 -0.420820713 0.362215191 -0.831691086
-76.2694855 558.487122 -542.585815 -0.510901809 0.376540422 -0.772785008
-78.9093781 556.198425 -542.038452 -0.195592448 0.0870407969 -0.976814985
-78.5713501 556.035645 -542.152222 -0.325082749 0.163990185 -0.931358397
-78.259819 555.88562 -542.337036 -0.484918565 0.244634748 -0.839647472
-77.9867554 555.754089 -542.585815 -0.581880569 0.253413439 -0.772785008
-80.051178 552.935303 -542.038452 -0.158194035 0.0361067578 -0.986747682
-80.431572 553.022156 -542 -0.0955596417 0.0218108669 -0.99518472
-80.8284302 549.5 -542 -0.0980111659 0.0110432059 -0.995124042
-80.4382477 549.5 -542.038452 -0.226571992 0.0255285297 -0.973659813
-79.6853943 552.851868 -542.152222 -0.372027487 0.0849128515 -0.924329698
-79.7172852 549.5 -542.337036 -0.526625812 0.059336476 -0.848023832
-80.0630569 549.5 -542.152222 -0.382328212 0.0430780426 -0.923021913
-79.3482971 552.774902 -542.337036 -0.567588747 0.129548416 -0.813056111
-79.0528183 552.707458 -542.585815 -0.618487716 0.141165778 -0.773010433
-79.4142151 549.5 -542.585815 -0.632778823 0.0712970495 -0.771043241
68.2074661 375.447174 -542.585815 0.141165763 -0.618487716 -0.773010433
65 374.782715 -542.337036 0.0654558614 -0.580936849 -0.811312437
65 375.085785 -542.585815 0.0712970495 -0.632778823 -0.771043241
68.4353333 374.448822 -542.038452 0.0465949774 -0.188652605 -0.980937898
68.5221558 374.06842 -542 0.0253402293 -0.0947534367 -0.995178223
65 373.67157 -542 0.0110432059 -0.0980111659 -0.995124042
65 374.061768 -542.038452 0.0255285297 -0.226571992 -0.973659813
68.3518448 374.814606 -542.152222 0.0879919529 -0.371695012 -0.924175441
65 374.436951 -542.152222 0.0464085676 -0.411887437 -0.91005218
68.2749023 375.151703 -542.337036 0.109283611 -0.527656555 -0.842398763
71.6984024 375.590607 -542.038452 0.0874058977 -0.173554331 -0.980937898
71.8676987 375.239075 -542 0.0457895175 -0.0867390335 -0.995178223
71.535614 375.92865 -542.152222 0.151913732 -0.330898494 -0.931358337
71.3855896 376.240173 -542.337036 0.240661398 -0.499738514 -0.832071841
71.2540894 376.513245 -542.585815 0.275252938 -0.571568608 -0.773010492
73.987114 378.230499 -542.585815 0.395537704 -0.495988667 -0.773010433
74.6255875 377.429901 -542.038452 0.107556649 -0.138502389 -0.984504282
74.868866 377.124847 -542 0.063942723 -0.0743751824 -0.995178223
74.3916626 377.723236 -542.152222 0.237920538 -0.298342884 -0.924329698
74.1760788 377.993561 -542.337036 0.346392363 -0.434362292 -0.831469595
77.0701065 379.87442 -542.038452 0.147386089 -0.126796022 -0.98091799
77.3751602 379.631134 -542 0.078889586 -0.0582818463 -0.995178223
76.7767715 380.108337 -542.152222 0.30751121 -0.226943105 -0.924085319
76.5064392 380.323914 -542.337036 0.420820713 -0.362215191 -0.831691086
76.2694855 380.512878 -542.585815 0.510901809 -0.376540422 -0.772785008
78.9093781 382.801605 -542.038452 0.186599702 -0.0916716158 -0.978149712
79.2609177 382.632294 -542 0.0898805857 -0.0392660126 -0.995178223
78.5713501 382.964386 -542.152222 0.365337521 -0.164311275 -0.916258872
78.259819 383.11441 -542.337036 0.506981075 -0.252831399 -0.824042797
77.9867554 383.245911 -542.585815 0.571568608 -0.275252938 -0.773010492
79.0528183 386.292542 -542.585815 0.612933218 -0.164670005 -0.772785008
80.051178 386.064667 -542.038452 0.158194035 -0.0361067578 -0.986747682
80.431572 385.977844 -542 0.0955596417 -0.0218108669 -0.99518472
80.8284302 389.5 -542 0.0980111659 -0.0110432059 -0.995124042
80.4382477 389.5 -542.038452 0.226571992 -0.0255285297 -0.973659813
79.6853943 386.148163 -542.152222 0.361145794 -0.0748185143 -0.929503024
80.0630569 389.5 -542.152222 0.382328212 -0.0430780426 -0.923021913
79.7172852 389.5 -542.337036 0.526625812 -0.059336476 -0.848023832
79.3482971 386.225098 -542.337036 0.541635275 -0.12093845 -0.83186847
79.4142151 389.5 -542.585815 0.632778823 -0.0712970495 -0.771043241
65 564.938232 -542.038452 -2.87008114e-17 0.162802964 -0.986658573
-65 565.32843 -542 -4.28669974e-17 0.0980171412 -0.99518472
65 565.32843 -542 -8.57339949e-17 0.0980171412 -0.99518472
-65 564.938232 -542.038452 -0 0.227167547 -0.973855674
65 564.563049 -542.152222 -0 0.382683426 -0.923879504
-65 564.217285 -542.337036 -0 0.555570245 -0.831469595
-65 564.563049 -542.152222 -0 0.382683426 -0.923879504
65 564.217285 -542.337036 -0 0.555570245 -0.831469595
65 563.914185 -542.585815 -0 0.634393275 -0.773010433
-65 563.914185 -542.585815 -0 0.634393275 -0.773010433
80.4382477 389.5 -542.038452 0.162802964 -0 -0.986658573
80.8284302 549.5 -542 0.0980171412 -0 -0.99518472
80.8284302 389.5 -542 0.0980171412 -0 -0.99518472
80.4382477 549.5 -542.038452 0.227167577 -0 -0.973855674
80.0630569 389.5 -542.152222 0.382683426 -0 -0.923879564
80.0630569 549.5 -542.152222 0.382683426 -0 -0.923879564
79.7172852 549.5 -542.337036 0.555570185 -0 -0.831469655
79.7172852 389.5 -542.337036 0.555570185 -0 -0.831469655
79.4142151 389.5 -542.585815 0.634393275 -0 -0.773010492
79.4142151 549.5 -542.585815 0.634393275 -0 -0.773010492
80.051178 552.935303 -542.038452 0.188652605 0.0465949774 -0.980937898
80.8284302 549.5 -542 0.0980111659 0.0110432059 -0.995124042
80.4382477 549.5 -542.038452 0.226571992 0.0255285297 -0.973659813
80.431572 553.022156 -542 0.0947534367 0.0253402293 -0.995178223
79.6853943 552.851868 -542.152222 0.371695012 0.0879919529 -0.924175441
80.0630569 549.5 -542.152222 0.411887437 0.0464085676 -0.91005218
79.3482971 552.774902 -542.337036 0.545568645 0.103173427 -0.831691086
79.4142151 549.5 -542.585815 0.632778823 0.0712970495 -0.771043241
79.0528183 552.707458 -542.585815 0.612933218 0.164670005 -0.772785008
79.7172852 549.5 -542.337036 0.554484963 0.0624754429 -0.829845309
78.9093781 556.198425 -542.038452 0.173554331 0.0874058977 -0.980937898
79.2609177 556.367676 -542 0.0867390335 0.0457895175 -0.995178223
78.5713501 556.035645 -542.152222 0.342795759 0.16849573 -0.924175441
78.259819 555.88562 -542.337036 0.508931875 0.221987098 -0.831691086
77.9867554 555.754089 -542.585815 0.560923159 0.296931893 -0.772785008
77.0701065 559.12561 -542.038452 0.138111711 0.115977079 -0.983602822
77.3751602 559.368835 -542 0.0766328946 0.061112687 -0.99518472
74.868866 561.875183 -542 0.0611126833 0.0766328871 -0.99518472
76.7767715 558.891663 -542.152222 0.288798153 0.221736804 -0.931358397
76.5064392 558.676086 -542.337036 0.430806577 0.330753475 -0.839647472
76.2694855 558.487122 -542.585815 0.480786145 0.414304316 -0.772784948
74.6255875 561.570129 -542.038452 0.128381923 0.171320155 -0.976814985
74.3916626 561.276794 -542.152222 0.249901876 0.30562669 -0.918771684
74.1760788 561.006409 -542.337036 0.367374867 0.4380216 -0.820471108
73.987114 560.76947 -542.585815 0.376540422 0.510901809 -0.772785008
71.6984024 563.409363 -542.038452 0.0811935589 0.176546037 -0.980937898
71.8676987 563.760925 -542 0.0392660126 0.0898805857 -0.995178223
71.535614 563.07135 -542.152222 0.162953183 0.345464915 -0.924175441
71.3855896 562.759827 -542.337036 0.259492278 0.490870327 -0.831691086
71.2540894 562.486755 -542.585815 0.253413439 0.581880569 -0.772785008
68.4353333 564.551147 -542.038452 0.0361067578 0.158194035 -0.986747682
68.5221558 564.93158 -542 0.0218108669 0.0955596417 -0.99518472
65 565.32843 -542 0.0110432059 0.0980111659 -0.995124042
65 564.938232 -542.038452 0.0255285297 0.226571992 -0.973659813
68.3518448 564.185425 -542.152222 0.0782509819 0.342839986 -0.936129034
65 564.563049 -542.152222 0.0464085676 0.411887437 -0.91005218
68.2749023 563.848267 -542.337036 0.123425208 0.540761292 -0.832071781
68.2074661 563.552795 -542.585815 0.141165778 0.618487716 -0.773010433
65 563.914185 -542.585815 0.0712970495 0.632778823 -0.771043241
65 564.217285 -542.337036 0.0624754429 0.554484963 -0.829845309
-21.0566235 144.25 -370.5 -0.809017003 4.83059747e-17 -0.587785184
-21.0566235 203.75 -370.5 -0.809017003 4.83059747e-17 -0.587785184
-20.8108635 203.75 -370.838257 -0.766117632 4.57444842e-17 -0.642700374
-20.8108635 144.25 -370.838257 -0.719260752 5.63296431e-17 -0.694740236
-20.500145 203.75 -371.118042 -0.615751207 6.01493978e-17 -0.787940681
-20.500145 144.25 -371.118042 -0.559098542 5.67666989e-17 -0.829101205
-20.1380463 203.75 -371.327087 -0.438473463 3.61812803e-17 -0.898744166
-20.1380463 144.25 -371.327087 -0.37450102 2.23612595e-17 -0.927226484
-19.7403965 203.75 -371.456299 -0.242032364 1.44516229e-17 -0.97026819
-19.7403965 144.25 -371.456299 -0.173536077 1.2452372e-17 -0.984827518
-19.3245735 203.75 -371.5 -0.104528464 9.36200867e-18 -0.994521916
-19.3245735 144.25 -371.5 -0.104528464 1.24826799e-17 -0.994521916
-17.9060059 205.528824 -371.5 -0.0204095859 0.104315735 -0.994334817
-17.5 205.990402 -371.456299 -0.0286141392 0.187654212 -0.981818259
-17.5 205.57457 -371.5 -0.0117767127 0.104521215 -0.994452953
-18.2914238 207.217453 -370.5 -0.157398149 0.785449982 -0.598576784
-17.5 207.306625 -370.5 -0.0907779634 0.805676699 -0.585358381
-17.5 207.060867 -370.838257 -0.107134983 0.724719524 -0.680664182
-19.7403965 203.75 -371.456299 -0.226503223 0.035117846 -0.973377109
-19.2788277 204.156006 -371.5 -0.104315735 0.0204095859 -0.994334817
-19.3245735 203.75 -371.5 -0.104521215 0.0117767127 -0.994452953
-21.0566235 203.75 -370.5 -0.805676699 0.0907779634 -0.585358381
-20.967453 204.541428 -370.5 -0.785449982 0.157398149 -0.598576784
-20.8108635 203.75 -370.838257 -0.742733479 0.10753876 -0.660895109
-18.1923199 205.880737 -371.456299 -0.0733338967 0.225042686 -0.971585274
-17.5 206.388046 -371.327087 -0.059751574 0.377256602 -0.924179196
-18.2916527 205.39389 -371.5 -0.047052186 0.0951612517 -0.994349241
-18.3152008 206.258926 -371.327087 -0.136345387 0.419627935 -0.897397518
-17.5 206.750137 -371.118042 -0.0885877237 0.559320807 -0.824204087
-18.4270954 206.603302 -371.118042 -0.190845653 0.587362528 -0.786500573
-18.8168716 205.562515 -371.456299 -0.132083952 0.164562374 -0.977483034
-18.6376038 205.176514 -371.5 -0.0655240119 0.0821645185 -0.99446249
-18.9265099 204.887604 -371.5 -0.0797516629 0.0706812739 -0.99430573
-18.5231133 206.898819 -370.838257 -0.231111422 0.701864779 -0.673775434
-19.0431614 206.954407 -370.5 -0.354634255 0.719986618 -0.596534848
-19.0506058 205.884232 -371.327087 -0.248367324 0.327990949 -0.911446989
-19.2634411 206.17717 -371.118042 -0.353785217 0.473413497 -0.806669533
-19.3125191 205.066879 -371.456299 -0.185196608 0.121079199 -0.975213826
-19.1438847 204.541656 -371.5 -0.0951612517 0.047052186 -0.994349241
-19.4460773 206.428543 -370.838257 -0.428303778 0.599900126 -0.675777853
-19.7175198 206.530685 -370.5 -0.502050459 0.629551411 -0.592967451
-20.2806816 205.967514 -370.5 -0.60123533 0.524743497 -0.602627814
-19.6342239 205.300598 -371.327087 -0.337566137 0.235188201 -0.911446989
-19.9271679 205.513443 -371.118042 -0.482762545 0.340917349 -0.806669533
-19.6307449 204.442322 -371.456299 -0.188379794 0.0615328252 -0.980166733
-20.178545 205.696075 -370.838257 -0.585258543 0.436773866 -0.683155179
-20.7044086 205.293167 -370.5 -0.719986618 0.354634255 -0.596534848
-20.0089321 204.565201 -371.327087 -0.359434545 0.116787367 -0.925833404
-20.1380463 203.75 -371.327087 -0.440149516 0.0697128326 -0.8952142
-20.3533058 204.677094 -371.118042 -0.534045279 0.173521876 -0.827457428
-20.500145 203.75 -371.118042 -0.614655912 0.0973519459 -0.782764792
-20.6488171 204.773117 -370.838257 -0.684716463 0.224709257 -0.693303049
-19.2788277 143.843994 -371.5 -0.104315735 -0.0204095859 -0.994334817
-19.7403965 144.25 -371.456299 -0.226503223 -0.035117846 -0.973377109
-19.3245735 144.25 -371.5 -0.104521215 -0.0117767127 -0.994452953
-20.967453 143.458572 -370.5 -0.785449982 -0.157398149 -0.598576784
-21.0566235 144.25 -370.5 -0.805676699 -0.0907779634 -0.585358381
-20.8108635 144.25 -370.838257 -0.742733479 -0.10753876 -0.660895109
-17.5 142.009598 -371.456299 -0.035117846 -0.226503223 -0.973377109
-17.9060059 142.471176 -371.5 -0.0204095859 -0.104315735 -0.994334817
-17.5 142.42543 -371.5 -0.0117767127 -0.104521215 -0.994452953
-17.5 140.693375 -370.5 -0.0907779634 -0.805676699 -0.585358381
-18.2914238 140.782547 -370.5 -0.157398149 -0.785449982 -0.598576784
-17.5 140.939133 -370.838257 -0.10753876 -0.742733479 -0.660895109
-19.6307449 143.557678 -371.456299 -0.207389668 -0.0783551261 -0.975115359
-19.1438847 143.458344 -371.5 -0.0951612517 -0.047052186 -0.994349241
-20.0089321 143.434799 -371.327087 -0.38868767 -0.134856582 -0.911446989
-20.1380463 144.25 -371.327087 -0.440149516 -0.0697128326 -0.8952142
-20.3533058 143.322906 -371.118042 -0.559568584 -0.190176934 -0.806669533
-20.500145 144.25 -371.118042 -0.614655912 -0.0973519459 -0.782764792
-19.3125191 142.933121 -371.456299 -0.164562374 -0.132083967 -0.977483034
-18.9265099 143.112396 -371.5 -0.0821645185 -0.0655240119 -0.99446249
-18.6376038 142.823486 -371.5 -0.0706812739 -0.0797516629 -0.99430573
-20.6488171 143.226883 -370.838257 -0.697093844 -0.211537719 -0.685063422
-20.7044086 142.706833 -370.5 -0.719986618 -0.354634255 -0.596534848
-19.6342239 142.699402 -371.327087 -0.327990949 -0.248367324 -0.911446989
-19.9271679 142.486557 -371.118042 -0.473413497 -0.353785217 -0.806669474
-18.8168716 142.437485 -371.456299 -0.121079199 -0.185196608 -0.975213826
-18.2916527 142.60611 -371.5 -0.047052186 -0.0951612517 -0.994349241
-20.178545 142.303925 -370.838257 -0.599900126 -0.428303778 -0.675777853
-20.2806816 142.032486 -370.5 -0.629551411 -0.502050459 -0.592967451
-19.7175198 141.469315 -370.5 -0.524743497 -0.60123533 -0.602627814
-19.0506058 142.115768 -371.327087 -0.235188201 -0.337566137 -0.911446989
-19.2634411 141.82283 -371.118042 -0.340917319 -0.482762575 -0.806669474
-18.1923199 142.119263 -371.456299 -0.0615328252 -0.188379794 -0.980166733
-19.4460773 141.571457 -370.838257 -0.436773866 -0.585258543 -0.683155179
-19.0431614 141.045593 -370.5 -0.354634255 -0.719986618 -0.596534848
-18.3152008 141.741074 -371.327087 -0.116787367 -0.359434545 -0.925833404
-17.5 141.611954 -371.327087 -0.0697128326 -0.440149516 -0.8952142
-18.4270954 141.396698 -371.118042 -0.173521876 -0.534045279 -0.827457428
-17.5 141.249863 -371.118042 -0.0973519459 -0.614655912 -0.782764792
-18.5231133 141.101181 -370.838257 -0.224709243 -0.684716523 -0.693303049
-17.5 207.306625 -370.5 0 0.809017003 -0.587785244
17.5 207.306625 -370.5 0 0.809017003 -0.587785244
17.5 207.060867 -370.838257 0 0.766117632 -0.642700434
-17.5 207.060867 -370.838257 0 0.719260752 -0.694740236
17.5 206.750137 -371.118042 0 0.615751207 -0.787940681
-17.5 206.750137 -371.118042 0 0.559098482 -0.829101264
17.5 206.388046 -371.327087 0 0.438473463 -0.898744166
-17.5 206.388046 -371.327087 0 0.37450105 -0.927226484
17.5 205.990402 -371.456299 0 0.207911685 -0.978147626
-17.5 205.990402 -371.456299 0 0.207911685 -0.978147626
-17.5 205.57457 -371.5 0 0.104528464 -0.994521916
17.5 205.57457 -371.5 0 0.104528464 -0.994521916
17.5 140.693375 -370.5 0 -0.809017003 -0.587785244
-17.5 140.693375 -370.5 0 -0.809017003 -0.587785244
-17.5 140.939133 -370.838257 0 -0.766117632 -0.642700434
17.5 140.939133 -370.838257 0 -0.719260752 -0.694740236
-17.5 141.249863 -371.118042 0 -0.615751207 -0.787940681
17.5 141.249863 -371.118042 0 -0.559098482 -0.829101264
-17.5 141.611954 -371.327087 0 -0.406736642 -0.91354543
17.5 141.611954 -371.327087 0 -0.406736642 -0.913545489
17.5 142.009598 -371.456299 0 -0.242032349 -0.97026819
-17.5 142.009598 -371.456299 0 -0.173536062 -0.984827518
17.5 142.42543 -371.5 0 -0.104528464 -0.994521916
-17.5 142.42543 -371.5 0 -0.104528464 -0.994521916
19.2788277 204.156006 -371.5 0.104315735 0.0204095859 -0.994334817
19.7403965 203.75 -371.456299 0.226503223 0.035117846 -0.973377109
19.3245735 203.75 -371.5 0.104521215 0.0117767127 -0.994452953
20.967453 204.541428 -370.5 0.785449982 0.157398149 -0.598576784
21.0566235 203.75 -370.5 0.805676699 0.0907779634 -0.585358381
20.8108635 203.75 -370.838257 0.742733479 0.10753876 -0.660895109
17.5 205.990402 -371.456299 0.0286141392 0.187654212 -0.981818259
17.9060059 205.528824 -371.5 0.0204095859 0.104315735 -0.994334817
17.5 205.57457 -371.5 0.0117767127 0.104521215 -0.994452953
17.5 207.306625 -370.5 0.0907779634 0.805676699 -0.585358381
18.2914238 207.217453 -370.5 0.157398149 0.785449982 -0.598576784
17.5 207.060867 -370.838257 0.10753876 0.742733479 -0.660895109
19.6307449 204.442322 -371.456299 0.207389683 0.0783551186 -0.975115359
19.1438847 204.541656 -371.5 0.0951612517 0.047052186 -0.994349241
20.0089321 204.565201 -371.327087 0.38868767 0.134856582 -0.911446989
20.1380463 203.75 -371.327087 0.440149516 0.0697128326 -0.8952142
20.3533058 204.677094 -371.118042 0.559568584 0.190176919 -0.806669533
20.500145 203.75 -371.118042 0.614655912 0.0973519459 -0.782764792
19.3125191 205.066879 -371.456299 0.17324537 0.137534246 -0.975228369
18.9265099 204.887604 -371.5 0.0797516629 0.0706812739 -0.99430573
20.6488171 204.773117 -370.838257 0.697093844 0.211537719 -0.685063422
20.7044086 205.293167 -370.5 0.719986618 0.354634255 -0.596534848
19.6342239 205.300598 -371.327087 0.327990949 0.248367324 -0.911446989
19.9271679 205.513443 -371.118042 0.473413497 0.353785217 -0.806669474
18.8168716 205.562515 -371.456299 0.117122039 0.175437108 -0.977498949
18.6376038 205.176514 -371.5 0.0655240119 0.0821645185 -0.99446249
18.2916527 205.39389 -371.5 0.047052186 0.0951612517 -0.994349241
20.178545 205.696075 -370.838257 0.599900126 0.428303808 -0.675777793
20.2806816 205.967514 -370.5 0.629551411 0.502050459 -0.592967451
19.7175198 206.530685 -370.5 0.524743497 0.60123533 -0.602627814
19.0506058 205.884232 -371.327087 0.235188201 0.337566137 -0.911446989
19.2634411 206.17717 -371.118042 0.340917349 0.482762545 -0.806669533
18.1923199 205.880737 -371.456299 0.0589757264 0.213687599 -0.975120246
17.5 206.388046 -371.327087 0.0653773323 0.412776291 -0.908483088
19.4460773 206.428543 -370.838257 0.436773866 0.585258543 -0.683155179
19.0431614 206.954407 -370.5 0.354634255 0.719986618 -0.596534848
18.3152008 206.258926 -371.327087 0.128662586 0.368097365 -0.920842171
18.4270954 206.603302 -371.118042 0.173521876 0.534045279 -0.827457428
17.5 206.750137 -371.118042 0.0973519459 0.614655912 -0.782764792
18.5231133 206.898819 -370.838257 0.224709257 0.684716463 -0.693303049
17.9060059 142.471176 -371.5 0.0204095859 -0.104315735 -0.994334817
17.5 142.009598 -371.456299 0.0286141392 -0.187654212 -0.981818259
17.5 142.42543 -371.5 0.0117767127 -0.104521215 -0.994452953
18.2914238 140.782547 -370.5 0.157398149 -0.785449982 -0.598576784
17.5 140.693375 -370.5 0.0907779634 -0.805676699 -0.585358381
17.5 140.939133 -370.838257 0.10753876 -0.742733479 -0.660895109
19.7403965 144.25 -371.456299 0.187654212 -0.0286141392 -0.981818259
19.2788277 143.843994 -371.5 0.104315735 -0.0204095859 -0.994334817
19.3245735 144.25 -371.5 0.104521215 -0.0117767127 -0.994452953
21.0566235 144.25 -370.5 0.805676699 -0.0907779634 -0.585358381
20.967453 143.458572 -370.5 0.785449982 -0.157398149 -0.598576784
20.8108635 144.25 -370.838257 0.742733479 -0.10753876 -0.660895109
18.1923199 142.119263 -371.456299 0.0733339041 -0.225042701 -0.971585274
17.5 141.611954 -371.327087 0.0653773323 -0.412776291 -0.908483088
18.2916527 142.60611 -371.5 0.047052186 -0.0951612517 -0.994349241
18.3152008 141.741074 -371.327087 0.148958445 -0.401426762 -0.903696835
18.4270954 141.396698 -371.118042 0.163206726 -0.548722804 -0.819918811
17.5 141.249863 -371.118042 0.0973519459 -0.614655912 -0.782764792
18.8168716 142.437485 -371.456299 0.137534246 -0.17324537 -0.975228369
18.6376038 142.823486 -371.5 0.0706812739 -0.0797516629 -0.99430573
18.5231133 141.101181 -370.838257 0.224709257 -0.684716463 -0.693303049
19.0431614 141.045593 -370.5 0.354634255 -0.719986618 -0.596534848
19.0506058 142.115768 -371.327087 0.248367324 -0.327990949 -0.911446989
19.2634411 141.82283 -371.118042 0.346778899 -0.494105875 -0.797247648
19.3125191 142.933121 -371.456299 0.175437108 -0.117122039 -0.977498949
18.9265099 143.112396 -371.5 0.0821645185 -0.0655240119 -0.99446249
19.1438847 143.458344 -371.5 0.0951612517 -0.047052186 -0.994349241
19.4460773 141.571457 -370.838257 0.428505063 -0.604686916 -0.671369553
19.7175198 141.469315 -370.5 0.524743497 -0.60123533 -0.602627814
19.6342239 142.699402 -371.327087 0.310322493 -0.236113742 -0.920842171
19.9271679 142.486557 -371.118042 0.454286188 -0.330058187 -0.827457368
19.6307449 143.557678 -371.456299 0.213687599 -0.0589757264 -0.975120246
20.1380463 144.25 -371.327087 0.412776291 -0.0653773323 -0.908483088
20.178545 142.303925 -370.838257 0.585452318 -0.434694856 -0.684314191
20.2806816 142.032486 -370.5 0.629551411 -0.502050459 -0.592967451
20.7044086 142.706833 -370.5 0.719986618 -0.354634255 -0.596534848
20.0089321 143.434799 -371.327087 0.384291857 -0.14810428 -0.911254585
20.3533058 143.322906 -371.118042 0.559568584 -0.190176919 -0.806669533
20.500145 144.25 -371.118042 0.614655912 -0.0973519459 -0.782764792
20.6488171 143.226883 -370.838257 0.697093844 -0.211537719 -0.685063422
21.0566235 203.75 -370.5 0.809017003 0 -0.587785184
21.0566235 144.25 -370.5 0.809017003 0 -0.587785184
20.8108635 144.25 -370.838257 0.766117632 0 -0.642700374
20.8108635 203.75 -370.838257 0.719260752 0 -0.694740236
20.500145 144.25 -371.118042 0.615751207 0 -0.787940681
20.500145 203.75 -371.118042 0.559098542 0 -0.829101205
20.1380463 144.25 -371.327087 0.438473463 0 -0.898744166
20.1380463 203.75 -371.327087 0.37450102 0 -0.927226484
19.7403965 144.25 -371.456299 0.242032364 0 -0.97026819
19.7403965 203.75 -371.456299 0.173536077 0 -0.984827518
19.3245735 144.25 -371.5 0.104528464 0 -0.994521916
19.3245735 203.75 -371.5 0.104528464 0 -0.994521916
-120.81086 144.25 -370.838257 -0.766117632 0 -0.642700434
-121.056625 144.25 -370.5 -0.809017003 0 -0.587785184
-121.056625 203.75 -370.5 -0.809017003 0 -0.587785184
-120.81086 203.75 -370.838257 -0.719260752 0 -0.694740236
-120.500145 144.25 -371.118042 -0.615751207 0 -0.787940681
-120.500145 203.75 -371.118042 -0.559098542 0 -0.829101205
-120.138046 144.25 -371.327087 -0.438473463 0 -0.898744166
-120.138046 203.75 -371.327087 -0.37450102 0 -0.927226484
-119.740395 144.25 -371.456299 -0.242032364 0 -0.97026819
-119.740395 203.75 -371.456299 -0.173536077 -8.3624949e-18 -0.984827518
-119.324577 144.25 -371.5 -0.104528464 -1.24826799e-17 -0.994521916
-119.324577 203.75 -371.5 -0.104528464 -2.49653598e-17 -0.994521916
-117.906006 205.528824 -371.5 -0.0204095859 0.104315735 -0.994334817
-117.5 205.990402 -371.456299 -0.035117846 0.226503223 -0.973377109
-117.5 205.57457 -371.5 -0.0117767127 0.104521215 -0.994452953
-118.29142 207.217453 -370.5 -0.157398149 0.785449982 -0.598576784
-117.5 207.306625 -370.5 -0.0907779634 0.805676699 -0.585358381
-117.5 207.060867 -370.838257 -0.10753876 0.742733479 -0.660895109
-119.740395 203.75 -371.456299 -0.226503223 0.035117846 -0.973377109
-119.278824 204.156006 -371.5 -0.104315735 0.0204095859 -0.994334817
-119.324577 203.75 -371.5 -0.104521215 0.0117767127 -0.994452953
-121.056625 203.75 -370.5 -0.805676699 0.0907779634 -0.585358381
-120.967453 204.541428 -370.5 -0.785449982 0.157398149 -0.598576784
-120.81086 203.75 -370.838257 -0.742733479 0.10753876 -0.660895109
-118.192322 205.880737 -371.456299 -0.0783551186 0.207389683 -0.975115359
-118.291656 205.39389 -371.5 -0.047052186 0.0951612517 -0.994349241
-118.315201 206.258926 -371.327087 -0.134856582 0.38868767 -0.911446989
-117.5 206.388046 -371.327087 -0.0697128326 0.440149516 -0.8952142
-118.427094 206.603302 -371.118042 -0.190176919 0.559568584 -0.806669533
-117.5 206.750137 -371.118042 -0.0973519459 0.614655912 -0.782764792
-118.816872 205.562515 -371.456299 -0.137534246 0.17324537 -0.975228369
-118.637604 205.176514 -371.5 -0.0706812739 0.0797516629 -0.99430573
-118.523109 206.898819 -370.838257 -0.211537719 0.697093844 -0.685063422
-119.043159 206.954407 -370.5 -0.354634255 0.719986618 -0.596534848
-119.050606 205.884232 -371.327087 -0.222171068 0.320452422 -0.920842171
-119.263443 206.17717 -371.118042 -0.354515135 0.458798021 -0.814753592
-119.312523 205.066879 -371.456299 -0.175437108 0.117122039 -0.977498949
-118.926506 204.887604 -371.5 -0.0821645185 0.0655240119 -0.99446249
-119.143883 204.541656 -371.5 -0.0951612517 0.047052186 -0.994349241
-119.446075 206.428543 -370.838257 -0.409599096 0.604779363 -0.682986498
-119.717522 206.530685 -370.5 -0.524743497 0.60123533 -0.602627814
-119.634224 205.300598 -371.327087 -0.341068506 0.255050987 -0.904776931
-119.92717 205.513443 -371.118042 -0.47552827 0.345491529 -0.809017003
-119.630745 204.442322 -371.456299 -0.188379794 0.0615328252 -0.980166733
-120.178543 205.696075 -370.838257 -0.585452318 0.434694856 -0.684314191
-120.280678 205.967514 -370.5 -0.629551411 0.502050459 -0.592967451
-120.704407 205.293167 -370.5 -0.719986618 0.354634255 -0.596534848
-120.008934 204.565201 -371.327087 -0.359434545 0.116787367 -0.925833404
-120.138046 203.75 -371.327087 -0.440149516 0.0697128326 -0.8952142
-120.35331 204.677094 -371.118042 -0.545894027 0.195387527 -0.814753592
-120.500145 203.75 -371.118042 -0.614655912 0.0973519459 -0.782764792
-120.648819 204.773117 -370.838257 -0.697093844 0.211537719 -0.685063422
-119.278824 143.843994 -371.5 -0.104315735 -0.0204095859 -0.994334817
-119.740395 144.25 -371.456299 -0.226503223 -0.035117846 -0.973377109
-119.324577 144.25 -371.5 -0.104521215 -0.0117767127 -0.994452953
-120.967453 143.458572 -370.5 -0.785449982 -0.157398149 -0.598576784
-121.056625 144.25 -370.5 -0.805676699 -0.0907779634 -0.585358381
-120.81086 144.25 -370.838257 -0.742733479 -0.10753876 -0.660895109
-117.5 142.009598 -371.456299 -0.035117846 -0.226503223 -0.973377109
-117.906006 142.471176 -371.5 -0.0204095859 -0.104315735 -0.994334817
-117.5 142.42543 -371.5 -0.0117767127 -0.104521215 -0.994452953
-117.5 140.693375 -370.5 -0.0907779634 -0.805676699 -0.585358381
-118.29142 140.782547 -370.5 -0.157398149 -0.785449982 -0.598576784
-117.5 140.939133 -370.838257 -0.10753876 -0.742733479 -0.660895109
-119.630745 143.557678 -371.456299 -0.207389668 -0.0783551261 -0.975115359
-119.143883 143.458344 -371.5 -0.0951612517 -0.047052186 -0.994349241
-120.008934 143.434799 -371.327087 -0.38868767 -0.134856582 -0.911446989
-120.138046 144.25 -371.327087 -0.440149516 -0.0697128326 -0.8952142
-120.35331 143.322906 -371.118042 -0.559568584 -0.190176934 -0.806669533
-120.500145 144.25 -371.118042 -0.614655912 -0.0973519459 -0.782764792
-119.312523 142.933121 -371.456299 -0.151144579 -0.111156277 -0.982242107
-118.926506 143.112396 -371.5 -0.0821645185 -0.0655240119 -0.99446249
-118.637604 142.823486 -371.5 -0.0706812739 -0.0797516629 -0.99430573
-120.648819 143.226883 -370.838257 -0.697093844 -0.211537719 -0.685063422
-120.704407 142.706833 -370.5 -0.719986618 -0.354634255 -0.596534848
-119.634224 142.699402 -371.327087 -0.314852685 -0.245126829 -0.916940928
-119.92717 142.486557 -371.118042 -0.473413497 -0.353785217 -0.806669474
-118.816872 142.437485 -371.456299 -0.138396487 -0.191518471 -0.971682608
-118.291656 142.60611 -371.5 -0.047052186 -0.0951612517 -0.994349241
-120.178543 142.303925 -370.838257 -0.599900126 -0.428303778 -0.675777853
-120.280678 142.032486 -370.5 -0.629551411 -0.502050459 -0.592967451
-119.717522 141.469315 -370.5 -0.524743497 -0.60123533 -0.602627814
-119.050606 142.115768 -371.327087 -0.239073798 -0.329056859 -0.913545489
-119.263443 141.82283 -371.118042 -0.326791644 -0.478940308 -0.814753592
-118.192322 142.119263 -371.456299 -0.0615328252 -0.188379794 -0.980166733
-119.446075 141.571457 -370.838257 -0.436773866 -0.585258543 -0.683155179
-119.043159 141.045593 -370.5 -0.354634255 -0.719986618 -0.596534848
-118.315201 141.741074 -371.327087 -0.135834634 -0.375191003 -0.916940928
-117.5 141.611954 -371.327087 -0.0697128326 -0.440149516 -0.8952142
-118.427094 141.396698 -371.118042 -0.163206697 -0.548722804 -0.819918811
-117.5 141.249863 -371.118042 -0.0973519459 -0.614655912 -0.782764792
-118.523109 141.101181 -370.838257 -0.224709257 -0.684716463 -0.693303049
-117.5 207.306625 -370.5 0 0.809017003 -0.587785244
-82.5 207.306625 -370.5 0 0.809017003 -0.587785244
-82.5 207.060867 -370.838257 0 0.74314481 -0.669130623
-117.5 207.060867 -370.838257 0 0.74314481 -0.669130623
-117.5 206.750137 -371.118042 0 0.587785244 -0.809017003
-82.5 206.750137 -371.118042 0 0.587785244 -0.809017003
-82.5 206.388046 -371.327087 0 0.406736642 -0.91354543
-117.5 206.388046 -371.327087 0 0.406736642 -0.913545489
-117.5 205.990402 -371.456299 0 0.242032349 -0.97026819
-82.5 205.990402 -371.456299 0 0.173536062 -0.984827518
-117.5 205.57457 -371.5 0 0.104528464 -0.994521916
-82.5 205.57457 -371.5 0 0.104528464 -0.994521916
-82.5 140.693375 -370.5 0 -0.809017003 -0.587785244
-117.5 140.693375 -370.5 0 -0.809017003 -0.587785244
-117.5 140.939133 -370.838257 0 -0.766117632 -0.642700434
-82.5 140.939133 -370.838257 0 -0.719260752 -0.694740236
-117.5 141.249863 -371.118042 0 -0.587785244 -0.809017003
-82.5 141.249863 -371.118042 0 -0.587785244 -0.809017003
-82.5 141.611954 -371.327087 0 -0.406736642 -0.913545489
-117.5 141.611954 -371.327087 0 -0.406736642 -0.913545489
-117.5 142.009598 -371.456299 0 -0.207911685 -0.978147626
-82.5 142.009598 -371.456299 0 -0.207911685 -0.978147626
-82.5 142.42543 -371.5 0 -0.104528464 -0.994521916
-117.5 142.42543 -371.5 0 -0.104528464 -0.994521916
-80.7211761 204.156006 -371.5 0.104315735 0.0204095859 -0.994334817
-80.2596054 203.75 -371.456299 0.226503223 0.035117846 -0.973377109
-80.6754227 203.75 -371.5 0.104521215 0.0117767127 -0.994452953
-79.032547 204.541428 -370.5 0.785449982 0.157398149 -0.598576784
-78.9433746 203.75 -370.5 0.805676699 0.0907779634 -0.585358381
-79.1891403 203.75 -370.838257 0.742733479 0.10753876 -0.660895109
-82.5 205.990402 -371.456299 0.035117846 0.226503223 -0.973377109
-82.0939941 205.528824 -371.5 0.0204095859 0.104315735 -0.994334817
-82.5 205.57457 -371.5 0.0117767127 0.104521215 -0.994452953
-82.5 207.306625 -370.5 0.0907779634 0.805676699 -0.585358381
-81.70858 207.217453 -370.5 0.157398149 0.785449982 -0.598576784
-82.5 207.060867 -370.838257 0.107134983 0.724719524 -0.680664182
-80.3692551 204.442322 -371.456299 0.207389668 0.0783551261 -0.975115359
-80.8561172 204.541656 -371.5 0.0951612517 0.047052186 -0.994349241
-79.991066 204.565201 -371.327087 0.38868767 0.134856582 -0.911446989
-79.8619537 203.75 -371.327087 0.440149516 0.0697128326 -0.8952142
-79.6466904 204.677094 -371.118042 0.559568584 0.190176919 -0.806669533
-79.499855 203.75 -371.118042 0.614655912 0.0973519459 -0.782764792
-80.6874771 205.066879 -371.456299 0.17324537 0.137534246 -0.975228369
-81.073494 204.887604 -371.5 0.0797516629 0.0706812739 -0.99430573
-79.351181 204.773117 -370.838257 0.697093844 0.211537719 -0.685063422
-79.2955933 205.293167 -370.5 0.719986618 0.354634255 -0.596534848
-80.3657761 205.300598 -371.327087 0.327990949 0.248367324 -0.911446989
-80.0728302 205.513443 -371.118042 0.473413497 0.353785217 -0.806669533
-81.1831284 205.562515 -371.456299 0.117122039 0.175437108 -0.977498949
-81.3623962 205.176514 -371.5 0.0655240119 0.0821645185 -0.99446249
-81.7083435 205.39389 -371.5 0.047052186 0.0951612517 -0.994349241
-79.8214569 205.696075 -370.838257 0.604779363 0.409599096 -0.682986498
-79.7193222 205.967514 -370.5 0.60123533 0.524743497 -0.602627814
-80.9493942 205.884232 -371.327087 0.235188201 0.337566137 -0.911446989
-80.736557 206.17717 -371.118042 0.347995669 0.454568207 -0.819918752
-81.8076782 205.880737 -371.456299 0.0615328252 0.188379794 -0.980166733
-80.5539246 206.428543 -370.838257 0.434694856 0.585452318 -0.684314191
-80.2824783 206.530685 -370.5 0.502050459 0.629551411 -0.592967451
-80.9568405 206.954407 -370.5 0.354634255 0.719986618 -0.596534848
-81.6847992 206.258926 -371.327087 0.110639229 0.383377492 -0.916940928
-82.5 206.388046 -371.327087 0.0642874911 0.405895293 -0.911655724
-82.5 206.750137 -371.118042 0.0885877237 0.559320807 -0.824204087
-81.5729065 206.603302 -371.118042 0.195908517 0.570978165 -0.797247648
-81.4768906 206.898819 -370.838257 0.231111437 0.701864839 -0.673775375
-82.0939941 142.471176 -371.5 0.0204095859 -0.104315735 -0.994334817
-82.5 142.009598 -371.456299 0.035117846 -0.226503223 -0.973377109
-82.5 142.42543 -371.5 0.0117767127 -0.104521215 -0.994452953
-81.70858 140.782547 -370.5 0.157398149 -0.785449982 -0.598576784
-82.5 140.693375 -370.5 0.0907779634 -0.805676699 -0.585358381
-82.5 140.939133 -370.838257 0.10753876 -0.742733479 -0.660895109
-80.2596054 144.25 -371.456299 0.187654212 -0.0286141392 -0.981818259
-80.7211761 143.843994 -371.5 0.104315735 -0.0204095859 -0.994334817
-80.6754227 144.25 -371.5 0.104521215 -0.0117767127 -0.994452953
-78.9433746 144.25 -370.5 0.805676699 -0.0907779634 -0.585358381
-79.032547 143.458572 -370.5 0.785449982 -0.157398149 -0.598576784
-79.1891403 144.25 -370.838257 0.742733479 -0.10753876 -0.660895109
-81.8076782 142.119263 -371.456299 0.0783551261 -0.207389668 -0.975115359
-81.7083435 142.60611 -371.5 0.047052186 -0.0951612517 -0.994349241
-81.6847992 141.741074 -371.327087 0.134856582 -0.38868767 -0.911446989
-82.5 141.611954 -371.327087 0.0697128326 -0.440149516 -0.8952142
-81.5729065 141.396698 -371.118042 0.190176934 -0.559568584 -0.806669533
-82.5 141.249863 -371.118042 0.0973519459 -0.614655912 -0.782764792
-81.1831284 142.437485 -371.456299 0.137534246 -0.17324537 -0.975228369
-81.3623962 142.823486 -371.5 0.0706812739 -0.0797516629 -0.99430573
-81.4768906 141.101181 -370.838257 0.211537719 -0.697093844 -0.685063422
-80.9568405 141.045593 -370.5 0.354634255 -0.719986618 -0.596534848
-80.9493942 142.115768 -371.327087 0.248367324 -0.327990949 -0.911446989
-80.736557 141.82283 -371.118042 0.324783474 -0.471432835 -0.819918752
-80.6874771 142.933121 -371.456299 0.151144579 -0.111156277 -0.982242107
-81.073494 143.112396 -371.5 0.0821645185 -0.0655240119 -0.99446249
-80.8561172 143.458344 -371.5 0.0951612517 -0.047052186 -0.994349241
-80.5539246 141.571457 -370.838257 0.419344038 -0.588027894 -0.691645741
-80.2824783 141.469315 -370.5 0.524743497 -0.60123533 -0.602627814
-80.3657761 142.699402 -371.327087 0.330424279 -0.22369431 -0.916940928
-80.0728302 142.486557 -371.118042 0.482493401 -0.362762034 -0.797247648
-80.3692551 143.557678 -371.456299 0.225042686 -0.0733338967 -0.971585274
-79.8619537 144.25 -371.327087 0.412776291 -0.0653773323 -0.908483088
-79.8214569 142.303925 -370.838257 0.598769426 -0.447363049 -0.66433537
-79.7193222 142.032486 -370.5 0.629551411 -0.502050459 -0.592967451
-79.2955933 142.706833 -370.5 0.719986618 -0.354634255 -0.596534848
-79.991066 143.434799 -371.327087 0.386829555 -0.125688538 -0.91354543
-79.6466904 143.322906 -371.118042 0.534045279 -0.173521876 -0.827457428
-79.499855 144.25 -371.118042 0.614655912 -0.0973519459 -0.782764792
-79.351181 143.226883 -370.838257 0.684716523 -0.224709228 -0.693302989
-78.9433746 203.75 -370.5 0.809017003 -1.93223899e-16 -0.587785184
-78.9433746 144.25 -370.5 0.809017003 -1.93223899e-16 -0.587785184
-79.1891403 144.25 -370.838257 0.766117632 -1.82977937e-16 -0.642700374
-79.1891403 203.75 -370.838257 0.719260752 -1.71786712e-16 -0.694740236
-79.499855 144.25 -371.118042 0.587785304 -1.40374972e-16 -0.809017003
-79.499855 203.75 -371.118042 0.587785304 -1.40364556e-16 -0.809017003
-79.8619537 203.75 -371.327087 0.406736642 -9.71337017e-17 -0.91354543
-79.8619537 144.25 -371.327087 0.406736642 -9.71441176e-17 -0.91354543
-80.2596054 144.25 -371.456299 0.2079117 -4.96566713e-17 -0.978147626
-80.2596054 203.75 -371.456299 0.2079117 -4.96561485e-17 -0.978147626
-80.6754227 203.75 -371.5 0.104528464 -2.49643225e-17 -0.994521916
-80.6754227 144.25 -371.5 0.104528464 -2.49653598e-17 -0.994521916
194.94986 2 -1.55495811 0.982592523 9.6406921e-17 0.185773969
195 291 -2 0.993712187 9.76435296e-17 0.111964479
194.94986 291 -1.55495811 0.965889573 9.45921992e-17 0.258954376
195 2 -2 0.993712187 9.77324614e-17 0.111964479
194.801941 2 -1.13223255 0.916618288 8.95301781e-17 0.399763614
194.801941 291 -1.13223255 0.884049892 8.62236196e-17 0.467392504
194.56366 2 -0.753020406 0.804680943 7.82443376e-17 0.593707442
194.56366 291 -0.753020406 0.75788033 7.35516163e-17 0.652393579
194.246979 2 -0.436337024 0.652393579 6.30207402e-17 0.75788033
194.246979 291 -0.436337024 0.593707442 5.73750538e-17 0.804680943
193.867767 2 -0.198062271 0.433883756 4.20008467e-17 0.90096885
193.867767 291 -0.198062271 0.433883756 4.19780694e-17 0.90096885
193.445038 291 -0.0501441769 0.258954376 2.52237809e-17 0.965889573
193.445038 2 -0.0501441769 0.185773984 1.82699432e-17 0.982592523
193 291 0 0.111964479 1.10111487e-17 0.993712187
193 2 0 0.111964479 1.10111487e-17 0.993712187
193 1.35569753e-18 -2 0.111964479 -0.993712187 -7.61117213e-19
193 3.53837055e-16 -522 0.111964479 -0.993712187 -6.73586614e-19
193.445038 0.0501441769 -522 0.222520918 -0.974927902 -9.98449806e-19
193.445038 0.0501441769 -2 0.222520947 -0.974927902 -8.46781484e-19
193.867767 0.198062271 -2 0.399763584 -0.916618288 -1.29946817e-18
193.867767 0.198062271 -522 0.467392445 -0.884049952 -1.50460369e-18
194.246979 0.436337024 -2 0.623489797 -0.781831443 -1.40731712e-18
194.246979 0.436337024 -522 0.623489797 -0.781831443 -1.33539562e-18
194.56366 0.753020406 -522 0.781831443 -0.623489797 -1.25428612e-18
194.56366 0.753020406 -2 0.781831443 -0.623489797 -1.32931988e-18
194.801941 1.13223255 -2 0.884049952 -0.467392445 -9.80017327e-19
194.801941 1.13223255 -522 0.916618288 -0.399763584 -8.3686483e-19
194.94986 1.55495811 -2 0.965889573 -0.258954346 -5.36000422e-19
194.94986 1.55495811 -522 0.982592523 -0.185773969 -3.48326816e-19
195 2 -2 0.993712187 -0.111964479 -1.66990718e-19
195 2 -522 0.993712187 -0.111964479 -9.56196425e-20
192.98259 0.0501441769 -526.104431 0.216818228 -0.974721789 -0.0539190099
193.445038 0.0501441769 -522 0.259392738 -0.965329587 -0.0292265415
193 3.53837055e-16 -522 0.111955568 -0.993633151 -0.0126143629
192.548706 4.36395901e-16 -526.005371 0.108205274 -0.993703127 -0.0290808883
193.394714 0.198062271 -526.198486 0.405094326 -0.910322726 -0.0849180967
193.867767 0.198062271 -522 0.46718511 -0.882591188 -0.0526391193
193.76442 0.436337024 -526.282837 0.593527317 -0.791191876 -0.147447363
194.246979 0.436337024 -522 0.650945663 -0.755572915 -0.0733439624
194.073166 0.753020406 -526.353333 0.761870682 -0.623070002 -0.177022144
194.56366 0.753020406 -522 0.801571727 -0.591037989 -0.0903154463
194.305466 1.13223255 -526.406372 0.878051162 -0.433552474 -0.202628598
194.801941 1.13223255 -522 0.91184181 -0.397478312 -0.102739908
194.449677 1.55495811 -526.43927 0.958020389 -0.222190574 -0.181185901
195 2 -522 0.987541556 -0.111269213 -0.111269213
194.94986 1.55495811 -522 0.969098568 -0.221190423 -0.109191187
194.498566 2 -526.450439 0.959840834 -0.111886837 -0.257268161
191.618408 0.0501441769 -530.002991 0.199384049 -0.974721789 -0.100813746
191.217438 4.38974798e-16 -529.809937 0.0990212411 -0.993703127 -0.0524297096
191.999268 0.198062271 -530.186401 0.40696314 -0.893424451 -0.190193906
192.340927 0.436337024 -530.350952 0.561744869 -0.781831503 -0.270522088
192.626251 0.753020406 -530.488342 0.689552188 -0.635411203 -0.347520232
192.840927 1.13223255 -530.591736 0.810947537 -0.433552474 -0.392933071
192.974197 1.55495811 -530.655945 0.893683136 -0.222190559 -0.389822751
193.019379 2 -530.677673 0.878528059 -0.111886829 -0.464402556
189.420914 0.0501441769 -533.500305 0.158643633 -0.979602873 -0.12333031
189.072968 4.41288231e-16 -533.222839 0.0848718658 -0.993703127 -0.0731494799
189.751419 0.198062271 -533.763855 0.323034137 -0.90738374 -0.268893421
190.047897 0.436337024 -534.000305 0.50296855 -0.771149993 -0.390320867
190.295486 0.753020406 -534.197754 0.609991372 -0.605429828 -0.511238933
190.481781 1.13223255 -534.346313 0.703179598 -0.433552444 -0.563534141
190.597427 1.55495811 -534.438538 0.784532905 -0.222190559 -0.578912318
190.636627 2 -534.469788 0.753162205 -0.111886844 -0.648249924
186.50029 0.0501441769 -536.420898 0.150532901 -0.970962822 -0.18593286
186.222809 4.43220207e-16 -536.072937 0.0664666593 -0.993703127 -0.0902012438
186.763855 0.198062271 -536.751404 0.27370736 -0.890734553 -0.362872154
187.00029 0.436337024 -537.047913 0.386152864 -0.78140229 -0.490200341
187.197739 0.753020406 -537.295471 0.485282987 -0.623070061 -0.613420069
187.346313 1.13223255 -537.48175 0.56015116 -0.433552474 -0.705877423
187.438538 1.55495811 -537.597412 0.636042893 -0.222190589 -0.738972783
187.469803 2 -537.636658 0.590029716 -0.111886844 -0.799591303
183.003006 0.0501441769 -538.618408 0.093028374 -0.974721789 -0.20313327
182.809906 4.44673821e-16 -538.217468 0.0447285362 -0.993703127 -0.102729924
183.186417 0.198062271 -538.999268 0.18482101 -0.900614381 -0.393363655
183.350952 0.436337024 -539.340942 0.273610383 -0.795407593 -0.540799558
183.488358 0.753020406 -539.626282 0.32243827 -0.635411203 -0.701631069
183.591736 1.13223255 -539.840942 0.389034569 -0.433552474 -0.812824965
183.655914 1.55495811 -539.974182 0.438148081 -0.206576467 -0.874844253
183.677673 2 -540.019348 0.431155592 -0.111964479 -0.895303786
179.450424 2 -541.498535 0.257268161 -0.111886837 -0.959840834
179.104401 0.0501441769 -539.982605 0.0409005322 -0.978141963 -0.203876153
179.005371 4.45576229e-16 -539.548706 0.0249144398 -0.993712187 -0.109157287
175 3.66038353e-16 -540 0.0126143629 -0.993633151 -0.111955568
175 0.0501441769 -540.445068 0.0250642113 -0.974621654 -0.222451031
175 0.198062271 -540.867798 0.0489497818 -0.899369061 -0.434441328
179.198471 0.198062271 -540.394714 0.0992552862 -0.910322726 -0.401821971
179.282852 0.436337024 -540.764404 0.13891679 -0.781195521 -0.608634233
175 0.436337024 -541.247009 0.0700777248 -0.779909372 -0.621957004
175 0.753020406 -541.56366 0.0878069475 -0.620458424 -0.7793082
179.353317 0.753020406 -541.073181 0.173973888 -0.623489797 -0.762229383
179.406342 1.13223255 -541.305481 0.18387875 -0.447853833 -0.874994576
175 1.13223255 -541.801941 0.100995742 -0.431665212 -0.896362066
175 1.55495811 -541.949829 0.108196124 -0.257255733 -0.960267186
179.439255 1.55495811 -541.449646 0.215857089 -0.222338885 -0.950773954
175 2 -542 0.111269213 -0.111269213 -0.987541556
193.445038 2 -0.0501441769 0.213463441 -0.1493368 0.965469778
193 2 0 0.111269206 -0.111269206 0.987541556
193 1.55495811 -0.0501441769 0.146396309 -0.211625069 0.966324449
195 2 -2 0.987541556 -0.111269206 0.111269206
194.94986 2 -1.55495811 0.965469778 -0.1493368 0.213463441
194.94986 1.55495811 -2 0.966324449 -0.211625069 0.146396309
193.09668 0.0978869647 -1.389575 0.11365398 -0.914058685 0.389332056
193 0.198062271 -1.13223255 0.0836762637 -0.88294369 0.461961865
193 0.0501441769 -1.55495811 0.0705546737 -0.981043398 0.180487916
193.280579 0.0978869647 -1.44932771 0.170071542 -0.93666929 0.306147575
193 1.35569753e-18 -2 0.109990641 -0.986739814 0.119358875
193.437012 0.0978869647 -1.56298399 0.252696604 -0.933964074 0.252696633
193.363266 0.381966025 -0.881965995 0.194634229 -0.795306444 0.574112475
193 0.436337024 -0.753020406 0.10571678 -0.757602394 0.644098222
193.550674 0.0978869647 -1.71941841 0.306147546 -0.93666929 0.170071527
193 1.35569753e-18 -2 0.119358875 -0.986739814 0.109990641
193.445038 0.0501441769 -2 0.180487916 -0.981043398 0.0705546737
193.690979 0.381966025 -1.04894352 0.356249124 -0.795398176 0.490334868
193.253113 0.824429512 -0.401886702 0.187459856 -0.588267982 0.7866382
193 0.753020406 -0.436337024 0.0693206042 -0.621989965 0.779950738
193 1.13223255 -0.198062271 0.132680163 -0.411808163 0.90155977
193.610428 0.0978869647 -1.90331817 0.389332056 -0.914058685 0.113653988
193.867767 0.198062271 -2 0.461961865 -0.88294369 0.0836762637
193.95105 0.381966025 -1.30901694 0.490334868 -0.795398176 0.356249124
193.734573 0.824429512 -0.558321178 0.370449394 -0.578073263 0.727047801
194.118027 0.381966025 -1.63672876 0.574112475 -0.795306444 0.194634214
194.246979 0.436337024 -2 0.644098222 -0.757602394 0.10571678
194.144119 0.824429512 -0.855877221 0.576988459 -0.578073263 0.576988399
193.587784 1.38196599 -0.190983012 0.29206875 -0.314353555 0.903259516
193.867767 2 -0.198062271 0.436146736 -0.161757007 0.885217905
194.441681 0.824429512 -1.26542795 0.727047861 -0.578073204 0.370449364
194.118027 1.38196599 -0.461158246 0.569768965 -0.297381639 0.76611191
194.56366 2 -0.753020406 0.742678165 -0.165222123 0.648945928
194.246979 2 -0.436337024 0.615516067 -0.159418285 0.771832764
194.598114 0.824429512 -1.74688375 0.7866382 -0.588267982 0.187459856
194.56366 0.753020406 -2 0.779950738 -0.621989965 0.0693206042
194.801941 1.13223255 -2 0.90155977 -0.411808163 0.132680163
194.538849 1.38196599 -0.881965995 0.773524523 -0.313607097 0.550736189
194.801941 2 -1.13223255 0.885217905 -0.161757007 0.436146736
194.809021 1.38196599 -1.41221476 0.903259516 -0.314353555 0.29206875
-175 1.55495811 -541.949829 0 -0.185773954 -0.982592523
175 2 -542 0 -0.111964472 -0.993712187
175 1.55495811 -541.949829 0 -0.258954316 -0.965889573
-175 2 -542 0 -0.111964472 -0.993712187
-175 1.13223255 -541.801941 0 -0.399763644 -0.916618288
175 1.13223255 -541.801941 0 -0.467392504 -0.884049892
-175 0.753020406 -541.56366 0 -0.593707502 -0.804680943
175 0.753020406 -541.56366 0 -0.652393579 -0.75788033
-175 0.436337024 -541.247009 0 -0.781831503 -0.623489797
175 0.436337024 -541.247009 0 -0.781831503 -0.623489797
175 0.198062271 -540.867798 0 -0.90096885 -0.433883756
-175 0.198062271 -540.867798 0 -0.90096885 -0.433883756
-175 0.0501441769 -540.445068 0 -0.974927902 -0.222520918
175 0.0501441769 -540.445068 0 -0.974927902 -0.222520918
175 3.66038353e-16 -540 0 -0.993712187 -0.111964472
-175 3.66038353e-16 -540 0 -0.993712187 -0.111964472
-195 291 -2 -0.993712187 4.30122984e-19 0.111964479
-195 2 -2 -0.993712187 0 0.111964479
-194.94986 2 -1.55495811 -0.974927902 1.50223713e-18 0.222520933
-194.94986 291 -1.55495811 -0.974927902 1.72764488e-18 0.222520947
-194.801941 291 -1.13223255 -0.916618288 3.07898234e-18 0.399763614
-194.801941 2 -1.13223255 -0.884049892 3.58661626e-18 0.467392504
-194.56366 291 -0.753020406 -0.804680943 4.56900449e-18 0.593707442
-194.56366 2 -0.753020406 -0.75788033 5.02435791e-18 0.652393579
-194.246979 291 -0.436337024 -0.652393579 5.81061169e-18 0.75788033
-194.246979 2 -0.436337024 -0.593707442 5.94023503e-18 0.804680943
-193.867767 291 -0.198062271 -0.467392504 6.27559142e-18 0.884049892
-193.867767 2 -0.198062271 -0.399763614 6.06385717e-18 0.916618288
-193.445038 291 -0.0501441769 -0.222520947 4.61472855e-18 0.974927902
-193.445038 2 -0.0501441769 -0.222520947 5.99245618e-18 0.974927902
-193 2 0 -0.111964479 3.05395765e-18 0.993712187
-193 291 0 -0.111964479 0 0.993712187
-193 0.0501441769 -1.55495811 -6.33114425e-19 -0.982592523 0.185773954
193 1.35569753e-18 -2 -3.82424571e-19 -0.993712187 0.111964472
193 0.0501441769 -1.55495811 -1.13355094e-18 -0.965889573 0.258954346
-193 1.35569753e-18 -2 0 -0.993712187 0.111964472
-193 0.198062271 -1.13223255 -1.54990475e-18 -0.916618288 0.399763614
193 0.198062271 -1.13223255 -2.11524972e-18 -0.884049952 0.467392445
-193 0.436337024 -0.753020406 -2.69119118e-18 -0.804680943 0.593707442
193 0.436337024 -0.753020406 -3.10924185e-18 -0.75788033 0.652393579
-193 0.753020406 -0.436337024 -3.60450818e-18 -0.623489797 0.781831503
193 0.753020406 -0.436337024 -3.41578713e-18 -0.623489797 0.781831503
193 1.13223255 -0.198062271 -4.30478439e-18 -0.433883727 0.900968909
-193 1.13223255 -0.198062271 -4.35872567e-18 -0.433883727 0.900968909
-193 1.55495811 -0.0501441769 -3.52589707e-18 -0.222520918 0.974927902
193 1.55495811 -0.0501441769 -4.87059165e-18 -0.222520918 0.974927902
193 2 0 -2.38312285e-18 -0.111964472 0.993712187
-193 2 0 0 -0.111964472 0.993712187
-179.104401 0.0501441769 -539.982605 -0.0539190099 -0.974721789 -0.216818228
-175 0.0501441769 -540.445068 -0.0292265415 -0.965329587 -0.259392738
-175 3.66038353e-16 -540 -0.0126143629 -0.993633151 -0.111955568
-179.005371 4.45576229e-16 -539.548706 -0.0290808883 -0.993703127 -0.108205274
-179.198471 0.198062271 -540.394714 -0.100759357 -0.900614381 -0.4227781
-175 0.198062271 -540.867798 -0.0526391193 -0.882591188 -0.46718511
-179.282852 0.436337024 -540.764404 -0.142491698 -0.78140229 -0.607541382
-175 0.436337024 -541.247009 -0.0733439624 -0.755572855 -0.650945663
-179.353317 0.753020406 -541.073181 -0.177022144 -0.623070002 -0.761870682
-175 0.753020406 -541.56366 -0.0903154463 -0.591037989 -0.801571727
-179.406342 1.13223255 -541.305481 -0.202628598 -0.433552474 -0.878051162
-175 1.13223255 -541.801941 -0.102739908 -0.397478312 -0.91184181
-179.439255 1.55495811 -541.449646 -0.181185901 -0.222190574 -0.958020389
-175 2 -542 -0.111269213 -0.111269213 -0.987541556
-175 1.55495811 -541.949829 -0.109191187 -0.221190423 -0.969098568
-179.450424 2 -541.498535 -0.257268161 -0.111886837 -0.959840834
-183.003006 0.0501441769 -538.618408 -0.100813746 -0.974721789 -0.199384049
-182.809906 4.44673821e-16 -538.217468 -0.0524297096 -0.993703127 -0.0990212411
-183.186417 0.198062271 -538.999268 -0.19231011 -0.900614381 -0.389757097
-183.350952 0.436337024 -539.340942 -0.252220839 -0.795407593 -0.551100194
-183.488358 0.753020406 -539.626282 -0.347520232 -0.635411203 -0.689552188
-183.591736 1.13223255 -539.840942 -0.392933071 -0.433552474 -0.810947537
-183.655914 1.55495811 -539.974182 -0.389822751 -0.222190559 -0.893683136
-183.677673 2 -540.019348 -0.464402556 -0.111886829 -0.878528059
-186.50029 0.0501441769 -536.420898 -0.11620076 -0.982479334 -0.145711124
-186.222809 4.43220207e-16 -536.072937 -0.0698087066 -0.993712187 -0.0875373483
-189.072968 4.41288231e-16 -533.222839 -0.0848718658 -0.993703127 -0.0731494799
-186.763855 0.198062271 -536.751404 -0.24957107 -0.916392505 -0.31295222
-187.00029 0.436337024 -537.047913 -0.389236212 -0.781195581 -0.48808673
-187.197739 0.753020406 -537.295471 -0.511238933 -0.605429828 -0.609991372
-187.346313 1.13223255 -537.48175 -0.563534141 -0.433552444 -0.703179598
-187.438538 1.55495811 -537.597412 -0.578912318 -0.222190559 -0.784532905
-187.469803 2 -537.636658 -0.648249924 -0.111886844 -0.753162205
-189.420914 0.0501441769 -533.500305 -0.188132674 -0.970962822 -0.147774428
-191.217438 4.38974798e-16 -529.809937 -0.0990212411 -0.993703127 -0.0524297096
-189.751419 0.198062271 -533.763855 -0.365767121 -0.88381654 -0.291689545
-190.047897 0.436337024 -534.000305 -0.511347413 -0.767295957 -0.387015253
-190.295486 0.753020406 -534.197754 -0.613420069 -0.623070061 -0.485282987
-190.481781 1.13223255 -534.346313 -0.705877423 -0.433552474 -0.56015116
-190.597427 1.55495811 -534.438538 -0.738972783 -0.222190589 -0.636042893
-190.636627 2 -534.469788 -0.799591303 -0.111886844 -0.590029716
-191.618408 0.0501441769 -530.002991 -0.204919994 -0.9746961 -0.0893046409
-192.548706 4.36395901e-16 -526.005371 -0.108205274 -0.993703127 -0.0290808883
-191.999268 0.198062271 -530.186401 -0.393363655 -0.900614381 -0.18482101
-192.340927 0.436337024 -530.350952 -0.540799558 -0.795407593 -0.273610383
-192.626251 0.753020406 -530.488342 -0.701631069 -0.635411203 -0.32243827
-192.840927 1.13223255 -530.591736 -0.812824965 -0.433552474 -0.389034569
-192.974197 1.55495811 -530.655945 -0.874844253 -0.206576467 -0.438148081
-193.019379 2 -530.677673 -0.895303786 -0.111964479 -0.431155592
-194.498566 2 -526.450439 -0.959840834 -0.111886837 -0.257268161
-192.98259 0.0501441769 -526.104431 -0.196444005 -0.979602873 -0.0422838703
-193 3.53837055e-16 -522 -0.111955568 -0.993633151 -0.0126143629
-193.445038 0.0501441769 -522 -0.259392738 -0.965329587 -0.0292265415
-193.394714 0.198062271 -526.198486 -0.39024511 -0.916392446 -0.0890708864
-193.867767 0.198062271 -522 -0.46718511 -0.882591188 -0.0526391193
-193.76442 0.436337024 -526.282837 -0.593527257 -0.791191936 -0.147447363
-194.246979 0.436337024 -522 -0.650945663 -0.755572915 -0.0733439624
-194.073166 0.753020406 -526.353333 -0.751951218 -0.640640438 -0.155400127
-194.56366 0.753020406 -522 -0.801571727 -0.591037989 -0.0903154463
-194.305466 1.13223255 -526.406372 -0.874994576 -0.447853833 -0.18387875
-194.801941 1.13223255 -522 -0.896362066 -0.431665212 -0.100995742
-194.94986 1.55495811 -522 -0.960267186 -0.257255733 -0.108196124
-194.449677 1.55495811 -526.43927 -0.950773954 -0.222338885 -0.215857074
-195 2 -522 -0.987541556 -0.111269213 -0.111269213
-194.94986 2 -1.55495811 -0.965469778 -0.1493368 0.213463441
-195 2 -2 -0.987541556 -0.111269206 0.111269206
-194.94986 1.55495811 -2 -0.966324449 -0.211625069 0.146396309
-193 2 0 -0.111269206 -0.111269206 0.987541556
-193.445038 2 -0.0501441769 -0.213463441 -0.1493368 0.965469778
-193 1.55495811 -0.0501441769 -0.146396309 -0.211625069 0.966324449
-193.610428 0.0978869647 -1.90331817 -0.389332056 -0.914058685 0.113653988
-193.867767 0.198062271 -2 -0.461961865 -0.88294369 0.0836762637
-193.445038 0.0501441769 -2 -0.180487916 -0.981043398 0.0705546737
-193.550674 0.0978869647 -1.71941841 -0.306147575 -0.93666929 0.170071542
-193 1.35569753e-18 -2 -0.119358875 -0.986739814 0.109990641
-193.437012 0.0978869647 -1.56298399 -0.252696633 -0.933964074 0.252696604
-194.118027 0.381966025 -1.63672876 -0.574112475 -0.795306444 0.194634229
-194.246979 0.436337024 -2 -0.644098222 -0.757602394 0.10571678
-193.280579 0.0978869647 -1.44932771 -0.170071527 -0.93666929 0.306147546
-193 1.35569753e-18 -2 -0.109990641 -0.986739814 0.119358875
-193 0.0501441769 -1.55495811 -0.0705546737 -0.981043398 0.180487916
-193.95105 0.381966025 -1.30901694 -0.490334868 -0.795398176 0.356249124
-194.598114 0.824429512 -1.74688375 -0.7866382 -0.588267982 0.187459856
-194.56366 0.753020406 -2 -0.779950738 -0.621989965 0.0693206042
-194.801941 1.13223255 -2 -0.90155977 -0.411808163 0.132680163
-193.09668 0.0978869647 -1.389575 -0.11365398 -0.914058685 0.389332056
-193 0.198062271 -1.13223255 -0.0836762637 -0.88294369 0.461961865
-193.690979 0.381966025 -1.04894352 -0.356249124 -0.795398176 0.490334868
-194.441681 0.824429512 -1.26542795 -0.727047801 -0.578073263 0.370449394
-193.363266 0.381966025 -0.881965995 -0.194634214 -0.795306444 0.574112475
-193 0.436337024 -0.753020406 -0.10571678 -0.757602394 0.644098222
-194.144119 0.824429512 -0.855877221 -0.576988399 -0.578073263 0.576988459
-194.809021 1.38196599 -1.41221476 -0.903259516 -0.314353555 0.29206875
-194.801941 2 -1.13223255 -0.885217905 -0.161757007 0.436146736
-193.734573 0.824429512 -0.558321178 -0.370449364 -0.578073204 0.727047861
-194.538849 1.38196599 -0.881965995 -0.773524523 -0.313607097 0.550736248
-194.56366 2 -0.753020406 -0.742678165 -0.165222123 0.648945928
-193.253113 0.824429512 -0.401886702 -0.187459856 -0.588267982 0.7866382
-193 0.753020406 -0.436337024 -0.0693206042 -0.621989965 0.779950738
-193 1.13223255 -0.198062271 -0.132680163 -0.411808163 0.90155977
-194.118027 1.38196599 -0.461158246 -0.569769025 -0.29738158 0.76611191
-193.867767 2 -0.198062271 -0.436146736 -0.161757007 0.885217905
-194.246979 2 -0.436337024 -0.615516067 -0.159418285 0.771832764
-193.587784 1.38196599 -0.190983012 -0.29206875 -0.314353555 0.903259516
-195 2 -2 -0.993712187 -0.111964479 -4.30288395e-19
-195 2 -522 -0.993712187 -0.111964479 -3.8247857e-19
-194.94986 1.55495811 -522 -0.982592523 -0.185773969 -7.61219007e-19
-194.94986 1.55495811 -2 -0.965889573 -0.258954346 -1.10575798e-18
-194.801941 1.13223255 -522 -0.916618288 -0.399763584 -1.70702595e-18
-194.801941 1.13223255 -2 -0.884049952 -0.467392445 -1.99580711e-18
-194.56366 0.753020406 -522 -0.804680943 -0.593707502 -2.53518347e-18
-194.56366 0.753020406 -2 -0.75788033 -0.652393639 -2.78577845e-18
-194.246979 0.436337024 -522 -0.652393639 -0.75788033 -3.23621614e-18
-194.246979 0.436337024 -2 -0.593707502 -0.804680943 -3.3148622e-18
-193.867767 0.198062271 -522 -0.467392445 -0.884049952 -3.51867082e-18
-193.867767 0.198062271 -2 -0.399763584 -0.916618288 -3.38753353e-18
-193.445038 0.0501441769 -522 -0.222520933 -0.974927902 -2.74778605e-18
-193.445038 0.0501441769 -2 -0.222520947 -0.974927902 -3.33146165e-18
-193 1.35569753e-18 -2 -0.111964479 -0.993712187 -2.03512115e-18
-193 3.53837055e-16 -522 -0.111964479 -0.993712187 -6.73586614e-19
209.94986 614.445068 -2 0.982592523 0.185773954 0
210 614 -488.5 0.993712187 0.111964479 0
209.94986 614.445068 -488.5 0.965889573 0.258954346 0
210 614 -2 0.993712187 0.111964479 0
209.801941 614.867798 -2 0.90096885 0.433883727 0
209.801941 614.867798 -488.5 0.90096885 0.433883727 0
209.56366 615.247009 -488.5 0.781831503 0.623489738 0
209.56366 615.247009 -2 0.781831503 0.623489738 0
209.246979 615.56366 -2 0.623489738 0.781831503 0
209.246979 615.56366 -488.5 0.623489738 0.781831503 0
208.867767 615.801941 -488.5 0.467392474 0.884049892 0
208.867767 615.801941 -2 0.399763614 0.916618288 0
208.445038 615.949829 -488.5 0.222520918 0.974927902 0
208.445038 615.949829 -2 0.222520918 0.974927902 0
208 616 -2 0.111964479 0.993712187 0
208 616 -488.5 0.111964479 0.993712187 0
210 310 -2 0.993167937 -7.01347699e-06 0.116693936
210 614 -2 0.993712187 -3.72272648e-16 0.111964479
209.94986 614 -1.55495811 0.982360184 -7.16398517e-07 0.18699871
209.941376 310 -1.51929998 0.963088155 -9.2290411e-06 0.269186258
209.801941 614 -1.13223255 0.913513422 2.66985035e-06 0.406808555
209.768921 310 -1.06678224 0.873010218 -1.29969239e-05 0.487701863
209.56366 614 -0.753020406 0.796197951 5.39447728e-06 0.605036199
209.492767 310 -0.668976545 0.734164655 -1.59492156e-05 0.678971469
209.246979 614 -0.436337024 0.636637449 7.45781836e-06 0.771163285
209.129105 310 -0.349205375 0.554308236 -1.80862098e-05 0.832311451
208.867767 614 -0.198062271 0.443297237 8.86013004e-06 0.896374643
208.699234 310 -0.126216009 0.367976785 -6.03661374e-06 0.929834962
208.445038 614 -0.0501441769 0.224048451 2.51709553e-05 0.974578023
208.394089 309.998352 -0.0389544666 0.226694345 -2.14478723e-06 0.973965943
208.198807 309.996765 -0.00973844621 0.105585851 2.46810669e-05 0.994410217
208 614 0 0.0926077738 2.86652594e-05 0.995702684
208 309.996002 0 0.0489261486 0 0.998802423
208 614.445068 -0.0501441769 0.107234523 0.17970559 0.977858186
208 614 0 0.111269206 0.111269206 0.987541556
208.445038 614 -0.0501441769 0.243433341 0.157209516 0.957092166
209.94986 614.445068 -2 0.977858186 0.17970559 0.107234523
209.94986 614 -1.55495811 0.957092166 0.157209501 0.243433341
210 614 -2 0.987541556 0.111269206 0.111269206
208.297562 614.618042 -0.121305138 0.22321032 0.314519048 0.92263478
208 614.867798 -0.198062271 0.120582275 0.46221441 0.878531575
208.863541 614.618042 -0.305204868 0.428679436 0.297545791 0.853053629
208.867767 614 -0.198062271 0.42849046 0.157180905 0.889769673
209.246979 614 -0.436337024 0.601262629 0.162190273 0.782417774
209.345001 614.618042 -0.655002952 0.671096802 0.315052509 0.671096802
209.56366 614 -0.753020406 0.782417774 0.162190273 0.601262629
208.5 615.175598 -0.461158246 0.249905825 0.574046612 0.779754817
208 615.247009 -0.436337024 0.126633897 0.63704586 0.76035279
209.694794 614.618042 -1.13645875 0.853053629 0.297545791 0.428679436
209.801941 614 -1.13223255 0.889769673 0.157180905 0.42849046
208.95105 615.175598 -0.690982997 0.479623854 0.578073263 0.66014564
208.183899 615.618042 -0.838902712 0.149978563 0.786966443 0.59849
208 615.56366 -0.753020406 0.0599127859 0.780427039 0.622369766
208 615.801941 -1.13223255 0.0730560496 0.89668256 0.436604172
209.878693 614.618042 -1.70244396 0.92263478 0.314519048 0.22321029
209.801941 614.867798 -2 0.878531575 0.46221441 0.120582275
209.309021 615.175598 -1.04894352 0.6601457 0.578073263 0.479623824
208.533691 615.618042 -0.952558994 0.275157869 0.795398176 0.540027618
209.538849 615.175598 -1.5 0.779754817 0.574046612 0.249905825
209.56366 615.247009 -2 0.76035279 0.63704586 0.126633912
208.831253 615.618042 -1.16874611 0.428568423 0.795398176 0.428568393
208.190979 615.9021 -1.41221476 0.134305432 0.930465817 0.340874463
208 615.949829 -1.55495811 0.0771707743 0.972020566 0.221857354
208 616 -2 0.110794671 0.986284554 0.12234094
209.04744 615.618042 -1.46630216 0.540027618 0.795398176 0.275157869
208.363266 615.9021 -1.5 0.210055038 0.933964074 0.289115965
209.161102 615.618042 -1.81610024 0.59849 0.786966443 0.149978563
209.246979 615.56366 -2 0.622369766 0.780427039 0.0599127859
208.867767 615.801941 -2 0.436604172 0.89668256 0.0730560496
208.5 615.9021 -1.63672876 0.289115995 0.933964014 0.210055038
208.587784 615.9021 -1.80901694 0.340874493 0.930465817 0.134305447
208.445038 615.949829 -2 0.221857354 0.972020566 0.0771707743
208 616 -2 0.128358722 0.985595882 0.1101126
-209.94986 614.445068 -488.5 -0.982592523 0.185773954 0
-210 614 -488.5 -0.993712187 0.111964479 0
-210 614 -2 -0.993712187 0.111964479 0
-209.94986 614.445068 -2 -0.965889573 0.258954346 0
-209.801941 614.867798 -488.5 -0.90096885 0.433883727 0
-209.801941 614.867798 -2 -0.90096885 0.433883727 0
-209.56366 615.247009 -2 -0.781831503 0.623489738 0
-209.56366 615.247009 -488.5 -0.781831503 0.623489738 0
-209.246979 615.56366 -488.5 -0.623489738 0.781831503 0
-209.246979 615.56366 -2 -0.623489738 0.781831503 0
-208.867767 615.801941 -2 -0.467392474 0.884049892 0
-208.867767 615.801941 -488.5 -0.399763614 0.916618288 0
-208.445038 615.949829 -2 -0.222520918 0.974927902 0
-208.445038 615.949829 -488.5 -0.222520918 0.974927902 0
-208 616 -488.5 -0.111964479 0.993712187 0
-208 616 -2 -0.111964479 0.993712187 0
-208 614 0 0 0.111964472 0.993712187
208 614 0 0 0.111964472 0.993712187
208 614.445068 -0.0501441769 0 0.185773984 0.982592523
-208 614.445068 -0.0501441769 0 0.258954376 0.965889573
208 614.867798 -0.198062271 -1.13702037e-19 0.433883727 0.90096885
-208 614.867798 -0.198062271 0 0.433883756 0.90096885
-208 615.247009 -0.436337024 -2.76340208e-19 0.593707442 0.804680943
208 615.247009 -0.436337024 -4.02855751e-19 0.652393579 0.75788039
-208 615.56366 -0.753020406 -3.51235286e-19 0.75788033 0.652393579
208 615.56366 -0.753020406 -3.21582154e-19 0.804680943 0.593707442
-208 615.801941 -1.13223255 -2.69973192e-19 0.884049892 0.467392474
208 615.801941 -1.13223255 -2.29191301e-19 0.916618288 0.399763644
-208 615.949829 -1.55495811 -1.15606052e-19 0.974927902 0.222520933
208 615.949829 -1.55495811 -1.18773016e-19 0.974927902 0.222520933
208 616 -2 -2.98811403e-20 0.993712187 0.111964472
-208 616 -2 0 0.993712187 0.111964472
-209.94986 614.445068 -2 -0.977858186 0.17970559 0.107234523
-210 614 -2 -0.987541556 0.111269206 0.111269206
-209.94986 614 -1.55495811 -0.957092166 0.157209516 0.243433341
-208 614.445068 -0.0501441769 -0.107234523 0.17970559 0.977858186
-208.445038 614 -0.0501441769 -0.243433341 0.157209501 0.957092166
-208 614 0 -0.111269206 0.111269206 0.987541556
-209.878693 614.618042 -1.70244396 -0.92263478 0.314519048 0.22321032
-209.801941 614.867798 -2 -0.878531575 0.46221441 0.120582275
-209.694794 614.618042 -1.13645875 -0.853053629 0.297545791 0.428679436
-209.801941 614 -1.13223255 -0.889769673 0.157180905 0.42849046
-209.56366 614 -0.753020406 -0.782417774 0.162190273 0.601262629
-209.345001 614.618042 -0.655002952 -0.671096802 0.315052509 0.671096802
-209.246979 614 -0.436337024 -0.601262629 0.162190273 0.782417774
-209.538849 615.175598 -1.5 -0.779754817 0.574046612 0.249905825
-209.56366 615.247009 -2 -0.76035279 0.63704586 0.126633912
-208.863541 614.618042 -0.305204868 -0.428679436 0.297545791 0.853053629
-208.867767 614 -0.198062271 -0.42849046 0.157180905 0.889769673
-209.309021 615.175598 -1.04894352 -0.6601457 0.578073263 0.479623824
-209.161102 615.618042 -1.81610024 -0.59849 0.786966443 0.149978563
-208.867767 615.801941 -2 -0.436604172 0.89668256 0.0730560496
-209.246979 615.56366 -2 -0.622369766 0.780427039 0.0599127859
-208.297562 614.618042 -0.121305138 -0.22321029 0.314519048 0.92263478
-208 614.867798 -0.198062271 -0.120582275 0.46221441 0.878531575
-208.95105 615.175598 -0.690982997 -0.479623824 0.578073263 0.6601457
-209.04744 615.618042 -1.46630216 -0.540027618 0.795398176 0.275157869
-208.5 615.175598 -0.461158246 -0.249905825 0.574046612 0.779754817
-208 615.247009 -0.436337024 -0.126633897 0.63704586 0.76035279
-208.831253 615.618042 -1.16874611 -0.428568393 0.795398176 0.428568423
-208.587784 615.9021 -1.80901694 -0.340874463 0.930465817 0.134305432
-208 616 -2 -0.12234094 0.986284554 0.110794671
-208.445038 615.949829 -2 -0.221857354 0.972020566 0.0771707743
-208.533691 615.618042 -0.952558994 -0.275157869 0.795398176 0.540027618
-208.5 615.9021 -1.63672876 -0.289115965 0.933964074 0.210055038
-208.183899 615.618042 -0.838902712 -0.149978563 0.786966443 0.59849
-208 615.56366 -0.753020406 -0.0599127859 0.780427039 0.622369766
-208 615.801941 -1.13223255 -0.0730560496 0.89668256 0.436604172
-208.363266 615.9021 -1.5 -0.210055038 0.933964014 0.289115995
-208.190979 615.9021 -1.41221476 -0.134305447 0.930465817 0.340874493
-208 615.949829 -1.55495811 -0.0771707743 0.972020566 0.221857354
-208 616 -2 -0.1101126 0.985595882 0.128358722
-209.94986 614 -1.55495811 -0.982360184 -7.16398517e-07 0.18699871
-210 614 -2 -0.993712187 0 0.111964479
-210 310 -2 -0.993167937 -7.01347699e-06 0.116693936
-209.941376 310 -1.51929998 -0.963088155 -9.2290411e-06 0.269186258
-209.801941 614 -1.13223255 -0.913513422 2.66985103e-06 0.406808555
-209.768921 310 -1.06678224 -0.873010278 -1.29969249e-05 0.487701863
-209.56366 614 -0.753020406 -0.79619801 5.39447728e-06 0.605036139
-209.492767 310 -0.668976545 -0.734164655 -1.59492156e-05 0.678971469
-209.246979 614 -0.436337024 -0.636637449 7.45781836e-06 0.771163285
-209.129105 310 -0.349205375 -0.554308295 -1.80862098e-05 0.832311392
-208.867767 614 -0.198062271 -0.443297237 8.86013095e-06 0.896374643
-208.699234 310 -0.126216009 -0.38236025 -9.69636858e-07 0.924013317
-208.445038 614 -0.0501441769 -0.232785821 2.74798585e-05 0.97252804
-208.509567 309.999237 -0.0658337399 -0.255763888 4.39880068e-06 0.966739297
-208.316391 309.997681 -0.0249306839 -0.120604783 1.49793632e-05 0.992700577
-208 614 0 -0.0981200412 2.0508558e-05 0.995174587
-208 309.996002 0 -0.078551732 0 0.996910036
197.600006 62.0740509 -320 -0 -0 1
195 53 -320 -0 -0 1
196 53 -320 -0 -0 1
196.085999 70.9844513 -320 -0 -0 1
197.425034 68.4383698 -320 -0 -0 1
196.91037 69.7928467 -320 -0 -0 1
195 71.9436798 -320 -0 -0 1
197.600006 67 -320 -0 -0 1
197.600006 67 -320 0.993188024 0.116522796 3.05187095e-05
197.600006 67 -522 0.993712187 0.111964479 0
197.44957 68.3351288 -522 0.982369661 0.18694891 3.01496038e-06
197.425034 68.4383698 -320 0.963191509 0.268816084 4.01929174e-05
197.005814 69.603302 -522 0.913630188 0.406546265 -1.18992293e-05
196.91037 69.7928467 -320 0.87341553 0.48697567 5.67442221e-05
196.290985 70.7409363 -522 0.766262889 0.642527223 2.99017356e-05
196.085999 70.9844513 -320 0.742733002 0.669587672 -3.85362982e-05
195 71.9436798 -348 0.66536051 0.746522248 2.5591246e-06
195.340942 71.6909866 -522 0.6116032 0.791164637 4.37472809e-05
195 71.9436798 -321 0.65989846 0.751354754 4.21346137e-16
194.610931 72.1899719 -351.926086 0.483558685 0.875311971 -4.21102741e-05
194.203308 72.4058151 -522 0.426412165 0.904528975 -8.56523693e-05
195 71.9436798 -320 0.637827635 0.770179152 3.76411235e-15
194.67868 72.1499252 -320 0.52219224 0.852827787 1.26845947e-15
194.67868 72.1499252 -321 0.503977656 0.863716722 -2.05125228e-15
194.344894 72.3353119 -320 0.4668926 0.884314001 -7.01530898e-16
194.344894 72.3353119 -321 0.448022276 0.894022405 -2.40925022e-16
194 72.4990921 -320 0.428958803 0.903324068 3.27125342e-16
194 72.4990921 -321 0.428958803 0.903324068 0
193.465561 72.7026062 -355.682648 0.281592041 0.959534228 0.00014226223
192.93512 72.8495712 -522 0.1959856 0.980606794 8.97077334e-05
191.600006 73 -359.155273 0.13833198 0.99038589 0.000219253678
191.600006 73 -522 0.111964472 0.993712187 0
175 53 -542 0 -1 0
-175 53 -542 0 -1 0
-175 53 -543 0 -1 0
175 53 -543 0 -1 0
196 53 -522 0 -1 0
195 53 -320 0 -1 0
195 53 -522 0 -1 0
196 53 -320 0 -1 0
185.600006 73 -364.959961 -1 0 0
185.600006 63 -522 -1 0 0
185.600006 63 -364.959961 -1 0 0
185.600006 73 -522 -1 0 0
185.600006 73 -364.959961 0 1 0
191.600006 73 -522 0 1 0
185.600006 73 -522 0 1 0
187.865524 73 -363.312683 0 1 0
191.600006 73 -359.155273 0 1 0
189.878693 73 -361.365051 0 1 0
197.600006 67 -522 1 0 0
197.600006 67 -320 1 0 0
197.600006 62.0740509 -320 1 0 0
197.600006 62.0740509 -522 1 0 0
197.600006 62.0740509 -320 0.98480773 -0.173648179 0
196 53 -320 0.98480773 -0.173648179 0
196 53 -522 0.98480773 -0.173648179 0
197.600006 62.0740509 -522 0.98480773 -0.173648179 0
194.498566 53 -526.450439 0 -1 0
179.672943 53 -542.473511 0 -1 0
179.450424 53 -541.498535 0 -1 0
195.47348 53 -526.672913 0 -1 0
193.920349 53 -531.111572 0 -1 0
193.019379 53 -530.677673 0 -1 0
184.111557 53 -540.920349 0 -1 0
183.677673 53 -540.019348 0 -1 0
188.093292 53 -538.418457 0 -1 0
187.469803 53 -537.636658 0 -1 0
191.418457 53 -535.093262 0 -1 0
190.636627 53 -534.469788 0 -1 0
177.358719 63 -532.334229 -0.185773969 -0 0.982592523
175 73 -532.599976 -0.111964472 -0 0.993712187
175 63 -532.599976 -0.111964472 -0 0.993712187
177.358719 73 -532.334229 -0.258954376 -0 0.965889573
179.599167 63 -531.550293 -0.433883727 -0 0.900968909
179.599167 73 -531.550293 -0.433883727 -0 0.900968909
181.608994 73 -530.287415 -0.623489797 -0 0.781831503
181.608994 63 -530.287415 -0.623489797 -0 0.781831503
183.287415 63 -528.609009 -0.75788033 -0 0.652393579
183.287415 73 -528.609009 -0.804681003 -0 0.593707442
184.550262 63 -526.599182 -0.90096885 -0 0.433883756
184.550262 73 -526.599182 -0.900968909 -0 0.433883727
185.334229 73 -524.358704 -0.974927902 -0 0.222520962
185.334229 63 -524.358704 -0.974927902 -0 0.222520933
185.600006 63 -522 -0.993712187 -0 0.111964472
185.600006 73 -522 -0.993712187 -0 0.111964472
177.358719 73 -532.334229 0 1 0
178.693848 73 -538.183777 0 1 0
175 73 -538.599976 0 1 0
175 73 -532.599976 0 1 0
179.599167 73 -531.550293 0 1 0
182.202469 73 -536.956055 0 1 0
185.34993 73 -534.978394 0 1 0
181.608994 73 -530.287415 0 1 0
187.978409 73 -532.349915 0 1 0
183.287415 73 -528.609009 0 1 0
184.550262 73 -526.599182 0 1 0
189.956085 73 -529.202454 0 1 0
191.183807 73 -525.693848 0 1 0
185.334229 73 -524.358704 0 1 0
192.93512 72.8495712 -522 0.187607244 0.982016623 -0.0211382601
191.183807 73 -525.693848 0.109157279 0.993712187 -0.0249144398
191.600006 73 -522 0.111955568 0.993633151 -0.0126143638
178.990936 72.8495712 -539.485474 0.0547153428 0.974306464 -0.218479067
175 73 -538.599976 0.0126143629 0.993633151 -0.111955561
178.693848 73 -538.183777 0.0292279292 0.993702471 -0.108171634
175 72.8495712 -539.93512 0.0293524154 0.965024889 -0.260509878
179.273132 72.4058151 -540.721863 0.101723887 0.899933934 -0.423994273
175 72.4058151 -541.203308 0.0527336299 0.882140994 -0.468023896
179.526291 71.6909866 -541.830933 0.143462613 0.780618608 -0.608319879
175 71.6909866 -542.340942 0.0734066665 0.755087018 -0.651502192
179.737686 70.7409363 -542.757202 0.177860677 0.62233448 -0.762276471
175 70.7409363 -543.291016 0.090350233 0.590613782 -0.801880419
182.781754 72.8495712 -538.158997 0.0854235366 0.979416907 -0.18288064
182.202469 73 -536.956055 0.0525655821 0.993702471 -0.0989557281
179.896759 69.603302 -543.454102 0.203232124 0.432989329 -0.878189564
175 69.603302 -544.005798 0.10275384 0.397190928 -0.911965489
183.332001 72.4058151 -539.301575 0.191399381 0.906558931 -0.376187652
179.995499 68.3351288 -543.886719 0.181291655 0.221887782 -0.958070517
180.028976 67 -544.033386 0.257168263 0.111887276 -0.959867537
175 67 -544.599976 0.111269213 0.111269213 -0.987541556
175 68.3351288 -544.449585 0.109191194 0.221190438 -0.969098568
183.825607 71.6909866 -540.326538 0.252770126 0.795009136 -0.551423371
184.237808 70.7409363 -541.182495 0.329152316 0.651534736 -0.683491886
186.182373 72.8495712 -536.022217 0.149194777 0.970430672 -0.189750552
185.34993 73 -534.978394 0.0732673705 0.993702471 -0.0847777575
184.547958 69.603302 -541.826538 0.38374126 0.4666664 -0.796846986
186.973068 72.4058151 -537.013733 0.293543249 0.890414774 -0.34784174
184.740509 68.3351288 -542.226379 0.406745881 0.237498805 -0.882129312
184.805771 67 -542.361877 0.464311123 0.111887269 -0.878576338
187.682373 71.6909866 -537.903198 0.391303509 0.770202756 -0.50365591
188.274719 70.7409363 -538.645935 0.502017498 0.593039215 -0.629510045
189.022247 72.8495712 -533.182373 0.178997651 0.974306464 -0.136699378
187.978409 73 -532.349915 0.0902952328 0.993702471 -0.0663486868
188.720398 69.603302 -539.204834 0.571626842 0.399304509 -0.716797471
190.013748 72.4058151 -533.973083 0.343887031 0.899933934 -0.268068254
188.99707 68.3351288 -539.551758 0.612655759 0.185609683 -0.768246055
189.090866 67 -539.669373 0.61956948 0.111964479 -0.776915491
192.669388 67 -536.090881 0.776915491 0.111964472 -0.61956948
190.903183 71.6909866 -534.682373 0.491444856 0.780618608 -0.386156172
191.645966 70.7409363 -535.274719 0.614328682 0.622334421 -0.485077411
191.158997 72.8495712 -529.781738 0.191820756 0.977659404 -0.085947074
189.956085 73 -529.202454 0.100876503 0.993712187 -0.0485795662
192.204834 69.603302 -535.720398 0.706435561 0.432989299 -0.559883118
192.301575 72.4058151 -530.33197 0.37043348 0.909992993 -0.186257377
192.551773 68.3351288 -535.99707 0.74488914 0.244027615 -0.62095952
193.326553 71.6909866 -530.825623 0.535944581 0.803834081 -0.258097291
194.182526 70.7409363 -531.237793 0.702467918 0.634488106 -0.322433949
192.485458 72.8495712 -525.990967 0.24123913 0.969329178 -0.0469528884
194.203308 72.4058151 -522 0.436536878 0.898340881 -0.0491858944
194.826553 69.603302 -531.547974 0.794722736 0.45346722 -0.403464109
193.721832 72.4058151 -526.273132 0.421344668 0.899821997 -0.113088869
195.226364 68.3351288 -531.740479 0.868005335 0.237498805 -0.436074585
195.361893 67 -531.805786 0.910796463 0.111887276 -0.397405386
194.830948 71.6909866 -526.526306 0.608319938 0.780618548 -0.143462613
195.340942 71.6909866 -522 0.651502192 0.755087018 -0.0734066665
195.757187 70.7409363 -526.737671 0.752197325 0.640245914 -0.15583463
196.290985 70.7409363 -522 0.801880419 0.590613782 -0.090350233
196.454086 69.603302 -526.896729 0.868415058 0.447132498 -0.214307785
197.005814 69.603302 -522 0.911965489 0.397190928 -0.10275384
196.886703 68.3351288 -526.995483 0.957193077 0.206241369 -0.203090787
197.44957 68.3351288 -522 0.969098568 0.221190438 -0.109191194
197.600006 67 -522 0.987541556 0.111269213 -0.111269213
197.033371 67 -527.028992 0.968797803 0.111964472 -0.221121743
180.028976 62.0740509 -544.033386 0.185773969 0 -0.982592523
175 67 -544.599976 0.111964479 0 -0.993712187
180.028976 67 -544.033386 0.258954316 0 -0.965889573
175 62.0740509 -544.599976 0.111964479 0 -0.993712187
184.805771 62.0740509 -542.361877 0.433883727 0 -0.900968909
184.805771 67 -542.361877 0.433883727 0 -0.900968909
189.090866 67 -539.669373 0.623489797 0 -0.781831443
189.090866 62.0740509 -539.669373 0.623489797 0 -0.781831443
192.669388 62.0740509 -536.090881 0.781831443 0 -0.623489797
192.669388 67 -536.090881 0.781831443 0 -0.623489797
195.361893 67 -531.805786 0.884049892 0 -0.467392474
195.361893 62.0740509 -531.805786 0.916618288 0 -0.399763614
197.033371 67 -527.028992 0.974927902 0 -0.222520962
197.033371 62.0740509 -527.028992 0.974927902 0 -0.222520947
197.600006 62.0740509 -522 0.993712187 0 -0.111964479
197.600006 67 -522 0.993712187 0 -0.111964479
197.033371 62.0740509 -527.028992 0.967350066 -0.173540682 -0.184709296
197.600006 62.0740509 -522 0.978800476 -0.17258893 -0.110284328
196 53 -522 0.978800476 -0.17258893 -0.110284321
195.47348 53 -526.672913 0.950762391 -0.17351748 -0.256792873
195.361893 62.0740509 -531.805786 0.88728112 -0.173648164 -0.427292019
193.920349 53 -531.111572 0.88728112 -0.173648193 -0.427292079
191.418457 53 -535.093262 0.769953728 -0.173648164 -0.614017546
192.669388 62.0740509 -536.090881 0.769953728 -0.173648179 -0.614017606
189.090866 62.0740509 -539.669373 0.641140342 -0.173540682 -0.747544467
188.093292 53 -538.418457 0.583228171 -0.17351748 -0.793559432
184.805771 62.0740509 -542.361877 0.427292019 -0.173648164 -0.88728112
184.111557 53 -540.920349 0.427292079 -0.173648193 -0.88728112
179.672943 53 -542.473511 0.256792873 -0.173517495 -0.950762391
180.028976 62.0740509 -544.033386 0.184709296 -0.173540697 -0.967350066
175 53 -543 0.110284321 -0.17258893 -0.978800476
175 62.0740509 -544.599976 0.110284328 -0.17258893 -0.978800476
175 73 -532.599976 0 0 1
-175 63 -532.599976 0 0 1
175 63 -532.599976 0 0 1
-175 73 -532.599976 0 0 1
-175 73 -538.599976 0 1 0
-175 73 -532.599976 0 1 0
175 68.3351288 -544.449585 0 0.185773954 -0.982592523
175 67 -544.599976 0 0.111964472 -0.993712187
-175 67 -544.599976 0 0.111964472 -0.993712187
-175 68.3351288 -544.449585 0 0.258954316 -0.965889573
175 69.603302 -544.005798 0 0.433883727 -0.90096885
-175 69.603302 -544.005798 0 0.433883727 -0.90096885
-175 70.7409363 -543.291016 0 0.623489797 -0.781831503
175 70.7409363 -543.291016 0 0.623489797 -0.781831443
175 71.6909866 -542.340942 0 0.781831443 -0.623489797
-175 71.6909866 -542.340942 0 0.781831443 -0.623489797
-175 72.4058151 -541.203308 0 0.90096885 -0.433883756
175 72.4058151 -541.203308 0 0.90096885 -0.433883727
175 72.8495712 -539.93512 0 0.965889573 -0.258954376
-175 72.8495712 -539.93512 0 0.982592523 -0.185773954
175 73 -538.599976 0 0.993712187 -0.111964472
-175 73 -538.599976 0 0.993712187 -0.111964472
-175 62.0740509 -544.599976 0 0 -1
175 67 -544.599976 0 0 -1
175 62.0740509 -544.599976 0 0 -1
-175 67 -544.599976 0 0 -1
175 62.0740509 -544.599976 0 -0.173648179 -0.98480773
175 53 -543 0 -0.173648179 -0.98480773
-175 53 -543 0 -0.173648179 -0.98480773
-175 62.0740509 -544.599976 0 -0.173648179 -0.98480773
-197.600006 67 -320 -0 -0 1
-195 71.9436798 -320 -0 -0 1
-196.085999 70.9844513 -320 -0 -0 1
-196.91037 69.7928467 -320 -0 -0 1
-197.425034 68.4383698 -320 -0 -0 1
-197.600006 62.0740509 -320 -0 -0 1
-195 53 -320 -0 -0 1
-196 53 -320 -0 -0 1
-191.600006 73 -359.155273 -0.13837041 0.990380526 0.000219573674
-191.600006 73 -522 -0.111964472 0.993712187 0
-192.93512 72.8495712 -522 -0.196000069 0.980603874 8.98267026e-05
-193.466553 72.7023392 -355.680481 -0.281679302 0.959508598 0.000142462537
-194.203308 72.4058151 -522 -0.426487297 0.90449357 -8.57976338e-05
-194.612427 72.1891098 -351.918549 -0.483627737 0.875273764 -4.19726457e-05
-195.340942 71.6909866 -522 -0.611661077 0.791119933 4.3760745e-05
-194.344894 72.3353119 -321 -0.448022306 0.894022346 0
-194 72.4990921 -320 -0.428958803 0.903324068 0
-194 72.4990921 -321 -0.428958803 0.903324068 0
-194.344894 72.3353119 -320 -0.4668926 0.884314001 4.14296478e-15
-195 71.9436798 -348 -0.665430427 0.746459901 2.68863732e-06
-196.290985 70.7409363 -522 -0.76626277 0.642527282 2.99017356e-05
-194.67868 72.1499252 -321 -0.513113856 0.858320534 6.09847459e-15
-194.67868 72.1499252 -320 -0.513113856 0.858320534 1.21969492e-14
-195 71.9436798 -320 -0.621598125 0.783336282 2.06901075e-15
-195 71.9436798 -321 -0.660945117 0.75043422 6.49077028e-15
-196.085999 70.9844513 -320 -0.742733002 0.669587731 -3.85363019e-05
-196.91037 69.7928467 -320 -0.87341553 0.48697564 5.67442221e-05
-197.005814 69.603302 -522 -0.913630188 0.406546265 -1.18992293e-05
-197.425034 68.4383698 -320 -0.963191509 0.268816084 4.01929174e-05
-197.44957 68.3351288 -522 -0.982369661 0.18694891 3.01496038e-06
-197.600006 67 -320 -0.993188024 0.116522796 3.05187095e-05
-197.600006 67 -522 -0.993712187 0.111964479 0
-195 53 -522 0 -1 0
-195 53 -320 0 -1 0
-196 53 -320 0 -1 0
-196 53 -522 0 -1 0
-196 53 -320 -0.98480773 -0.173648179 0
-197.600006 62.0740509 -320 -0.98480773 -0.173648179 0
-197.600006 62.0740509 -522 -0.98480773 -0.173648179 0
-196 53 -522 -0.98480773 -0.173648179 0
-197.600006 67 -320 -1 0 0
-197.600006 62.0740509 -522 -1 0 0
-197.600006 62.0740509 -320 -1 0 0
-197.600006 67 -522 -1 0 0
-187.865524 73 -363.312683 -7.37820622e-17 1 -8.7816207e-17
-191.600006 73 -522 -1.23515234e-15 1 -7.62783675e-17
-189.878693 73 -361.365051 -3.8577781e-15 1 -4.71280099e-17
-191.600006 73 -359.155273 -8.25581584e-15 1 0
-185.600006 73 -364.959961 -1.78981983e-17 1 -8.98080844e-17
-185.600006 73 -522 0 1 -9.04919179e-17
-185.600006 73 -522 1 0 0
-185.600006 73 -364.959961 1 0 0
-185.600006 63 -364.959961 1 0 0
-185.600006 63 -522 1 0 0
-194.498566 53 -526.450439 0 -1 0
-195.47348 53 -526.672913 0 -1 0
-193.920349 53 -531.111572 0 -1 0
-193.019379 53 -530.677673 0 -1 0
-191.418457 53 -535.093262 0 -1 0
-190.636627 53 -534.469788 0 -1 0
-188.093292 53 -538.418457 0 -1 0
-187.469803 53 -537.636658 0 -1 0
-184.111557 53 -540.920349 0 -1 0
-183.677673 53 -540.019348 0 -1 0
-179.450424 53 -541.498535 0 -1 0
-179.672943 53 -542.473511 0 -1 0
-180.028976 62.0740509 -544.033386 -0.184709296 -0.173540697 -0.967350066
-175 53 -543 -0.110284321 -0.17258893 -0.978800476
-179.672943 53 -542.473511 -0.256792873 -0.173517495 -0.950762391
-175 62.0740509 -544.599976 -0.110284328 -0.17258893 -0.978800476
-184.805771 62.0740509 -542.361877 -0.395333916 -0.173540697 -0.901994884
-184.111557 53 -540.920349 -0.461919069 -0.17351748 -0.869782984
-189.090866 62.0740509 -539.669373 -0.586134791 -0.173540697 -0.79140991
-188.093292 53 -538.418457 -0.643882692 -0.17351748 -0.745189071
-192.669388 62.0740509 -536.090881 -0.769953728 -0.173648164 -0.614017546
-191.418457 53 -535.093262 -0.769953728 -0.173648179 -0.614017606
-193.920349 53 -531.111572 -0.88728112 -0.173648164 -0.427292079
-195.361893 62.0740509 -531.805786 -0.88728112 -0.173648179 -0.427292049
-197.033371 62.0740509 -527.028992 -0.951694667 -0.173540682 -0.253300101
-195.47348 53 -526.672913 -0.968025565 -0.17351748 -0.181157932
-197.600006 62.0740509 -522 -0.978800476 -0.17258893 -0.110284321
-196 53 -522 -0.978800476 -0.17258893 -0.110284328
-180.028976 67 -544.033386 -0.185773969 0 -0.982592523
-175 62.0740509 -544.599976 -0.111964479 0 -0.993712187
-180.028976 62.0740509 -544.033386 -0.258954316 0 -0.965889573
-175 67 -544.599976 -0.111964479 0 -0.993712187
-184.805771 67 -542.361877 -0.433883727 0 -0.900968909
-184.805771 62.0740509 -542.361877 -0.433883727 0 -0.900968909
-189.090866 62.0740509 -539.669373 -0.623489797 0 -0.781831443
-189.090866 67 -539.669373 -0.623489797 0 -0.781831443
-192.669388 67 -536.090881 -0.781831443 0 -0.623489797
-192.669388 62.0740509 -536.090881 -0.781831443 0 -0.623489797
-195.361893 62.0740509 -531.805786 -0.884049892 0 -0.467392474
-195.361893 67 -531.805786 -0.916618288 0 -0.399763614
-197.033371 62.0740509 -527.028992 -0.974927902 0 -0.222520962
-197.033371 67 -527.028992 -0.974927902 0 -0.222520947
-197.600006 67 -522 -0.993712187 0 -0.111964479
-197.600006 62.0740509 -522 -0.993712187 0 -0.111964479
-178.693848 73 -538.183777 -0.0249144398 0.993712187 -0.109157279
-175 73 -538.599976 -0.0126143638 0.993633151 -0.111955568
-175 72.8495712 -539.93512 -0.0211382601 0.982016623 -0.187607244
-179.995499 68.3351288 -543.886719 -0.215578809 0.222035065 -0.950908124
-175 67 -544.599976 -0.111269213 0.111269213 -0.987541556
-180.028976 67 -544.033386 -0.257168263 0.111887276 -0.959867537
-175 68.3351288 -544.449585 -0.108205043 0.25695616 -0.960346401
-179.896759 69.603302 -543.454102 -0.197926357 0.432989329 -0.879400611
-175 69.603302 -544.005798 -0.0991605744 0.464366436 -0.880074441
-179.737686 70.7409363 -542.757202 -0.170492426 0.62233448 -0.763958216
-175 70.7409363 -543.291016 -0.0851652548 0.649167657 -0.755862594
-179.526291 71.6909866 -541.830933 -0.134684756 0.780618548 -0.610323429
-175 71.6909866 -542.340942 -0.0668738633 0.802034676 -0.593521953
-184.740509 68.3351288 -542.226379 -0.421770722 0.22203505 -0.879096091
-184.805771 67 -542.361877 -0.464311123 0.111887269 -0.878576338
-179.273132 72.4058151 -540.721863 -0.088932395 0.890414774 -0.446377099
-175 72.4058151 -541.203308 -0.0451707058 0.915007055 -0.400901109
-184.547958 69.603302 -541.826538 -0.388648957 0.432989329 -0.813309431
-178.990936 72.8495712 -539.485474 -0.0579938963 0.965440869 -0.254087865
-184.237808 70.7409363 -541.182495 -0.336214513 0.62233448 -0.706866086
-183.825607 71.6909866 -540.326538 -0.267117679 0.780618608 -0.565051138
-188.99707 68.3351288 -539.551758 -0.606813312 0.222035065 -0.763202488
-189.090866 67 -539.669373 -0.648171544 0.111887284 -0.753229678
-183.332001 72.4058151 -539.301575 -0.174779773 0.90655899 -0.384191185
-188.720398 69.603302 -539.204834 -0.559883118 0.432989269 -0.706435561
-182.781754 72.8495712 -538.158997 -0.0814179257 0.982236087 -0.169066057
-182.202469 73 -536.956055 -0.0485795662 0.993712187 -0.100876503
-185.34993 73 -534.978394 -0.0663486868 0.993702471 -0.0902952328
-188.274719 70.7409363 -538.645935 -0.48082298 0.60512203 -0.634536564
-187.682373 71.6909866 -537.903198 -0.40730384 0.757129669 -0.510742784
-192.551773 68.3351288 -535.99707 -0.76142776 0.22203505 -0.609038711
-192.669388 67 -536.090881 -0.79952991 0.111887276 -0.590112865
-186.973068 72.4058151 -537.013733 -0.284975678 0.892587066 -0.349395454
-192.204834 69.603302 -535.720398 -0.703042328 0.432989329 -0.564138055
-186.182373 72.8495712 -536.022217 -0.136699364 0.974306464 -0.178997651
-187.978409 73 -532.349915 -0.0875373483 0.993712187 -0.0698087066
-191.645966 70.7409363 -535.274719 -0.595292389 0.634488106 -0.493002862
-190.903183 71.6909866 -534.682373 -0.465075284 0.803834021 -0.370885134
-195.226364 68.3351288 -531.740479 -0.872644186 0.200330898 -0.4453758
-195.361893 67 -531.805786 -0.910796463 0.111887276 -0.397405386
-190.013748 72.4058151 -533.973083 -0.328537166 0.909992993 -0.252935022
-194.826553 69.603302 -531.547974 -0.82404387 0.418244094 -0.382130295
-189.022247 72.8495712 -533.182373 -0.187119409 0.969329178 -0.159333721
-194.182526 70.7409363 -531.237793 -0.703586876 0.62233448 -0.343023777
-193.326553 71.6909866 -530.825623 -0.56114465 0.780618548 -0.275229663
-196.886703 68.3351288 -526.995483 -0.95064646 0.221791655 -0.216978863
-197.033371 67 -527.028992 -0.968797803 0.111964472 -0.221121743
-197.600006 67 -522 -0.987541556 0.111269213 -0.111269213
-197.44957 68.3351288 -522 -0.969098568 0.221190438 -0.109191194
-197.005814 69.603302 -522 -0.896996677 0.43032822 -0.101067267
-192.301575 72.4058151 -530.33197 -0.404440105 0.890414774 -0.208781436
-196.454086 69.603302 -526.896729 -0.878379703 0.433883756 -0.200484425
-191.158997 72.8495712 -529.781738 -0.216749534 0.970430672 -0.106226161
-189.956085 73 -529.202454 -0.102795303 0.993702471 -0.044592604
-195.757187 70.7409363 -526.737671 -0.784986138 0.593039274 -0.179167986
-196.290985 70.7409363 -522 -0.755862594 0.649167657 -0.0851652548
-194.830948 71.6909866 -526.526306 -0.636885941 0.757129669 -0.145365059
-195.340942 71.6909866 -522 -0.593521953 0.802034676 -0.0668738633
-193.721832 72.4058151 -526.273132 -0.426107764 0.8994295 -0.0972563252
-194.203308 72.4058151 -522 -0.433366179 0.899894178 -0.0488286428
-192.93512 72.8495712 -522 -0.260509878 0.965024889 -0.0293524154
-192.485458 72.8495712 -525.990967 -0.182944402 0.982236147 -0.04175587
-191.600006 73 -522 -0.111955561 0.993633151 -0.0126143629
-191.183807 73 -525.693848 -0.109157287 0.993712187 -0.0249144398
-181.608994 73 -530.287415 0 1 0
-185.34993 73 -534.978394 0 1 0
-187.978409 73 -532.349915 0 1 0
-183.287415 73 -528.609009 0 1 0
-184.550262 73 -526.599182 0 1 0
-189.956085 73 -529.202454 0 1 0
-179.599167 73 -531.550293 0 1 0
-182.202469 73 -536.956055 0 1 0
-177.358719 73 -532.334229 0 1 0
-178.693848 73 -538.183777 0 1 0
-185.334229 73 -524.358704 0 1 0
-191.183807 73 -525.693848 0 1 0
-177.358719 73 -532.334229 0.185773969 -0 0.982592523
-175 63 -532.599976 0.111964472 -0 0.993712187
-175 73 -532.599976 0.111964472 -0 0.993712187
-177.358719 63 -532.334229 0.258954376 -0 0.965889573
-179.599167 73 -531.550293 0.433883727 -0 0.900968909
-179.599167 63 -531.550293 0.433883727 -0 0.900968909
-181.608994 63 -530.287415 0.623489797 -0 0.781831503
-181.608994 73 -530.287415 0.623489797 -0 0.781831503
-183.287415 73 -528.609009 0.75788033 -0 0.652393579
-183.287415 63 -528.609009 0.804681003 -0 0.593707442
-184.550262 73 -526.599182 0.90096885 -0 0.433883756
-184.550262 63 -526.599182 0.900968909 -0 0.433883727
-185.334229 63 -524.358704 0.974927902 -0 0.222520962
-185.334229 73 -524.358704 0.974927902 -0 0.222520933
-185.600006 73 -522 0.993712187 -0 0.111964472
-185.600006 63 -522 0.993712187 -0 0.111964472
2 0 1
2 2 3
2 4 5
2 6 7
2 8 9
3 10 11 12
3 10 13 11
3 14 10 12
3 16 13 10
3 23 16 10
3 23 10 14
3 14 12 15
3 20 14 15
3 28 23 14
3 28 14 20
3 23 24 25
3 23 25 17
3 23 17 16
3 28 24 23
3 28 29 24
3 28 20 26
3 32 28 26
3 32 29 28
3 32 33 29
3 36 33 32
3 36 32 26
3 26 22 27
3 26 20 22
3 30 26 27
3 36 26 30
3 20 21 22
3 20 15 21
3 30 27 31
3 34 30 31
3 36 30 34
3 34 31 35
3 39 34 35
3 42 36 34
3 46 34 39
3 46 42 34
3 39 35 40
3 39 40 41
3 44 39 41
3 51 39 44
3 51 46 39
3 46 47 43
3 46 43 42
3 51 47 46
3 42 43 37
3 42 37 36
3 36 37 38
3 36 38 33
3 51 53 47
3 51 52 53
3 54 56 52
3 54 52 51
3 54 44 48
3 54 50 55
3 54 55 56
3 54 48 50
3 54 51 44
3 48 49 50
3 48 45 49
3 48 44 45
3 44 41 45
3 16 17 18
3 16 18 19
3 16 19 13
3 57 58 59
3 57 60 58
3 61 57 59
3 63 60 57
3 70 63 57
3 70 57 61
3 61 59 62
3 67 61 62
3 75 70 61
3 75 61 67
3 70 71 72
3 70 72 65
3 70 65 63
3 75 71 70
3 75 76 71
3 75 67 73
3 79 75 73
3 79 76 75
3 79 80 76
3 83 80 79
3 83 79 73
3 73 69 74
3 73 67 69
3 77 73 74
3 83 73 77
3 67 68 69
3 67 62 68
3 77 74 78
3 81 77 78
3 83 77 81
3 81 78 82
3 86 81 82
3 89 83 81
3 93 81 86
3 93 89 81
3 86 82 87
3 86 87 88
3 91 86 88
3 98 86 91
3 98 93 86
3 93 94 90
3 93 90 89
3 98 94 93
3 89 90 84
3 89 84 83
3 83 84 85
3 83 85 80
3 98 100 94
3 98 99 100
3 101 103 99
3 101 99 98
3 101 91 95
3 101 97 102
3 101 102 103
3 101 95 97
3 101 98 91
3 95 96 97
3 95 92 96
3 95 91 92
3 91 88 92
3 63 64 60
3 63 65 66
3 63 66 64
3 104 105 106
3 104 106 107
3 104 107 108
3 112 104 108
3 109 108 110
3 120 108 109
3 124 112 108
3 124 108 120
3 116 118 112
3 119 116 112
3 124 119 112
3 124 120 125
3 124 122 119
3 128 124 125
3 120 113 121
3 120 109 113
3 113 109 114
3 113 114 115
3 109 110 111
3 126 125 127
3 129 125 126
3 129 128 125
3 122 123 119
3 116 117 118
3 130 131 132
3 133 134 130
3 138 130 132
3 138 133 130
3 142 143 138
3 142 138 132
3 142 144 143
3 145 142 132
3 145 132 141
3 150 151 145
3 154 145 141
3 154 150 145
3 141 132 139
3 146 141 147
3 148 141 146
3 154 141 148
3 154 155 150
3 154 156 157
3 154 148 156
3 148 146 149
3 150 152 151
3 150 153 152
3 139 132 136
3 139 135 140
3 139 136 135
3 135 136 137
3 158 159 160
3 158 161 159
3 158 162 161
3 158 163 162
3 164 165 158
3 165 163 158
3 175 165 164
3 176 164 168
3 176 175 164
3 176 167 175
3 176 168 167
3 166 167 168
3 169 167 166
3 170 169 166
3 171 169 170
3 172 169 171
3 173 169 172
3 174 169 173
3 177 178 179
3 177 180 178
3 177 181 180
3 177 182 183
3 177 184 182
3 177 185 184
3 177 183 181
3 186 185 177
3 186 177 179
3 186 179 187
3 186 187 188
3 186 189 185
3 186 190 189
3 191 186 188
3 191 190 186
3 191 188 192
3 191 193 190
3 191 194 193
3 195 194 191
3 195 191 192
3 195 192 196
3 195 196 197
3 195 198 194
3 199 195 197
3 199 198 195
3 199 197 200
3 199 200 201
3 199 202 198
3 199 203 202
3 204 199 201
3 204 203 199
3 204 201 207
3 204 207 205
3 204 205 206
3 204 206 208
3 204 209 203
3 204 210 209
3 204 208 210
3 211 212 213
3 214 211 213
3 216 217 211
3 218 211 214
3 218 216 211
3 214 213 215
3 219 216 218
3 220 216 219
3 222 216 220
3 224 216 222
3 226 216 224
3 228 216 226
3 221 219 218
3 221 220 219
3 248 220 221
3 250 222 220
3 250 220 248
3 250 224 222
3 255 226 224
3 255 224 250
3 249 250 244
3 252 253 250
3 252 250 249
3 250 248 244
3 255 250 253
3 254 255 253
3 254 256 255
3 256 226 255
3 254 253 252
3 252 249 243
3 259 254 252
3 259 252 243
3 249 244 243
3 243 244 245
3 244 248 245
3 243 245 246
3 259 243 246
3 247 245 248
3 247 246 245
3 251 246 247
3 263 246 251
3 263 259 246
3 247 248 227
3 251 247 227
3 248 221 223
3 248 223 227
3 227 225 218
3 251 227 218
3 227 223 225
3 223 221 218
3 225 223 218
3 264 251 218
3 264 265 266
3 264 267 265
3 264 268 267
3 264 269 268
3 264 266 251
3 271 264 272
3 275 264 271
3 276 264 275
3 276 269 264
3 265 251 266
3 285 251 265
3 285 263 251
3 263 262 261
3 270 262 263
3 263 261 259
3 286 270 263
3 285 286 263
3 261 262 260
3 261 260 259
3 270 242 262
3 262 242 241
3 260 262 241
3 270 238 242
3 281 270 286
3 281 238 270
3 281 286 285
3 281 282 283
3 281 284 282
3 281 285 284
3 287 281 283
3 289 281 287
3 287 283 288
3 282 288 283
3 287 280 276
3 287 288 280
3 292 287 293
3 292 289 287
3 290 291 289
3 292 290 289
3 292 293 294
3 276 280 279
3 280 278 279
3 288 278 280
3 282 278 288
3 276 278 269
3 276 279 278
3 278 267 268
3 278 268 269
3 282 267 278
3 282 284 285
3 282 285 267
3 285 265 267
3 276 275 277
3 275 271 273
3 273 271 274
3 238 236 235
3 238 228 234
3 238 235 228
3 238 234 239
3 240 238 239
3 241 238 240
3 242 238 241
3 236 237 235
3 235 233 228
3 233 231 228
3 231 232 228
3 228 226 229
3 230 228 229
3 234 228 230
3 230 229 226
3 260 230 226
3 260 226 256
3 260 234 230
3 241 239 234
3 260 241 234
3 259 260 258
3 260 256 258
3 257 258 256
3 257 256 254
3 259 258 257
3 259 257 254
3 241 240 239
3 295 296 297
3 298 296 295
3 299 301 296
3 299 296 298
3 299 300 301
3 302 300 299
3 303 302 299
3 304 302 303
3 306 302 304
3 308 302 306
3 311 302 308
3 305 303 299
3 305 304 303
3 316 306 304
3 323 304 305
3 323 316 304
3 316 308 306
3 311 308 312
3 316 312 308
3 316 311 313
3 319 311 316
3 316 313 312
3 323 319 316
3 323 322 319
3 324 322 323
3 323 305 307
3 324 323 307
3 307 305 299
3 309 307 299
3 325 307 309
3 325 324 307
3 325 322 324
3 326 322 325
3 325 309 333
3 346 326 325
3 345 325 333
3 345 346 325
3 310 309 299
3 333 309 310
3 336 310 299
3 347 336 299
3 336 333 310
3 336 332 333
3 347 349 336
3 349 332 336
3 347 348 349
3 348 332 349
3 347 350 348
3 372 332 348
3 370 348 350
3 370 372 348
3 347 351 350
3 352 350 351
3 366 350 352
3 370 350 366
3 368 370 369
3 368 371 370
3 370 371 372
3 369 370 366
3 364 366 365
3 364 367 366
3 366 352 365
3 369 366 367
3 368 369 367
3 368 367 364
3 368 372 371
3 368 356 372
3 368 322 356
3 373 374 368
3 373 368 364
3 322 311 319
3 322 317 311
3 322 320 317
3 356 322 326
3 313 311 312
3 314 315 311
3 317 314 311
3 317 318 314
3 320 321 317
3 356 326 346
3 356 346 353
3 356 353 332
3 372 356 332
3 344 346 345
3 353 346 344
3 353 344 332
3 332 329 333
3 332 331 329
3 332 327 331
3 344 327 332
3 327 328 329
3 327 329 331
3 328 333 329
3 330 333 328
3 345 333 330
3 327 330 328
3 334 330 327
3 337 334 327
3 344 337 327
3 334 335 330
3 339 330 335
3 341 330 339
3 345 330 341
3 337 335 334
3 338 335 337
3 343 338 337
3 344 343 337
3 338 339 335
3 340 341 339
3 340 339 338
3 340 342 341
3 345 341 342
3 343 342 340
3 343 340 338
3 344 342 343
3 344 345 342
3 364 363 359
3 364 365 363
3 375 364 376
3 378 364 375
3 378 373 364
3 365 352 363
3 359 363 362
3 363 352 362
3 347 352 351
3 359 362 352
3 359 352 347
3 354 347 355
3 359 347 354
3 357 354 358
3 359 354 357
3 359 357 360
3 359 360 361
3 375 376 377
3 379 380 381
3 379 382 380
3 385 379 381
3 383 380 382
3 384 383 382
3 386 387 388
3 392 386 390
3 387 386 392
3 392 390 389
3 389 390 391
3 393 394 395
3 393 395 396
3 397 393 396
3 398 396 399
3 398 397 396
3 398 399 400
3 398 400 401
3 398 401 402
3 398 402 403
3 398 403 404
3 405 398 404
3 406 398 405
3 407 406 405
3 408 407 405
3 409 410 411
3 412 409 414
3 412 410 409
3 412 413 410
3 415 413 412
3 423 415 412
3 425 423 412
3 429 425 412
3 415 416 413
3 417 415 418
3 419 418 415
3 420 415 417
3 421 419 415
3 422 415 420
3 423 421 415
3 424 415 422
3 426 427 425
3 426 425 428
3 429 428 425
3 429 436 428
3 429 435 436
3 429 434 435
3 429 433 434
3 429 432 433
3 429 430 431
3 429 431 432
3 437 430 429
3 438 439 440
3 438 441 439
3 442 443 444
3 445 442 444
3 446 447 448
3 454 446 455
3 454 447 446
3 454 455 450
3 457 454 450
3 459 457 450
3 460 459 450
3 461 460 450
3 461 450 458
3 449 450 451
3 456 450 449
3 458 450 456
3 449 451 452
3 449 452 453
3 462 463 464
3 465 462 464
3 466 465 464
3 467 465 466
3 468 469 470
3 471 469 468
3 471 468 472
3 471 472 473
3 474 475 476
3 474 476 477
3 478 474 477
3 478 477 479
3 480 478 479
3 480 479 481
3 482 480 481
3 483 480 482
3 484 483 482
3 485 483 484
3 486 485 484
3 487 485 486
3 488 489 490
3 488 490 491
3 492 488 491
3 492 491 493
3 494 492 493
3 494 493 495
3 494 495 496
3 497 494 496
3 497 496 498
3 499 497 498
3 500 499 498
3 501 499 500
3 502 503 504
3 505 502 504
3 505 504 506
3 507 505 506
3 508 506 509
3 508 507 506
3 508 509 510
3 511 508 510
3 511 510 512
3 513 511 512
3 513 512 514
3 513 514 515
3 516 513 515
3 516 515 517
3 518 516 517
3 518 517 519
3 520 518 519
3 520 519 521
3 522 520 521
3 522 521 523
3 524 525 526
3 527 524 526
3 528 527 526
3 529 527 528
3 530 529 528
3 531 529 530
3 532 531 530
3 533 532 530
3 534 532 533
3 535 534 533
3 536 535 533
3 537 535 536
3 538 537 536
3 539 537 538
3 540 539 538
3 541 539 540
3 541 540 542
3 543 544 545
3 543 545 546
3 543 546 547
3 548 544 543
3 549 548 543
3 550 549 543
3 551 550 543
3 552 550 551
3 553 550 552
3 550 564 563
3 550 567 564
3 550 568 567
3 550 553 568
3 563 564 565
3 563 565 566
3 563 566 555
3 563 555 562
3 562 555 561
3 561 555 560
3 560 555 559
3 559 555 558
3 554 555 556
3 557 555 554
3 558 555 557
3 569 570 571
3 569 572 573
3 569 574 572
3 569 571 574
3 569 575 570
3 569 576 575
3 569 577 576
3 578 577 569
3 578 569 573
3 578 573 579
3 578 579 580
3 578 581 577
3 578 582 581
3 583 578 580
3 583 582 578
3 583 580 584
3 583 585 582
3 586 583 584
3 586 585 583
3 586 584 587
3 586 587 588
3 586 589 585
3 586 590 589
3 591 586 588
3 591 590 586
3 591 588 592
3 591 592 593
3 591 594 590
3 591 595 594
3 596 591 593
3 596 595 591
3 596 593 599
3 596 599 597
3 596 597 598
3 596 598 600
3 596 601 595
3 596 602 601
3 596 600 602
3 603 604 605
3 610 604 603
3 611 609 604
3 611 604 610
3 612 611 610
3 611 606 609
3 613 611 612
3 606 608 609
3 606 607 608
3 617 612 618
3 622 612 617
3 623 613 612
3 623 612 622
3 617 618 619
3 617 619 620
3 625 622 626
3 625 623 622
3 623 624 621
3 623 621 613
3 625 628 623
3 625 626 627
3 614 616 613
3 621 614 613
3 614 615 616
3 629 630 631
3 629 631 632
3 635 629 632
3 633 632 634
3 635 632 633
3 635 633 636
3 652 636 638
3 652 635 636
3 652 651 635
3 662 652 638
3 652 665 651
3 666 665 652
3 662 666 652
3 651 650 635
3 660 650 651
3 665 660 651
3 664 660 665
3 664 665 666
3 667 664 666
3 667 666 662
3 669 664 667
3 670 669 667
3 670 667 662
3 672 664 669
3 673 669 670
3 673 672 669
3 670 662 644
3 673 670 644
3 698 700 673
3 698 673 644
3 700 672 673
3 674 664 672
3 700 674 672
3 698 699 700
3 699 674 700
3 701 699 698
3 705 701 698
3 701 704 699
3 699 675 674
3 704 675 699
3 675 664 674
3 684 664 675
3 704 684 675
3 701 703 704
3 703 684 704
3 685 664 684
3 703 685 684
3 701 702 703
3 702 685 703
3 686 664 685
3 702 686 685
3 701 697 702
3 702 697 686
3 686 687 664
3 697 687 686
3 697 696 694
3 701 696 697
3 697 694 687
3 694 695 687
3 695 664 687
3 696 695 694
3 696 682 695
3 695 682 653
3 695 653 664
3 682 683 671
3 696 683 682
3 653 682 671
3 696 681 683
3 683 681 671
3 671 668 653
3 681 668 671
3 676 680 681
3 696 676 681
3 681 680 668
3 668 663 653
3 668 680 663
3 676 679 680
3 680 679 663
3 663 661 653
3 663 679 661
3 676 678 679
3 679 678 661
3 661 654 653
3 661 678 654
3 676 677 678
3 654 678 677
3 653 654 655
3 654 677 655
3 676 649 677
3 655 677 649
3 653 655 656
3 655 649 656
3 649 635 647
3 676 635 649
3 656 649 647
3 653 656 657
3 656 647 657
3 647 635 646
3 657 647 646
3 645 646 635
3 648 645 635
3 650 648 635
3 658 646 645
3 658 657 646
3 653 657 658
3 653 658 659
3 659 658 645
3 659 645 648
3 660 648 650
3 660 659 648
3 653 659 660
3 664 653 660
3 696 690 676
3 696 693 690
3 688 689 690
3 693 688 690
3 693 691 688
3 691 692 688
3 706 707 701
3 706 701 705
3 708 710 706
3 708 706 705
3 708 705 709
3 644 638 643
3 662 638 644
3 637 638 639
3 641 638 637
3 642 638 641
3 643 638 642
3 637 639 640
3 711 712 713
3 714 712 711
3 715 712 714
3 716 712 715
3 717 712 716
3 749 717 720
3 755 717 749
3 770 717 755
3 777 717 770
3 791 712 717
3 791 717 777
3 749 720 748
3 748 720 736
3 736 720 731
3 731 724 727
3 731 720 724
3 724 720 719
3 725 726 724
3 727 724 726
3 728 724 729
3 728 725 724
3 718 719 720
3 721 718 720
3 722 721 720
3 723 722 720
3 828 723 720
3 768 759 723
3 828 768 723
3 768 760 759
3 828 833 768
3 758 754 759
3 760 758 759
3 758 753 754
3 753 752 754
3 753 750 752
3 750 751 752
3 756 751 750
3 756 757 751
3 764 757 756
3 764 765 757
3 771 765 764
3 771 772 765
3 771 773 772
3 778 773 771
3 778 779 773
3 787 779 778
3 793 794 779
3 793 779 787
3 793 795 794
3 805 795 793
3 805 806 795
3 812 806 805
3 814 812 805
3 812 813 806
3 812 810 811
3 812 811 813
3 816 812 814
3 825 812 816
3 810 809 802
3 810 802 811
3 809 803 802
3 801 776 802
3 803 801 802
3 801 798 776
3 775 767 776
3 780 775 776
3 788 780 776
3 796 788 776
3 798 796 776
3 775 774 767
3 766 763 767
3 769 766 767
3 774 769 767
3 766 761 763
3 761 762 763
3 827 825 816
3 840 825 827
3 846 825 840
3 847 825 846
3 865 825 847
3 865 847 866
3 865 850 854
3 865 866 850
3 875 825 865
3 850 842 849
3 852 850 849
3 853 850 852
3 854 850 853
3 849 842 845
3 845 842 839
3 842 807 839
3 842 841 807
3 842 843 841
3 839 807 826
3 826 807 824
3 824 807 821
3 821 807 819
3 821 819 818
3 817 818 819
3 822 819 823
3 822 817 819
3 828 829 822
3 828 822 823
3 828 823 832
3 828 832 833
3 828 830 829
3 828 831 830
3 837 831 828
3 844 837 828
3 848 844 828
3 851 848 828
3 855 828 856
3 857 851 828
3 857 828 855
3 858 856 828
3 860 858 828
3 863 860 828
3 864 863 828
3 869 864 828
3 870 869 828
3 898 870 828
3 899 898 828
3 983 899 828
3 894 892 870
3 898 894 870
3 894 893 892
3 891 889 892
3 893 891 892
3 900 889 891
3 889 888 887
3 889 890 888
3 911 890 889
3 911 889 900
3 888 886 887
3 887 886 884
3 886 885 884
3 884 885 883
3 884 883 882
3 882 883 881
3 882 881 878
3 881 879 878
3 878 879 880
3 909 910 900
3 911 900 910
3 912 909 900
3 912 900 913
3 917 890 911
3 917 915 890
3 921 915 917
3 915 916 890
3 934 915 921
3 942 915 934
3 953 946 915
3 953 915 942
3 959 946 953
3 944 945 946
3 963 946 959
3 963 944 946
3 969 944 963
3 977 944 969
3 978 944 977
3 989 978 990
3 989 944 978
3 989 990 980
3 989 980 979
3 1015 944 989
3 1015 989 999
3 979 980 974
3 974 973 972
3 974 975 976
3 974 972 975
3 979 974 976
3 973 971 972
3 971 967 972
3 971 970 967
3 966 957 967
3 968 966 967
3 970 968 967
3 966 965 957
3 965 964 957
3 964 962 957
3 962 961 957
3 961 960 957
3 960 958 957
3 956 952 957
3 958 956 957
3 956 954 952
3 950 951 952
3 954 950 952
3 954 955 950
3 979 976 982
3 979 981 949
3 979 982 981
3 935 979 949
3 949 943 935
3 943 941 935
3 935 941 940
3 935 940 939
3 935 939 938
3 935 938 937
3 935 937 936
3 935 936 899
3 983 935 899
3 983 986 935
3 983 985 986
3 987 986 985
3 983 984 985
3 991 987 985
3 991 992 987
3 991 993 992
3 997 993 991
3 997 998 993
3 1002 998 997
3 1002 1003 998
3 1002 1004 1003
3 1005 1004 1002
3 1005 1006 1004
3 1007 1006 1005
3 1007 1008 1006
3 1009 1008 1007
3 1009 1010 1008
3 1012 1010 1009
3 988 984 983
3 1013 984 988
3 1001 988 983
3 1024 1013 988
3 1024 1025 1013
3 1029 1025 1024
3 1029 1030 1025
3 1029 1031 1030
3 1036 1031 1029
3 1036 1037 1031
3 1039 1037 1036
3 1039 1040 1037
3 1039 1041 1040
3 1044 1041 1039
3 1044 1045 1041
3 1046 1045 1044
3 1048 1045 1046
3 1048 1049 1045
3 1050 1048 1046
3 1023 1001 983
3 1027 1023 983
3 1028 1027 983
3 1035 1028 983
3 1047 1035 983
3 1059 1047 983
3 1068 1059 983
3 1072 1068 983
3 1084 1072 983
3 1136 1084 983
3 1059 1060 1047
3 1059 1061 1060
3 1063 1061 1059
3 1064 1063 1059
3 1064 1065 1063
3 1102 1084 1103
3 1136 1103 1084
3 1115 1102 1103
3 1115 1116 1102
3 1136 1138 1103
3 1136 1137 1138
3 1140 1137 1136
3 1141 1140 1136
3 1142 1141 1136
3 1143 1142 1136
3 1143 1144 1142
3 1143 1145 1144
3 1143 1146 1145
3 1147 1146 1143
3 1147 1143 1148
3 1147 1154 1146
3 1147 1139 1154
3 1139 1097 1104
3 1139 1104 1121
3 1139 1121 1135
3 1147 1097 1139
3 1097 1096 1095
3 1097 1062 1096
3 1104 1097 1111
3 1147 1062 1097
3 1095 1096 1083
3 1095 1083 1082
3 1082 1083 1080
3 1082 1080 1076
3 1076 1080 1079
3 1076 1067 1069
3 1076 1077 1067
3 1076 1078 1077
3 1076 1079 1078
3 1066 1067 1051
3 1069 1067 1066
3 1069 1070 1071
3 1069 1066 1070
3 1075 1069 1071
3 1066 1051 1058
3 1058 1051 1053
3 1051 1038 1052
3 1053 1051 1052
3 1051 1001 1038
3 1038 1001 1032
3 1021 1001 1022
3 1023 1022 1001
3 1026 1001 1021
3 1032 1001 1026
3 1081 1075 1071
3 1085 1071 1086
3 1087 1071 1085
3 1088 1081 1071
3 1089 1088 1071
3 1089 1071 1087
3 1090 1089 1087
3 1091 1089 1090
3 1092 1091 1090
3 1093 1092 1090
3 1093 1090 1094
3 1062 944 1015
3 1062 1015 1056
3 1062 1056 1057
3 1147 944 1062
3 1015 999 1014
3 999 995 994
3 1000 999 994
3 1011 999 1000
3 1014 999 1011
3 994 995 996
3 944 947 825
3 944 948 947
3 944 825 906
3 1147 948 944
3 906 825 875
3 876 875 877
3 906 875 876
3 906 876 907
3 906 907 905
3 906 905 902
3 906 902 908
3 902 905 903
3 902 903 904
3 902 897 895
3 902 904 897
3 895 897 896
3 895 874 871
3 895 896 874
3 901 895 871
3 871 874 873
3 871 872 868
3 871 873 872
3 871 868 867
3 867 868 862
3 867 862 861
3 861 862 851
3 861 851 859
3 859 851 857
3 1147 1153 948
3 1147 712 1153
3 1153 712 804
3 804 712 791
3 1147 1148 1149
3 1147 1149 1150
3 1147 1150 1151
3 1147 1151 1152
3 1057 1056 1054
3 1054 1056 1055
3 1054 1043 1042
3 1054 1055 1043
3 1042 1043 1034
3 1042 1034 1033
3 1033 1034 1020
3 1033 1020 1019
3 1019 1020 1016
3 1019 1016 1018
3 1016 1017 1018
3 1104 1111 1110
3 1104 1110 1109
3 1104 1109 1108
3 1104 1108 1107
3 1104 1107 1105
3 1104 1105 1106
3 1104 1101 1098
3 1104 1106 1101
3 1098 1101 1100
3 1098 1099 1074
3 1098 1074 1072
3 1098 1100 1099
3 1072 1074 1073
3 1072 1073 1068
3 1135 1121 1134
3 1121 1113 1112
3 1121 1112 1122
3 1126 1121 1122
3 1134 1121 1126
3 1112 1113 1114
3 1115 1117 1116
3 1118 1117 1115
3 1118 1119 1117
3 1118 1120 1119
3 1123 1120 1118
3 1123 1124 1120
3 1123 1125 1124
3 1127 1125 1123
3 1127 1128 1125
3 1129 1128 1127
3 1130 1129 1127
3 1131 1129 1130
3 1132 1131 1130
3 1133 1131 1132
3 912 913 914
3 918 912 914
3 918 914 919
3 918 919 920
3 922 918 920
3 922 920 928
3 922 928 927
3 922 927 926
3 922 923 924
3 922 925 923
3 922 926 925
3 932 922 924
3 932 924 933
3 932 933 930
3 932 930 929
3 929 930 931
3 807 800 799
3 808 800 807
3 815 808 807
3 820 815 807
3 836 820 807
3 838 836 807
3 841 838 807
3 799 800 792
3 799 792 797
3 792 790 789
3 797 792 789
3 789 790 786
3 789 786 781
3 781 786 785
3 781 782 783
3 781 784 782
3 781 785 784
3 836 834 820
3 834 835 820
3 728 729 730
3 732 728 730
3 732 730 733
3 732 734 735
3 732 733 734
3 737 732 735
3 737 735 742
3 737 738 739
3 737 740 738
3 737 741 740
3 737 742 741
3 743 737 739
3 743 739 747
3 743 744 745
3 743 746 744
3 743 747 746
3 1155 1156 1157
3 1158 1155 1159
3 1158 1156 1155
3 1160 1158 1159
3 1160 1159 1161
3 1162 1160 1161
3 1162 1161 1163
3 1164 1162 1163
3 1165 1164 1163
3 1166 1164 1165
3 1167 1166 1165
3 1168 1166 1167
3 1169 1168 1167
3 1169 1170 1168
3 1171 1170 1169
3 1171 1172 1170
3 1176 1172 1171
3 1176 1177 1172
3 1176 1178 1177
3 1181 1178 1176
3 1181 1182 1178
3 1187 1182 1181
3 1187 1188 1182
3 1189 1188 1187
3 1189 1190 1188
3 1191 1190 1189
3 1191 1186 1190
3 1191 1185 1186
3 1185 1184 1186
3 1185 1183 1184
3 1183 1180 1184
3 1183 1179 1180
3 1179 1173 1180
3 1180 1173 1175
3 1173 1174 1175
3 1192 1193 1194
3 1192 1195 1193
3 1196 1197 1198
3 1199 1196 1198
3 1200 1198 1197
3 1201 1198 1200
3 1203 1198 1201
3 1205 1198 1203
3 1206 1198 1205
3 1226 1206 1223
3 1226 1198 1206
3 1226 1223 1222
3 1229 1198 1226
3 1222 1223 1217
3 1222 1217 1219
3 1216 1217 1218
3 1216 1219 1217
3 1220 1216 1218
3 1220 1218 1221
3 1224 1220 1221
3 1224 1221 1225
3 1227 1224 1225
3 1227 1225 1228
3 1230 1227 1228
3 1234 1227 1230
3 1234 1230 1235
3 1236 1234 1235
3 1236 1235 1237
3 1238 1236 1237
3 1239 1237 1240
3 1239 1238 1237
3 1241 1239 1240
3 1241 1240 1242
3 1243 1241 1242
3 1243 1242 1244
3 1243 1244 1232
3 1245 1243 1232
3 1232 1231 1208
3 1245 1232 1208
3 1246 1245 1208
3 1263 1246 1208
3 1256 1262 1263
3 1256 1263 1208
3 1256 1261 1262
3 1256 1260 1261
3 1256 1259 1260
3 1256 1258 1259
3 1256 1255 1257
3 1256 1257 1258
3 1256 1247 1255
3 1247 1254 1255
3 1247 1253 1254
3 1247 1252 1253
3 1247 1251 1252
3 1247 1250 1251
3 1247 1249 1250
3 1247 1248 1249
3 1247 1233 1248
3 1247 1198 1233
3 1233 1198 1229
3 1202 1199 1198
3 1204 1202 1198
3 1207 1204 1198
3 1208 1207 1198
3 1208 1215 1207
3 1208 1214 1215
3 1208 1213 1214
3 1208 1212 1213
3 1208 1211 1212
3 1208 1209 1210
3 1208 1210 1211
3 1231 1209 1208
3 1264 1265 1266
3 1264 1266 1267
3 1264 1267 1268
3 1269 1270 1264
3 1271 1269 1264
3 1272 1271 1264
3 1275 1264 1268
3 1275 1272 1264
3 1276 1268 1277
3 1276 1275 1268
3 1275 1273 1272
3 1273 1274 1272
3 1278 1276 1277
3 1287 1286 1276
3 1287 1276 1278
3 1278 1277 1279
3 1278 1279 1280
3 1278 1280 1281
3 1282 1278 1283
3 1287 1278 1282
3 1287 1284 1286
3 1284 1285 1286
3 1288 1289 1290
3 1291 1288 1290
3 1292 1290 1293
3 1292 1291 1290
3 1294 1295 1296
3 1297 1294 1296
3 1298 1297 1296
3 1299 1298 1296
3 1300 1301 1302
3 1305 1301 1300
3 1303 1302 1301
3 1303 1301 1304
3 1306 1303 1304
3 1308 1306 1304
3 1314 1308 1304
3 1322 1314 1304
3 1322 1326 1314
3 1322 1323 1324
3 1322 1324 1325
3 1322 1325 1326
3 1327 1323 1322
3 1327 1329 1323
3 1327 1328 1329
3 1330 1328 1327
3 1335 1330 1327
3 1336 1335 1327
3 1337 1336 1327
3 1330 1334 1328
3 1330 1333 1334
3 1330 1332 1333
3 1330 1331 1332
3 1330 1321 1331
3 1330 1313 1321
3 1321 1313 1320
3 1320 1313 1319
3 1319 1313 1318
3 1318 1313 1317
3 1317 1313 1316
3 1316 1313 1315
3 1315 1313 1311
3 1313 1301 1311
3 1313 1312 1301
3 1311 1301 1307
3 1307 1301 1305
3 1309 1310 1301
3 1312 1309 1301
3 1338 1339 1340
3 1342 1338 1340
3 1341 1340 1339
3 1343 1340 1341
3 1346 1340 1343
3 1362 1346 1363
3 1362 1340 1346
3 1362 1363 1364
3 1362 1364 1365
3 1362 1365 1366
3 1362 1366 1367
3 1362 1367 1368
3 1362 1368 1369
3 1362 1369 1370
3 1372 1362 1370
3 1380 1372 1381
3 1383 1362 1372
3 1383 1372 1380
3 1380 1376 1373
3 1380 1381 1382
3 1380 1382 1376
3 1373 1376 1377
3 1373 1374 1375
3 1373 1377 1378
3 1373 1378 1379
3 1373 1379 1374
3 1358 1371 1374
3 1371 1375 1374
3 1357 1358 1359
3 1371 1358 1357
3 1357 1356 1353
3 1357 1359 1360
3 1357 1360 1361
3 1357 1361 1356
3 1356 1355 1353
3 1352 1349 1353
3 1354 1352 1353
3 1355 1354 1353
3 1352 1345 1340
3 1352 1340 1349
3 1349 1347 1350
3 1349 1350 1351
3 1349 1340 1347
3 1344 1342 1340
3 1345 1344 1340
3 1347 1340 1348
3 1384 1383 1385
3 1386 1362 1383
3 1386 1383 1384
3 1387 1362 1386
3 1388 1389 1390
3 1393 1394 1388
3 1393 1388 1390
3 1391 1390 1392
3 1395 1390 1391
3 1395 1393 1390
3 1398 1393 1395
3 1407 1395 1405
3 1407 1398 1395
3 1398 1397 1393
3 1408 1409 1398
3 1408 1398 1407
3 1407 1405 1404
3 1410 1407 1404
3 1404 1405 1403
3 1404 1402 1406
3 1404 1403 1402
3 1415 1410 1404
3 1427 1415 1404
3 1402 1403 1400
3 1402 1400 1399
3 1399 1400 1401
3 1427 1425 1415
3 1424 1411 1425
3 1427 1424 1425
3 1424 1421 1411
3 1427 1429 1424
3 1411 1412 1409
3 1411 1409 1408
3 1418 1412 1411
3 1421 1418 1411
3 1421 1422 1418
3 1423 1422 1421
3 1418 1416 1412
3 1416 1414 1412
3 1416 1413 1414
3 1417 1413 1416
3 1413 1396 1414
3 1396 1393 1397
3 1413 1393 1396
3 1419 1413 1417
3 1420 1413 1419
3 1413 1426 1427
3 1413 1420 1426
3 1426 1420 1422
3 1426 1422 1423
3 1427 1426 1428
3 1427 1428 1429
3 1430 1431 1432
3 1430 1432 1433
3 1434 1435 1436
3 1434 1437 1438
3 1434 1438 1439
3 1434 1439 1435
3 1444 1434 1436
3 1445 1434 1444
3 1446 1434 1445
3 1447 1434 1446
3 1444 1436 1443
3 1443 1436 1442
3 1442 1436 1440
3 1440 1436 1441
3 1448 1446 1451
3 1448 1447 1446
3 1448 1449 1450
3 1448 1451 1449
3 1452 1453 1454
3 1455 1452 1457
3 1455 1453 1452
3 1455 1456 1453
3 1462 1456 1455
3 1463 1462 1455
3 1464 1463 1455
3 1465 1464 1455
3 1462 1461 1456
3 1458 1459 1456
3 1460 1458 1456
3 1461 1460 1456
3 1466 1469 1464
3 1466 1464 1465
3 1466 1467 1468
3 1466 1468 1469
3 1470 1471 1472
3 1470 1473 1471
3 1474 1475 1476
3 1474 1477 1475
3 1478 1479 1480
3 1481 1478 1480
3 1482 1483 1484
3 1482 1485 1483
3 1486 1487 1488
3 1486 1489 1487
3 1490 1491 1492
3 1490 1493 1491
3 1494 1495 1496
3 1494 1496 1497
3 1498 1495 1494
3 1498 1499 1495
3 1500 1501 1502
3 1503 1500 1502
3 1504 1505 1506
3 1507 1504 1506
3 1508 1509 1510
3 1511 1508 1510
3 1512 1513 1514
3 1515 1512 1514
3 1516 1517 1518
3 1519 1516 1518
3 1520 1521 1522
3 1520 1523 1521
3 1524 1525 1526
3 1527 1524 1526
3 1528 1529 1524
3 1528 1524 1527
3 1530 1531 1532
3 1530 1533 1531
3 1534 1535 1536
3 1537 1534 1536
3 1538 1539 1540
3 1541 1538 1540
3 1542 1543 1544
3 1545 1542 1544
3 1546 1547 1548
3 1549 1546 1548
3 1550 1551 1552
3 1553 1550 1552
3 1554 1555 1556
3 1557 1554 1556
3 1558 1559 1554
3 1558 1554 1557
3 1560 1561 1562
3 1563 1560 1562
3 1564 1565 1566
3 1564 1567 1565
3 1568 1569 1570
3 1568 1571 1569
3 1572 1573 1574
3 1575 1572 1574
3 1576 1577 1578
3 1579 1576 1578
3 1580 1581 1582
3 1580 1583 1581
3 1584 1585 1586
3 1587 1588 1584
3 1587 1584 1586
3 1587 1586 1589
3 1590 1591 1592
3 1593 1591 1590
3 1594 1595 1596
3 1597 1594 1596
3 1598 1599 1600
3 1598 1600 1601
3 1598 1601 1602
3 1598 1602 1603
3 1598 1604 1605
3 1598 1605 1606
3 1598 1606 1599
3 1607 1598 1603
3 1607 1604 1598
3 1607 1603 1608
3 1607 1609 1604
3 1610 1609 1607
3 1610 1607 1608
3 1610 1608 1611
3 1610 1611 1612
3 1610 1612 1613
3 1610 1613 1614
3 1610 1614 1615
3 1610 1615 1616
3 1610 1616 1609
3 1617 1618 1619
3 1617 1620 1618
3 1621 1622 1623
3 1621 1623 1624
3 1621 1624 1625
3 1621 1625 1626
3 1621 1627 1628
3 1621 1628 1629
3 1621 1629 1622
3 1630 1621 1626
3 1630 1627 1621
3 1630 1626 1631
3 1630 1632 1627
3 1633 1632 1630
3 1633 1630 1631
3 1633 1631 1634
3 1633 1634 1635
3 1633 1635 1636
3 1633 1636 1637
3 1633 1637 1638
3 1633 1638 1639
3 1633 1639 1632
3 1640 1641 1642
3 1640 1643 1641
3 1644 1645 1646
3 1644 1646 1647
3 1644 1647 1648
3 1644 1648 1649
3 1644 1650 1651
3 1644 1651 1652
3 1644 1652 1645
3 1653 1644 1649
3 1653 1650 1644
3 1653 1649 1654
3 1653 1655 1650
3 1656 1655 1653
3 1656 1653 1654
3 1656 1654 1657
3 1656 1657 1658
3 1656 1658 1659
3 1656 1659 1660
3 1656 1660 1661
3 1656 1661 1662
3 1656 1662 1655
3 1663 1664 1665
3 1663 1665 1666
3 1667 1668 1669
3 1667 1669 1670
3 1667 1670 1671
3 1667 1671 1672
3 1667 1673 1674
3 1667 1674 1675
3 1667 1675 1668
3 1676 1667 1672
3 1676 1673 1667
3 1676 1672 1677
3 1676 1678 1673
3 1679 1678 1676
3 1679 1676 1677
3 1679 1677 1680
3 1679 1680 1681
3 1679 1681 1682
3 1679 1682 1683
3 1679 1683 1684
3 1679 1684 1685
3 1679 1685 1678
3 1686 1687 1688
3 1686 1688 1689
3 1690 1691 1692
3 1693 1691 1690
3 1697 1690 1692
3 1694 1696 1691
3 1694 1691 1693
3 1694 1695 1696
3 1700 1695 1694
3 1702 1703 1695
3 1702 1695 1700
3 1706 1703 1702
3 1707 1706 1702
3 1708 1709 1706
3 1708 1706 1707
3 1710 1709 1708
3 1710 1711 1709
3 1712 1711 1710
3 1712 1713 1711
3 1714 1713 1712
3 1714 1712 1715
3 1716 1714 1715
3 1716 1715 1717
3 1716 1717 1718
3 1719 1716 1718
3 1719 1718 1720
3 1721 1719 1720
3 1739 1721 1720
3 1741 1721 1739
3 1745 1739 1746
3 1745 1741 1739
3 1745 1746 1747
3 1748 1745 1747
3 1753 1747 1752
3 1753 1748 1747
3 1753 1752 1751
3 1751 1752 1750
3 1751 1750 1749
3 1749 1750 1744
3 1749 1744 1742
3 1742 1744 1743
3 1742 1743 1738
3 1742 1738 1740
3 1738 1737 1736
3 1740 1738 1736
3 1736 1737 1735
3 1736 1735 1734
3 1734 1735 1733
3 1734 1733 1732
3 1732 1733 1730
3 1732 1730 1731
3 1730 1729 1728
3 1731 1730 1728
3 1729 1727 1728
3 1728 1727 1726
3 1727 1724 1726
3 1724 1725 1726
3 1724 1723 1725
3 1724 1722 1723
3 1722 1705 1723
3 1722 1704 1705
3 1704 1699 1705
3 1704 1701 1699
3 1697 1698 1699
3 1701 1697 1699
3 1697 1692 1698
3 1754 1755 1756
3 1754 1757 1755
3 1758 1759 1760
3 1758 1761 1762
3 1758 1762 1763
3 1758 1763 1759
3 1764 1765 1766
3 1764 1766 1767
3 1764 1767 1768
3 1769 1765 1764
3 1770 1771 1772
3 1770 1773 1771
3 1774 1775 1776
3 1777 1774 1776
3 1780 1776 1781
3 1780 1777 1776
3 1778 1779 1777
3 1780 1778 1777
3 1785 1780 1781
3 1786 1785 1781
3 1787 1786 1781
3 1788 1787 1781
3 1789 1781 1783
3 1789 1788 1781
3 1790 1789 1783
3 1782 1783 1784
3 1790 1783 1782
3 1791 1790 1782
3 1791 1782 1792
3 1791 1792 1793
3 1794 1791 1793
3 1794 1793 1795
3 1796 1794 1795
3 1796 1795 1797
3 1798 1796 1797
3 1798 1797 1799
3 1800 1798 1799
3 1800 1799 1801
3 1802 1803 1804
3 1805 1802 1804
3 1805 1804 1806
3 1807 1805 1806
3 1807 1806 1808
3 1809 1807 1808
3 1809 1808 1810
3 1814 1809 1810
3 1814 1810 1815
3 1814 1815 1812
3 1816 1814 1812
3 1811 1812 1813
3 1816 1812 1811
3 1817 1816 1811
3 1817 1811 1818
3 1819 1817 1818
3 1820 1819 1818
3 1821 1820 1818
3 1822 1821 1818
3 1823 1818 1824
3 1823 1822 1818
3 1825 1823 1824
3 1826 1825 1824
3 1828 1826 1824
3 1829 1828 1824
3 1826 1827 1825
3 1830 1831 1832
3 1833 1830 1832
3 1833 1832 1834
3 1835 1833 1834
3 1835 1834 1836
3 1837 1835 1836
3 1837 1836 1838
3 1839 1837 1838
3 1840 1838 1841
3 1840 1839 1838
3 1840 1841 1842
3 1843 1840 1842
3 1844 1842 1845
3 1844 1843 1842
3 1846 1847 1848
3 1846 1848 1849
3 1850 1851 1852
3 1853 1850 1852
3 1854 1852 1855
3 1854 1853 1852
3 1856 1854 1855
3 1856 1855 1857
3 1858 1856 1857
3 1858 1857 1859
3 1860 1858 1859
3 1860 1859 1861
3 1862 1860 1861
3 1862 1861 1863
3 1864 1862 1863
3 1864 1863 1865
3 1866 1867 1868
3 1866 1869 1867
3 1870 1871 1872
3 1873 1870 1872
3 1873 1872 1874
3 1875 1873 1874
3 1875 1874 1876
3 1877 1875 1876
3 1877 1876 1878
3 1879 1877 1878
3 1879 1878 1880
3 1881 1879 1880
3 1881 1880 1882
3 1883 1881 1882
3 1883 1882 1884
3 1885 1883 1884
3 1886 1887 1888
3 1889 1886 1888
3 1890 1891 1892
3 1893 1890 1892
3 1893 1892 1894
3 1895 1893 1894
3 1895 1894 1896
3 1897 1895 1896
3 1897 1896 1898
3 1899 1897 1898
3 1899 1898 1900
3 1901 1899 1900
3 1901 1900 1902
3 1903 1901 1902
3 1903 1902 1904
3 1905 1903 1904
3 1906 1907 1908
3 1906 1908 1909
3 1910 1911 1912
3 1913 1910 1912
3 1913 1912 1914
3 1915 1913 1914
3 1915 1914 1916
3 1917 1915 1916
3 1918 1916 1919
3 1918 1917 1916
3 1920 1918 1919
3 1920 1919 1921
3 1922 1920 1921
3 1922 1921 1923
3 1922 1923 1924
3 1925 1922 1924
3 1926 1927 1928
3 1926 1928 1929
3 1930 1931 1932
3 1933 1930 1932
3 1934 1932 1935
3 1934 1933 1932
3 1936 1934 1935
3 1936 1935 1937
3 1938 1936 1937
3 1938 1937 1939
3 1940 1938 1939
3 1940 1939 1941
3 1942 1940 1941
3 1942 1941 1943
3 1944 1942 1943
3 1944 1943 1945
3 1946 1947 1948
3 1946 1949 1947
3 1950 1951 1952
3 1953 1950 1952
3 1954 1952 1955
3 1954 1953 1952
3 1954 1955 1956
3 1957 1954 1956
3 1958 1956 1959
3 1958 1957 1956
3 1958 1959 1960
3 1961 1958 1960
3 1962 1960 1963
3 1962 1961 1960
3 1964 1962 1963
3 1964 1963 1965
3 1966 1967 1968
3 1966 1969 1967
3 1970 1971 1972
3 1973 1970 1972
3 1974 1972 1975
3 1974 1973 1972
3 1976 1974 1975
3 1976 1975 1977
3 1978 1976 1977
3 1978 1977 1979
3 1980 1978 1979
3 1980 1979 1981
3 1982 1980 1981
3 1982 1981 1983
3 1984 1982 1983
3 1984 1983 1985
3 1986 1987 1988
3 1986 1988 1989
3 1990 1991 1992
3 1990 1993 1991
3 1994 1993 1990
3 1994 1995 1993
3 1996 1995 1994
3 1996 1997 1995
3 1998 1997 1996
3 1998 1999 1997
3 2000 1999 1998
3 2000 2001 1999
3 2002 2001 2000
3 2002 2003 2001
3 2004 2003 2002
3 2004 2005 2003
3 2006 2007 2008
3 2009 2007 2006
3 2010 2011 2012
3 2010 2013 2011
3 2014 2013 2010
3 2014 2015 2013
3 2016 2015 2014
3 2016 2017 2015
3 2018 2017 2016
3 2018 2019 2017
3 2020 2019 2018
3 2020 2021 2019
3 2022 2021 2020
3 2022 2023 2021
3 2024 2023 2022
3 2024 2025 2023
3 2026 2027 2028
3 2026 2028 2029
3 2030 2031 2032
3 2030 2033 2031
3 2034 2033 2030
3 2034 2035 2033
3 2036 2035 2034
3 2036 2037 2035
3 2038 2037 2036
3 2038 2039 2037
3 2040 2039 2038
3 2040 2041 2039
3 2042 2041 2040
3 2042 2043 2041
3 2044 2043 2042
3 2044 2045 2043
3 2046 2047 2048
3 2049 2047 2046
3 2050 2051 2052
3 2050 2053 2051
3 2054 2053 2050
3 2054 2055 2053
3 2056 2055 2054
3 2056 2057 2055
3 2058 2057 2056
3 2058 2059 2057
3 2060 2059 2058
3 2060 2061 2059
3 2062 2061 2060
3 2062 2063 2061
3 2064 2063 2062
3 2064 2065 2063
3 2066 2067 2068
3 2066 2069 2067
3 2070 2071 2072
3 2073 2070 2072
3 2073 2072 2074
3 2075 2073 2074
3 2076 2074 2077
3 2076 2075 2074
3 2078 2076 2077
3 2078 2077 2079
3 2080 2078 2079
3 2081 2079 2082
3 2081 2080 2079
3 2083 2081 2082
3 2083 2082 2084
3 2085 2083 2084
3 2085 2084 2086
3 2087 2085 2086
3 2087 2086 2088
3 2089 2087 2088
3 2090 2091 2092
3 2090 2092 2093
3 2094 2090 2093
3 2094 2093 2095
3 2094 2095 2096
3 2097 2094 2096
3 2097 2096 2098
3 2099 2097 2098
3 2099 2098 2100
3 2101 2099 2100
3 2101 2100 2102
3 2103 2101 2102
3 2103 2102 2104
3 2105 2103 2104
3 2105 2104 2106
3 2105 2106 2107
3 2108 2105 2107
3 2108 2107 2109
3 2108 2109 2110
3 2111 2112 2113
3 2114 2111 2113
3 2114 2113 2115
3 2116 2114 2115
3 2116 2115 2117
3 2118 2116 2117
3 2118 2117 2119
3 2120 2118 2119
3 2120 2119 2121
3 2122 2120 2121
3 2122 2121 2123
3 2124 2122 2123
3 2125 2123 2126
3 2125 2124 2123
3 2127 2128 2129
3 2130 2127 2129
3 2130 2129 2131
3 2132 2130 2131
3 2132 2131 2133
3 2134 2132 2133
3 2135 2133 2136
3 2135 2134 2133
3 2137 2135 2136
3 2137 2136 2138
3 2137 2138 2139
3 2140 2137 2139
3 2141 2139 2142
3 2141 2140 2139
3 2143 2144 2145
3 2146 2143 2145
3 2146 2145 2147
3 2148 2146 2147
3 2148 2147 2149
3 2150 2148 2149
3 2151 2149 2152
3 2151 2150 2149
3 2153 2151 2152
3 2153 2152 2154
3 2155 2153 2154
3 2155 2154 2156
3 2157 2155 2156
3 2157 2156 2158
3 2159 2160 2161
3 2162 2160 2159
3 2163 2162 2159
3 2164 2162 2163
3 2165 2164 2163
3 2166 2164 2165
3 2167 2166 2165
3 2168 2166 2167
3 2169 2168 2167
3 2170 2168 2169
3 2171 2170 2169
3 2172 2170 2171
3 2173 2172 2171
3 2174 2172 2173
3 2175 2174 2173
3 2175 2176 2174
3 2177 2176 2175
3 2177 2178 2176
3 2179 2180 2181
3 2179 2181 2182
3 2188 2179 2182
3 2188 2182 2189
3 2193 2188 2189
3 2193 2189 2194
3 2198 2193 2194
3 2198 2194 2197
3 2198 2197 2196
3 2196 2197 2195
3 2196 2195 2192
3 2195 2191 2192
3 2192 2191 2190
3 2191 2187 2190
3 2190 2187 2183
3 2187 2186 2183
3 2183 2184 2185
3 2183 2186 2184
3 2199 2200 2201
3 2199 2202 2200
3 2203 2204 2205
3 2206 2203 2209
3 2206 2204 2203
3 2206 2208 2204
3 2206 2207 2208
3 2206 2209 2210
3 2211 2206 2210
3 2220 2214 2206
3 2220 2206 2211
3 2220 2219 2214
3 2212 2213 2214
3 2215 2212 2214
3 2219 2215 2214
3 2219 2218 2215
3 2216 2217 2215
3 2218 2216 2215
3 2221 2222 2223
3 2224 2221 2223
3 2225 2226 2227
3 2225 2227 2228
3 2229 2226 2225
3 2229 2230 2226
3 2231 2230 2229
3 2231 2232 2230
3 2233 2234 2235
3 2233 2235 2236
3 2237 2234 2233
3 2237 2238 2234
3 2239 2238 2237
3 2239 2240 2238
3 2241 2242 2243
3 2241 2243 2244
3 2245 2241 2244
3 2245 2244 2246
3 2247 2245 2246
3 2247 2246 2248
3 2249 2247 2248
3 2249 2248 2250
3 2251 2249 2250
3 2251 2250 2252
3 2253 2251 2252
3 2253 2252 2254
3 2255 2253 2254
3 2255 2254 2256
3 2257 2258 2259
3 2257 2259 2260
3 2261 2257 2260
3 2261 2260 2262
3 2261 2262 2263
3 2264 2261 2263
3 2264 2263 2265
3 2266 2264 2265
3 2266 2265 2267
3 2268 2266 2267
3 2269 2267 2270
3 2269 2268 2267
3 2271 2269 2270
3 2271 2270 2272
3 2273 2274 2275
3 2273 2276 2274
3 2277 2278 2279
3 2277 2279 2280
3 2281 2277 2280
3 2281 2280 2282
3 2283 2281 2282
3 2283 2282 2284
3 2283 2284 2285
3 2286 2283 2285
3 2287 2285 2288
3 2287 2286 2285
3 2289 2287 2288
3 2289 2288 2290
3 2291 2289 2290
3 2291 2290 2292
3 2293 2294 2295
3 2293 2295 2296
3 2297 2298 2299
3 2297 2300 2298
3 2301 2300 2297
3 2301 2302 2300
3 2303 2302 2301
3 2303 2304 2302
3 2305 2306 2307
3 2305 2307 2308
3 2309 2305 2308
3 2309 2308 2310
3 2311 2309 2310
3 2311 2310 2312
3 2313 2311 2312
3 2313 2312 2314
3 2315 2313 2314
3 2315 2314 2316
3 2317 2315 2316
3 2317 2316 2318
3 2319 2317 2318
3 2319 2318 2320
3 2321 2322 2323
3 2324 2322 2321
3 2325 2327 2322
3 2325 2322 2324
3 2325 2326 2327
3 2328 2326 2325
3 2329 2330 2331
3 2332 2329 2331
3 2333 2334 2335
3 2333 2335 2336
3 2337 2333 2336
3 2337 2336 2338
3 2339 2337 2338
3 2339 2338 2340
3 2341 2339 2340
3 2341 2340 2342
3 2343 2341 2342
3 2343 2342 2344
3 2345 2343 2344
3 2345 2344 2346
3 2347 2345 2346
3 2347 2346 2348
3 2349 2350 2351
3 2349 2351 2352
3 2349 2352 2353
3 2354 2349 2353
3 2355 2349 2354
3 2356 2349 2355
3 2357 2358 2349
3 2357 2349 2356
3 2357 2356 2359
3 2360 2361 2362
3 2369 2361 2360
3 2375 2360 2376
3 2375 2369 2360
3 2369 2370 2361
3 2371 2370 2369
3 2378 2369 2375
3 2378 2371 2369
3 2371 2372 2370
3 2371 2373 2372
3 2374 2373 2371
3 2379 2371 2378
3 2379 2374 2371
3 2382 2378 2375
3 2383 2378 2382
3 2383 2379 2378
3 2379 2380 2363
3 2379 2363 2374
3 2383 2380 2379
3 2374 2365 2373
3 2374 2363 2365
3 2363 2364 2365
3 2383 2384 2380
3 2388 2384 2383
3 2388 2383 2382
3 2388 2389 2384
3 2388 2382 2387
3 2392 2388 2387
3 2393 2389 2388
3 2393 2388 2392
3 2393 2394 2389
3 2403 2394 2393
3 2403 2393 2392
3 2392 2387 2390
3 2400 2392 2390
3 2403 2392 2400
3 2387 2382 2385
3 2390 2387 2385
3 2390 2386 2391
3 2390 2385 2386
3 2395 2390 2391
3 2400 2390 2395
3 2385 2377 2386
3 2385 2381 2377
3 2385 2382 2381
3 2382 2375 2381
3 2381 2375 2377
3 2375 2376 2377
3 2395 2396 2397
3 2395 2391 2396
3 2395 2398 2399
3 2395 2397 2398
3 2400 2395 2399
3 2400 2399 2401
3 2400 2401 2402
3 2403 2400 2402
3 2403 2402 2368
3 2403 2367 2394
3 2403 2368 2367
3 2366 2367 2368
3 2404 2405 2406
3 2407 2404 2406
3 2407 2406 2408
3 2407 2408 2409
3 2410 2407 2409
3 2410 2409 2411
3 2410 2411 2412
3 2413 2410 2412
3 2413 2412 2414
3 2415 2413 2414
3 2415 2414 2416
3 2417 2415 2416
3 2417 2416 2418
3 2419 2417 2418
3 2420 2421 2422
3 2423 2420 2422
3 2423 2422 2424
3 2425 2423 2424
3 2426 2424 2428
3 2426 2425 2424
3 2426 2427 2425
3 2429 2426 2428
3 2430 2428 2431
3 2430 2429 2428
3 2430 2431 2432
3 2433 2430 2432
3 2433 2432 2434
3 2435 2433 2434
3 2435 2434 2436
3 2437 2438 2439
3 2440 2437 2439
3 2440 2439 2441
3 2442 2440 2441
3 2442 2441 2443
3 2444 2442 2443
3 2444 2443 2445
3 2446 2444 2445
3 2446 2445 2447
3 2448 2446 2447
3 2448 2447 2449
3 2450 2448 2449
3 2451 2452 2453
3 2459 2452 2451
3 2461 2451 2462
3 2461 2459 2451
3 2459 2460 2452
3 2459 2458 2460
3 2459 2454 2458
3 2454 2457 2458
3 2454 2455 2456
3 2454 2456 2457
3 2463 2461 2462
3 2464 2462 2465
3 2464 2463 2462
3 2466 2464 2465
3 2466 2465 2469
3 2466 2467 2468
3 2466 2469 2467
3 2470 2466 2468
3 2470 2468 2473
3 2470 2471 2472
3 2470 2473 2471
3 2474 2475 2476
3 2483 2475 2474
3 2488 2474 2489
3 2488 2483 2474
3 2483 2484 2475
3 2485 2484 2483
3 2494 2485 2483
3 2494 2483 2488
3 2485 2487 2484
3 2485 2486 2487
3 2493 2486 2485
3 2496 2485 2494
3 2496 2493 2485
3 2494 2492 2495
3 2494 2488 2492
3 2496 2494 2495
3 2488 2491 2492
3 2488 2490 2491
3 2488 2489 2490
3 2496 2495 2497
3 2496 2497 2482
3 2480 2481 2482
3 2496 2482 2481
3 2496 2481 2477
3 2477 2478 2479
3 2493 2477 2479
3 2496 2477 2493
3 2493 2479 2486
3 2498 2499 2500
3 2498 2500 2501
3 2502 2498 2501
3 2502 2501 2503
3 2502 2503 2504
3 2505 2502 2504
3 2506 2504 2507
3 2506 2505 2504
3 2508 2506 2507
3 2508 2507 2509
3 2508 2509 2510
3 2511 2508 2510
3 2512 2510 2513
3 2512 2511 2510
3 2514 2515 2516
3 2523 2515 2514
3 2532 2514 2533
3 2532 2523 2514
3 2523 2524 2515
3 2525 2524 2523
3 2534 2523 2532
3 2534 2525 2523
3 2537 2532 2533
3 2539 2534 2532
3 2539 2532 2537
3 2537 2533 2538
3 2542 2537 2538
3 2542 2539 2537
3 2540 2534 2539
3 2544 2539 2542
3 2545 2539 2544
3 2545 2540 2539
3 2542 2538 2543
3 2547 2542 2543
3 2549 2544 2542
3 2549 2542 2547
3 2549 2545 2544
3 2545 2546 2541
3 2545 2541 2540
3 2550 2546 2545
3 2550 2545 2549
3 2554 2549 2547
3 2557 2550 2549
3 2557 2549 2554
3 2550 2551 2546
3 2557 2551 2550
3 2557 2556 2522
3 2557 2521 2551
3 2557 2522 2521
3 2557 2554 2556
3 2554 2555 2556
3 2554 2553 2555
3 2554 2547 2552
3 2554 2552 2553
3 2552 2517 2553
3 2552 2548 2518
3 2552 2547 2548
3 2552 2518 2517
3 2547 2543 2548
3 2517 2518 2519
3 2520 2521 2522
3 2540 2541 2536
3 2540 2535 2534
3 2540 2536 2535
3 2535 2536 2531
3 2535 2528 2534
3 2535 2531 2528
3 2534 2528 2525
3 2528 2529 2530
3 2528 2530 2526
3 2528 2531 2529
3 2528 2526 2525
3 2525 2526 2527
3 2525 2527 2524
3 2558 2559 2560
3 2561 2558 2560
3 2561 2560 2562
3 2563 2561 2562
3 2563 2562 2564
3 2565 2563 2564
3 2565 2564 2566
3 2567 2565 2566
3 2567 2566 2568
3 2569 2567 2568
3 2569 2568 2570
3 2571 2569 2570
3 2572 2570 2573
3 2572 2571 2570
3 2574 2572 2573
3 2575 2576 2577
3 2597 2575 2577
3 2600 2579 2575
3 2600 2575 2597
3 2592 2577 2593
3 2597 2577 2592
3 2600 2597 2592
3 2600 2599 2580
3 2600 2598 2599
3 2600 2592 2598
3 2600 2580 2579
3 2578 2579 2580
3 2598 2596 2599
3 2598 2586 2594
3 2598 2594 2596
3 2598 2592 2586
3 2594 2595 2596
3 2594 2591 2595
3 2594 2586 2581
3 2594 2581 2588
3 2594 2588 2591
3 2586 2587 2582
3 2586 2582 2581
3 2592 2587 2586
3 2592 2593 2587
3 2581 2582 2583
3 2581 2583 2584
3 2581 2584 2585
3 2588 2581 2585
3 2588 2585 2589
3 2588 2589 2590
3 2588 2590 2591
3 2601 2602 2603
3 2601 2604 2602
3 2605 2601 2603
3 2605 2603 2606
3 2607 2605 2606
3 2607 2606 2608
3 2609 2607 2608
3 2609 2608 2610
3 2611 2609 2610
3 2611 2610 2612
3 2613 2611 2612
3 2613 2612 2614
3 2613 2614 2615
3 2616 2613 2615
3 2616 2615 2617
3 2618 2619 2620
3 2621 2618 2620
3 2621 2620 2622
3 2623 2621 2622
3 2623 2622 2624
3 2625 2623 2624
3 2625 2624 2626
3 2627 2625 2626
3 2627 2626 2628
3 2629 2627 2628
3 2629 2628 2630
3 2631 2629 2630
3 2631 2630 2632
3 2633 2631 2632
3 2634 2635 2636
3 2634 2637 2635
3 2638 2634 2636
3 2638 2636 2639
3 2638 2639 2640
3 2641 2638 2640
3 2642 2640 2643
3 2642 2641 2640
3 2644 2642 2643
3 2644 2643 2645
3 2646 2644 2645
3 2646 2645 2647
3 2648 2649 2650
3 2675 2676 2648
3 2675 2648 2650
3 2675 2650 2667
3 2675 2666 2671
3 2675 2667 2666
3 2678 2676 2675
3 2678 2675 2671
3 2678 2679 2676
3 2678 2671 2674
3 2683 2679 2678
3 2683 2678 2674
3 2671 2666 2660
3 2671 2660 2665
3 2674 2671 2665
3 2666 2667 2661
3 2666 2661 2660
3 2660 2661 2657
3 2660 2654 2658
3 2660 2657 2654
3 2665 2660 2658
3 2665 2658 2659
3 2670 2665 2659
3 2674 2665 2670
3 2658 2654 2656
3 2659 2658 2656
3 2654 2655 2656
3 2654 2657 2655
3 2662 2659 2663
3 2670 2659 2662
3 2672 2670 2662
3 2677 2670 2672
3 2677 2674 2670
3 2662 2663 2664
3 2668 2662 2664
3 2672 2662 2668
3 2668 2664 2669
3 2672 2668 2669
3 2672 2669 2673
3 2680 2672 2673
3 2680 2677 2672
3 2680 2673 2681
3 2680 2681 2682
3 2686 2680 2682
3 2686 2677 2680
3 2686 2682 2653
3 2686 2652 2684
3 2686 2653 2652
3 2686 2684 2683
3 2686 2683 2677
3 2651 2652 2653
3 2683 2674 2677
3 2683 2684 2685
3 2683 2685 2679
3 2687 2688 2689
3 2703 2687 2689
3 2708 2709 2687
3 2708 2687 2703
3 2703 2689 2704
3 2703 2704 2702
3 2703 2702 2701
3 2708 2703 2701
3 2708 2701 2707
3 2713 2709 2708
3 2713 2708 2707
3 2713 2714 2709
3 2713 2715 2714
3 2713 2707 2712
3 2719 2715 2713
3 2719 2713 2712
3 2723 2724 2715
3 2723 2715 2719
3 2719 2712 2718
3 2723 2719 2718
3 2712 2707 2710
3 2718 2712 2710
3 2718 2710 2716
3 2720 2718 2716
3 2722 2718 2720
3 2723 2718 2722
3 2710 2706 2711
3 2710 2705 2706
3 2710 2707 2705
3 2716 2710 2711
3 2716 2711 2717
3 2720 2716 2717
3 2720 2717 2721
3 2725 2721 2691
3 2725 2720 2721
3 2725 2690 2726
3 2725 2691 2690
3 2727 2725 2726
3 2727 2720 2725
3 2690 2691 2692
3 2727 2722 2720
3 2727 2723 2722
3 2730 2724 2723
3 2730 2723 2727
3 2730 2729 2695
3 2730 2694 2724
3 2730 2727 2729
3 2730 2695 2694
3 2727 2728 2729
3 2727 2726 2728
3 2693 2694 2695
3 2705 2700 2706
3 2705 2696 2700
3 2707 2696 2705
3 2696 2698 2700
3 2696 2697 2698
3 2696 2699 2697
3 2701 2699 2696
3 2707 2701 2696
3 2701 2702 2699
3 2731 2732 2733
3 2731 2733 2734
3 2735 2731 2734
3 2735 2734 2736
3 2735 2736 2737
3 2738 2735 2737
3 2738 2737 2739
3 2740 2738 2739
3 2740 2739 2741
3 2742 2740 2741
3 2743 2741 2744
3 2743 2742 2741
3 2745 2746 2747
3 2745 2748 2746
3 2749 2748 2745
3 2753 2745 2747
3 2757 2749 2745
3 2757 2745 2753
3 2753 2747 2754
3 2761 2753 2754
3 2768 2757 2753
3 2768 2753 2761
3 2760 2749 2757
3 2770 2757 2768
3 2770 2760 2757
3 2776 2768 2761
3 2778 2768 2776
3 2778 2770 2768
3 2761 2754 2762
3 2771 2761 2762
3 2776 2761 2771
3 2785 2776 2771
3 2787 2776 2785
3 2787 2778 2776
3 2784 2770 2778
3 2793 2784 2778
3 2793 2778 2787
3 2798 2793 2787
3 2798 2787 2785
3 2785 2771 2779
3 2794 2785 2779
3 2798 2785 2794
3 2771 2762 2772
3 2779 2771 2772
3 2779 2772 2780
3 2779 2780 2781
3 2788 2779 2781
3 2794 2779 2788
3 2788 2781 2789
3 2788 2789 2790
3 2794 2788 2790
3 2794 2790 2795
3 2794 2795 2796
3 2798 2794 2796
3 2801 2796 2802
3 2801 2798 2796
3 2801 2802 2803
3 2801 2793 2798
3 2804 2801 2803
3 2804 2793 2801
3 2805 2803 2806
3 2805 2804 2803
3 2804 2799 2797
3 2804 2797 2793
3 2805 2799 2804
3 2797 2784 2793
3 2797 2786 2784
3 2799 2786 2797
3 2799 2791 2786
3 2799 2800 2792
3 2799 2792 2791
3 2805 2800 2799
3 2786 2775 2784
3 2786 2777 2775
3 2791 2777 2786
3 2784 2775 2770
3 2775 2767 2760
3 2775 2760 2770
3 2777 2767 2775
3 2777 2769 2767
3 2782 2769 2777
3 2791 2782 2777
3 2767 2751 2760
3 2767 2755 2751
3 2769 2755 2767
3 2760 2751 2749
3 2751 2752 2750
3 2751 2750 2749
3 2755 2752 2751
3 2755 2756 2752
3 2758 2756 2755
3 2769 2758 2755
3 2758 2759 2756
3 2763 2759 2758
3 2773 2763 2758
3 2773 2758 2769
3 2763 2766 2759
3 2763 2764 2765
3 2763 2765 2766
3 2773 2764 2763
3 2773 2774 2764
3 2782 2774 2773
3 2782 2773 2769
3 2782 2783 2774
3 2791 2783 2782
3 2791 2792 2783
3 2749 2750 2748
3 2805 2808 2800
3 2805 2806 2807
3 2805 2807 2808
3 2809 2810 2811
3 2812 2809 2811
3 2813 2811 2814
3 2813 2812 2811
3 2815 2813 2814
3 2815 2814 2816
3 2817 2815 2816
3 2817 2816 2818
3 2819 2817 2818
3 2819 2818 2820
3 2821 2819 2820
3 2821 2820 2822
3 2821 2822 2823
3 2824 2821 2823
3 2825 2826 2827
3 2825 2827 2828
3 2829 2826 2825
3 2837 2825 2828
3 2844 2829 2825
3 2844 2825 2837
3 2829 2830 2826
3 2831 2830 2829
3 2845 2831 2829
3 2845 2829 2844
3 2848 2844 2837
3 2851 2845 2844
3 2851 2844 2848
3 2837 2828 2838
3 2848 2837 2838
3 2848 2838 2849
3 2855 2848 2849
3 2859 2848 2855
3 2859 2851 2848
3 2852 2845 2851
3 2860 2851 2859
3 2860 2852 2851
3 2868 2860 2859
3 2868 2859 2855
3 2855 2849 2856
3 2863 2855 2856
3 2868 2855 2863
3 2869 2860 2868
3 2877 2868 2863
3 2879 2869 2868
3 2879 2868 2877
3 2861 2852 2860
3 2869 2861 2860
3 2870 2861 2869
3 2881 2870 2869
3 2881 2869 2879
3 2879 2878 2880
3 2879 2877 2878
3 2881 2879 2880
3 2881 2880 2882
3 2881 2871 2870
3 2883 2881 2882
3 2883 2871 2881
3 2871 2861 2870
3 2871 2862 2861
3 2875 2862 2871
3 2885 2875 2871
3 2885 2871 2883
3 2883 2882 2884
3 2885 2883 2884
3 2885 2886 2887
3 2885 2884 2886
3 2885 2876 2875
3 2885 2888 2876
3 2885 2887 2888
3 2875 2876 2867
3 2875 2866 2862
3 2875 2867 2866
3 2866 2867 2858
3 2866 2858 2857
3 2866 2854 2862
3 2866 2857 2854
3 2857 2858 2843
3 2857 2850 2854
3 2857 2843 2850
3 2854 2847 2853
3 2854 2850 2847
3 2862 2854 2853
3 2862 2853 2861
3 2853 2847 2846
3 2853 2846 2845
3 2853 2845 2852
3 2861 2853 2852
3 2847 2835 2833
3 2847 2833 2846
3 2850 2835 2847
3 2846 2831 2845
3 2846 2833 2831
3 2833 2834 2832
3 2833 2832 2831
3 2835 2834 2833
3 2835 2836 2834
3 2839 2836 2835
3 2850 2839 2835
3 2839 2841 2836
3 2839 2840 2841
3 2839 2842 2840
3 2839 2843 2842
3 2850 2843 2839
3 2831 2832 2830
3 2877 2874 2878
3 2877 2872 2874
3 2877 2863 2872
3 2872 2873 2874
3 2872 2865 2873
3 2872 2863 2865
3 2863 2864 2865
3 2863 2856 2864
3 2889 2890 2891
3 2889 2891 2892
3 2893 2889 2892
3 2893 2892 2894
3 2895 2893 2894
3 2895 2894 2896
3 2895 2896 2897
3 2898 2895 2897
3 2899 2897 2900
3 2899 2898 2897
3 2901 2899 2900
3 2901 2900 2902
3 2901 2902 2903
3 2904 2901 2903
3 2905 2906 2907
3 2925 2905 2907
3 2933 2934 2905
3 2933 2905 2925
3 2925 2907 2922
3 2925 2922 2921
3 2933 2925 2921
3 2933 2921 2929
3 2940 2934 2933
3 2940 2933 2929
3 2940 2941 2934
3 2940 2929 2938
3 2948 2941 2940
3 2948 2940 2938
3 2929 2921 2928
3 2938 2929 2928
3 2938 2928 2937
3 2945 2938 2937
3 2948 2938 2945
3 2948 2949 2941
3 2959 2948 2945
3 2959 2949 2948
3 2945 2937 2944
3 2953 2945 2944
3 2959 2945 2953
3 2959 2960 2949
3 2959 2909 2960
3 2968 2909 2959
3 2968 2959 2953
3 2953 2944 2952
3 2966 2953 2952
3 2968 2953 2966
3 2944 2937 2943
3 2952 2944 2943
3 2952 2943 2951
3 2965 2952 2951
3 2966 2952 2965
3 2966 2967 2910
3 2966 2964 2967
3 2966 2965 2964
3 2968 2966 2910
3 2968 2910 2909
3 2908 2909 2910
3 2962 2963 2964
3 2965 2962 2964
3 2965 2951 2962
3 2962 2958 2963
3 2962 2951 2950
3 2962 2950 2961
3 2962 2961 2958
3 2954 2957 2958
3 2961 2954 2958
3 2961 2950 2946
3 2961 2946 2954
3 2950 2942 2939
3 2950 2939 2946
3 2951 2942 2950
3 2946 2932 2947
3 2946 2939 2932
3 2954 2946 2947
3 2939 2930 2932
3 2942 2930 2939
3 2942 2935 2930
3 2943 2935 2942
3 2951 2943 2942
3 2930 2931 2932
3 2930 2924 2931
3 2930 2923 2924
3 2935 2923 2930
3 2935 2926 2923
3 2936 2926 2935
3 2943 2936 2935
3 2943 2937 2936
3 2936 2927 2926
3 2937 2927 2936
3 2926 2911 2923
3 2926 2917 2915
3 2926 2915 2911
3 2927 2917 2926
3 2923 2914 2924
3 2923 2911 2914
3 2911 2912 2913
3 2911 2913 2914
3 2915 2912 2911
3 2915 2916 2912
3 2917 2916 2915
3 2917 2918 2916
3 2919 2920 2918
3 2919 2918 2917
3 2921 2920 2919
3 2928 2921 2919
3 2928 2919 2917
3 2921 2922 2920
3 2928 2917 2927
3 2937 2928 2927
3 2954 2947 2955
3 2954 2955 2956
3 2954 2956 2957
3 2969 2970 2971
3 2972 2969 2971
3 2973 2971 2974
3 2973 2972 2971
3 2975 2973 2974
3 2975 2974 2976
3 2977 2975 2976
3 2977 2976 2978
3 2979 2977 2978
3 2979 2978 2980
3 2981 2979 2980
3 2981 2980 2982
3 2981 2982 2983
3 2984 2981 2983
3 2985 2986 2987
3 3030 2986 2985
3 3034 2985 3035
3 3034 3030 2985
3 3022 3023 2986
3 3030 3022 2986
3 3034 3022 3030
3 3034 3027 3022
3 3037 3027 3034
3 3037 3034 3035
3 3037 3035 3038
3 3037 3029 3027
3 3041 3037 3038
3 3041 3029 3037
3 3027 3015 3022
3 3027 3019 3015
3 3029 3019 3027
3 3029 3021 3019
3 3033 3021 3029
3 3041 3033 3029
3 3041 3038 3042
3 3043 3033 3041
3 3043 3041 3042
3 3033 3026 3021
3 3036 3026 3033
3 3043 3036 3033
3 3021 3012 3019
3 3021 3014 3012
3 3026 3014 3021
3 3026 3018 3014
3 3026 3020 3018
3 3028 3020 3026
3 3036 3028 3026
3 3039 3028 3036
3 3046 3039 3036
3 3046 3036 3043
3 3031 3020 3028
3 3039 3031 3028
3 3039 3040 3032
3 3039 3032 3031
3 3046 3040 3039
3 3046 3045 3047
3 3046 3047 3048
3 3046 3048 3040
3 3046 3043 3045
3 3043 3044 3045
3 3043 3042 3044
3 3031 3032 3025
3 3031 3025 3024
3 3031 3024 3020
3 3024 3025 3007
3 3024 3017 3013
3 3024 3007 3017
3 3024 3013 3020
3 3020 3011 3018
3 3020 3013 3011
3 3013 3001 2998
3 3013 2998 3011
3 3017 3001 3013
3 3017 3006 3001
3 3017 3007 3006
3 3006 3007 3008
3 3006 3008 3009
3 3006 3010 3002
3 3006 3009 3010
3 3006 3002 3001
3 3001 3002 2999
3 3001 2999 2998
3 2998 2999 2995
3 2998 2995 2994
3 3011 2998 2994
3 2994 2995 2993
3 2994 2993 2992
3 3003 2994 2992
3 3011 2994 3003
3 2992 2993 2989
3 2992 2989 2988
3 3000 2992 2988
3 3003 2992 3000
3 3014 3003 3000
3 3018 3011 3003
3 3018 3003 3014
3 3000 2988 2996
3 3012 3000 2996
3 3014 3000 3012
3 2988 2989 2990
3 2988 2990 2991
3 2996 2988 2991
3 2996 2991 2997
3 3004 2996 2997
3 3012 2996 3004
3 3019 3012 3004
3 3004 2997 3005
3 3015 3004 3005
3 3019 3004 3015
3 3015 3005 3016
3 3022 3015 3016
3 3022 3016 3023
3 3049 3050 3051
3 3052 3049 3051
3 3053 3054 3055
3 3053 3056 3054
3 3057 3056 3053
3 3057 3058 3056
3 3059 3058 3057
3 3059 3060 3058
3 3061 3060 3059
3 3061 3062 3060
3 3063 3062 3061
3 3063 3064 3062
3 3065 3064 3063
3 3065 3066 3064
3 3067 3066 3065
3 3067 3068 3066
3 3069 3068 3067
3 3069 3070 3068
3 3071 3072 3073
3 3071 3074 3072
3 3075 3074 3071
3 3075 3076 3074
3 3077 3076 3075
3 3077 3078 3076
3 3079 3078 3077
3 3079 3080 3078
3 3081 3080 3079
3 3081 3082 3080
3 3083 3082 3081
3 3083 3084 3082
3 3085 3086 3087
3 3085 3088 3086
3 3089 3090 3091
3 3092 3089 3091
3 3093 3094 3095
3 3093 3095 3096
3 3097 3098 3099
3 3100 3097 3099
3 3101 3102 3103
3 3104 3101 3103
3 3105 3106 3107
3 3105 3108 3106
3 3109 3110 3111
3 3109 3112 3110
3 3113 3114 3115
3 3116 3113 3115
3 3117 3113 3116
3 3118 3117 3116
3 3119 3117 3118
3 3120 3119 3118
3 3121 3119 3120
3 3122 3121 3120
3 3123 3121 3122
3 3124 3123 3122
3 3124 3125 3123
3 3126 3125 3124
3 3127 3128 3125
3 3127 3125 3126
3 3129 3130 3131
3 3132 3133 3129
3 3132 3129 3131
3 3134 3133 3132
3 3134 3135 3133
3 3136 3135 3134
3 3136 3137 3135
3 3138 3137 3136
3 3139 3140 3137
3 3139 3137 3138
3 3139 3141 3140
3 3142 3141 3139
3 3143 3141 3142
3 3144 3143 3142
3 3145 3143 3144
3 3146 3145 3144
3 3147 3145 3146
3 3148 3147 3146
3 3149 3150 3151
3 3152 3149 3151
3 3153 3154 3155
3 3153 3156 3154
3 3157 3158 3159
3 3157 3159 3160
3 3161 3157 3160
3 3162 3160 3163
3 3162 3161 3160
3 3164 3162 3163
3 3165 3163 3166
3 3165 3164 3163
3 3165 3166 3167
3 3168 3165 3167
3 3168 3167 3169
3 3170 3171 3168
3 3170 3168 3169
3 3172 3171 3170
3 3172 3173 3171
3 3177 3173 3172
3 3178 3179 3173
3 3178 3173 3177
3 3180 3179 3178
3 3180 3181 3179
3 3182 3181 3180
3 3182 3183 3181
3 3184 3183 3182
3 3184 3185 3183
3 3189 3185 3184
3 3189 3190 3185
3 3191 3190 3189
3 3191 3188 3190
3 3191 3186 3188
3 3186 3187 3188
3 3192 3187 3186
3 3192 3193 3187
3 3194 3193 3192
3 3195 3194 3192
3 3195 3192 3196
3 3194 3174 3193
3 3194 3175 3174
3 3174 3175 3176
3 3197 3198 3199
3 3197 3200 3198
3 3201 3202 3203
3 3204 3201 3203
3 3205 3201 3204
3 3206 3205 3204
3 3207 3208 3205
3 3207 3205 3206
3 3209 3208 3207
3 3209 3210 3208
3 3211 3210 3209
3 3212 3211 3209
3 3213 3214 3211
3 3213 3211 3212
3 3215 3214 3213
3 3216 3215 3213
3 3217 3215 3216
3 3218 3217 3216
3 3219 3220 3217
3 3219 3217 3218
3 3221 3220 3219
3 3221 3222 3220
3 3223 3224 3225
3 3223 3226 3224
3 3227 3226 3223
3 3227 3228 3226
3 3229 3228 3227
3 3229 3230 3228
3 3231 3232 3233
3 3231 3234 3232
3 3235 3236 3237
3 3235 3238 3236
3 3239 3238 3235
3 3239 3240 3238
3 3241 3240 3239
3 3241 3242 3240
3 3243 3244 3245
3 3246 3243 3245
3 3247 3243 3246
3 3248 3247 3246
3 3248 3249 3247
3 3250 3249 3248
3 3250 3251 3249
3 3252 3251 3250
3 3252 3253 3251
3 3254 3253 3252
3 3254 3255 3253
3 3256 3255 3254
3 3257 3255 3256
3 3258 3257 3256
3 3258 3259 3257
3 3260 3259 3258
3 3261 3262 3259
3 3261 3259 3260
3 3263 3264 3265
3 3266 3263 3265
3 3267 3268 3263
3 3267 3263 3266
3 3269 3268 3267
3 3270 3269 3267
3 3271 3272 3269
3 3271 3269 3270
3 3273 3272 3271
3 3273 3274 3272
3 3275 3274 3273
3 3275 3276 3274
3 3277 3276 3275
3 3278 3277 3275
3 3279 3280 3281
3 3282 3279 3281
3 3283 3279 3282
3 3284 3283 3282
3 3285 3283 3284
3 3286 3285 3284
3 3287 3285 3286
3 3288 3287 3286
3 3289 3287 3288
3 3290 3289 3288
3 3291 3289 3290
3 3292 3291 3290
3 3293 3291 3292
3 3294 3293 3292
3 3295 3296 3293
3 3295 3293 3294
3 3297 3298 3299
3 3300 3297 3299
3 3301 3297 3300
3 3302 3301 3300
3 3303 3301 3302
3 3304 3303 3302
3 3305 3303 3304
3 3306 3305 3304
3 3307 3305 3306
3 3308 3307 3306
3 3309 3310 3311
3 3309 3312 3310
3 3313 3314 3315
3 3313 3316 3314
3 3317 3318 3319
3 3317 3320 3318
3 3321 3322 3323
3 3324 3321 3323
3 3325 3321 3324
3 3326 3325 3324
3 3327 3328 3329
3 3327 3330 3328
3 3331 3332 3327
3 3333 3327 3329
3 3333 3331 3327
3 3333 3329 3334
3 3338 3333 3334
3 3341 3338 3334
3 3348 3334 3349
3 3348 3341 3334
3 3355 3348 3349
3 3355 3356 3348
3 3359 3355 3349
3 3359 3349 3360
3 3373 3356 3355
3 3373 3375 3356
3 3373 3374 3375
3 3383 3374 3373
3 3383 3385 3374
3 3383 3384 3385
3 3387 3384 3383
3 3387 3388 3384
3 3389 3388 3387
3 3389 3380 3388
3 3389 3386 3380
3 3379 3378 3380
3 3386 3379 3380
3 3379 3377 3378
3 3377 3370 3378
3 3377 3369 3370
3 3369 3364 3370
3 3369 3363 3364
3 3363 3358 3364
3 3363 3357 3358
3 3357 3352 3358
3 3357 3354 3352
3 3352 3351 3350
3 3352 3353 3351
3 3354 3353 3352
3 3350 3351 3347
3 3350 3347 3346
3 3346 3347 3345
3 3346 3345 3344
3 3344 3345 3343
3 3344 3343 3342
3 3342 3343 3340
3 3342 3340 3339
3 3339 3340 3336
3 3339 3336 3335
3 3335 3336 3337
3 3335 3337 3332
3 3335 3332 3331
3 3361 3360 3362
3 3361 3359 3360
3 3365 3361 3362
3 3365 3362 3366
3 3367 3365 3366
3 3367 3366 3368
3 3371 3367 3368
3 3372 3367 3371
3 3376 3372 3371
3 3381 3382 3372
3 3381 3372 3376
3 3390 3382 3381
3 3390 3391 3382
3 3392 3391 3390
3 3392 3393 3391
3 3394 3393 3392
3 3394 3395 3393
3 3396 3395 3394
3 3396 3397 3395
3 3398 3397 3396
3 3398 3399 3397
3 3400 3399 3398
3 3400 3401 3399
3 3402 3403 3404
3 3402 3405 3403
3 3406 3407 3408
3 3409 3406 3408
3 3410 3406 3409
3 3411 3410 3409
3 3412 3410 3411
3 3413 3412 3411
3 3414 3412 3413
3 3415 3414 3413
3 3416 3414 3415
3 3417 3416 3415
3 3418 3416 3417
3 3419 3418 3417
3 3420 3418 3419
3 3421 3420 3419
3 3422 3423 3424
3 3422 3425 3423
3 3426 3425 3422
3 3426 3427 3425
3 3428 3427 3426
3 3428 3429 3427
3 3430 3429 3428
3 3430 3431 3429
3 3432 3431 3430
3 3432 3433 3431
3 3434 3433 3432
3 3434 3435 3433
3 3436 3435 3434
3 3436 3437 3435
3 3438 3437 3436
3 3438 3439 3437
3 3440 3439 3438
3 3440 3441 3439
3 3442 3443 3444
3 3442 3445 3443
3 3446 3445 3442
3 3446 3447 3445
3 3448 3447 3446
3 3448 3449 3447
3 3450 3449 3448
3 3450 3451 3449
3 3452 3451 3450
3 3452 3453 3451
3 3454 3453 3452
3 3454 3455 3453
3 3456 3457 3458
3 3459 3456 3458
3 3459 3458 3460
3 3459 3460 3461
3 3462 3463 3459
3 3462 3459 3461
3 3464 3463 3462
3 3465 3464 3462
3 3465 3466 3464
3 3467 3466 3465
3 3468 3466 3467
3 3469 3468 3467
3 3469 3470 3468
3 3471 3470 3469
3 3472 3471 3469
3 3473 3471 3472
3 3474 3473 3472
3 3475 3473 3474
3 3476 3475 3474
3 3477 3475 3476
3 3478 3477 3476
3 3479 3480 3481
3 3479 3482 3480
3 3483 3484 3485
3 3483 3486 3484
3 3487 3486 3483
3 3487 3488 3486
3 3489 3488 3487
3 3489 3490 3488
3 3491 3490 3489
3 3491 3492 3490
3 3493 3492 3491
3 3494 3493 3491
3 3495 3496 3493
3 3495 3493 3494
3 3497 3496 3495
3 3497 3498 3496
3 3499 3498 3497
3 3499 3500 3498
3 3501 3502 3503
3 3504 3501 3503
3 3505 3501 3504
3 3506 3505 3504
3 3507 3505 3506
3 3508 3507 3506
3 3509 3507 3508
3 3510 3509 3508
3 3511 3509 3510
3 3512 3511 3510
3 3513 3511 3512
3 3514 3513 3512
3 3515 3516 3517
3 3515 3518 3516
3 3519 3520 3521
3 3522 3519 3521
3 3523 3519 3522
3 3524 3523 3522
3 3525 3523 3524
3 3526 3525 3524
3 3527 3525 3526
3 3528 3527 3526
3 3529 3527 3528
3 3530 3529 3528
3 3531 3529 3530
3 3532 3531 3530
3 3533 3531 3532
3 3534 3533 3532
3 3535 3536 3537
3 3538 3535 3537
3 3539 3535 3538
3 3540 3539 3538
3 3541 3539 3540
3 3542 3541 3540
3 3543 3541 3542
3 3544 3543 3542
3 3545 3543 3544
3 3546 3545 3544
3 3547 3548 3549
3 3547 3550 3548
3 3551 3552 3553
3 3551 3554 3552
3 3555 3556 3557
3 3555 3557 3558
3 3559 3560 3561
3 3562 3559 3561
3 3563 3564 3565
3 3566 3563 3565
3 3567 3568 3569
3 3567 3570 3568
3 3571 3572 3573
3 3574 3571 3573
3 3575 3576 3577
3 3578 3575 3577
3 3579 3575 3578
3 3580 3579 3578
3 3581 3579 3580
3 3582 3581 3580
3 3583 3584 3581
3 3583 3581 3582
3 3583 3585 3584
3 3586 3585 3583
3 3587 3588 3585
3 3587 3585 3586
3 3589 3590 3591
3 3592 3593 3589
3 3592 3589 3591
3 3594 3593 3592
3 3594 3595 3593
3 3596 3595 3594
3 3596 3597 3595
3 3598 3597 3596
3 3598 3599 3597
3 3600 3599 3598
3 3600 3601 3599
3 3602 3601 3600
3 3602 3603 3601
3 3604 3603 3602
3 3605 3603 3604
3 3606 3605 3604
3 3607 3608 3605
3 3607 3605 3606
3 3609 3610 3611
3 3609 3612 3610
3 3613 3614 3615
3 3613 3616 3614
3 3617 3618 3619
3 3617 3620 3618
3 3621 3622 3623
3 3621 3624 3622
3 3625 3624 3621
3 3625 3626 3624
3 3627 3626 3625
3 3627 3628 3626
3 3629 3628 3627
3 3629 3630 3628
3 3631 3630 3629
3 3631 3632 3630
3 3633 3632 3631
3 3633 3634 3632
3 3635 3636 3637
3 3638 3639 3635
3 3638 3635 3637
3 3640 3639 3638
3 3640 3641 3639
3 3642 3641 3640
3 3642 3643 3641
3 3644 3643 3642
3 3644 3645 3643
3 3646 3645 3644
3 3646 3647 3645
3 3648 3647 3646
3 3648 3649 3647
3 3650 3649 3648
3 3651 3649 3650
3 3652 3651 3650
3 3653 3651 3652
3 3654 3653 3652
3 3655 3656 3653
3 3655 3653 3654
3 3657 3658 3659
3 3660 3657 3659
3 3661 3662 3663
3 3661 3664 3662
3 3665 3666 3667
3 3665 3667 3668
3 3669 3665 3668
3 3670 3668 3671
3 3670 3669 3668
3 3672 3670 3671
3 3673 3671 3674
3 3673 3672 3671
3 3675 3673 3674
3 3675 3674 3676
3 3675 3676 3677
3 3678 3675 3677
3 3679 3678 3677
3 3680 3681 3678
3 3680 3678 3679
3 3682 3681 3680
3 3682 3683 3681
3 3684 3683 3682
3 3684 3685 3683
3 3686 3685 3684
3 3687 3688 3685
3 3687 3685 3686
3 3689 3688 3687
3 3689 3691 3688
3 3689 3690 3691
3 3696 3690 3689
3 3696 3697 3690
3 3702 3697 3696
3 3698 3699 3697
3 3702 3698 3697
3 3700 3699 3698
3 3700 3701 3699
3 3704 3701 3700
3 3705 3704 3700
3 3706 3700 3707
3 3706 3705 3700
3 3703 3694 3701
3 3704 3703 3701
3 3703 3692 3694
3 3692 3693 3694
3 3692 3695 3693
3 3708 3706 3707
3 3708 3707 3709
3 3708 3709 3710
3 3711 3712 3708
3 3711 3708 3710
3 3713 3712 3711
3 3717 3718 3712
3 3717 3712 3713
3 3719 3718 3717
3 3719 3720 3718
3 3721 3720 3719
3 3721 3722 3720
3 3723 3722 3721
3 3723 3724 3722
3 3728 3724 3723
3 3728 3729 3724
3 3732 3729 3728
3 3732 3727 3729
3 3732 3725 3727
3 3725 3726 3727
3 3730 3726 3725
3 3730 3731 3726
3 3733 3731 3730
3 3734 3733 3730
3 3734 3730 3735
3 3733 3714 3731
3 3733 3715 3714
3 3714 3715 3716
3 3736 3737 3738
3 3736 3739 3737
3 3740 3741 3742
3 3740 3743 3741
3 3744 3743 3740
3 3744 3745 3743
3 3746 3745 3744
3 3746 3747 3745
3 3748 3749 3750
3 3751 3748 3750
3 3752 3748 3751
3 3753 3752 3751
3 3754 3752 3753
3 3755 3754 3753
3 3756 3754 3755
3 3757 3756 3755
3 3758 3756 3757
3 3759 3758 3757
3 3760 3758 3759
3 3761 3760 3759
3 3762 3763 3764
3 3765 3762 3764
3 3766 3762 3765
3 3767 3766 3765
3 3768 3766 3767
3 3769 3768 3767
3 3770 3768 3769
3 3771 3770 3769
3 3772 3770 3771
3 3773 3772 3771
3 3774 3772 3773
3 3775 3774 3773
3 3776 3777 3774
3 3776 3774 3775
3 3778 3779 3780
3 3781 3778 3780
3 3782 3778 3781
3 3783 3782 3781
3 3783 3784 3782
3 3785 3784 3783
3 3785 3786 3784
3 3787 3786 3785
3 3787 3788 3786
3 3789 3788 3787
3 3789 3790 3788
3 3791 3790 3789
3 3791 3792 3790
3 3793 3792 3791
3 3794 3795 3796
3 3797 3798 3794
3 3797 3794 3796
3 3799 3798 3797
3 3799 3800 3798
3 3801 3800 3799
3 3801 3802 3800
3 3803 3802 3801
3 3803 3804 3802
3 3805 3804 3803
3 3806 3804 3805
3 3807 3806 3805
3 3808 3806 3807
3 3809 3808 3807
3 3810 3811 3812
3 3810 3813 3811
3 3814 3813 3810
3 3814 3815 3813
3 3816 3815 3814
3 3816 3817 3815
3 3818 3819 3820
3 3818 3821 3819
3 3822 3823 3824
3 3822 3825 3823
3 3826 3825 3822
3 3826 3827 3825
3 3828 3827 3826
3 3828 3829 3827
3 3830 3829 3828
3 3830 3831 3829
3 3832 3833 3834
3 3832 3835 3833
3 3836 3835 3832
3 3836 3837 3835
3 3838 3837 3836
3 3838 3839 3837
3 3840 3839 3838
3 3840 3841 3839
3 3842 3841 3840
3 3842 3843 3841
3 3844 3843 3842
3 3844 3845 3843
3 3846 3845 3844
3 3847 3846 3844
3 3848 3849 3850
3 3851 3848 3850
3 3852 3848 3851
3 3853 3852 3851
3 3854 3852 3853
3 3855 3854 3853
3 3856 3854 3855
3 3857 3856 3855
3 3858 3856 3857
3 3859 3858 3857
3 3860 3858 3859
3 3861 3860 3859
3 3862 3860 3861
3 3863 3862 3861
3 3864 3865 3866
3 3867 3864 3866
3 3868 3864 3867
3 3869 3868 3867
3 3869 3870 3868
3 3871 3870 3869
3 3871 3872 3870
3 3873 3872 3871
3 3873 3874 3872
3 3875 3874 3873
3 3875 3876 3874
3 3877 3876 3875
3 3877 3878 3876
3 3879 3878 3877
3 3880 3881 3882
3 3883 3884 3880
3 3883 3880 3882
3 3885 3884 3883
3 3885 3886 3884
3 3887 3886 3885
3 3887 3888 3886
3 3889 3888 3887
3 3890 3891 3888
3 3890 3888 3889
3 3892 3891 3890
3 3892 3893 3891
3 3894 3893 3892
3 3894 3895 3893
3 3894 3896 3895
3 3897 3896 3894
3 3898 3899 3900
3 3898 3901 3899
3 3902 3901 3898
3 3902 3903 3901
3 3904 3903 3902
3 3904 3905 3903
3 3906 3905 3904
3 3906 3907 3905
3 3908 3909 3910
3 3911 3908 3910
3 3912 3909 3908
3 3912 3913 3909
3 3916 3913 3912
3 3922 3913 3916
3 3922 3923 3913
3 3926 3923 3922
3 3934 3923 3926
3 3934 3936 3923
3 3934 3935 3936
3 3939 3935 3934
3 3939 3940 3935
3 3941 3940 3939
3 3944 3941 3939
3 3914 3910 3915
3 3914 3911 3910
3 3917 3914 3915
3 3917 3915 3918
3 3917 3918 3919
3 3920 3917 3919
3 3920 3919 3921
3 3924 3920 3921
3 3924 3921 3925
3 3927 3924 3925
3 3927 3925 3928
3 3927 3928 3929
3 3930 3927 3929
3 3930 3929 3931
3 3932 3930 3931
3 3933 3930 3932
3 3937 3933 3932
3 3937 3938 3933
3 3942 3938 3937
3 3942 3943 3938
3 3948 3943 3942
3 3948 3949 3943
3 3950 3949 3948
3 3953 3950 3948
3 3954 3950 3953
3 3954 3953 3955
3 3958 3954 3955
3 3959 3955 3960
3 3959 3958 3955
3 3964 3959 3960
3 3964 3960 3965
3 3966 3964 3965
3 3966 3965 3967
3 3972 3966 3967
3 3972 3967 3973
3 3976 3972 3973
3 3976 3973 3977
3 3978 3976 3977
3 3978 3977 3979
3 3978 3979 3975
3 3978 3975 3974
3 3974 3975 3969
3 3974 3969 3968
3 3968 3969 3970
3 3968 3963 3961
3 3968 3970 3971
3 3968 3971 3963
3 3961 3963 3962
3 3961 3962 3957
3 3961 3957 3956
3 3956 3957 3952
3 3956 3952 3951
3 3951 3952 3946
3 3951 3946 3945
3 3945 3946 3947
3 3980 3981 3982
3 3980 3983 3981
3 3984 3985 3986
3 3984 3986 3987
3 3988 3989 3990
3 3991 3988 3990
3 3992 3993 3994
3 3992 3995 3993
3 3996 3997 3998
3 3996 3999 3997
3 4000 4001 4002
3 4000 4003 4001
3 4004 4003 4000
3 4004 4005 4003
3 4006 4005 4004
3 4006 4007 4005
3 4008 4007 4006
3 4008 4009 4007
3 4010 4009 4008
3 4010 4011 4009
3 4012 4013 4014
3 4012 4015 4013
3 4016 4015 4012
3 4016 4017 4015
3 4018 4017 4016
3 4018 4019 4017
3 4020 4019 4018
3 4020 4021 4019
3 4022 4021 4020
3 4022 4023 4021
3 4022 4024 4023
3 4025 4024 4022
3 4026 4027 4028
3 4026 4029 4027
3 4030 4029 4026
3 4031 4030 4026
3 4032 4033 4034
3 4032 4035 4033
3 4036 4037 4038
3 4039 4036 4038
3 4040 4036 4039
3 4041 4040 4039
3 4042 4043 4044
3 4045 4043 4042
3 4045 4046 4043
3 4047 4046 4045
3 4048 4049 4046
3 4048 4046 4047
3 4048 4050 4049
3 4051 4050 4048
3 4052 4053 4050
3 4052 4050 4051
3 4052 4054 4053
3 4055 4054 4052
3 4056 4057 4054
3 4056 4054 4055
3 4056 4058 4057
3 4059 4058 4056
3 4060 4061 4058
3 4060 4058 4059
3 4060 4062 4061
3 4063 4062 4060
3 4064 4065 4066
3 4064 4067 4065
3 4068 4069 4070
3 4068 4071 4069
3 4072 4073 4074
3 4075 4072 4074
3 4076 4077 4078
3 4076 4078 4079
3 4080 4081 4082
3 4080 4083 4081
3 4084 4085 4086
3 4087 4084 4086
3 4088 4089 4090
3 4091 4089 4088
3 4091 4092 4089
3 4093 4092 4091
3 4093 4094 4092
3 4095 4094 4093
3 4095 4096 4094
3 4097 4096 4095
3 4097 4099 4096
3 4097 4098 4099
3 4100 4098 4097
3 4100 4101 4098
3 4102 4101 4100
3 4103 4100 4104
3 4103 4102 4100
3 4105 4103 4104
3 4106 4105 4104
3 4107 4104 4108
3 4107 4106 4104
3 4109 4107 4108
3 4109 4108 4110
3 4109 4110 4111
3 4112 4109 4111
3 4112 4111 4113
3 4112 4113 4114
3 4119 4112 4114
3 4119 4114 4118
3 4120 4119 4118
3 4121 4122 4119
3 4121 4119 4120
3 4115 4118 4116
3 4120 4118 4115
3 4123 4120 4115
3 4115 4116 4117
3 4123 4115 4124
3 4125 4126 4127
3 4125 4128 4126
3 4129 4130 4131
3 4129 4132 4130
3 4133 4132 4129
3 4133 4134 4132
3 4135 4134 4133
3 4135 4136 4134
3 4137 4136 4135
3 4137 4138 4136
3 4139 4138 4137
3 4139 4140 4138
3 4141 4140 4139
3 4141 4142 4140
3 4143 4142 4141
3 4143 4144 4142
3 4145 4146 4147
3 4145 4148 4146
3 4149 4148 4145
3 4149 4150 4148
3 4151 4150 4149
3 4151 4152 4150
3 4153 4152 4151
3 4153 4154 4152
3 4155 4154 4153
3 4155 4156 4154
3 4157 4156 4155
3 4157 4158 4156
3 4159 4158 4157
3 4159 4160 4158
3 4161 4160 4159
3 4161 4162 4160
3 4163 4162 4161
3 4164 4163 4161
3 4165 4166 4167
3 4165 4168 4166
3 4169 4168 4165
3 4169 4170 4168
3 4171 4170 4169
3 4171 4172 4170
3 4173 4172 4171
3 4173 4174 4172
3 4175 4174 4173
3 4175 4176 4174
3 4177 4176 4175
3 4177 4178 4176
3 4179 4178 4177
3 4179 4180 4178
3 4181 4180 4179
3 4181 4182 4180
3 4183 4184 4185
3 4183 4186 4184
3 4187 4186 4183
3 4187 4188 4186
3 4189 4188 4187
3 4189 4190 4188
3 4191 4190 4189
3 4191 4192 4190
3 4193 4192 4191
3 4193 4194 4192
3 4195 4194 4193
3 4195 4196 4194
3 4197 4196 4195
3 4197 4198 4196
3 4199 4198 4197
3 4199 4200 4198
3 4201 4200 4199
3 4201 4202 4200
3 4203 4204 4205
3 4206 4204 4203
3 4208 4203 4205
3 4206 4207 4204
3 4210 4207 4206
3 4210 4211 4207
3 4217 4211 4210
3 4217 4218 4211
3 4220 4218 4217
3 4220 4221 4218
3 4224 4221 4220
3 4224 4225 4221
3 4228 4225 4224
3 4231 4228 4224
3 4228 4230 4225
3 4228 4229 4230
3 4235 4229 4228
3 4235 4236 4229
3 4238 4236 4235
3 4240 4238 4235
3 4242 4238 4240
3 4243 4242 4240
3 4246 4242 4243
3 4246 4243 4247
3 4250 4246 4247
3 4250 4247 4251
3 4250 4251 4252
3 4253 4250 4252
3 4253 4252 4254
3 4258 4253 4254
3 4258 4254 4259
3 4260 4258 4259
3 4260 4259 4261
3 4263 4260 4261
3 4263 4261 4264
3 4267 4263 4264
3 4267 4264 4268
3 4269 4267 4268
3 4269 4268 4266
3 4269 4266 4265
3 4265 4266 4256
3 4265 4256 4262
3 4255 4256 4257
3 4262 4256 4255
3 4255 4257 4249
3 4255 4249 4248
3 4248 4249 4245
3 4248 4245 4244
3 4244 4245 4239
3 4244 4239 4241
3 4239 4234 4237
3 4241 4239 4237
3 4234 4232 4233
3 4237 4234 4233
3 4232 4226 4227
3 4233 4232 4227
3 4226 4223 4215
3 4226 4215 4227
3 4223 4222 4215
3 4215 4214 4216
3 4222 4214 4215
3 4222 4219 4214
3 4212 4213 4214
3 4219 4212 4214
3 4212 4209 4213
3 4212 4208 4209
3 4208 4205 4209
3 4270 4271 4272
3 4270 4273 4271
3 4274 4275 4276
3 4277 4274 4276
3 4278 4274 4277
3 4279 4278 4277
3 4280 4278 4279
3 4281 4280 4279
3 4281 4282 4280
3 4283 4282 4281
3 4283 4284 4282
3 4285 4284 4283
3 4286 4284 4285
3 4287 4286 4285
3 4288 4286 4287
3 4289 4288 4287
3 4290 4288 4289
3 4291 4290 4289
3 4292 4290 4291
3 4293 4292 4291
3 4294 4295 4296
3 4294 4297 4295
3 4298 4297 4294
3 4298 4299 4297
3 4300 4299 4298
3 4300 4301 4299
3 4302 4301 4300
3 4302 4303 4301
3 4304 4303 4302
3 4304 4305 4303
3 4306 4305 4304
3 4306 4307 4305
3 4308 4307 4306
3 4308 4309 4307
3 4310 4311 4312
3 4313 4310 4312
3 4314 4310 4313
3 4315 4314 4313
3 4315 4316 4314
3 4317 4316 4315
3 4317 4318 4316
3 4319 4318 4317
3 4319 4320 4318
3 4321 4320 4319
3 4321 4322 4320
3 4323 4322 4321
3 4324 4322 4323
3 4325 4324 4323
3 4326 4324 4325
3 4327 4326 4325
3 4328 4326 4327
3 4329 4328 4327
3 4330 4331 4328
3 4330 4328 4329
3 4332 4333 4334
3 4332 4335 4333
3 4336 4335 4332
3 4336 4337 4335
3 4338 4337 4336
3 4338 4339 4337
3 4340 4339 4338
3 4340 4341 4339
3 4342 4341 4340
3 4343 4342 4340
3 4344 4345 4342
3 4344 4342 4343
3 4346 4347 4348
3 4349 4347 4346
3 4349 4350 4347
3 4351 4350 4349
3 4352 4353 4350
3 4352 4350 4351
3 4354 4353 4352
3 4354 4355 4353
3 4356 4355 4354
3 4356 4357 4355
3 4358 4357 4356
3 4358 4359 4357
3 4360 4359 4358
3 4360 4361 4359
3 4362 4361 4360
3 4364 4362 4360
3 4362 4363 4361
3 4365 4363 4362
3 4365 4366 4363
3 4367 4366 4365
3 4367 4368 4366
3 4369 4368 4367
3 4369 4370 4368
3 4369 4371 4370
3 4369 4372 4371
3 4375 4372 4369
3 4373 4374 4372
3 4375 4373 4372
3 4376 4373 4375
3 4376 4377 4373
3 4378 4377 4376
3 4379 4380 4381
3 4379 4382 4380
3 4383 4384 4385
3 4386 4383 4385
3 4387 4383 4386
3 4388 4387 4386
3 4389 4387 4388
3 4390 4389 4388
3 4391 4392 4393
3 4394 4391 4393
3 4395 4391 4394
3 4396 4395 4394
3 4397 4395 4396
3 4398 4397 4396
3 4399 4397 4398
3 4400 4399 4398
3 4401 4399 4400
3 4402 4401 4400
3 4403 4401 4402
3 4404 4403 4402
3 4405 4403 4404
3 4406 4405 4404
3 4407 4405 4406
3 4408 4407 4406
3 4409 4407 4408
3 4410 4409 4408
3 4411 4412 4413
3 4414 4411 4413
3 4415 4411 4414
3 4416 4415 4414
3 4417 4415 4416
3 4418 4417 4416
3 4419 4417 4418
3 4420 4419 4418
3 4421 4419 4420
3 4422 4421 4420
3 4423 4421 4422
3 4424 4423 4422
3 4425 4426 4423
3 4425 4423 4424
3 4427 4428 4429
3 4427 4430 4428
3 4431 4430 4427
3 4431 4432 4430
3 4433 4432 4431
3 4433 4434 4432
3 4435 4436 4437
3 4435 4438 4436
3 4439 4440 4441
3 4442 4439 4441
3 4443 4439 4442
3 4444 4443 4442
3 4445 4443 4444
3 4446 4445 4444
3 4447 4448 4449
3 4450 4447 4449
3 4451 4447 4450
3 4452 4451 4450
3 4453 4451 4452
3 4454 4453 4452
3 4455 4453 4454
3 4456 4455 4454
3 4457 4458 4455
3 4457 4455 4456
3 4459 4458 4457
3 4459 4460 4458
3 4461 4460 4459
3 4462 4461 4459
3 4463 4464 4461
3 4463 4461 4462
3 4465 4466 4467
3 4468 4465 4467
3 4469 4465 4468
3 4470 4469 4468
3 4471 4469 4470
3 4472 4471 4470
3 4473 4471 4472
3 4474 4473 4472
3 4475 4473 4474
3 4476 4475 4474
3 4477 4475 4476
3 4478 4477 4476
3 4479 4480 4477
3 4479 4477 4478
3 4481 4480 4479
3 4481 4482 4480
3 4483 4482 4481
3 4483 4484 4482
3 4485 4486 4487
3 4488 4485 4487
3 4489 4485 4488
3 4490 4489 4488
3 4491 4489 4490
3 4492 4491 4490
3 4493 4494 4495
3 4493 4496 4494
3 4497 4496 4493
3 4497 4498 4496
3 4499 4498 4497
3 4499 4500 4498
3 4501 4500 4499
3 4501 4502 4500
3 4503 4502 4501
3 4503 4504 4502
3 4505 4504 4503
3 4505 4506 4504
3 4507 4506 4505
3 4508 4507 4505
3 4509 4507 4508
3 4510 4509 4508
3 4511 4509 4510
3 4517 4510 4518
3 4517 4511 4510
3 4517 4518 4519
3 4521 4517 4519
3 4521 4519 4522
3 4526 4521 4522
3 4526 4522 4527
3 4528 4526 4527
3 4532 4527 4533
3 4532 4528 4527
3 4536 4532 4533
3 4536 4533 4537
3 4539 4536 4537
3 4538 4537 4535
3 4539 4537 4538
3 4538 4535 4534
3 4534 4535 4530
3 4534 4530 4529
3 4529 4530 4531
3 4529 4524 4523
3 4529 4531 4524
3 4523 4524 4525
3 4523 4516 4520
3 4523 4525 4516
3 4515 4516 4513
3 4520 4516 4515
3 4515 4513 4512
3 4512 4513 4514
3 4540 4541 4542
3 4543 4540 4542
3 4544 4545 4546
3 4544 4547 4545
3 4548 4547 4544
3 4548 4549 4547
3 4550 4549 4548
3 4550 4551 4549
3 4552 4553 4554
3 4552 4555 4553
3 4556 4555 4552
3 4556 4557 4555
3 4558 4557 4556
3 4558 4559 4557
3 4560 4559 4558
3 4560 4561 4559
3 4562 4561 4560
3 4562 4563 4561
3 4564 4563 4562
3 4564 4565 4563
3 4566 4565 4564
3 4566 4567 4565
3 4568 4569 4570
3 4568 4571 4569
3 4572 4571 4568
3 4572 4573 4571
3 4574 4573 4572
3 4574 4575 4573
3 4576 4575 4574
3 4576 4577 4575
3 4578 4577 4576
3 4578 4579 4577
3 4580 4579 4578
3 4580 4581 4579
3 4582 4581 4580
3 4582 4583 4581
3 4584 4585 4586
3 4587 4584 4586
3 4588 4584 4587
3 4589 4588 4587
3 4590 4588 4589
3 4591 4590 4589
3 4591 4592 4590
3 4593 4592 4591
3 4593 4594 4592
3 4595 4594 4593
3 4595 4596 4594
3 4597 4596 4595
3 4597 4598 4596
3 4599 4598 4597
3 4600 4601 4602
3 4603 4600 4602
3 4604 4600 4603
3 4605 4604 4603
3 4606 4604 4605
3 4607 4606 4605
3 4608 4606 4607
3 4609 4608 4607
3 4610 4608 4609
3 4611 4610 4609
3 4612 4610 4611
3 4613 4612 4611
3 4614 4612 4613
3 4615 4614 4613
3 4616 4617 4618
3 4616 4619 4617
3 4620 4619 4616
3 4620 4621 4619
3 4622 4621 4620
3 4623 4622 4620
3 4624 4625 4626
3 4624 4627 4625
3 4628 4629 4630
3 4631 4628 4630
3 4632 4628 4631
3 4633 4632 4631
3 4634 4632 4633
3 4635 4634 4633
3 4636 4637 4634
3 4636 4634 4635
3 4638 4639 4640
3 4638 4641 4639
3 4642 4641 4638
3 4642 4643 4641
3 4644 4643 4642
3 4644 4645 4643
3 4646 4645 4644
3 4646 4647 4645
3 4648 4647 4646
3 4648 4649 4647
3 4650 4649 4648
3 4650 4651 4649
3 4652 4651 4650
3 4652 4653 4651
3 4654 4655 4656
3 4657 4654 4656
3 4658 4654 4657
3 4659 4658 4657
3 4660 4658 4659
3 4661 4660 4659
3 4662 4660 4661
3 4663 4662 4661
3 4664 4662 4663
3 4665 4664 4663
3 4666 4667 4664
3 4666 4664 4665
3 4668 4667 4666
3 4669 4668 4666
3 4670 4668 4669
3 4671 4670 4669
3 4672 4673 4674
3 4672 4675 4673
3 4676 4675 4672
3 4676 4677 4675
3 4678 4677 4676
3 4678 4679 4677
3 4680 4679 4678
3 4680 4681 4679
3 4682 4681 4680
3 4682 4683 4681
3 4684 4683 4682
3 4684 4685 4683
3 4684 4686 4685
3 4687 4686 4684
3 4688 4689 4690
3 4691 4688 4690
3 4692 4688 4691
3 4693 4692 4691
3 4694 4692 4693
3 4695 4694 4693
3 4696 4697 4694
3 4696 4694 4695
3 4698 4697 4696
3 4698 4699 4697
3 4700 4699 4698
3 4701 4700 4698
3 4702 4703 4700
3 4702 4700 4701
3 4702 4704 4703
3 4705 4704 4702
3 4706 4707 4708
3 4709 4706 4708
3 4710 4706 4709
3 4711 4710 4709
3 4712 4710 4711
3 4713 4712 4711
3 4714 4715 4716
3 4714 4717 4715
3 4718 4714 4716
3 4718 4716 4719
3 4718 4719 4720
3 4721 4718 4720
3 4722 4720 4723
3 4722 4721 4720
3 4724 4722 4723
3 4725 4724 4723
3 4726 4725 4723
3 4727 4725 4726
3 4728 4727 4726
3 4729 4728 4726
3 4730 4728 4729
3 4731 4730 4729
3 4731 4732 4730
3 4733 4732 4731
3 4733 4734 4732
3 4735 4734 4733
3 4735 4736 4734
3 4737 4736 4735
3 4737 4738 4736
3 4749 4738 4737
3 4749 4750 4738
3 4757 4750 4749
3 4762 4763 4750
3 4762 4750 4757
3 4767 4763 4762
3 4767 4761 4763
3 4767 4764 4761
3 4760 4756 4761
3 4764 4760 4761
3 4760 4755 4756
3 4755 4745 4756
3 4755 4743 4745
3 4743 4744 4745
3 4743 4739 4742
3 4743 4742 4744
3 4739 4740 4741
3 4739 4741 4742
3 4746 4740 4739
3 4746 4748 4740
3 4746 4747 4748
3 4751 4747 4746
3 4751 4752 4747
3 4753 4752 4751
3 4753 4754 4752
3 4758 4754 4753
3 4758 4759 4754
3 4765 4759 4758
3 4765 4766 4759
3 4768 4766 4765
3 4768 4769 4766
3 4770 4769 4768
3 4771 4769 4770
3 4772 4771 4770
3 4773 4771 4772
3 4773 4772 4774
3 4775 4773 4774
3 4775 4774 4776
3 4775 4776 4777
3 4778 4775 4777
3 4778 4777 4779
3 4778 4779 4780
3 4781 4778 4780
3 4782 4781 4780
3 4782 4780 4783
3 4784 4782 4783
3 4784 4783 4785
3 4786 4784 4785
3 4787 4788 4789
3 4790 4787 4789
3 4791 4787 4790
3 4792 4791 4790
3 4793 4791 4792
3 4794 4793 4792
3 4795 4796 4793
3 4795 4793 4794
3 4797 4796 4795
3 4798 4796 4797
3 4799 4798 4797
3 4800 4798 4799
3 4801 4800 4799
3 4802 4800 4801
3 4803 4802 4801
3 4803 4804 4802
3 4805 4804 4803
3 4806 4807 4804
3 4806 4804 4805
3 4808 4809 4810
3 4808 4810 4811
3 4808 4811 4812
3 4808 4812 4813
3 4808 4813 4814
3 4808 4814 4815
3 4808 4815 4816
3 4817 4818 4808
3 4819 4817 4808
3 4820 4819 4808
3 4821 4808 4816
3 4821 4820 4808
3 4824 4821 4816
3 4821 4822 4823
3 4821 4823 4820
3 4828 4821 4836
3 4836 4821 4825
3 4825 4821 4824
3 4825 4824 4826
3 4825 4826 4827
3 4828 4836 4829
3 4828 4829 4830
3 4828 4830 4831
3 4828 4831 4832
3 4828 4832 4833
3 4828 4833 4834
3 4828 4834 4835
3 4837 4838 4839
3 4840 4838 4837
3 4841 4840 4837
3 4841 4842 4840
3 4843 4842 4841
3 4844 4843 4841
3 4845 4843 4844
3 4846 4847 4848
3 4846 4848 4849
3 4850 4846 4849
3 4851 4849 4852
3 4851 4850 4849
3 4853 4851 4852
3 4854 4853 4852
3 4855 4856 4857
3 4855 4858 4856
3 4859 4860 4861
3 4859 4861 4862
3 4859 4862 4863
3 4859 4863 4864
3 4868 4860 4859
3 4870 4868 4859
3 4872 4870 4859
3 4878 4872 4859
3 4879 4878 4859
3 4880 4879 4859
3 4881 4880 4859
3 4882 4906 4859
3 4906 4881 4859
3 4882 4886 4906
3 4882 4885 4886
3 4882 4884 4885
3 4882 4883 4884
3 4891 4883 4882
3 4892 4891 4882
3 4894 4892 4882
3 4896 4894 4882
3 4897 4894 4896
3 4898 4899 4894
3 4898 4894 4897
3 4896 4882 4895
3 4887 4882 4888
3 4889 4882 4887
3 4890 4882 4889
3 4893 4882 4890
3 4895 4882 4893
3 4900 4899 4898
3 4900 4902 4899
3 4900 4901 4902
3 4903 4901 4900
3 4903 4904 4901
3 4903 4905 4904
3 4868 4867 4860
3 4868 4865 4867
3 4865 4866 4867
3 4869 4866 4865
3 4871 4866 4869
3 4873 4874 4866
3 4873 4866 4871
3 4875 4874 4873
3 4876 4874 4875
3 4877 4874 4876
3 4907 4908 4909
3 4907 4909 4910
3 4911 4912 4913
3 4911 4913 4914
3 4915 4911 4914
3 4915 4914 4916
3 4917 4915 4916
3 4917 4916 4918
3 4917 4918 4919
3 4920 4917 4919
3 4921 4919 4922
3 4921 4920 4919
3 4921 4922 4923
3 4924 4921 4923
3 4925 4926 4927
3 4928 4926 4925
3 4928 4929 4926
3 4930 4929 4928
3 4930 4931 4929
3 4932 4931 4930
3 4932 4933 4931
3 4934 4933 4932
3 4935 4936 4937
3 4935 4938 4936
3 4939 4938 4935
3 4939 4940 4938
3 4941 4940 4939
3 4941 4942 4940
3 4943 4942 4941
3 4943 4944 4942
3 4945 4946 4947
3 4948 4945 4947
3 4948 4947 4949
3 4950 4948 4949
3 4950 4949 4951
3 4952 4950 4951
3 4953 4951 4954
3 4953 4952 4951
3 4955 4953 4954
3 4956 4957 4958
3 4956 4958 4959
3 4960 4956 4959
3 4960 4959 4961
3 4962 4960 4961
3 4962 4961 4963
3 4962 4963 4964
3 4965 4962 4964
3 4965 4964 4966
3 4967 4968 4969
3 4970 4967 4969
3 4971 4967 4970
3 4972 4971 4970
3 4973 4971 4972
3 4974 4973 4972
3 4975 4973 4974
3 4976 4975 4974
3 4977 4975 4976
3 4978 4977 4976
3 4979 4977 4978
3 4980 4979 4978
3 4981 4982 4983
3 4981 4983 4984
3 4985 4982 4981
3 4985 4986 4982
3 4987 4986 4985
3 4987 4988 4986
3 4989 4988 4987
3 4989 4990 4988
3 4991 4990 4989
3 4991 4992 4990
3 4993 4992 4991
3 4993 4994 4992
3 4995 4994 4993
3 4995 4996 4994
3 4997 4996 4995
3 4997 4998 4996
3 4999 5000 5001
3 4999 5001 5002
3 5003 4999 5002
3 5003 5002 5004
3 5005 5003 5004
3 5005 5004 5006
3 5007 5005 5006
3 5007 5006 5008
3 5009 5007 5008
3 5009 5008 5010
3 5011 5009 5010
3 5011 5010 5012
3 5013 5011 5012
3 5013 5012 5014
3 5015 5016 5017
3 5015 5017 5018
3 5019 5015 5018
3 5019 5018 5020
3 5021 5019 5020
3 5021 5020 5022
3 5021 5022 5023
3 5024 5021 5023
3 5025 5023 5026
3 5025 5024 5023
3 5027 5025 5026
3 5027 5026 5028
3 5027 5028 5029
3 5030 5027 5029
3 5031 5032 5033
3 5034 5032 5031
3 5034 5035 5032
3 5036 5035 5034
3 5037 5038 5039
3 5040 5038 5037
3 5040 5041 5038
3 5042 5041 5040
3 5042 5043 5041
3 5044 5043 5042
3 5044 5045 5043
3 5046 5045 5044
3 5047 5048 5045
3 5047 5045 5046
3 5049 5048 5047
3 5050 5051 5048
3 5050 5048 5049
3 5052 5051 5050
3 5053 5051 5052
3 5054 5055 5051
3 5054 5051 5053
3 5056 5054 5053
3 5057 5056 5053
3 5057 5061 5056
3 5057 5058 5059
3 5057 5059 5060
3 5057 5060 5061
3 5062 5058 5057
3 5063 5064 5065
3 5066 5063 5067
3 5072 5064 5063
3 5072 5063 5066
3 5073 5074 5064
3 5073 5064 5072
3 5075 5074 5073
3 5076 5077 5074
3 5076 5074 5075
3 5078 5077 5076
3 5078 5079 5077
3 5080 5079 5078
3 5080 5081 5079
3 5082 5081 5080
3 5083 5084 5081
3 5083 5081 5082
3 5085 5084 5083
3 5066 5067 5068
3 5066 5068 5069
3 5066 5069 5070
3 5066 5070 5071
3 5086 5087 5088
3 5089 5087 5086
3 5089 5090 5087
3 5091 5090 5089
3 5091 5092 5090
3 5093 5092 5091
3 5094 5093 5091
3 5095 5096 5097
3 5098 5095 5100
3 5098 5096 5095
3 5098 5099 5096
3 5101 5099 5098
3 5101 5102 5099
3 5103 5102 5101
3 5104 5105 5106
3 5107 5105 5104
3 5107 5108 5105
3 5109 5110 5111
3 5112 5110 5109
3 5113 5112 5109
3 5114 5115 5116
3 5114 5116 5117
3 5118 5115 5114
3 5118 5119 5115
3 5120 5119 5118
3 5120 5122 5119
3 5120 5121 5122
3 5123 5121 5120
3 5124 5125 5126
3 5124 5126 5127
3 5124 5127 5128
3 5129 5125 5124
3 5129 5130 5125
3 5131 5130 5129
3 5131 5132 5130
3 5133 5132 5131
3 5134 5135 5136
3 5134 5137 5135
3 5138 5139 5140
3 5138 5141 5139
3 5142 5143 5144
3 5142 5144 5145
3 5142 5145 5146
3 5147 5142 5146
3 5149 5143 5142
3 5155 5149 5142
3 5155 5142 5147
3 5149 5150 5143
3 5156 5150 5149
3 5162 5149 5155
3 5162 5156 5149
3 5160 5155 5147
3 5164 5155 5160
3 5164 5162 5155
3 5162 5163 5157
3 5162 5157 5156
3 5164 5163 5162
3 5156 5157 5158
3 5156 5158 5159
3 5156 5159 5150
3 5164 5166 5163
3 5164 5161 5165
3 5164 5165 5166
3 5164 5160 5161
3 5160 5154 5161
3 5151 5153 5154
3 5160 5151 5154
3 5151 5148 5152
3 5151 5152 5153
3 5151 5147 5148
3 5160 5147 5151
3 5147 5146 5148
3 5167 5168 5169
3 5167 5169 5170
3 5167 5170 5171
3 5172 5167 5171
3 5174 5168 5167
3 5180 5174 5167
3 5180 5167 5172
3 5174 5175 5168
3 5181 5175 5174
3 5187 5181 5174
3 5187 5174 5180
3 5185 5180 5172
3 5189 5180 5185
3 5189 5187 5180
3 5187 5188 5182
3 5187 5182 5181
3 5189 5188 5187
3 5181 5182 5183
3 5181 5183 5184
3 5181 5184 5175
3 5189 5191 5188
3 5189 5186 5190
3 5189 5190 5191
3 5189 5185 5186
3 5185 5179 5186
3 5176 5178 5179
3 5185 5176 5179
3 5176 5173 5177
3 5176 5177 5178
3 5176 5172 5173
3 5185 5172 5176
3 5172 5171 5173
3 5192 5193 5194
3 5192 5195 5193
3 5196 5197 5198
3 5199 5196 5198
3 5199 5198 5200
3 5201 5199 5200
3 5201 5200 5202
3 5203 5201 5202
3 5203 5202 5204
3 5205 5203 5204
3 5205 5204 5206
3 5207 5205 5206
3 5207 5206 5208
3 5209 5207 5208
3 5209 5208 5210
3 5211 5209 5210
3 5212 5213 5214
3 5212 5214 5215
3 5216 5213 5212
3 5216 5217 5213
3 5224 5216 5228
3 5224 5217 5216
3 5224 5226 5217
3 5224 5225 5226
3 5224 5220 5225
3 5224 5227 5218
3 5224 5228 5227
3 5224 5218 5220
3 5218 5219 5220
3 5221 5219 5218
3 5221 5222 5219
3 5223 5222 5221
3 5229 5230 5231
3 5229 5231 5232
3 5238 5234 5229
3 5238 5229 5232
3 5238 5232 5239
3 5238 5239 5240
3 5238 5240 5241
3 5238 5241 5242
3 5238 5242 5243
3 5238 5243 5244
3 5238 5244 5247
3 5238 5247 5246
3 5238 5246 5245
3 5238 5245 5235
3 5233 5234 5235
3 5238 5235 5234
3 5236 5234 5233
3 5237 5234 5236
3 5248 5249 5250
3 5254 5249 5248
3 5267 5248 5268
3 5267 5254 5248
3 5255 5256 5249
3 5255 5249 5254
3 5271 5255 5254
3 5271 5254 5267
3 5267 5268 5269
3 5267 5269 5270
3 5271 5267 5270
3 5271 5270 5272
3 5273 5255 5271
3 5273 5271 5272
3 5257 5256 5255
3 5273 5257 5255
3 5257 5258 5256
3 5259 5258 5257
3 5275 5259 5257
3 5275 5257 5273
3 5273 5272 5274
3 5275 5273 5274
3 5275 5274 5276
3 5277 5259 5275
3 5277 5275 5276
3 5259 5260 5258
3 5261 5260 5259
3 5277 5261 5259
3 5277 5276 5278
3 5279 5261 5277
3 5279 5277 5278
3 5261 5262 5260
3 5263 5262 5261
3 5279 5263 5261
3 5279 5278 5253
3 5279 5252 5266
3 5279 5266 5263
3 5279 5253 5252
3 5263 5264 5265
3 5263 5265 5262
3 5263 5266 5264
3 5251 5252 5253
3 5280 5281 5282
3 5280 5283 5281
3 5284 5280 5282
3 5284 5282 5285
3 5286 5284 5285
3 5286 5285 5287
3 5288 5286 5287
3 5288 5287 5289
3 5290 5288 5289
3 5290 5289 5291
3 5292 5290 5291
3 5292 5291 5293
3 5294 5292 5293
3 5294 5293 5295
3 5296 5297 5298
3 5296 5299 5297
3 5300 5296 5303
3 5300 5299 5296
3 5300 5301 5299
3 5300 5302 5301
3 5304 5300 5303
3 5308 5303 5307
3 5308 5304 5303
3 5308 5306 5304
3 5308 5307 5306
3 5305 5306 5307
3 5309 5307 5310
3 5309 5305 5307
3 5311 5312 5305
3 5311 5305 5309
3 5311 5309 5310
3 5313 5310 5315
3 5313 5311 5310
3 5313 5312 5311
3 5313 5314 5312
3 5316 5314 5313
3 5316 5313 5315
3 5316 5315 5317
3 5318 5317 5315
3 5320 5315 5321
3 5320 5318 5315
3 5316 5317 5314
3 5318 5319 5314
3 5318 5314 5317
3 5320 5319 5318
3 5326 5319 5320
3 5327 5330 5319
3 5327 5319 5326
3 5326 5320 5325
3 5327 5326 5325
3 5327 5325 5328
3 5327 5328 5329
3 5327 5329 5330
3 5320 5324 5325
3 5320 5323 5324
3 5320 5322 5323
3 5320 5321 5322
3 5331 5332 5333
3 5331 5334 5332
3 5331 5335 5334
3 5331 5336 5335
3 5337 5336 5331
3 5338 5337 5331
3 5348 5337 5338
3 5349 5338 5341
3 5349 5348 5338
3 5349 5340 5348
3 5349 5341 5340
3 5339 5340 5341
3 5342 5340 5339
3 5343 5342 5339
3 5344 5342 5343
3 5345 5342 5344
3 5346 5342 5345
3 5347 5342 5346
3 5350 5351 5352
3 5353 5351 5350
3 5354 5350 5355
3 5356 5353 5350
3 5356 5350 5354
3 5359 5351 5360
3 5359 5352 5351
3 5359 5361 5352
3 5359 5360 5361
3 5385 5360 5380
3 5385 5361 5360
3 5385 5383 5361
3 5385 5380 5384
3 5385 5384 5383
3 5379 5380 5375
3 5382 5384 5380
3 5382 5380 5379
3 5382 5383 5384
3 5382 5381 5383
3 5382 5379 5381
3 5379 5376 5381
3 5379 5378 5376
3 5379 5375 5378
3 5374 5375 5373
3 5377 5375 5374
3 5377 5378 5375
3 5377 5376 5378
3 5374 5367 5376
3 5377 5374 5376
3 5374 5369 5367
3 5374 5373 5369
3 5369 5373 5372
3 5369 5370 5366
3 5369 5371 5370
3 5369 5372 5371
3 5369 5366 5368
3 5369 5368 5367
3 5362 5364 5367
3 5368 5362 5367
3 5368 5366 5362
3 5362 5366 5365
3 5362 5363 5364
3 5362 5365 5363
3 5357 5353 5356
3 5358 5353 5357
3 5386 5387 5388
3 5386 5389 5387
3 5390 5386 5388
3 5390 5388 5391
3 5392 5390 5391
3 5392 5391 5393
3 5394 5392 5393
3 5394 5393 5395
3 5396 5394 5395
3 5396 5395 5397
3 5398 5396 5397
3 5398 5397 5399
3 5400 5398 5399
3 5400 5399 5401
3 5402 5403 5404
3 5411 5403 5402
3 5421 5402 5409
3 5421 5411 5402
3 5412 5413 5403
3 5412 5403 5411
3 5423 5411 5421
3 5423 5412 5411
3 5421 5408 5422
3 5421 5409 5408
3 5423 5421 5422
3 5408 5409 5410
3 5424 5422 5425
3 5424 5423 5422
3 5424 5412 5423
3 5414 5413 5412
3 5424 5414 5412
3 5414 5415 5413
3 5416 5415 5414
3 5426 5416 5414
3 5426 5414 5424
3 5426 5424 5425
3 5426 5425 5427
3 5426 5427 5428
3 5429 5426 5428
3 5429 5416 5426
3 5416 5417 5415
3 5418 5417 5416
3 5429 5418 5416
3 5429 5428 5430
3 5431 5418 5429
3 5431 5429 5430
3 5418 5419 5417
3 5420 5419 5418
3 5431 5420 5418
3 5431 5430 5432
3 5431 5433 5405
3 5431 5432 5433
3 5431 5405 5420
3 5420 5407 5419
3 5420 5405 5407
3 5405 5406 5407
3 5434 5435 5436
3 5434 5437 5435
3 5443 5434 5439
3 5443 5437 5434
3 5443 5449 5437
3 5443 5450 5449
3 5443 5451 5450
3 5443 5452 5451
3 5443 5448 5452
3 5443 5447 5448
3 5443 5446 5447
3 5443 5445 5446
3 5443 5444 5445
3 5443 5442 5444
3 5442 5439 5441
3 5443 5439 5442
3 5441 5439 5438
3 5438 5439 5440
3 5453 5454 5455
3 5453 5455 5456
3 5457 5454 5453
3 5457 5458 5454
3 5465 5457 5468
3 5465 5458 5457
3 5465 5466 5458
3 5465 5467 5466
3 5465 5461 5467
3 5465 5468 5469
3 5465 5469 5459
3 5465 5459 5461
3 5459 5460 5461
3 5462 5460 5459
3 5462 5463 5460
3 5464 5463 5462
3 5470 5471 5472
3 5473 5470 5472
3 5473 5472 5474
3 5475 5473 5474
3 5475 5474 5476
3 5477 5475 5476
3 5477 5476 5478
3 5479 5477 5478
3 5479 5478 5480
3 5481 5479 5480
3 5481 5480 5482
3 5483 5481 5482
3 5483 5482 5484
3 5485 5483 5484
3 5486 5487 5488
3 5486 5488 5489
3 5490 5486 5489
3 5490 5489 5491
3 5490 5491 5492
3 5493 5490 5492
3 5494 5495 5496
3 5500 5494 5497
3 5500 5495 5494
3 5500 5499 5495
3 5500 5497 5499
3 5497 5498 5499
3 5501 5502 5503
3 5516 5502 5501
3 5517 5501 5518
3 5517 5516 5501
3 5512 5513 5502
3 5516 5512 5502
3 5517 5512 5516
3 5512 5507 5513
3 5512 5504 5507
3 5514 5504 5512
3 5517 5514 5512
3 5504 5506 5507
3 5504 5505 5506
3 5508 5505 5504
3 5514 5508 5504
3 5514 5515 5511
3 5514 5511 5508
3 5517 5515 5514
3 5508 5509 5510
3 5508 5510 5505
3 5508 5511 5509
3 5517 5520 5515
3 5517 5518 5519
3 5517 5519 5520
3 5521 5522 5523
3 5524 5522 5521
3 5525 5524 5521
3 5522 5527 5523
3 5528 5523 5527
3 5528 5530 5523
3 5528 5527 5531
3 5528 5529 5530
3 5528 5531 5529
3 5526 5524 5525
3 5532 5533 5534
3 5532 5535 5533
3 5536 5532 5534
3 5536 5534 5537
3 5538 5536 5537
3 5538 5537 5539
3 5540 5541 5542
3 5543 5541 5540
3 5544 5543 5540
3 5545 5543 5544
3 5545 5544 5546
3 5547 5545 5546
3 5548 5545 5547
3 5549 5548 5547
3 5550 5548 5549
3 5558 5549 5553
3 5558 5550 5549
3 5558 5552 5550
3 5558 5553 5552
3 5551 5552 5553
3 5554 5552 5551
3 5555 5552 5554
3 5556 5552 5555
3 5556 5555 5557
3 5559 5560 5561
3 5562 5560 5559
3 5565 5559 5561
3 5567 5562 5559
3 5567 5559 5565
3 5562 5564 5560
3 5562 5563 5564
3 5567 5563 5562
3 5567 5568 5563
3 5570 5568 5567
3 5570 5567 5565
3 5565 5561 5566
3 5569 5565 5566
3 5570 5565 5569
3 5570 5569 5566
3 5570 5566 5568
3 5571 5568 5566
3 5575 5576 5568
3 5575 5568 5571
3 5571 5566 5572
3 5573 5566 5574
3 5573 5572 5566
3 5575 5571 5572
3 5575 5572 5573
3 5578 5576 5575
3 5578 5575 5573
3 5577 5573 5574
3 5578 5573 5577
3 5578 5574 5576
3 5578 5577 5574
3 5579 5576 5574
3 5583 5584 5576
3 5583 5576 5579
3 5579 5574 5580
3 5581 5574 5582
3 5581 5580 5574
3 5583 5579 5580
3 5583 5580 5581
3 5586 5584 5583
3 5586 5583 5581
3 5585 5581 5582
3 5586 5581 5585
3 5586 5582 5584
3 5586 5585 5582
3 5587 5584 5582
3 5587 5582 5588
3 5589 5588 5582
3 5591 5582 5592
3 5591 5589 5582
3 5590 5584 5587
3 5590 5587 5588
3 5590 5588 5589
3 5593 5590 5589
3 5593 5589 5591
3 5595 5591 5592
3 5596 5591 5595
3 5596 5593 5591
3 5593 5594 5584
3 5593 5584 5590
3 5596 5594 5593
3 5596 5595 5592
3 5596 5592 5594
3 5597 5594 5592
3 5601 5602 5594
3 5601 5594 5597
3 5597 5592 5598
3 5601 5597 5598
3 5601 5598 5599
3 5604 5601 5599
3 5604 5602 5601
3 5604 5600 5602
3 5605 5602 5600
3 5609 5610 5602
3 5609 5602 5605
3 5604 5599 5603
3 5604 5603 5600
3 5603 5599 5600
3 5599 5592 5600
3 5599 5598 5592
3 5605 5600 5606
3 5607 5600 5608
3 5607 5606 5600
3 5607 5605 5606
3 5609 5605 5607
3 5612 5610 5609
3 5612 5609 5607
3 5611 5607 5608
3 5612 5607 5611
3 5612 5611 5608
3 5612 5608 5610
3 5613 5610 5608
3 5613 5608 5614
3 5615 5608 5616
3 5615 5614 5608
3 5617 5610 5613
3 5617 5613 5614
3 5617 5614 5615
3 5619 5615 5616
3 5621 5617 5615
3 5621 5615 5619
3 5619 5616 5620
3 5621 5619 5620
3 5621 5622 5618
3 5621 5620 5622
3 5621 5618 5617
3 5617 5618 5610
3 5623 5624 5625
3 5626 5623 5625
3 5627 5628 5629
3 5627 5630 5628
3 5631 5627 5629
3 5631 5629 5632
3 5631 5632 5633
3 5634 5631 5633
3 5635 5636 5637
3 5638 5636 5635
3 5639 5638 5635
3 5640 5638 5639
3 5640 5639 5641
3 5642 5640 5641
3 5643 5640 5642
3 5644 5643 5642
3 5645 5643 5644
3 5653 5644 5647
3 5653 5645 5644
3 5646 5645 5647
3 5653 5647 5645
3 5648 5646 5647
3 5649 5646 5648
3 5651 5646 5649
3 5652 5646 5651
3 5649 5648 5650
3 5654 5655 5656
3 5657 5655 5654
3 5660 5654 5656
3 5662 5657 5654
3 5662 5654 5660
3 5657 5659 5655
3 5657 5658 5659
3 5662 5658 5657
3 5662 5663 5658
3 5665 5663 5662
3 5665 5662 5660
3 5660 5656 5661
3 5664 5660 5661
3 5665 5660 5664
3 5665 5664 5661
3 5665 5661 5663
3 5666 5663 5661
3 5670 5671 5663
3 5670 5663 5666
3 5666 5661 5667
3 5668 5661 5669
3 5668 5667 5661
3 5670 5666 5667
3 5670 5667 5668
3 5672 5670 5668
3 5673 5671 5670
3 5673 5670 5672
3 5672 5668 5669
3 5673 5672 5669
3 5673 5669 5671
3 5674 5671 5669
3 5678 5679 5671
3 5678 5671 5674
3 5674 5669 5675
3 5676 5669 5677
3 5676 5675 5669
3 5676 5674 5675
3 5678 5674 5676
3 5681 5679 5678
3 5681 5678 5676
3 5680 5676 5677
3 5681 5676 5680
3 5681 5677 5679
3 5681 5680 5677
3 5682 5679 5677
3 5682 5677 5683
3 5684 5683 5677
3 5686 5677 5687
3 5686 5684 5677
3 5685 5679 5682
3 5685 5682 5683
3 5685 5683 5684
3 5688 5685 5684
3 5688 5684 5686
3 5690 5686 5687
3 5690 5688 5686
3 5688 5689 5679
3 5688 5679 5685
3 5691 5689 5688
3 5691 5688 5690
3 5691 5690 5687
3 5691 5687 5689
3 5692 5689 5687
3 5695 5689 5692
3 5695 5696 5689
3 5693 5692 5687
3 5695 5692 5693
3 5697 5695 5693
3 5698 5696 5695
3 5698 5695 5697
3 5698 5694 5696
3 5699 5696 5694
3 5703 5704 5696
3 5703 5696 5699
3 5698 5697 5694
3 5697 5693 5694
3 5693 5687 5694
3 5699 5694 5700
3 5701 5694 5702
3 5701 5700 5694
3 5703 5699 5700
3 5703 5700 5701
3 5705 5703 5701
3 5706 5704 5703
3 5706 5703 5705
3 5705 5701 5702
3 5706 5705 5702
3 5706 5702 5704
3 5707 5704 5702
3 5707 5702 5708
3 5709 5702 5710
3 5709 5708 5702
3 5709 5707 5708
3 5711 5704 5707
3 5711 5707 5709
3 5713 5709 5710
3 5715 5711 5709
3 5715 5709 5713
3 5713 5710 5714
3 5715 5713 5714
3 5715 5716 5712
3 5715 5714 5716
3 5715 5712 5711
3 5711 5712 5704
3 5717 5718 5719
3 5720 5721 5717
3 5721 5718 5717
3 5723 5718 5724
3 5723 5719 5718
3 5723 5727 5719
3 5723 5724 5725
3 5723 5725 5726
3 5723 5726 5727
3 5722 5721 5720
3 5728 5729 5730
3 5728 5731 5729
3 5732 5728 5730
3 5732 5730 5733
3 5734 5732 5733
3 5734 5733 5735
3 5736 5737 5738
3 5739 5737 5736
3 5740 5739 5736
3 5741 5739 5740
3 5742 5743 5744
3 5761 5743 5757
3 5761 5744 5743
3 5761 5760 5744
3 5761 5756 5753
3 5761 5757 5756
3 5761 5758 5760
3 5761 5753 5758
3 5756 5757 5752
3 5756 5749 5745
3 5756 5745 5753
3 5756 5752 5749
3 5749 5752 5750
3 5749 5750 5751
3 5749 5751 5746
3 5749 5746 5745
3 5745 5746 5747
3 5745 5747 5748
3 5753 5745 5748
3 5753 5748 5754
3 5753 5754 5755
3 5758 5755 5759
3 5758 5753 5755
3 5758 5759 5760
3 5762 5763 5764
3 5765 5762 5764
3 5765 5764 5766
3 5767 5765 5766
3 5767 5766 5768
3 5769 5767 5768
3 5770 5771 5772
3 5797 5771 5770
3 5798 5770 5799
3 5798 5797 5770
3 5797 5790 5771
3 5797 5789 5790
3 5798 5789 5797
3 5798 5791 5789
3 5800 5791 5798
3 5800 5798 5799
3 5800 5799 5801
3 5800 5792 5791
3 5802 5800 5801
3 5802 5792 5800
3 5791 5777 5773
3 5791 5773 5789
3 5792 5777 5791
3 5789 5776 5790
3 5789 5773 5776
3 5773 5774 5775
3 5773 5775 5776
3 5777 5774 5773
3 5777 5778 5774
3 5779 5778 5777
3 5792 5779 5777
3 5779 5780 5778
3 5781 5780 5779
3 5793 5781 5779
3 5793 5779 5792
3 5781 5782 5780
3 5783 5782 5781
3 5794 5781 5793
3 5794 5783 5781
3 5802 5793 5792
3 5802 5794 5793
3 5795 5783 5794
3 5804 5794 5802
3 5806 5795 5794
3 5806 5794 5804
3 5802 5801 5803
3 5804 5802 5803
3 5804 5803 5805
3 5806 5804 5805
3 5806 5805 5807
3 5806 5807 5808
3 5806 5809 5796
3 5806 5808 5809
3 5806 5796 5795
3 5795 5796 5786
3 5785 5786 5787
3 5795 5786 5785
3 5785 5788 5784
3 5785 5787 5788
3 5785 5784 5783
3 5795 5785 5783
3 5783 5784 5782
3 5810 5811 5812
3 5813 5810 5812
3 5813 5812 5814
3 5815 5813 5814
3 5815 5814 5816
3 5817 5815 5816
3 5817 5816 5818
3 5819 5817 5818
3 5819 5818 5820
3 5821 5819 5820
3 5821 5820 5822
3 5823 5821 5822
3 5823 5822 5824
3 5825 5823 5824
3 5826 5827 5828
3 5826 5829 5827
3 5830 5826 5828
3 5830 5828 5831
3 5832 5830 5831
3 5832 5831 5833
3 5834 5832 5833
3 5834 5833 5835
3 5836 5834 5835
3 5836 5835 5837
3 5838 5836 5837
3 5838 5837 5839
3 5840 5838 5839
3 5840 5839 5841
3 5842 5843 5844
3 5845 5843 5842
3 5846 5842 5847
3 5848 5842 5846
3 5849 5845 5842
3 5850 5842 5848
3 5850 5849 5842
3 5864 5843 5868
3 5864 5844 5843
3 5864 5868 5867
3 5864 5867 5865
3 5864 5865 5866
3 5864 5866 5863
3 5870 5844 5864
3 5870 5864 5863
3 5862 5863 5854
3 5870 5863 5862
3 5870 5862 5844
3 5862 5853 5844
3 5869 5853 5862
3 5869 5862 5854
3 5851 5854 5855
3 5869 5854 5851
3 5869 5851 5853
3 5851 5852 5853
3 5851 5861 5852
3 5851 5860 5861
3 5851 5859 5860
3 5851 5858 5859
3 5851 5857 5858
3 5851 5855 5856
3 5851 5856 5857
3 5871 5872 5873
3 5883 5871 5884
3 5883 5872 5871
3 5885 5886 5872
3 5885 5872 5883
3 5887 5883 5884
3 5892 5885 5883
3 5892 5883 5887
3 5887 5884 5888
3 5887 5888 5889
3 5893 5887 5889
3 5898 5887 5893
3 5898 5892 5887
3 5897 5885 5892
3 5903 5892 5898
3 5903 5897 5892
3 5906 5898 5893
3 5910 5903 5898
3 5910 5898 5906
3 5893 5889 5894
3 5901 5893 5894
3 5906 5893 5901
3 5906 5877 5907
3 5906 5901 5877
3 5910 5906 5907
3 5901 5894 5878
3 5901 5878 5877
3 5877 5878 5879
3 5910 5907 5911
3 5915 5910 5911
3 5915 5911 5916
3 5915 5914 5909
3 5915 5909 5910
3 5920 5915 5916
3 5920 5914 5915
3 5920 5916 5921
3 5922 5920 5921
3 5922 5914 5920
3 5922 5921 5882
3 5922 5881 5919
3 5922 5917 5914
3 5922 5882 5881
3 5922 5919 5917
3 5880 5881 5882
3 5917 5918 5913
3 5917 5908 5914
3 5917 5919 5918
3 5917 5913 5912
3 5917 5912 5908
3 5912 5913 5905
3 5912 5905 5904
3 5912 5904 5899
3 5912 5899 5908
3 5908 5895 5902
3 5908 5899 5895
3 5914 5908 5902
3 5914 5902 5909
3 5902 5895 5890
3 5902 5890 5897
3 5909 5902 5897
3 5895 5896 5891
3 5895 5891 5890
3 5899 5896 5895
3 5899 5900 5896
3 5904 5900 5899
3 5904 5876 5900
3 5874 5875 5876
3 5904 5874 5876
3 5904 5905 5874
3 5890 5891 5886
3 5890 5886 5885
3 5897 5890 5885
3 5909 5897 5903
3 5910 5909 5903
3 5923 5924 5925
3 5944 5923 5925
3 5945 5927 5923
3 5945 5923 5944
3 5941 5924 5942
3 5961 5925 5924
3 5961 5924 5941
3 5944 5925 5928
3 5961 5960 5925
3 5944 5928 5927
3 5945 5944 5927
3 5926 5927 5928
3 5929 5927 5926
3 5930 5929 5926
3 5946 5926 5933
3 5946 5930 5926
3 5948 5947 5930
3 5948 5930 5946
3 5946 5932 5947
3 5946 5933 5932
3 5948 5946 5947
3 5931 5932 5933
3 5934 5932 5931
3 5935 5931 5936
3 5937 5931 5935
3 5938 5934 5931
3 5940 5931 5937
3 5940 5938 5931
3 5938 5939 5934
3 5959 5956 5960
3 5959 5960 5943
3 5961 5943 5960
3 5955 5954 5956
3 5957 5955 5956
3 5959 5957 5956
3 5955 5949 5954
3 5957 5958 5955
3 5962 5949 5955
3 5962 5955 5958
3 5949 5951 5954
3 5949 5950 5951
3 5949 5952 5950
3 5949 5953 5952
3 5962 5953 5949
3 5962 5964 5953
3 5962 5965 5964
3 5962 5966 5965
3 5962 5958 5963
3 5962 5963 5966
3 5959 5942 5958
3 5959 5958 5957
3 5959 5943 5942
3 5941 5942 5943
3 5961 5941 5943
3 5967 5968 5969
3 5967 5969 5970
3 5971 5967 5970
3 5971 5970 5972
3 5973 5971 5972
3 5973 5972 5974
3 5975 5973 5974
3 5975 5974 5976
3 5983 5975 5976
3 5983 5976 5984
3 5985 5983 5984
3 5985 5984 5979
3 5986 5985 5979
3 5987 5985 5988
3 5988 5985 5986
3 5977 5978 5979
3 5980 5977 5979
3 5986 5979 5978
3 5980 5981 5977
3 5982 5981 5980
3 5987 5988 5989
3 5987 5989 5990
3 5991 5992 5993
3 5994 5992 5991
3 5994 5995 5992
3 5996 5995 5994
3 5996 5997 5995
3 5998 5997 5996
3 6007 6001 5997
3 6007 5997 5998
3 6007 5998 5999
3 6007 5999 6001
3 5999 6000 6001
3 6002 6000 5999
3 6002 6003 6000
3 6004 6003 6002
3 6004 6005 6003
3 6006 6005 6004
3 6008 6009 6010
3 6020 6008 6021
3 6020 6009 6008
3 6022 6023 6009
3 6022 6009 6020
3 6024 6020 6021
3 6028 6022 6020
3 6028 6020 6024
3 6024 6021 6025
3 6029 6024 6025
3 6035 6024 6029
3 6035 6028 6024
3 6034 6022 6028
3 6040 6028 6035
3 6040 6034 6028
3 6043 6035 6029
3 6047 6040 6035
3 6047 6035 6043
3 6046 6034 6040
3 6052 6046 6040
3 6052 6040 6047
3 6034 6026 6022
3 6039 6026 6034
3 6046 6039 6034
3 6051 6039 6046
3 6052 6051 6046
3 6039 6032 6026
3 6045 6032 6039
3 6051 6045 6039
3 6026 6027 6023
3 6026 6023 6022
3 6032 6027 6026
3 6032 6033 6027
3 6036 6033 6032
3 6045 6036 6032
3 6049 6036 6045
3 6054 6045 6051
3 6054 6049 6045
3 6036 6037 6033
3 6041 6037 6036
3 6049 6041 6036
3 6049 6050 6042
3 6049 6042 6041
3 6054 6050 6049
3 6041 6042 6011
3 6041 6013 6037
3 6041 6011 6013
3 6011 6012 6013
3 6054 6055 6050
3 6054 6056 6055
3 6059 6018 6056
3 6059 6056 6054
3 6059 6058 6019
3 6059 6054 6051
3 6059 6019 6018
3 6059 6057 6058
3 6059 6051 6057
3 6017 6018 6019
3 6057 6053 6058
3 6057 6051 6052
3 6057 6052 6053
3 6052 6048 6053
3 6052 6047 6048
3 6047 6044 6048
3 6047 6043 6044
3 6043 6014 6044
3 6043 6038 6014
3 6043 6029 6038
3 6014 6015 6016
3 6038 6015 6014
3 6038 6031 6015
3 6038 6029 6031
3 6029 6030 6031
3 6029 6025 6030
3 6060 6061 6062
3 6060 6062 6063
3 6064 6060 6063
3 6064 6063 6065
3 6066 6064 6065
3 6066 6065 6067
3 6068 6066 6067
3 6068 6067 6069
3 6070 6068 6069
3 6070 6069 6071
3 6072 6070 6071
3 6072 6071 6073
3 6074 6072 6073
3 6074 6073 6075
3 6076 6077 6078
3 6079 6076 6078
3 6079 6078 6080
3 6081 6079 6080
3 6081 6080 6082
3 6083 6081 6082
3 6083 6082 6084
3 6085 6083 6084
3 6085 6084 6086
3 6087 6085 6086
3 6087 6086 6088
3 6089 6087 6088
3 6090 6088 6091
3 6090 6089 6088
3 6092 6093 6094
3 6092 6094 6095
3 6096 6093 6092
3 6096 6097 6093
3 6098 6097 6096
3 6098 6099 6097
3 6108 6098 6103
3 6108 6099 6098
3 6108 6102 6099
3 6108 6103 6102
3 6100 6102 6103
3 6100 6101 6102
3 6104 6101 6100
3 6104 6105 6101
3 6106 6105 6104
3 6106 6107 6105
3 6109 6110 6111
3 6124 6125 6109
3 6124 6109 6111
3 6124 6111 6123
3 6124 6123 6122
3 6133 6125 6124
3 6133 6124 6122
3 6146 6148 6125
3 6146 6125 6133
3 6133 6122 6132
3 6146 6133 6132
3 6122 6123 6121
3 6122 6121 6120
3 6132 6122 6120
3 6132 6120 6131
3 6143 6132 6131
3 6146 6132 6143
3 6120 6121 6119
3 6120 6119 6118
3 6131 6120 6118
3 6131 6118 6130
3 6141 6131 6130
3 6143 6131 6141
3 6118 6119 6117
3 6118 6117 6116
3 6130 6118 6116
3 6130 6116 6129
3 6139 6130 6129
3 6141 6130 6139
3 6141 6140 6142
3 6141 6139 6140
3 6143 6141 6142
3 6139 6138 6140
3 6139 6129 6137
3 6139 6137 6138
3 6129 6112 6126
3 6129 6116 6112
3 6137 6129 6126
3 6137 6136 6138
3 6137 6126 6134
3 6137 6134 6136
3 6126 6127 6128
3 6126 6115 6127
3 6126 6112 6115
3 6134 6126 6128
3 6134 6128 6135
3 6134 6135 6136
3 6112 6114 6115
3 6112 6113 6114
3 6116 6113 6112
3 6116 6117 6113
3 6143 6142 6144
3 6143 6144 6145
3 6146 6143 6145
3 6146 6145 6147
3 6146 6147 6148
3 6149 6150 6151
3 6169 6155 6149
3 6169 6149 6151
3 6190 6149 6188
3 6190 6150 6149
3 6190 6168 6150
3 6190 6189 6168
3 6190 6188 6189
3 6187 6188 6184
3 6189 6188 6187
3 6189 6187 6166
3 6189 6166 6168
3 6166 6167 6168
3 6187 6167 6166
3 6187 6186 6167
3 6187 6184 6186
3 6183 6184 6179
3 6185 6184 6183
3 6186 6184 6185
3 6186 6185 6167
3 6185 6173 6167
3 6191 6173 6185
3 6191 6185 6183
3 6183 6179 6178
3 6191 6183 6178
3 6178 6179 6180
3 6178 6180 6181
3 6178 6181 6182
3 6178 6182 6174
3 6178 6174 6177
3 6191 6178 6177
3 6191 6177 6171
3 6191 6171 6173
3 6171 6172 6173
3 6171 6174 6175
3 6171 6175 6176
3 6171 6176 6172
3 6177 6174 6171
3 6169 6151 6153
3 6169 6153 6155
3 6152 6153 6154
3 6152 6155 6153
3 6170 6161 6152
3 6170 6152 6154
3 6170 6154 6160
3 6170 6160 6161
3 6159 6161 6160
3 6159 6160 6157
3 6159 6157 6156
3 6162 6159 6156
3 6163 6159 6162
3 6164 6159 6163
3 6165 6159 6164
3 6156 6157 6158
3 6192 6193 6194
3 6195 6192 6194
3 6195 6194 6196
3 6197 6195 6196
3 6197 6196 6198
3 6199 6197 6198
3 6199 6198 6200
3 6201 6199 6200
3 6201 6200 6202
3 6203 6201 6202
3 6203 6202 6204
3 6205 6203 6204
3 6205 6204 6206
3 6207 6205 6206
3 6208 6209 6210
3 6211 6209 6208
3 6231 6233 6210
3 6231 6210 6209
3 6231 6230 6232
3 6231 6232 6233
3 6235 6231 6209
3 6235 6230 6231
3 6229 6228 6230
3 6235 6229 6230
3 6235 6209 6229
3 6229 6209 6219
3 6234 6229 6219
3 6234 6228 6229
3 6218 6227 6228
3 6234 6218 6228
3 6234 6219 6218
3 6218 6219 6220
3 6218 6220 6221
3 6218 6221 6222
3 6218 6222 6223
3 6218 6223 6224
3 6218 6224 6225
3 6218 6225 6226
3 6218 6226 6227
3 6212 6209 6211
3 6212 6211 6217
3 6212 6213 6214
3 6212 6215 6213
3 6212 6216 6215
3 6212 6217 6216
3 6236 6237 6238
3 6254 6236 6238
3 6262 6263 6236
3 6262 6236 6254
3 6254 6238 6253
3 6254 6253 6252
3 6262 6254 6252
3 6262 6252 6261
3 6275 6263 6262
3 6275 6262 6261
3 6275 6240 6263
3 6275 6241 6240
3 6275 6273 6241
3 6275 6261 6273
3 6261 6250 6260
3 6261 6252 6250
3 6273 6261 6260
3 6252 6253 6251
3 6252 6251 6250
3 6250 6251 6249
3 6250 6249 6248
3 6260 6250 6248
3 6260 6248 6259
3 6271 6260 6259
3 6273 6260 6271
3 6248 6249 6247
3 6248 6247 6246
3 6259 6248 6246
3 6259 6246 6258
3 6267 6259 6258
3 6269 6259 6267
3 6271 6259 6269
3 6271 6270 6272
3 6271 6269 6270
3 6273 6271 6272
3 6269 6268 6270
3 6269 6267 6268
3 6267 6266 6268
3 6264 6265 6266
3 6267 6264 6266
3 6264 6257 6265
3 6264 6255 6257
3 6267 6255 6264
3 6255 6256 6257
3 6255 6245 6256
3 6255 6242 6245
3 6258 6242 6255
3 6267 6258 6255
3 6242 6244 6245
3 6242 6243 6244
3 6246 6243 6242
3 6258 6246 6242
3 6246 6247 6243
3 6273 6272 6274
3 6273 6274 6241
3 6239 6240 6241
3 6276 6277 6278
3 6276 6279 6277
3 6280 6276 6278
3 6280 6278 6281
3 6282 6280 6281
3 6282 6281 6283
3 6284 6282 6283
3 6284 6283 6285
3 6286 6284 6285
3 6286 6285 6287
3 6288 6286 6287
3 6288 6287 6289
3 6290 6288 6289
3 6290 6289 6291
3 6292 6293 6294
3 6295 6292 6294
3 6295 6294 6296
3 6297 6295 6296
3 6297 6296 6298
3 6299 6297 6298
3 6299 6298 6300
3 6301 6299 6300
3 6301 6300 6302
3 6303 6301 6302
3 6303 6302 6304
3 6305 6303 6304
3 6305 6304 6306
3 6307 6305 6306
3 6308 6309 6310
3 6332 6308 6333
3 6332 6309 6308
3 6330 6309 6331
3 6330 6310 6309
3 6332 6334 6309
3 6330 6329 6310
3 6349 6330 6331
3 6349 6329 6330
3 6348 6331 6325
3 6348 6328 6331
3 6349 6331 6328
3 6349 6328 6329
3 6328 6327 6329
3 6348 6327 6328
3 6348 6326 6327
3 6348 6325 6326
3 6323 6325 6321
3 6347 6325 6323
3 6347 6326 6325
3 6326 6324 6327
3 6347 6324 6326
3 6347 6323 6324
3 6323 6320 6324
3 6346 6320 6323
3 6346 6323 6321
3 6318 6321 6322
3 6346 6321 6318
3 6346 6318 6320
3 6318 6319 6320
3 6342 6319 6318
3 6342 6318 6322
3 6342 6322 6343
3 6342 6343 6344
3 6342 6344 6345
3 6342 6345 6337
3 6342 6337 6341
3 6342 6341 6319
3 6336 6340 6319
3 6341 6336 6319
3 6341 6337 6336
3 6336 6337 6338
3 6336 6338 6339
3 6336 6339 6340
3 6332 6333 6334
3 6335 6316 6334
3 6335 6334 6333
3 6335 6333 6312
3 6335 6312 6316
3 6315 6316 6312
3 6317 6316 6315
3 6311 6312 6313
3 6314 6312 6311
3 6315 6312 6314
3 6350 6351 6352
3 6362 6350 6363
3 6362 6351 6350
3 6364 6365 6351
3 6364 6351 6362
3 6366 6362 6363
3 6370 6362 6366
3 6370 6364 6362
3 6366 6363 6367
3 6371 6366 6367
3 6377 6366 6371
3 6377 6370 6366
3 6376 6364 6370
3 6382 6370 6377
3 6382 6376 6370
3 6385 6377 6371
3 6389 6377 6385
3 6389 6382 6377
3 6388 6376 6382
3 6394 6388 6382
3 6394 6382 6389
3 6376 6368 6364
3 6381 6368 6376
3 6388 6381 6376
3 6393 6381 6388
3 6399 6388 6394
3 6399 6393 6388
3 6394 6390 6395
3 6394 6389 6390
3 6399 6394 6395
3 6399 6395 6400
3 6401 6393 6399
3 6401 6399 6400
3 6393 6387 6381
3 6396 6387 6393
3 6401 6396 6393
3 6401 6400 6361
3 6401 6360 6398
3 6401 6398 6396
3 6401 6361 6360
3 6396 6397 6392
3 6396 6398 6397
3 6396 6391 6387
3 6396 6392 6391
3 6391 6392 6384
3 6391 6384 6383
3 6391 6383 6378
3 6391 6378 6387
3 6383 6384 6353
3 6383 6355 6379
3 6383 6353 6355
3 6383 6379 6378
3 6378 6379 6375
3 6378 6375 6374
3 6387 6378 6374
3 6374 6375 6369
3 6374 6369 6368
3 6381 6374 6368
3 6387 6374 6381
3 6368 6369 6365
3 6368 6365 6364
3 6353 6354 6355
3 6359 6360 6361
3 6389 6386 6390
3 6389 6385 6386
3 6385 6356 6386
3 6385 6371 6380
3 6385 6380 6356
3 6356 6357 6358
3 6380 6357 6356
3 6380 6373 6357
3 6380 6371 6373
3 6371 6372 6373
3 6371 6367 6372
3 6402 6403 6404
3 6405 6402 6404
3 6405 6404 6406
3 6407 6405 6406
3 6407 6406 6408
3 6409 6407 6408
3 6409 6408 6410
3 6411 6409 6410
3 6412 6413 6414
3 6412 6414 6415
3 6416 6412 6415
3 6416 6415 6417
3 6418 6416 6417
3 6418 6417 6419
3 6420 6418 6419
3 6420 6419 6421
3 6425 6420 6421
3 6425 6421 6426
3 6427 6425 6426
3 6427 6426 6423
3 6427 6423 6422
3 6428 6427 6422
3 6429 6427 6428
3 6422 6423 6424
3 6430 6431 6432
3 6430 6432 6433
3 6430 6433 6434
3 6435 6431 6430
3 6437 6430 6438
3 6437 6435 6430
3 6435 6436 6431
3 6437 6439 6435
3 6437 6438 6439
3 6440 6438 6441
3 6440 6439 6438
3 6440 6442 6439
3 6440 6441 6442
3 6443 6441 6444
3 6443 6442 6441
3 6443 6445 6442
3 6456 6443 6444
3 6456 6445 6443
3 6446 6444 6447
3 6456 6444 6446
3 6456 6446 6445
3 6446 6448 6445
3 6457 6446 6447
3 6457 6448 6446
3 6449 6447 6450
3 6457 6447 6458
3 6459 6458 6447
3 6459 6447 6449
3 6457 6458 6448
3 6459 6452 6448
3 6459 6448 6458
3 6459 6449 6452
3 6449 6451 6452
3 6460 6451 6449
3 6460 6449 6450
3 6453 6450 6454
3 6460 6450 6453
3 6460 6453 6451
3 6453 6455 6451
3 6461 6453 6454
3 6461 6455 6453
3 6461 6454 6465
3 6461 6462 6463
3 6461 6464 6462
3 6461 6465 6464
3 6466 6461 6463
3 6466 6455 6461
3 6467 6469 6455
3 6467 6455 6466
3 6467 6466 6463
3 6467 6463 6470
3 6467 6468 6469
3 6467 6470 6468
3 6471 6472 6473
3 6483 6471 6484
3 6483 6472 6471
3 6485 6486 6472
3 6485 6472 6483
3 6487 6483 6484
3 6491 6483 6487
3 6491 6485 6483
3 6487 6484 6488
3 6492 6487 6488
3 6498 6487 6492
3 6498 6491 6487
3 6491 6489 6485
3 6497 6489 6491
3 6503 6491 6498
3 6503 6497 6491
3 6489 6486 6485
3 6489 6490 6486
3 6495 6490 6489
3 6502 6495 6489
3 6502 6489 6497
3 6509 6502 6497
3 6509 6497 6503
3 6510 6503 6498
3 6515 6509 6503
3 6515 6503 6510
3 6514 6502 6509
3 6520 6509 6515
3 6520 6514 6509
3 6502 6499 6495
3 6508 6499 6502
3 6514 6508 6502
3 6514 6512 6508
3 6517 6512 6514
3 6522 6517 6514
3 6522 6514 6520
3 6520 6515 6516
3 6520 6516 6521
3 6522 6520 6521
3 6522 6519 6517
3 6522 6521 6482
3 6522 6481 6519
3 6522 6482 6481
3 6517 6519 6518
3 6517 6518 6513
3 6517 6513 6512
3 6512 6513 6505
3 6504 6505 6474
3 6512 6505 6504
3 6504 6476 6500
3 6504 6474 6476
3 6504 6500 6499
3 6512 6504 6499
3 6474 6475 6476
3 6499 6500 6496
3 6499 6496 6495
3 6512 6499 6508
3 6495 6496 6490
3 6480 6481 6482
3 6515 6511 6516
3 6515 6510 6511
3 6510 6507 6511
3 6510 6506 6507
3 6510 6498 6506
3 6506 6477 6507
3 6506 6501 6477
3 6506 6498 6492
3 6506 6492 6501
3 6477 6478 6479
3 6501 6478 6477
3 6501 6494 6478
3 6501 6492 6494
3 6492 6493 6494
3 6492 6488 6493
3 6523 6524 6525
3 6526 6523 6525
3 6526 6525 6527
3 6528 6526 6527
3 6528 6527 6529
3 6530 6528 6529
3 6530 6529 6531
3 6532 6530 6531
3 6532 6531 6533
3 6534 6532 6533
3 6534 6533 6535
3 6536 6534 6535
3 6536 6535 6537
3 6538 6536 6537
3 6539 6540 6541
3 6542 6539 6541
3 6542 6541 6543
3 6544 6542 6543
3 6544 6543 6545
3 6546 6544 6545
3 6547 6545 6548
3 6547 6546 6545
3 6547 6548 6549
3 6550 6547 6549
3 6551 6549 6552
3 6551 6550 6549
3 6553 6551 6552
3 6553 6552 6554
3 6555 6556 6557
3 6594 6556 6581
3 6594 6557 6556
3 6594 6593 6557
3 6594 6581 6580
3 6594 6580 6579
3 6594 6592 6593
3 6594 6579 6592
3 6580 6581 6573
3 6580 6568 6579
3 6580 6570 6568
3 6580 6573 6570
3 6579 6568 6566
3 6579 6566 6578
3 6592 6579 6578
3 6592 6591 6593
3 6592 6578 6590
3 6592 6590 6591
3 6578 6566 6577
3 6590 6578 6577
3 6590 6589 6591
3 6590 6588 6589
3 6590 6577 6588
3 6588 6587 6589
3 6588 6586 6587
3 6588 6577 6586
3 6586 6585 6587
3 6586 6576 6574
3 6586 6577 6576
3 6586 6582 6585
3 6586 6574 6582
3 6582 6584 6585
3 6582 6583 6584
3 6582 6575 6583
3 6582 6574 6575
3 6574 6561 6575
3 6574 6558 6561
3 6574 6562 6558
3 6576 6562 6574
3 6577 6562 6576
3 6562 6563 6559
3 6562 6559 6558
3 6564 6563 6562
3 6577 6564 6562
3 6558 6559 6560
3 6558 6560 6561
3 6564 6565 6563
3 6566 6565 6564
3 6577 6566 6564
3 6566 6567 6565
3 6568 6567 6566
3 6568 6569 6567
3 6570 6569 6568
3 6570 6572 6569
3 6570 6571 6572
3 6570 6573 6571
3 6595 6596 6597
3 6608 6596 6595
3 6613 6595 6614
3 6613 6608 6595
3 6608 6605 6596
3 6608 6604 6605
3 6613 6604 6608
3 6613 6610 6604
3 6616 6610 6613
3 6619 6613 6614
3 6619 6616 6613
3 6619 6614 6620
3 6625 6619 6620
3 6625 6616 6619
3 6616 6609 6610
3 6616 6615 6609
3 6622 6615 6616
3 6625 6622 6616
3 6610 6609 6602
3 6610 6602 6604
3 6609 6606 6598
3 6609 6598 6602
3 6615 6606 6609
3 6615 6611 6606
3 6621 6611 6615
3 6622 6621 6615
3 6627 6621 6622
3 6628 6627 6622
3 6628 6622 6625
3 6621 6617 6611
3 6623 6617 6621
3 6627 6623 6621
3 6611 6612 6607
3 6611 6607 6606
3 6617 6612 6611
3 6617 6618 6612
3 6623 6618 6617
3 6623 6624 6618
3 6629 6624 6623
3 6635 6629 6623
3 6635 6623 6627
3 6629 6630 6624
3 6629 6631 6630
3 6629 6632 6631
3 6635 6632 6629
3 6635 6636 6632
3 6637 6635 6627
3 6637 6636 6635
3 6637 6638 6636
3 6637 6627 6628
3 6637 6639 6638
3 6640 6637 6628
3 6640 6639 6637
3 6633 6628 6625
3 6640 6628 6633
3 6640 6641 6642
3 6640 6634 6641
3 6640 6633 6634
3 6640 6642 6639
3 6633 6626 6634
3 6633 6625 6626
3 6625 6620 6626
3 6606 6607 6601
3 6606 6601 6598
3 6598 6601 6599
3 6598 6599 6600
3 6602 6598 6600
3 6602 6600 6603
3 6604 6602 6603
3 6604 6603 6605
3 6643 6644 6645
3 6643 6646 6644
3 6647 6646 6643
3 6647 6648 6646
3 6649 6648 6647
3 6649 6650 6648
3 6651 6650 6649
3 6651 6652 6650
3 6653 6652 6651
3 6653 6654 6652
3 6655 6656 6657
3 6655 6658 6656
3 6659 6658 6655
3 6659 6660 6658
3 6661 6660 6659
3 6661 6662 6660
3 6663 6662 6661
3 6663 6664 6662
3 6665 6664 6663
3 6665 6666 6664
3 6667 6668 6669
3 6714 6668 6713
3 6714 6669 6668
3 6714 6709 6669
3 6714 6708 6709
3 6714 6713 6712
3 6714 6703 6708
3 6714 6712 6703
3 6712 6713 6711
3 6712 6711 6710
3 6712 6710 6703
3 6703 6702 6696
3 6703 6696 6697
3 6708 6703 6697
3 6710 6702 6703
3 6710 6711 6707
3 6710 6704 6698
3 6710 6707 6704
3 6710 6698 6702
3 6702 6692 6696
3 6702 6698 6692
3 6696 6686 6690
3 6696 6692 6686
3 6697 6696 6690
3 6692 6693 6687
3 6692 6687 6686
3 6698 6693 6692
3 6698 6699 6693
3 6704 6699 6698
3 6704 6705 6699
3 6704 6706 6705
3 6704 6707 6706
3 6686 6687 6679
3 6686 6679 6678
3 6690 6686 6678
3 6678 6679 6673
3 6678 6673 6670
3 6684 6678 6670
3 6690 6678 6684
3 6670 6673 6671
3 6670 6671 6672
3 6674 6670 6672
3 6684 6670 6674
3 6685 6684 6674
3 6690 6684 6685
3 6674 6672 6675
3 6676 6674 6675
3 6685 6674 6676
3 6688 6685 6676
3 6691 6690 6685
3 6694 6685 6688
3 6694 6691 6685
3 6697 6690 6691
3 6700 6697 6691
3 6700 6691 6694
3 6694 6689 6695
3 6694 6688 6689
3 6700 6694 6695
3 6700 6695 6701
3 6708 6700 6701
3 6708 6697 6700
3 6708 6701 6709
3 6688 6682 6689
3 6680 6681 6682
3 6688 6680 6682
3 6680 6683 6681
3 6680 6677 6683
3 6680 6676 6677
3 6688 6676 6680
3 6676 6675 6677
3 6715 6716 6717
3 6718 6715 6717
3 6723 6724 6715
3 6723 6715 6718
3 6719 6717 6720
3 6719 6718 6717
3 6729 6718 6719
3 6729 6723 6718
3 6731 6724 6723
3 6735 6731 6723
3 6735 6723 6729
3 6731 6732 6724
3 6737 6732 6731
3 6741 6731 6735
3 6741 6737 6731
3 6736 6735 6729
3 6741 6735 6736
3 6742 6741 6736
3 6743 6737 6741
3 6748 6743 6741
3 6749 6741 6742
3 6749 6748 6741
3 6737 6738 6732
3 6743 6738 6737
3 6743 6744 6738
3 6743 6745 6744
3 6750 6745 6743
3 6755 6750 6743
3 6755 6743 6748
3 6757 6748 6749
3 6757 6755 6748
3 6755 6756 6752
3 6755 6752 6750
3 6757 6756 6755
3 6750 6751 6745
3 6750 6752 6751
3 6757 6758 6756
3 6759 6757 6749
3 6759 6758 6757
3 6759 6760 6758
3 6759 6749 6753
3 6759 6761 6760
3 6759 6762 6761
3 6759 6754 6762
3 6759 6753 6754
3 6753 6749 6742
3 6753 6747 6754
3 6753 6746 6747
3 6753 6742 6746
3 6746 6742 6736
3 6746 6740 6747
3 6746 6739 6740
3 6746 6736 6739
3 6736 6729 6730
3 6739 6736 6730
3 6739 6734 6740
3 6739 6733 6734
3 6739 6730 6733
3 6730 6729 6721
3 6733 6730 6721
3 6729 6719 6721
3 6721 6720 6722
3 6721 6719 6720
3 6725 6721 6722
3 6733 6721 6725
3 6733 6727 6734
3 6733 6725 6727
3 6725 6726 6727
3 6725 6722 6728
3 6725 6728 6726
3 6763 6764 6765
3 6763 6766 6764
3 6767 6766 6763
3 6767 6768 6766
3 6769 6768 6767
3 6769 6771 6768
3 6769 6770 6771
3 6772 6770 6769
3 6773 6774 6770
3 6773 6770 6772
3 6775 6776 6777
3 6775 6778 6776
3 6779 6778 6775
3 6779 6780 6778
3 6781 6780 6779
3 6781 6782 6780
3 6783 6782 6781
3 6783 6784 6782
3 6785 6784 6783
3 6785 6786 6784
3 6787 6788 6789
3 6801 6788 6787
3 6805 6787 6806
3 6805 6801 6787
3 6801 6798 6788
3 6801 6797 6798
3 6805 6797 6801
3 6805 6803 6797
3 6808 6803 6805
3 6811 6805 6806
3 6811 6808 6805
3 6811 6806 6812
3 6818 6811 6812
3 6818 6808 6811
3 6818 6812 6819
3 6818 6814 6808
3 6825 6818 6819
3 6825 6814 6818
3 6825 6819 6826
3 6825 6821 6814
3 6832 6821 6825
3 6832 6825 6826
3 6814 6813 6808
3 6821 6813 6814
3 6821 6820 6813
3 6830 6820 6821
3 6832 6830 6821
3 6832 6833 6834
3 6832 6826 6833
3 6832 6831 6830
3 6832 6834 6831
3 6830 6831 6828
3 6830 6827 6820
3 6830 6828 6827
3 6827 6828 6829
3 6827 6824 6822
3 6827 6822 6815
3 6827 6829 6824
3 6827 6815 6820
3 6822 6824 6823
3 6822 6823 6817
3 6822 6817 6815
3 6815 6816 6810
3 6815 6817 6816
3 6815 6810 6809
3 6820 6815 6809
3 6809 6810 6800
3 6809 6800 6804
3 6813 6809 6804
3 6820 6809 6813
3 6799 6800 6794
3 6804 6800 6799
3 6807 6804 6799
3 6813 6804 6807
3 6813 6807 6808
3 6807 6799 6802
3 6808 6807 6802
3 6799 6794 6790
3 6802 6799 6790
3 6790 6794 6793
3 6790 6791 6792
3 6790 6793 6791
3 6795 6790 6792
3 6802 6790 6795
3 6803 6802 6795
3 6808 6802 6803
3 6795 6792 6796
3 6797 6795 6796
3 6803 6795 6797
3 6797 6796 6798
3 6835 6836 6837
3 6848 6836 6835
3 6853 6835 6854
3 6853 6848 6835
3 6848 6845 6836
3 6848 6844 6845
3 6853 6844 6848
3 6853 6850 6844
3 6856 6850 6853
3 6859 6853 6854
3 6859 6856 6853
3 6859 6854 6860
3 6866 6859 6860
3 6866 6856 6859
3 6856 6849 6850
3 6856 6855 6849
3 6862 6855 6856
3 6866 6862 6856
3 6850 6849 6842
3 6850 6842 6844
3 6849 6838 6842
3 6849 6846 6838
3 6855 6846 6849
3 6855 6851 6846
3 6861 6851 6855
3 6862 6861 6855
3 6869 6861 6862
3 6869 6862 6866
3 6861 6857 6851
3 6863 6857 6861
3 6868 6863 6861
3 6869 6868 6861
3 6851 6852 6847
3 6851 6847 6846
3 6857 6852 6851
3 6857 6858 6852
3 6863 6858 6857
3 6863 6864 6858
3 6863 6865 6864
3 6870 6871 6865
3 6870 6865 6863
3 6870 6872 6871
3 6870 6873 6872
3 6876 6870 6863
3 6876 6873 6870
3 6877 6873 6876
3 6877 6878 6873
3 6876 6863 6868
3 6876 6868 6869
3 6877 6876 6869
3 6879 6877 6869
3 6879 6878 6877
3 6879 6882 6878
3 6879 6880 6881
3 6879 6875 6880
3 6879 6869 6874
3 6879 6881 6882
3 6879 6874 6875
3 6874 6869 6866
3 6874 6867 6875
3 6874 6866 6867
3 6866 6860 6867
3 6846 6847 6841
3 6846 6841 6838
3 6838 6841 6839
3 6838 6839 6840
3 6842 6838 6840
3 6842 6840 6843
3 6844 6842 6843
3 6844 6843 6845
3 6883 6884 6885
3 6886 6884 6883
3 6887 6888 6884
3 6887 6884 6886
3 6889 6888 6887
3 6889 6890 6888
3 6891 6890 6889
3 6891 6892 6890
3 6893 6892 6891
3 6893 6894 6892
3 6895 6896 6897
3 6898 6896 6895
3 6898 6899 6896
3 6900 6899 6898
3 6900 6901 6899
3 6902 6901 6900
3 6902 6903 6901
3 6904 6903 6902
3 6904 6905 6903
3 6906 6905 6904
3 6907 6908 6909
3 6920 6908 6907
3 6925 6907 6926
3 6925 6920 6907
3 6920 6917 6908
3 6920 6916 6917
3 6925 6916 6920
3 6925 6922 6916
3 6931 6922 6925
3 6931 6925 6926
3 6931 6926 6932
3 6931 6928 6922
3 6937 6931 6932
3 6937 6928 6931
3 6922 6921 6914
3 6922 6914 6916
3 6928 6921 6922
3 6916 6915 6917
3 6916 6914 6915
3 6914 6912 6915
3 6914 6910 6912
3 6921 6910 6914
3 6921 6918 6910
3 6927 6918 6921
3 6928 6927 6921
3 6910 6911 6912
3 6910 6913 6911
3 6918 6913 6910
3 6918 6919 6913
3 6923 6919 6918
3 6927 6923 6918
3 6933 6923 6927
3 6934 6927 6928
3 6934 6933 6927
3 6923 6924 6919
3 6929 6924 6923
3 6933 6929 6923
3 6940 6929 6933
3 6940 6933 6934
3 6929 6930 6924
3 6935 6930 6929
3 6940 6935 6929
3 6941 6940 6934
3 6947 6935 6940
3 6949 6940 6941
3 6949 6947 6940
3 6935 6936 6930
3 6942 6936 6935
3 6947 6942 6935
3 6947 6945 6942
3 6947 6948 6945
3 6949 6948 6947
3 6949 6950 6948
3 6951 6949 6941
3 6951 6950 6949
3 6951 6954 6950
3 6951 6952 6953
3 6951 6939 6952
3 6951 6946 6939
3 6951 6953 6954
3 6951 6941 6946
3 6937 6938 6939
3 6946 6937 6939
3 6946 6941 6934
3 6946 6934 6937
3 6937 6932 6938
3 6937 6934 6928
3 6942 6945 6944
3 6942 6943 6936
3 6942 6944 6943
3 6955 6956 6957
3 6961 6955 6957
3 6966 6967 6955
3 6966 6955 6961
3 6962 6957 6963
3 6962 6961 6957
3 6972 6961 6962
3 6972 6966 6961
3 6974 6967 6966
3 6978 6966 6972
3 6978 6974 6966
3 6974 6975 6967
3 6980 6975 6974
3 6984 6974 6978
3 6984 6980 6974
3 6979 6978 6972
3 6985 6978 6979
3 6985 6984 6978
3 6973 6972 6962
3 6979 6972 6973
3 6982 6979 6973
3 6988 6979 6982
3 6988 6985 6979
3 6991 6984 6985
3 6996 6991 6985
3 6996 6985 6988
3 6990 6980 6984
3 6991 6990 6984
3 7000 6990 6991
3 7002 7000 6991
3 7002 6991 6996
3 6996 6989 6997
3 6996 6988 6989
3 7002 6996 6997
3 6988 6983 6989
3 6988 6982 6983
3 6982 6977 6983
3 6976 6970 6977
3 6982 6976 6977
3 6976 6973 6964
3 6976 6968 6970
3 6976 6964 6968
3 6982 6973 6976
3 6968 6969 6970
3 6968 6965 6971
3 6968 6971 6969
3 6968 6964 6965
3 6964 6963 6965
3 6964 6962 6963
3 6973 6962 6964
3 7002 6997 6960
3 7002 6959 7001
3 7002 7001 7000
3 7002 6960 6959
3 6958 6959 6960
3 7000 6999 6998
3 7000 7001 6999
3 7000 6998 6990
3 6998 6999 6995
3 6998 6992 6986
3 6998 6986 6990
3 6998 6995 6992
3 6990 6986 6980
3 6986 6987 6981
3 6986 6981 6980
3 6992 6987 6986
3 6992 6993 6987
3 6992 6994 6993
3 6992 6995 6994
3 6980 6981 6975
3 7003 7004 7005
3 7006 7004 7003
3 7007 7009 7004
3 7007 7004 7006
3 7007 7008 7009
3 7010 7008 7007
3 7011 7012 7008
3 7011 7008 7010
3 7013 7012 7011
3 7013 7014 7012
3 7015 7016 7017
3 7015 7018 7016
3 7019 7018 7015
3 7019 7020 7018
3 7021 7020 7019
3 7021 7022 7020
3 7023 7022 7021
3 7023 7024 7022
3 7025 7024 7023
3 7025 7026 7024
3 7027 7028 7029
3 7074 7028 7073
3 7074 7029 7028
3 7074 7070 7029
3 7074 7069 7070
3 7074 7072 7064
3 7074 7073 7072
3 7074 7064 7069
3 7072 7073 7067
3 7072 7071 7063
3 7072 7067 7071
3 7072 7063 7064
3 7064 7056 7057
3 7064 7063 7056
3 7069 7064 7057
3 7063 7052 7056
3 7063 7058 7052
3 7071 7058 7063
3 7071 7065 7058
3 7071 7067 7065
3 7065 7067 7068
3 7065 7066 7060
3 7065 7068 7066
3 7065 7060 7058
3 7058 7059 7053
3 7058 7060 7059
3 7058 7053 7052
3 7052 7053 7047
3 7046 7047 7039
3 7052 7047 7046
3 7046 7039 7038
3 7050 7046 7038
3 7056 7046 7050
3 7056 7052 7046
3 7038 7039 7033
3 7038 7033 7030
3 7044 7038 7030
3 7050 7038 7044
3 7051 7050 7044
3 7056 7050 7051
3 7057 7056 7051
3 7051 7044 7045
3 7054 7051 7045
3 7061 7051 7054
3 7061 7057 7051
3 7044 7030 7034
3 7045 7044 7034
3 7045 7034 7036
3 7048 7045 7036
3 7054 7045 7048
3 7054 7049 7055
3 7054 7048 7049
3 7061 7054 7055
3 7061 7055 7062
3 7069 7061 7062
3 7069 7057 7061
3 7069 7062 7070
3 7048 7042 7049
3 7048 7040 7042
3 7048 7036 7040
3 7040 7041 7042
3 7040 7037 7043
3 7040 7043 7041
3 7040 7036 7037
3 7036 7035 7037
3 7034 7032 7035
3 7036 7034 7035
3 7034 7030 7032
3 7030 7031 7032
3 7030 7033 7031
3 7075 7076 7077
3 7084 7075 7077
3 7088 7089 7075
3 7088 7075 7084
3 7084 7077 7083
3 7084 7083 7082
3 7088 7084 7082
3 7088 7082 7087
3 7093 7088 7087
3 7093 7089 7088
3 7093 7094 7089
3 7093 7087 7092
3 7099 7093 7092
3 7099 7094 7093
3 7087 7078 7085
3 7087 7082 7078
3 7092 7087 7085
3 7082 7083 7079
3 7082 7079 7078
3 7078 7079 7080
3 7078 7080 7081
3 7085 7078 7081
3 7085 7081 7086
3 7090 7085 7086
3 7092 7085 7090
3 7090 7086 7091
3 7095 7090 7091
3 7098 7092 7090
3 7098 7090 7095
3 7095 7091 7096
3 7095 7096 7097
3 7101 7095 7097
3 7102 7098 7095
3 7102 7095 7101
3 7099 7092 7098
3 7103 7099 7098
3 7103 7098 7102
3 7109 7102 7101
3 7111 7103 7102
3 7111 7102 7109
3 7105 7101 7097
3 7109 7101 7105
3 7105 7097 7108
3 7105 7106 7107
3 7105 7108 7106
3 7109 7105 7107
3 7109 7107 7110
3 7111 7109 7110
3 7111 7110 7112
3 7111 7112 7113
3 7111 7113 7114
3 7111 7114 7104
3 7111 7104 7103
3 7103 7104 7100
3 7099 7100 7094
3 7103 7100 7099
3 7115 7116 7117
3 7115 7117 7118
3 7119 7115 7118
3 7119 7118 7120
3 7121 7119 7120
3 7121 7120 7122
3 7123 7121 7122
3 7123 7122 7124
3 7125 7126 7127
3 7125 7128 7126
3 7129 7125 7127
3 7129 7127 7130
3 7131 7129 7130
3 7131 7130 7132
3 7133 7131 7132
3 7133 7132 7134
3 7135 7136 7137
3 7144 7145 7135
3 7144 7135 7137
3 7144 7137 7143
3 7144 7143 7142
3 7149 7144 7142
3 7149 7145 7144
3 7153 7154 7145
3 7153 7145 7149
3 7149 7142 7148
3 7153 7149 7148
3 7142 7143 7139
3 7142 7139 7138
3 7148 7142 7138
3 7148 7138 7146
3 7152 7148 7146
3 7153 7148 7152
3 7158 7154 7153
3 7158 7153 7152
3 7158 7159 7154
3 7158 7152 7157
3 7162 7158 7157
3 7163 7158 7162
3 7163 7159 7158
3 7152 7146 7150
3 7157 7152 7150
3 7157 7150 7155
3 7162 7157 7155
3 7162 7155 7160
3 7170 7162 7160
3 7171 7163 7162
3 7171 7162 7170
3 7163 7164 7159
3 7171 7164 7163
3 7171 7168 7172
3 7171 7172 7173
3 7171 7174 7164
3 7171 7173 7174
3 7171 7170 7168
3 7170 7165 7168
3 7170 7160 7165
3 7165 7167 7168
3 7165 7166 7167
3 7165 7169 7166
3 7165 7161 7169
3 7165 7160 7161
3 7160 7156 7161
3 7160 7155 7156
3 7155 7151 7156
3 7155 7150 7151
3 7150 7147 7151
3 7150 7146 7147
3 7146 7141 7147
3 7146 7138 7141
3 7138 7140 7141
3 7138 7139 7140
3 7175 7176 7177
3 7175 7177 7178
3 7179 7176 7175
3 7185 7175 7178
3 7187 7175 7185
3 7187 7179 7175
3 7179 7180 7176
3 7181 7180 7179
3 7188 7181 7179
3 7188 7179 7187
3 7192 7187 7185
3 7192 7188 7187
3 7185 7178 7186
3 7190 7185 7186
3 7192 7185 7190
3 7193 7188 7192
3 7197 7192 7190
3 7198 7193 7192
3 7198 7192 7197
3 7190 7186 7191
3 7195 7190 7191
3 7197 7190 7195
3 7200 7197 7195
3 7202 7197 7200
3 7203 7198 7197
3 7203 7197 7202
3 7198 7199 7194
3 7198 7194 7193
3 7203 7199 7198
3 7203 7204 7199
3 7203 7205 7204
3 7210 7203 7202
3 7212 7205 7203
3 7212 7203 7210
3 7206 7202 7200
3 7210 7202 7206
3 7210 7209 7211
3 7210 7206 7209
3 7212 7210 7211
3 7212 7213 7214
3 7212 7211 7213
3 7212 7214 7205
3 7206 7208 7209
3 7206 7207 7208
3 7206 7201 7207
3 7206 7200 7201
3 7200 7196 7201
3 7200 7195 7196
3 7195 7191 7196
3 7193 7194 7189
3 7193 7189 7188
3 7188 7189 7184
3 7188 7184 7181
3 7181 7184 7182
3 7181 7182 7183
3 7181 7183 7180
3 7215 7216 7217
3 7215 7217 7218
3 7219 7215 7218
3 7219 7218 7220
3 7221 7219 7220
3 7221 7220 7222
3 7223 7221 7222
3 7223 7222 7224
3 7225 7226 7227
3 7228 7225 7227
3 7228 7227 7229
3 7230 7228 7229
3 7230 7229 7231
3 7232 7230 7231
3 7232 7231 7233
3 7234 7232 7233
3 7235 7236 7237
3 7244 7236 7235
3 7248 7235 7249
3 7248 7244 7235
3 7245 7246 7236
3 7245 7236 7244
3 7251 7245 7244
3 7251 7244 7248
3 7247 7246 7245
3 7252 7247 7245
3 7252 7245 7251
3 7247 7240 7246
3 7247 7238 7240
3 7252 7238 7247
3 7252 7253 7238
3 7257 7252 7251
3 7257 7253 7252
3 7256 7251 7248
3 7257 7251 7256
3 7257 7258 7253
3 7260 7257 7256
3 7261 7258 7257
3 7261 7257 7260
3 7256 7248 7254
3 7260 7256 7254
3 7260 7254 7259
3 7267 7260 7259
3 7268 7261 7260
3 7268 7260 7267
3 7261 7262 7258
3 7261 7263 7262
3 7268 7263 7261
3 7274 7263 7268
3 7274 7268 7267
3 7267 7259 7264
3 7272 7267 7264
3 7274 7267 7272
3 7259 7254 7255
3 7264 7259 7255
3 7264 7265 7266
3 7264 7255 7265
3 7269 7264 7266
3 7272 7264 7269
3 7272 7271 7273
3 7272 7269 7271
3 7274 7272 7273
3 7269 7270 7271
3 7269 7266 7270
3 7274 7273 7243
3 7241 7242 7243
3 7274 7243 7242
3 7274 7242 7263
3 7254 7250 7255
3 7254 7248 7250
3 7248 7249 7250
3 7238 7239 7240
3 7275 7276 7277
3 7275 7278 7276
3 7279 7275 7277
3 7285 7278 7275
3 7287 7285 7275
3 7287 7275 7279
3 7279 7277 7280
3 7281 7279 7280
3 7288 7279 7281
3 7288 7287 7279
3 7293 7285 7287
3 7294 7293 7287
3 7294 7287 7288
3 7288 7283 7289
3 7288 7281 7283
3 7294 7288 7289
3 7281 7282 7283
3 7281 7284 7282
3 7281 7280 7284
3 7294 7289 7295
3 7297 7293 7294
3 7298 7294 7295
3 7298 7297 7294
3 7298 7295 7299
3 7303 7298 7299
3 7303 7297 7298
3 7297 7290 7293
3 7297 7296 7290
3 7302 7296 7297
3 7303 7302 7297
3 7303 7304 7305
3 7303 7299 7304
3 7312 7303 7305
3 7312 7302 7303
3 7302 7300 7296
3 7306 7300 7302
3 7310 7306 7302
3 7312 7310 7302
3 7296 7292 7290
3 7300 7292 7296
3 7300 7301 7292
3 7306 7301 7300
3 7306 7307 7301
3 7306 7308 7307
3 7306 7309 7308
3 7310 7309 7306
3 7310 7311 7309
3 7312 7311 7310
3 7312 7314 7311
3 7312 7313 7314
3 7312 7305 7313
3 7290 7292 7291
3 7290 7291 7286
3 7290 7286 7285
3 7293 7290 7285
3 7285 7286 7278
3 7315 7316 7317
3 7315 7318 7316
3 7319 7318 7315
3 7319 7320 7318
3 7321 7320 7319
3 7321 7322 7320
3 7323 7322 7321
3 7323 7324 7322
3 7325 7326 7327
3 7325 7328 7326
3 7329 7328 7325
3 7329 7330 7328
3 7331 7330 7329
3 7331 7332 7330
3 7333 7332 7331
3 7333 7334 7332
3 7335 7336 7337
3 7335 7338 7336
3 7339 7335 7337
3 7345 7338 7335
3 7347 7345 7335
3 7347 7335 7339
3 7339 7337 7340
3 7341 7339 7340
3 7348 7339 7341
3 7348 7347 7339
3 7352 7345 7347
3 7352 7347 7348
3 7345 7346 7338
3 7350 7346 7345
3 7352 7350 7345
3 7353 7352 7348
3 7358 7350 7352
3 7359 7352 7353
3 7359 7358 7352
3 7350 7351 7346
3 7355 7351 7350
3 7358 7355 7350
3 7362 7355 7358
3 7363 7362 7358
3 7363 7358 7359
3 7359 7354 7360
3 7359 7353 7354
3 7363 7359 7360
3 7363 7360 7364
3 7369 7362 7363
3 7372 7363 7364
3 7372 7369 7363
3 7362 7361 7355
3 7369 7361 7362
3 7361 7357 7355
3 7365 7357 7361
3 7369 7365 7361
3 7355 7357 7356
3 7365 7366 7357
3 7365 7367 7366
3 7365 7368 7367
3 7369 7368 7365
3 7369 7371 7368
3 7369 7370 7371
3 7372 7374 7370
3 7372 7370 7369
3 7372 7373 7374
3 7372 7364 7373
3 7355 7356 7351
3 7353 7349 7354
3 7353 7348 7349
3 7348 7343 7349
3 7348 7341 7343
3 7341 7342 7343
3 7341 7344 7342
3 7341 7340 7344
3 7375 7376 7377
3 7384 7376 7375
3 7388 7375 7389
3 7388 7384 7375
3 7384 7383 7376
3 7384 7382 7383
3 7388 7382 7384
3 7382 7381 7383
3 7382 7378 7381
3 7387 7378 7382
3 7388 7387 7382
3 7378 7380 7381
3 7378 7379 7380
3 7385 7379 7378
3 7387 7385 7378
3 7393 7385 7387
3 7393 7387 7388
3 7385 7386 7379
3 7391 7386 7385
3 7393 7391 7385
3 7391 7392 7386
3 7395 7391 7393
3 7395 7392 7391
3 7395 7396 7392
3 7397 7395 7393
3 7400 7396 7395
3 7400 7395 7397
3 7400 7401 7396
3 7402 7400 7397
3 7406 7401 7400
3 7410 7400 7402
3 7410 7406 7400
3 7398 7397 7393
3 7403 7397 7398
3 7403 7402 7397
3 7413 7410 7402
3 7413 7402 7403
3 7403 7404 7405
3 7403 7399 7404
3 7403 7398 7399
3 7413 7403 7405
3 7413 7414 7412
3 7413 7405 7414
3 7413 7412 7410
3 7410 7412 7411
3 7410 7411 7409
3 7406 7409 7408
3 7410 7409 7406
3 7406 7407 7401
3 7406 7408 7407
3 7398 7390 7399
3 7398 7394 7390
3 7398 7393 7394
3 7388 7389 7390
3 7394 7388 7390
3 7394 7393 7388
3 7415 7416 7417
3 7415 7418 7416
3 7419 7418 7415
3 7419 7421 7418
3 7419 7420 7421
3 7422 7420 7419
3 7423 7424 7420
3 7423 7420 7422
3 7425 7426 7427
3 7425 7428 7426
3 7429 7428 7425
3 7429 7430 7428
3 7429 7431 7430
3 7432 7431 7429
3 7433 7434 7431
3 7433 7431 7432
3 7435 7436 7437
3 7435 7438 7436
3 7439 7435 7437
3 7445 7438 7435
3 7447 7435 7439
3 7447 7445 7435
3 7439 7437 7440
3 7441 7439 7440
3 7448 7439 7441
3 7448 7447 7439
3 7453 7445 7447
3 7454 7453 7447
3 7454 7447 7448
3 7448 7443 7449
3 7448 7441 7443
3 7454 7448 7449
3 7441 7442 7443
3 7441 7440 7444
3 7441 7444 7442
3 7454 7449 7455
3 7457 7453 7454
3 7458 7454 7455
3 7458 7457 7454
3 7458 7455 7459
3 7463 7458 7459
3 7463 7457 7458
3 7457 7450 7453
3 7457 7456 7450
3 7462 7456 7457
3 7463 7462 7457
3 7463 7459 7464
3 7471 7463 7464
3 7471 7462 7463
3 7462 7460 7456
3 7469 7460 7462
3 7471 7469 7462
3 7456 7452 7450
3 7460 7452 7456
3 7460 7461 7452
3 7465 7461 7460
3 7469 7465 7460
3 7469 7470 7468
3 7469 7468 7465
3 7471 7470 7469
3 7465 7466 7461
3 7465 7467 7466
3 7465 7468 7467
3 7471 7474 7470
3 7471 7473 7474
3 7471 7472 7473
3 7471 7464 7472
3 7450 7452 7451
3 7450 7451 7446
3 7450 7446 7445
3 7453 7450 7445
3 7445 7446 7438
3 7475 7476 7477
3 7478 7475 7477
3 7478 7477 7479
3 7480 7478 7479
3 7480 7479 7481
3 7482 7480 7481
3 7482 7481 7483
3 7484 7482 7483
3 7484 7483 7485
3 7486 7484 7485
3 7487 7488 7489
3 7499 7487 7501
3 7499 7488 7487
3 7499 7500 7488
3 7502 7500 7499
3 7505 7499 7501
3 7510 7502 7499
3 7510 7499 7505
3 7505 7501 7506
3 7505 7506 7507
3 7512 7505 7507
3 7517 7510 7505
3 7517 7505 7512
3 7511 7502 7510
3 7518 7511 7510
3 7518 7510 7517
3 7522 7517 7512
3 7524 7518 7517
3 7524 7517 7522
3 7512 7507 7513
3 7519 7512 7513
3 7522 7512 7519
3 7522 7493 7523
3 7522 7519 7493
3 7524 7522 7523
3 7524 7523 7525
3 7526 7524 7525
3 7526 7518 7524
3 7526 7525 7498
3 7526 7497 7521
3 7526 7521 7520
3 7526 7498 7497
3 7526 7520 7518
3 7496 7497 7498
3 7520 7511 7518
3 7520 7521 7516
3 7520 7516 7514
3 7520 7514 7511
3 7511 7504 7502
3 7514 7504 7511
3 7514 7515 7509
3 7514 7516 7515
3 7514 7508 7504
3 7514 7509 7508
3 7504 7492 7503
3 7504 7503 7502
3 7508 7492 7504
3 7502 7503 7500
3 7490 7491 7492
3 7508 7490 7492
3 7508 7509 7490
3 7493 7494 7495
3 7519 7494 7493
3 7519 7513 7494
3 7527 7528 7529
3 7539 7527 7540
3 7539 7528 7527
3 7541 7542 7528
3 7541 7528 7539
3 7545 7539 7540
3 7550 7539 7545
3 7550 7541 7539
3 7545 7540 7546
3 7545 7546 7547
3 7552 7545 7547
3 7557 7545 7552
3 7557 7550 7545
3 7551 7541 7550
3 7558 7550 7557
3 7558 7551 7550
3 7562 7557 7552
3 7564 7558 7557
3 7564 7557 7562
3 7552 7547 7553
3 7559 7552 7553
3 7562 7552 7559
3 7562 7533 7563
3 7562 7559 7533
3 7564 7562 7563
3 7564 7563 7565
3 7566 7564 7565
3 7566 7558 7564
3 7566 7565 7538
3 7566 7537 7561
3 7566 7561 7560
3 7566 7538 7537
3 7566 7560 7558
3 7536 7537 7538
3 7560 7551 7558
3 7560 7561 7556
3 7560 7556 7554
3 7560 7554 7551
3 7551 7543 7541
3 7554 7543 7551
3 7554 7555 7549
3 7554 7556 7555
3 7554 7548 7543
3 7554 7549 7548
3 7543 7544 7542
3 7543 7542 7541
3 7548 7544 7543
3 7548 7532 7544
3 7548 7549 7530
3 7548 7530 7532
3 7530 7531 7532
3 7533 7534 7535
3 7559 7534 7533
3 7559 7553 7534
3 7567 7568 7569
3 7570 7567 7569
3 7570 7569 7571
3 7572 7570 7571
3 7572 7571 7573
3 7574 7572 7573
3 7574 7573 7575
3 7576 7574 7575
3 7577 7575 7578
3 7577 7576 7575
3 7579 7580 7581
3 7582 7579 7581
3 7582 7581 7583
3 7584 7582 7583
3 7584 7583 7585
3 7586 7584 7585
3 7587 7585 7588
3 7587 7586 7585
3 7589 7587 7588
3 7589 7588 7590
3 7591 7592 7593
3 7603 7591 7604
3 7603 7592 7591
3 7605 7606 7592
3 7605 7592 7603
3 7609 7603 7604
3 7613 7605 7603
3 7613 7603 7609
3 7609 7604 7610
3 7615 7609 7610
3 7621 7609 7615
3 7621 7613 7609
3 7614 7605 7613
3 7622 7614 7613
3 7622 7613 7621
3 7627 7621 7615
3 7628 7622 7621
3 7628 7621 7627
3 7625 7614 7622
3 7630 7625 7622
3 7630 7622 7628
3 7614 7607 7605
3 7618 7607 7614
3 7625 7618 7614
3 7625 7626 7620
3 7625 7620 7618
3 7630 7626 7625
3 7618 7619 7612
3 7618 7620 7619
3 7618 7612 7611
3 7618 7611 7607
3 7611 7612 7594
3 7611 7596 7608
3 7611 7608 7607
3 7611 7594 7596
3 7594 7595 7596
3 7607 7608 7606
3 7607 7606 7605
3 7630 7601 7626
3 7630 7629 7602
3 7630 7628 7629
3 7630 7602 7601
3 7600 7601 7602
3 7628 7624 7629
3 7628 7627 7624
3 7623 7597 7624
3 7627 7623 7624
3 7627 7615 7623
3 7623 7617 7598
3 7623 7615 7617
3 7623 7598 7597
3 7597 7598 7599
3 7615 7616 7617
3 7615 7610 7616
3 7631 7632 7633
3 7643 7631 7645
3 7643 7632 7631
3 7643 7644 7632
3 7646 7644 7643
3 7649 7643 7645
3 7653 7643 7649
3 7653 7646 7643
3 7649 7645 7650
3 7655 7649 7650
3 7660 7649 7655
3 7660 7653 7649
3 7654 7646 7653
3 7661 7653 7660
3 7661 7654 7653
3 7647 7644 7646
3 7654 7647 7646
3 7647 7648 7644
3 7651 7648 7647
3 7654 7651 7647
3 7658 7651 7654
3 7664 7658 7654
3 7664 7654 7661
3 7667 7661 7660
3 7668 7664 7661
3 7668 7661 7667
3 7667 7660 7655
3 7667 7662 7663
3 7667 7655 7662
3 7668 7667 7663
3 7668 7663 7669
3 7670 7668 7669
3 7670 7664 7668
3 7662 7637 7663
3 7662 7657 7638
3 7662 7638 7637
3 7662 7655 7657
3 7655 7656 7657
3 7655 7650 7656
3 7637 7638 7639
3 7664 7665 7659
3 7664 7666 7665
3 7664 7659 7658
3 7670 7666 7664
3 7658 7659 7652
3 7658 7652 7651
3 7651 7652 7634
3 7651 7636 7648
3 7651 7634 7636
3 7634 7635 7636
3 7670 7641 7666
3 7670 7669 7642
3 7670 7642 7641
3 7640 7641 7642
3 7671 7672 7673
3 7674 7671 7673
3 7674 7673 7675
3 7676 7674 7675
3 7676 7675 7677
3 7678 7676 7677
3 7678 7677 7679
3 7680 7678 7679
3 7680 7679 7681
3 7682 7680 7681
3 7683 7684 7685
3 7683 7685 7686
3 7687 7683 7686
3 7687 7686 7688
3 7689 7687 7688
3 7689 7688 7690
3 7691 7689 7690
3 7691 7690 7692
3 7693 7691 7692
3 7693 7692 7694
3 7695 7696 7697
3 7707 7695 7708
3 7707 7696 7695
3 7709 7710 7696
3 7709 7696 7707
3 7713 7707 7708
3 7717 7709 7707
3 7717 7707 7713
3 7713 7708 7714
3 7719 7713 7714
3 7724 7713 7719
3 7724 7717 7713
3 7718 7709 7717
3 7724 7718 7717
3 7711 7710 7709
3 7718 7711 7709
3 7711 7712 7710
3 7715 7712 7711
3 7722 7711 7718
3 7722 7715 7711
3 7725 7718 7724
3 7727 7722 7718
3 7727 7718 7725
3 7722 7723 7716
3 7722 7716 7715
3 7727 7723 7722
3 7715 7716 7698
3 7715 7700 7712
3 7715 7698 7700
3 7698 7699 7700
3 7727 7728 7723
3 7727 7729 7728
3 7734 7705 7729
3 7734 7729 7727
3 7734 7733 7706
3 7734 7732 7733
3 7734 7706 7705
3 7734 7727 7732
3 7704 7705 7706
3 7732 7731 7733
3 7732 7724 7730
3 7732 7730 7731
3 7732 7725 7724
3 7732 7727 7725
3 7730 7701 7731
3 7730 7724 7719
3 7730 7726 7701
3 7730 7719 7726
3 7701 7702 7703
3 7726 7702 7701
3 7726 7721 7702
3 7726 7719 7721
3 7719 7720 7721
3 7719 7714 7720
3 7735 7736 7737
3 7747 7735 7748
3 7747 7736 7735
3 7749 7750 7736
3 7749 7736 7747
3 7753 7747 7748
3 7758 7747 7753
3 7758 7749 7747
3 7753 7748 7754
3 7753 7754 7755
3 7760 7753 7755
3 7760 7758 7753
3 7759 7749 7758
3 7765 7758 7760
3 7766 7758 7765
3 7766 7759 7758
3 7760 7755 7761
3 7767 7760 7761
3 7770 7765 7760
3 7770 7760 7767
3 7770 7766 7765
3 7768 7759 7766
3 7772 7766 7770
3 7774 7768 7766
3 7774 7766 7772
3 7770 7741 7771
3 7770 7767 7741
3 7772 7770 7771
3 7767 7761 7742
3 7767 7742 7741
3 7741 7742 7743
3 7772 7771 7773
3 7774 7772 7773
3 7774 7773 7746
3 7744 7745 7746
3 7774 7746 7745
3 7774 7745 7769
3 7774 7769 7768
3 7768 7769 7764
3 7762 7764 7763
3 7768 7764 7762
3 7762 7763 7757
3 7762 7757 7756
3 7762 7756 7751
3 7762 7751 7759
3 7768 7762 7759
3 7756 7757 7738
3 7756 7740 7752
3 7756 7738 7740
3 7756 7752 7751
3 7751 7752 7750
3 7751 7750 7749
3 7759 7751 7749
3 7738 7739 7740
3 7775 7776 7777
3 7778 7775 7777
3 7779 7777 7780
3 7779 7778 7777
3 7779 7780 7781
3 7782 7779 7781
3 7783 7781 7784
3 7783 7782 7781
3 7785 7783 7784
3 7785 7784 7786
3 7787 7788 7789
3 7790 7787 7789
3 7790 7789 7791
3 7792 7790 7791
3 7793 7791 7794
3 7793 7792 7791
3 7793 7794 7795
3 7796 7793 7795
3 7797 7795 7798
3 7797 7796 7795
3 7799 7800 7801
3 7811 7799 7812
3 7811 7800 7799
3 7813 7814 7800
3 7813 7800 7811
3 7817 7811 7812
3 7821 7811 7817
3 7821 7813 7811
3 7817 7812 7818
3 7823 7817 7818
3 7828 7817 7823
3 7828 7821 7817
3 7822 7813 7821
3 7829 7822 7821
3 7829 7821 7828
3 7834 7828 7823
3 7837 7828 7834
3 7837 7829 7828
3 7831 7822 7829
3 7837 7831 7829
3 7822 7815 7813
3 7826 7815 7822
3 7831 7826 7822
3 7815 7816 7814
3 7815 7814 7813
3 7819 7816 7815
3 7826 7819 7815
3 7826 7827 7820
3 7826 7820 7819
3 7831 7827 7826
3 7819 7820 7802
3 7819 7804 7816
3 7819 7802 7804
3 7802 7803 7804
3 7831 7832 7827
3 7831 7833 7832
3 7838 7833 7831
3 7838 7831 7837
3 7838 7809 7833
3 7838 7837 7810
3 7838 7810 7809
3 7837 7836 7810
3 7837 7834 7836
3 7808 7809 7810
3 7834 7835 7836
3 7834 7805 7835
3 7834 7830 7805
3 7834 7823 7830
3 7805 7806 7807
3 7830 7806 7805
3 7830 7825 7806
3 7830 7823 7825
3 7823 7824 7825
3 7823 7818 7824
3 7839 7840 7841
3 7851 7839 7852
3 7851 7840 7839
3 7853 7854 7840
3 7853 7840 7851
3 7857 7851 7852
3 7861 7851 7857
3 7861 7853 7851
3 7857 7852 7858
3 7863 7857 7858
3 7868 7857 7863
3 7868 7861 7857
3 7862 7853 7861
3 7869 7861 7868
3 7869 7862 7861
3 7870 7868 7863
3 7875 7868 7870
3 7876 7869 7868
3 7876 7868 7875
3 7869 7866 7862
3 7872 7866 7869
3 7878 7869 7876
3 7878 7872 7869
3 7862 7855 7853
3 7866 7855 7862
3 7855 7856 7854
3 7855 7854 7853
3 7859 7856 7855
3 7866 7859 7855
3 7859 7844 7856
3 7859 7860 7842
3 7859 7842 7844
3 7866 7860 7859
3 7842 7843 7844
3 7866 7867 7860
3 7872 7873 7867
3 7872 7867 7866
3 7872 7874 7873
3 7878 7874 7872
3 7878 7849 7874
3 7878 7877 7850
3 7878 7876 7877
3 7878 7850 7849
3 7848 7849 7850
3 7876 7871 7877
3 7876 7875 7871
3 7870 7845 7871
3 7875 7870 7871
3 7870 7865 7846
3 7870 7863 7865
3 7870 7846 7845
3 7845 7846 7847
3 7863 7864 7865
3 7863 7858 7864
3 7879 7880 7881
3 7882 7879 7881
3 7882 7881 7883
3 7884 7882 7883
3 7885 7883 7886
3 7885 7884 7883
3 7885 7886 7887
3 7888 7885 7887
3 7889 7887 7890
3 7889 7888 7887
3 7891 7892 7893
3 7891 7894 7892
3 7895 7891 7893
3 7895 7893 7896
3 7897 7895 7896
3 7897 7896 7898
3 7899 7897 7898
3 7899 7898 7900
3 7901 7899 7900
3 7901 7900 7902
3 7901 7902 7903
3 7904 7901 7903
3 7904 7903 7905
3 7906 7904 7905
3 7907 7908 7909
3 7910 7907 7909
3 7911 7909 7912
3 7911 7910 7909
3 7913 7911 7912
3 7913 7912 7914
3 7913 7914 7915
3 7916 7913 7915
3 7917 7915 7918
3 7917 7916 7915
3 7919 7917 7918
3 7919 7918 7920
3 7921 7919 7920
3 7921 7920 7922
3 7923 7924 7925
3 7923 7925 7926
3 7927 7924 7923
3 7939 7923 7926
3 7941 7923 7939
3 7941 7927 7923
3 7927 7928 7924
3 7929 7928 7927
3 7941 7929 7927
3 7942 7929 7941
3 7949 7941 7939
3 7950 7942 7941
3 7950 7941 7949
3 7929 7930 7928
3 7931 7930 7929
3 7943 7929 7942
3 7943 7931 7929
3 7950 7943 7942
3 7951 7943 7950
3 7958 7950 7949
3 7959 7950 7958
3 7959 7951 7950
3 7944 7931 7943
3 7952 7944 7943
3 7952 7943 7951
3 7960 7952 7951
3 7960 7951 7959
3 7967 7959 7958
3 7968 7960 7959
3 7968 7959 7967
3 7961 7952 7960
3 7969 7960 7968
3 7969 7961 7960
3 7953 7944 7952
3 7961 7953 7952
3 7961 7954 7953
3 7961 7962 7954
3 7969 7962 7961
3 7969 7970 7962
3 7969 7971 7970
3 7985 7971 7969
3 7985 7969 7968
3 7985 7986 7971
3 7985 7984 7986
3 7985 7968 7982
3 7985 7982 7984
3 7982 7983 7984
3 7982 7980 7983
3 7982 7968 7967
3 7982 7981 7980
3 7982 7967 7981
3 7978 7979 7980
3 7981 7978 7980
3 7981 7967 7978
3 7967 7958 7966
3 7978 7967 7966
3 7978 7976 7979
3 7978 7966 7965
3 7978 7977 7976
3 7978 7965 7977
3 7966 7957 7965
3 7966 7958 7957
3 7958 7949 7957
3 7957 7949 7955
3 7965 7957 7955
3 7965 7955 7963
3 7977 7965 7963
3 7977 7972 7976
3 7977 7963 7972
3 7972 7975 7976
3 7972 7973 7974
3 7972 7964 7973
3 7972 7963 7964
3 7972 7974 7975
3 7963 7956 7964
3 7963 7955 7956
3 7955 7948 7956
3 7947 7940 7948
3 7955 7947 7948
3 7947 7939 7940
3 7949 7939 7947
3 7955 7949 7947
3 7939 7926 7940
3 7953 7954 7946
3 7953 7946 7945
3 7953 7945 7944
3 7945 7946 7938
3 7945 7935 7933
3 7945 7938 7935
3 7945 7933 7944
3 7944 7933 7931
3 7933 7934 7932
3 7933 7932 7931
3 7935 7934 7933
3 7935 7936 7937
3 7935 7937 7934
3 7935 7938 7936
3 7931 7932 7930
3 7987 7988 7989
3 8015 8016 7987
3 8015 7987 7989
3 8015 7989 8007
3 8015 8007 8005
3 8015 8005 8011
3 8018 8016 8015
3 8018 8015 8011
3 8018 8020 8016
3 8018 8019 8020
3 8018 8011 8014
3 8024 8019 8018
3 8024 8018 8014
3 8011 7999 8004
3 8011 8005 7999
3 8014 8011 8004
3 8014 8004 8010
3 8017 8014 8010
3 8024 8014 8017
3 8024 8025 8019
3 8026 8025 8024
3 8026 8024 8017
3 8017 8010 8012
3 8021 8017 8012
3 8026 8017 8021
3 8010 8004 7998
3 8010 7998 8001
3 8012 8010 8001
3 8012 8009 8013
3 8012 8001 8008
3 8012 8008 8009
3 8021 8012 8013
3 8021 8013 8022
3 8021 8022 8023
3 8026 8021 8023
3 8026 8023 7992
3 7990 7991 7992
3 8026 7992 7991
3 8026 7991 8025
3 8008 8003 8009
3 8008 8001 8003
3 8001 8002 8003
3 8001 7998 8002
3 7998 7996 7997
3 8004 7996 7998
3 7996 7995 7997
3 7996 7993 7995
3 7999 7993 7996
3 8004 7999 7996
3 7993 7994 7995
3 7999 7994 7993
3 7999 8000 7994
3 8005 8000 7999
3 8005 8006 8000
3 8005 8007 8006
3 8027 8028 8029
3 8027 8030 8028
3 8031 8027 8029
3 8031 8029 8032
3 8033 8031 8032
3 8033 8032 8034
3 8035 8033 8034
3 8035 8034 8036
3 8035 8036 8037
3 8038 8035 8037
3 8039 8037 8040
3 8039 8038 8037
3 8039 8040 8041
3 8042 8039 8041
3 8043 8044 8045
3 8046 8043 8045
3 8047 8045 8048
3 8047 8046 8045
3 8049 8047 8048
3 8049 8048 8050
3 8051 8049 8050
3 8051 8050 8052
3 8053 8051 8052
3 8053 8052 8054
3 8055 8053 8054
3 8055 8054 8056
3 8055 8056 8057
3 8058 8055 8057
3 8059 8060 8061
3 8059 8062 8060
3 8063 8059 8061
3 8063 8061 8064
3 8065 8063 8064
3 8065 8064 8066
3 8067 8065 8066
3 8067 8066 8068
3 8067 8068 8069
3 8070 8067 8069
3 8071 8069 8072
3 8071 8070 8069
3 8071 8072 8073
3 8074 8071 8073
3 8075 8076 8077
3 8075 8077 8078
3 8079 8076 8075
3 8091 8075 8078
3 8093 8075 8091
3 8093 8079 8075
3 8079 8080 8076
3 8081 8080 8079
3 8094 8081 8079
3 8094 8079 8093
3 8102 8093 8091
3 8103 8094 8093
3 8103 8093 8102
3 8095 8081 8094
3 8103 8095 8094
3 8081 8082 8080
3 8083 8082 8081
3 8095 8083 8081
3 8096 8083 8095
3 8104 8095 8103
3 8105 8096 8095
3 8105 8095 8104
3 8083 8084 8082
3 8085 8084 8083
3 8096 8085 8083
3 8097 8085 8096
3 8106 8096 8105
3 8106 8097 8096
3 8113 8105 8104
3 8114 8105 8113
3 8114 8106 8105
3 8112 8104 8103
3 8113 8104 8112
3 8121 8113 8112
3 8122 8114 8113
3 8122 8113 8121
3 8114 8107 8106
3 8114 8115 8107
3 8122 8115 8114
3 8122 8123 8115
3 8122 8124 8123
3 8137 8124 8122
3 8137 8122 8121
3 8137 8138 8124
3 8137 8136 8138
3 8137 8121 8134
3 8137 8134 8136
3 8134 8135 8136
3 8134 8133 8135
3 8134 8121 8120
3 8134 8132 8133
3 8134 8120 8132
3 8132 8131 8133
3 8132 8130 8131
3 8132 8120 8130
3 8120 8112 8111
3 8120 8111 8119
3 8121 8112 8120
3 8130 8120 8119
3 8112 8103 8111
3 8111 8103 8110
3 8119 8111 8110
3 8119 8110 8118
3 8130 8119 8118
3 8110 8102 8108
3 8110 8103 8102
3 8118 8110 8108
3 8118 8108 8116
3 8128 8118 8116
3 8130 8118 8128
3 8108 8101 8109
3 8108 8102 8099
3 8108 8099 8101
3 8116 8108 8109
3 8102 8091 8099
3 8099 8100 8101
3 8099 8092 8100
3 8099 8091 8092
3 8091 8078 8092
3 8116 8109 8117
3 8125 8117 8126
3 8125 8116 8117
3 8125 8126 8127
3 8128 8116 8125
3 8128 8125 8127
3 8128 8127 8129
3 8130 8128 8129
3 8130 8129 8131
3 8106 8107 8098
3 8106 8098 8097
3 8097 8098 8090
3 8097 8087 8085
3 8097 8090 8087
3 8087 8090 8088
3 8087 8088 8089
3 8087 8089 8086
3 8087 8086 8085
3 8085 8086 8084
3 8139 8140 8141
3 8167 8168 8139
3 8167 8139 8141
3 8167 8141 8159
3 8167 8159 8157
3 8167 8157 8163
3 8170 8168 8167
3 8170 8167 8163
3 8170 8171 8168
3 8170 8163 8166
3 8175 8171 8170
3 8175 8170 8166
3 8163 8151 8156
3 8163 8157 8151
3 8166 8163 8156
3 8166 8156 8162
3 8169 8166 8162
3 8175 8166 8169
3 8156 8148 8150
3 8156 8151 8148
3 8162 8156 8150
3 8162 8150 8153
3 8164 8162 8153
3 8169 8162 8164
3 8172 8169 8164
3 8178 8169 8172
3 8178 8175 8169
3 8164 8161 8165
3 8164 8153 8160
3 8164 8160 8161
3 8172 8164 8165
3 8172 8165 8173
3 8172 8173 8174
3 8178 8172 8174
3 8178 8174 8144
3 8142 8143 8144
3 8178 8144 8143
3 8178 8143 8176
3 8178 8176 8175
3 8175 8176 8177
3 8175 8177 8171
3 8160 8155 8161
3 8153 8154 8155
3 8160 8153 8155
3 8153 8150 8154
3 8150 8148 8149
3 8148 8147 8149
3 8148 8145 8147
3 8151 8145 8148
3 8145 8146 8147
3 8151 8146 8145
3 8151 8152 8146
3 8157 8152 8151
3 8157 8158 8152
3 8157 8159 8158
3 8179 8180 8181
3 8182 8179 8181
3 8182 8181 8183
3 8184 8182 8183
3 8184 8183 8185
3 8186 8184 8185
3 8186 8185 8187
3 8188 8186 8187
3 8188 8187 8189
3 8190 8188 8189
3 8190 8189 8191
3 8192 8190 8191
3 8193 8191 8194
3 8193 8192 8191
3 8195 8196 8197
3 8195 8198 8196
3 8199 8195 8197
3 8199 8197 8200
3 8199 8200 8201
3 8202 8199 8201
3 8203 8201 8204
3 8203 8202 8201
3 8203 8204 8205
3 8206 8203 8205
3 8206 8205 8207
3 8208 8206 8207
3 8209 8207 8210
3 8209 8208 8207
3 8211 8212 8213
3 8214 8211 8213
3 8214 8213 8215
3 8216 8214 8215
3 8216 8215 8217
3 8218 8216 8217
3 8218 8217 8219
3 8220 8218 8219
3 8220 8219 8221
3 8222 8220 8221
3 8222 8221 8223
3 8224 8222 8223
3 8225 8223 8226
3 8225 8224 8223
3 8227 8225 8226
3 8228 8229 8230
3 8234 8235 8228
3 8234 8228 8230
3 8236 8230 8237
3 8236 8234 8230
3 8241 8234 8236
3 8241 8235 8234
3 8241 8242 8235
3 8245 8241 8236
3 8246 8242 8241
3 8252 8246 8241
3 8252 8241 8245
3 8246 8247 8242
3 8246 8248 8247
3 8256 8248 8246
3 8256 8246 8252
3 8255 8252 8245
3 8260 8252 8255
3 8260 8256 8252
3 8256 8257 8248
3 8256 8258 8257
3 8260 8258 8256
3 8264 8258 8260
3 8264 8260 8255
3 8255 8245 8251
3 8259 8255 8251
3 8264 8255 8259
3 8265 8267 8264
3 8265 8264 8259
3 8259 8251 8253
3 8261 8259 8253
3 8265 8259 8261
3 8251 8239 8243
3 8251 8245 8239
3 8253 8251 8243
3 8239 8238 8240
3 8239 8236 8238
3 8243 8239 8240
3 8245 8236 8239
3 8236 8237 8238
3 8243 8240 8244
3 8243 8244 8232
3 8249 8243 8232
3 8253 8243 8249
3 8231 8232 8233
3 8249 8232 8231
3 8249 8231 8250
3 8253 8249 8250
3 8253 8250 8254
3 8261 8253 8254
3 8261 8254 8262
3 8261 8262 8263
3 8265 8261 8263
3 8265 8263 8266
3 8265 8266 8267
3 8268 8269 8270
3 8268 8270 8271
3 8272 8268 8271
3 8272 8271 8273
3 8272 8273 8274
3 8275 8272 8274
3 8276 8274 8277
3 8276 8275 8274
3 8276 8277 8278
3 8279 8276 8278
3 8279 8278 8280
3 8281 8279 8280
3 8282 8280 8283
3 8282 8281 8280
3 8284 8285 8286
3 8287 8284 8286
3 8287 8286 8288
3 8289 8287 8288
3 8290 8288 8291
3 8290 8289 8288
3 8292 8290 8291
3 8292 8291 8293
3 8294 8292 8293
3 8294 8293 8295
3 8296 8294 8295
3 8296 8295 8297
3 8296 8297 8298
3 8299 8296 8298
3 8300 8301 8302
3 8306 8307 8300
3 8306 8300 8302
3 8308 8302 8309
3 8308 8306 8302
3 8313 8306 8308
3 8313 8307 8306
3 8313 8314 8307
3 8317 8313 8308
3 8318 8314 8313
3 8324 8313 8317
3 8324 8318 8313
3 8318 8320 8314
3 8318 8319 8320
3 8328 8319 8318
3 8328 8318 8324
3 8327 8324 8317
3 8332 8324 8327
3 8332 8328 8324
3 8328 8329 8330
3 8328 8330 8319
3 8332 8329 8328
3 8336 8329 8332
3 8336 8332 8327
3 8327 8317 8323
3 8331 8327 8323
3 8336 8327 8331
3 8337 8339 8336
3 8337 8336 8331
3 8331 8323 8325
3 8333 8331 8325
3 8337 8331 8333
3 8323 8311 8315
3 8323 8317 8311
3 8325 8323 8315
3 8311 8310 8312
3 8311 8308 8310
3 8315 8311 8312
3 8317 8308 8311
3 8308 8309 8310
3 8315 8312 8316
3 8315 8316 8304
3 8321 8315 8304
3 8325 8315 8321
3 8303 8304 8305
3 8321 8304 8303
3 8321 8303 8322
3 8325 8321 8322
3 8325 8322 8326
3 8333 8325 8326
3 8333 8326 8334
3 8333 8334 8335
3 8337 8333 8335
3 8337 8335 8338
3 8337 8338 8339
3 8340 8341 8342
3 8340 8342 8343
3 8344 8340 8343
3 8344 8343 8345
3 8346 8344 8345
3 8346 8345 8347
3 8348 8346 8347
3 8348 8347 8349
3 8350 8348 8349
3 8350 8349 8351
3 8352 8350 8351
3 8352 8351 8353
3 8352 8353 8354
3 8355 8352 8354
3 8355 8354 8356
3 8357 8358 8359
3 8363 8357 8364
3 8358 8357 8363
3 8363 8364 8361
3 8363 8361 8360
3 8360 8361 8362
3 8365 8366 8367
3 8368 8365 8367
3 8368 8367 8369
3 8370 8368 8369
3 8370 8369 8371
3 8372 8370 8371
3 8373 8371 8374
3 8373 8372 8371
3 8375 8372 8373
3 8378 8372 8375
3 8376 8373 8374
3 8376 8374 8377
3 8385 8376 8377
3 8385 8377 8386
3 8387 8385 8386
3 8387 8386 8388
3 8379 8375 8380
3 8379 8378 8375
3 8381 8379 8380
3 8381 8380 8382
3 8383 8381 8382
3 8383 8382 8384
3 8389 8390 8391
3 8392 8389 8391
3 8416 8417 8389
3 8416 8389 8392
3 8391 8390 8647
3 8391 8647 8648
3 8647 8646 8645
3 8648 8647 8645
3 8645 8646 8644
3 8645 8644 8643
3 8643 8644 8642
3 8643 8642 8641
3 8642 8640 8641
3 8641 8640 8639
3 8640 8637 8639
3 8639 8637 8638
3 8637 8615 8618
3 8637 8618 8638
3 8615 8616 8617
3 8615 8617 8618
3 8421 8417 8416
3 8421 8422 8417
3 8423 8422 8421
3 8423 8424 8422
3 8425 8424 8423
3 8425 8426 8424
3 8425 8420 8426
3 8425 8419 8420
3 8419 8415 8420
3 8419 8418 8415
3 8415 8393 8395
3 8418 8393 8415
3 8393 8394 8395
3 8393 8396 8394
3 8397 8398 8399
3 8397 8400 8398
3 8401 8402 8403
3 8404 8402 8401
3 8405 8402 8406
3 8406 8402 8404
3 8402 8455 8403
3 8455 8456 8403
3 8455 8453 8456
3 8455 8454 8453
3 8453 8451 8452
3 8454 8451 8453
3 8451 8450 8452
3 8451 8449 8450
3 8450 8449 8447
3 8449 8448 8447
3 8447 8448 8444
3 8447 8444 8443
3 8443 8444 8445
3 8443 8445 8446
3 8445 8557 8558
3 8446 8445 8558
3 8558 8557 8754
3 8558 8754 8753
3 8753 8754 8752
3 8753 8752 8751
3 8751 8752 8746
3 8751 8746 8745
3 8745 8746 8747
3 8745 8747 8748
3 8749 8747 8750
3 8749 8748 8747
3 8755 8749 8750
3 8755 8750 8756
3 8632 8755 8756
3 8632 8756 8628
3 8631 8632 8628
3 8627 8628 8629
3 8630 8629 8628
3 8631 8628 8627
3 8407 8408 8409
3 8407 8409 8410
3 8411 8412 8413
3 8411 8413 8414
3 8427 8428 8429
3 8427 8430 8428
3 8431 8430 8427
3 8431 8432 8430
3 8431 8433 8432
3 8434 8433 8431
3 8435 8436 8433
3 8435 8433 8434
3 8437 8436 8435
3 8437 8438 8436
3 8437 8439 8438
3 8440 8439 8437
3 8441 8442 8439
3 8441 8439 8440
3 8457 8458 8459
3 8505 8457 8506
3 8505 8458 8457
3 8498 8499 8458
3 8505 8498 8458
3 8508 8498 8505
3 8508 8505 8506
3 8511 8506 8512
3 8511 8508 8506
3 8508 8503 8501
3 8508 8501 8498
3 8511 8503 8508
3 8511 8504 8503
3 8513 8504 8511
3 8513 8511 8512
3 8513 8512 8514
3 8515 8513 8514
3 8515 8504 8513
3 8504 8496 8503
3 8504 8497 8496
3 8507 8497 8504
3 8515 8507 8504
3 8515 8514 8516
3 8515 8509 8507
3 8517 8515 8516
3 8517 8509 8515
3 8507 8500 8497
3 8509 8500 8507
3 8497 8488 8487
3 8497 8487 8496
3 8500 8488 8497
3 8500 8491 8488
3 8502 8491 8500
3 8509 8502 8500
3 8488 8483 8480
3 8488 8480 8487
3 8491 8483 8488
3 8491 8485 8483
3 8493 8485 8491
3 8502 8493 8491
3 8502 8495 8493
3 8509 8495 8502
3 8493 8494 8486
3 8493 8495 8494
3 8493 8486 8485
3 8509 8510 8495
3 8517 8510 8509
3 8517 8520 8510
3 8517 8518 8519
3 8517 8516 8518
3 8517 8519 8520
3 8485 8486 8476
3 8485 8475 8472
3 8485 8472 8483
3 8485 8476 8475
3 8475 8476 8477
3 8475 8477 8478
3 8475 8478 8473
3 8475 8473 8472
3 8472 8473 8469
3 8472 8469 8468
3 8483 8472 8468
3 8483 8468 8480
3 8468 8469 8467
3 8468 8467 8466
3 8480 8468 8466
3 8480 8466 8479
3 8487 8480 8479
3 8466 8467 8465
3 8466 8465 8464
3 8479 8466 8464
3 8479 8464 8474
3 8487 8479 8474
3 8487 8474 8484
3 8496 8487 8484
3 8474 8464 8460
3 8474 8460 8470
3 8481 8474 8470
3 8484 8474 8481
3 8464 8465 8463
3 8464 8463 8460
3 8460 8461 8462
3 8460 8463 8461
3 8470 8460 8462
3 8470 8462 8471
3 8481 8470 8471
3 8481 8471 8482
3 8489 8481 8482
3 8492 8481 8489
3 8492 8484 8481
3 8489 8482 8490
3 8498 8489 8490
3 8501 8489 8498
3 8501 8492 8489
3 8496 8484 8492
3 8503 8492 8501
3 8503 8496 8492
3 8498 8490 8499
3 8521 8522 8523
3 8521 8524 8522
3 8525 8521 8523
3 8525 8523 8526
3 8525 8526 8527
3 8528 8525 8527
3 8529 8527 8530
3 8529 8528 8527
3 8529 8530 8531
3 8532 8529 8531
3 8532 8531 8533
3 8534 8532 8533
3 8535 8533 8536
3 8535 8534 8533
3 8537 8538 8539
3 8537 8539 8540
3 8541 8537 8540
3 8541 8540 8542
3 8541 8542 8543
3 8544 8541 8543
3 8545 8543 8546
3 8545 8544 8543
3 8547 8545 8546
3 8547 8546 8548
3 8547 8548 8549
3 8550 8547 8549
3 8550 8549 8551
3 8552 8550 8551
3 8553 8554 8555
3 8553 8556 8554
3 8559 8560 8561
3 8559 8561 8562
3 8563 8559 8562
3 8563 8562 8564
3 8563 8564 8565
3 8566 8563 8565
3 8567 8565 8568
3 8567 8566 8565
3 8567 8568 8569
3 8570 8567 8569
3 8571 8569 8572
3 8571 8570 8569
3 8573 8571 8572
3 8573 8572 8574
3 8575 8576 8577
3 8578 8576 8575
3 8579 8580 8581
3 8579 8581 8582
3 8583 8584 8585
3 8583 8585 8586
3 8583 8586 8587
3 8588 8584 8583
3 8584 8588 8589
3 8589 8588 8590
3 8591 8592 8593
3 8594 8591 8593
3 8594 8593 8595
3 8596 8594 8595
3 8596 8595 8597
3 8602 8596 8597
3 8602 8597 8603
3 8608 8607 8602
3 8608 8602 8603
3 8609 8603 8610
3 8609 8608 8603
3 8608 8606 8607
3 8606 8604 8607
3 8606 8605 8604
3 8604 8601 8598
3 8605 8601 8604
3 8601 8599 8598
3 8598 8599 8600
3 8611 8609 8610
3 8611 8610 8612
3 8613 8611 8612
3 8613 8612 8614
3 8619 8620 8621
3 8619 8621 8622
3 8623 8624 8625
3 8623 8626 8624
3 8633 8634 8635
3 8633 8635 8636
3 8649 8650 8651
3 8649 8652 8650
3 8653 8649 8651
3 8653 8651 8654
3 8655 8653 8654
3 8655 8654 8656
3 8657 8655 8656
3 8657 8656 8658
3 8657 8658 8659
3 8660 8657 8659
3 8661 8659 8662
3 8661 8660 8659
3 8663 8661 8662
3 8663 8662 8664
3 8665 8666 8667
3 8665 8668 8666
3 8669 8665 8667
3 8669 8667 8670
3 8669 8670 8671
3 8672 8669 8671
3 8673 8671 8674
3 8673 8672 8671
3 8673 8674 8675
3 8676 8673 8675
3 8676 8675 8677
3 8678 8676 8677
3 8679 8677 8680
3 8679 8678 8677
3 8681 8682 8683
3 8699 8681 8683
3 8706 8707 8681
3 8706 8681 8699
3 8699 8683 8697
3 8699 8697 8696
3 8704 8699 8696
3 8706 8699 8704
3 8706 8708 8707
3 8715 8708 8706
3 8715 8706 8704
3 8704 8696 8692
3 8704 8692 8701
3 8713 8704 8701
3 8715 8704 8713
3 8696 8697 8693
3 8696 8693 8692
3 8692 8693 8691
3 8692 8691 8690
3 8701 8692 8690
3 8701 8690 8700
3 8710 8701 8700
3 8713 8701 8710
3 8690 8691 8689
3 8690 8689 8688
3 8700 8690 8688
3 8700 8688 8698
3 8709 8700 8698
3 8710 8700 8709
3 8717 8710 8709
3 8718 8710 8717
3 8718 8713 8710
3 8709 8698 8705
3 8717 8709 8705
3 8698 8688 8684
3 8698 8684 8694
3 8705 8698 8694
3 8688 8689 8687
3 8688 8687 8684
3 8684 8685 8686
3 8684 8687 8685
3 8694 8684 8686
3 8694 8686 8695
3 8702 8694 8695
3 8705 8694 8702
3 8714 8705 8702
3 8717 8705 8714
3 8702 8695 8703
3 8711 8702 8703
3 8714 8702 8711
3 8722 8714 8711
3 8724 8717 8714
3 8724 8714 8722
3 8711 8703 8712
3 8719 8711 8712
3 8722 8711 8719
3 8719 8712 8720
3 8726 8722 8719
3 8726 8719 8720
3 8726 8720 8727
3 8726 8727 8728
3 8726 8729 8730
3 8726 8728 8729
3 8732 8726 8730
3 8732 8722 8726
3 8735 8730 8736
3 8735 8732 8730
3 8735 8722 8732
3 8735 8724 8722
3 8737 8735 8736
3 8737 8724 8735
3 8737 8736 8738
3 8737 8725 8724
3 8739 8725 8737
3 8739 8737 8738
3 8725 8717 8724
3 8725 8718 8717
3 8731 8718 8725
3 8739 8731 8725
3 8721 8713 8718
3 8731 8721 8718
3 8733 8721 8731
3 8739 8733 8731
3 8723 8713 8721
3 8733 8723 8721
3 8723 8715 8713
3 8723 8716 8715
3 8733 8716 8723
3 8733 8734 8716
3 8742 8734 8733
3 8742 8733 8739
3 8715 8716 8708
3 8739 8740 8741
3 8739 8738 8740
3 8742 8739 8741
3 8742 8741 8743
3 8742 8744 8734
3 8742 8743 8744
3 8757 8758 8759
3 8757 8760 8758
3 8761 8760 8757
3 8761 8762 8760
3 8761 8763 8762
3 8764 8763 8761
3 8765 8766 8763
3 8765 8763 8764
3 8767 8766 8765
3 8767 8768 8766
3 8767 8769 8768
3 8770 8769 8767
3 8771 8772 8769
3 8771 8769 8770
