ply
format ascii 1.0
comment Created by Open Asset Import Library - http://assimp.sf.net (v5.4.0)
comment TextureFile C:\Users\Super 7\AppData\Roaming\MAXON\CINEMA 4D R18_1EBA1188\tex\JUG-COLOR.png
element vertex 2745
property float x
property float y
property float z
property float nx
property float ny
property float nz
property float s
property float t
property float tx
property float ty
property float tz
property float bx
property float by
property float bz
element face 4176
property list uchar int vertex_index
end_header
989.942627 50.9437065 11.8277874 -0.339476079 -0.532445729 0.77540797 0.112361506 0.526612818 0.932651877 -0.0834990889 0.35098204 0.0502773933 -0.833456099 -0.550293744
990.102844 51.878746 12.0388279 -0.201912329 -0.0859927088 0.975621223 0.112640634 0.528834164 0.979218245 0.00165718514 0.202802807 -0.00168660737 -0.996106088 -0.0881473273
989.536072 51.9598923 11.8290854 -0.733247638 -0.00829626806 0.679911077 0.111653194 0.529027045 0.679936528 -0.000339575519 0.733270943 -0.0413872041 -0.997527063 -0.0568057038
989.564758 51.2509041 11.6618948 -0.721315622 -0.325369537 0.611423254 0.11170309 0.527342618 0.655019701 -0.0336061828 0.754864156 0.183269322 -0.94098413 -0.284537017
990.507629 54.2867661 12.0513554 -0.170083523 0.023380911 0.985152245 0.113345928 0.53455478 0.985418141 -0.000814857194 0.170148745 0.00119297393 -0.999712944 0.0239324477
989.937256 54.3464012 11.8415003 -0.717113972 0.116623625 0.687129259 0.112352185 0.534696519 0.69275701 0.0112141278 0.721083939 -0.0989095196 -0.992951393 0.0653038919
990.911621 51.7645721 12.0338535 -0.012086344 -0.105702654 0.994324446 0.114049867 0.528562963 0.999926269 -8.75323094e-05 0.0121451309 0.000250759447 -0.994397283 -0.105707325
991.321533 54.2033539 12.0465412 0.00529078301 -0.00609163335 0.999967456 0.114764124 0.534356654 0.999985993 -1.19211163e-05 -0.00529095298 -9.91236334e-07 -0.999981523 -0.00609171437
990.74884 50.8139915 11.8302889 -0.0993494019 -0.591853678 0.799899459 0.113766275 0.526304662 0.994309008 -0.090122208 0.0568131916 0.00887783896 -0.804371715 -0.594060063
989.375244 51.0370789 11.1916494 -0.878038168 -0.425991774 0.21812886 0.538030624 0.91228199 0.224148363 0.0366610363 0.97386533 0.417745799 -0.904577196 -0.0850218982
989.344177 51.990406 11.1905756 -0.985145867 0.0567390099 0.162074909 0.538028717 0.914546788 0.162201434 -0.00239927531 0.986754835 -0.057218913 -0.998360157 0.00170899148
989.329529 52.0072479 8.4259758 -0.997742474 0.0669165552 0.00568578159 0.533211708 0.914586782 0.00569833396 -1.04871388e-05 0.999983788 -0.0669170618 -0.997758627 7.89189799e-05
989.360657 51.0538864 8.43233299 -0.892184436 -0.45166707 0.00196872023 0.533222914 0.912321925 0.00279497728 -0.00116219348 0.99999541 0.451665998 -0.892186582 -0.00100310799
989.744141 54.3697433 11.2029533 -0.975171804 0.162673205 0.150258109 0.538050413 0.920199394 0.151515722 -0.0047198981 0.988443613 -0.164544687 -0.986369669 -2.27802357e-05
989.729553 54.3865852 8.43835449 -0.986227751 0.165276095 0.00622429885 0.533233404 0.920239329 0.00630975468 -1.01117557e-05 0.999980092 -0.165279165 -0.986246884 1.93571068e-05
989.536072 51.9598923 11.8290854 -0.733247638 -0.00829626806 0.679911077 0.539141297 0.914474308 0.679936528 -0.000339575519 0.733270943 -0.0413872041 -0.997527063 -0.0568057038
989.937256 54.3464012 11.8415003 -0.717113972 0.116623625 0.687129259 0.539162874 0.920143783 0.69275701 0.0112141278 0.721083939 -0.0989095196 -0.992951393 0.0653038919
989.564758 51.2509041 11.6618948 -0.721315622 -0.325369537 0.611423254 0.538850069 0.912789941 0.655019701 -0.0336061828 0.754864156 0.183269322 -0.94098413 -0.284537017
989.839783 51.062149 -7.61478424 -0.265046 -0.449739009 -0.852927685 0.642610073 0.338705301 -0.955974579 0.00702083344 0.293365657 0.0584468581 -0.890430152 0.451351345
989.998108 51.9993134 -7.75276184 -0.140569657 -0.0533439666 -0.988632679 0.642334104 0.340931773 -0.990053713 0.0016953405 0.140680239 -0.00175734574 -0.998532474 0.0541280024
990.806885 51.8851357 -7.75773716 -0.0145539511 -0.0707104355 -0.997390747 0.640924931 0.340660453 -0.999893546 -6.3046009e-06 0.0145909181 -0.000297191116 -0.997496009 0.0707222372
990.645996 50.9324303 -7.61228418 -0.07889954 -0.51489687 -0.853613555 0.641205072 0.338397145 -0.996824443 0.0315000676 0.0731357932 0.0326088965 -0.857157707 0.514020801
990.402893 54.4073334 -7.74023438 -0.120124206 0.0253004469 -0.992436409 0.641628623 0.346652508 -0.99275583 -0.000572748773 0.120148279 -0.000431410328 -0.999676526 -0.0254328046
991.216797 54.3239212 -7.745049 -0.00529111084 0.00609173393 -0.999967456 0.640210629 0.346454263 -0.999985993 -2.42378101e-05 0.00529106148 1.98125417e-05 -0.999981523 -0.00609192392
989.433228 52.0783348 -7.61348677 -0.633745432 0.00459430739 -0.773528099 0.643318176 0.341119409 -0.773537457 -0.000435155089 0.633750498 -0.0127896592 -0.999907911 0.00453959778
989.834412 54.4648438 -7.60107231 -0.626993239 0.109110005 -0.771345973 0.642619252 0.346789002 -0.776635051 -0.0100507438 0.629870713 -0.0958714634 -0.9934237 -0.0625941157
989.463318 51.3676949 -7.50921917 -0.619289279 -0.280302167 -0.733424485 0.643265963 0.339431167 -0.768658459 0.0259195548 0.639134169 0.0883789659 -0.95305413 0.289615333
992.388672 50.5546417 11.285696 0.633028269 -0.725728929 0.269430459 0.504069448 0.462203026 0.407780498 0.0167645179 -0.912926078 -0.73247683 -0.67414552 -0.0948978737
992.798584 51.5020523 11.2983856 0.93250066 -0.288012862 0.21792458 0.504047394 0.464453816 0.229727045 0.00739735644 -0.973227024 -0.295762062 -0.95525676 0.00308404816
992.558289 51.5330772 11.8427601 0.603183866 -0.23693569 0.761597455 0.503098845 0.464527488 0.782449961 -0.00945854839 -0.622641623 -0.261113286 -0.960900843 -0.0921384171
992.245483 50.8370857 11.6953802 0.479156166 -0.536688328 0.694532335 0.503355742 0.462874174 0.801953375 -0.0539395995 -0.594946563 -0.491142362 -0.81974709 -0.294608027
993.220581 54.0127411 11.3114471 0.965190172 -0.162837029 0.204675928 0.504024625 0.470418334 0.208573684 0.00702537969 -0.977981508 -0.166372001 -0.986063123 6.36994373e-05
992.978699 54.0345192 11.8557739 0.63449645 -0.110327646 0.765011072 0.503076315 0.47047019 0.768886566 -0.0109612383 -0.639291406 -0.120830007 -0.991749644 -0.0428114124
992.784485 51.5183067 8.63057709 0.958965123 -0.283442616 -0.00680124993 0.508695841 0.46449244 -0.00708277756 3.08641138e-05 -0.999974906 -0.283447981 -0.958987594 0.000137188443
993.206482 54.0289955 8.64363956 0.986229479 -0.165265605 -0.00622610934 0.508673072 0.470457077 -0.00631407136 -9.60630678e-06 -0.999980092 -0.165268809 -0.986248612 1.94021709e-06
992.374512 50.5709343 8.61107159 0.652563989 -0.757690609 -0.00806855038 0.508729696 0.46224165 -0.00981098972 0.00219858158 -0.999949455 -0.757689655 -0.652603805 0.00383161823
991.994873 63.5959129 12.1001968 -0.17396602 0.0139733469 0.984652519 0.115937315 0.556670308 0.98474741 -0.00048038931 0.173989609 0.000477876049 -0.999898016 0.0142741278
992.121033 65.5677948 12.1115417 -0.168948069 -0.0319056287 0.985108495 0.116157122 0.561354876 0.98560226 0.00131958234 0.169075504 0.00156005356 -0.999483347 -0.0321036503
991.564514 65.4363556 11.9004498 -0.713826358 -0.11065159 0.691525996 0.115187459 0.561042607 0.696582377 -0.0102634896 0.717403471 0.0986224487 -0.993481636 -0.0571648926
991.419922 63.5596924 11.889782 -0.72552973 0.0800181553 0.683523059 0.114935555 0.556584299 0.686166942 0.00799550861 0.727400184 -0.0698395297 -0.996650696 0.0425435342
991.849854 66.2737274 12.1172771 -0.153540492 -0.0860820413 0.984385788 0.115684643 0.563031912 0.988007247 0.00310147018 0.154376552 -0.0019447474 -0.996170044 -0.087415874
991.33075 66.0344162 11.9053297 -0.647594571 -0.334748119 0.684518039 0.114780143 0.562463403 0.731503665 -0.0215725061 0.681496263 0.276852369 -0.940309107 -0.197918266
992.915222 65.7576065 12.1084957 0.00529097766 -0.006091794 0.999967456 0.117540896 0.561805844 0.999985993 -1.32161495e-05 -0.00529115601 -4.93230073e-06 -0.999981523 -0.00609185407
992.590576 66.6177826 12.1154537 0.00529094413 -0.00609173486 0.999967456 0.116975255 0.56384933 0.999985993 -1.28740585e-05 -0.00529112061 -6.88897308e-06 -0.999981523 -0.00609178469
992.815369 63.6495628 12.0961819 0.0052909907 -0.00609170087 0.999967456 0.117366947 0.556797802 0.999985993 -8.25191273e-06 -0.00529113924 5.70956627e-06 -0.999981523 -0.00609181589
991.225281 63.5510826 11.2510481 -0.982335627 0.114755198 0.147810578 0.538134217 0.942011118 0.148423314 -0.00323411147 0.988918662 -0.115866601 -0.993264198 0.00109832012
991.375977 65.3960037 11.2614899 -0.977890193 -0.145778477 0.149931431 0.538152337 0.946394086 0.150895402 0.00448653521 0.988539636 0.146395609 -0.989201546 -0.00697313901
991.361389 65.4128418 8.49689102 -0.989233673 -0.146280289 0.00434217276 0.533335328 0.946434081 0.0043941238 -2.91558554e-05 0.999990344 0.146281183 -0.98924309 -0.000223308321
991.210693 63.5679245 8.48644924 -0.993058324 0.117472142 0.00596918305 0.533317208 0.942051232 0.00601187116 5.9242343e-06 0.999981999 -0.117474034 -0.993075967 2.87559142e-05
991.154663 65.9581146 11.2660847 -0.880983055 -0.450078219 0.145939723 0.538160324 0.947729528 0.156809926 0.0132740643 0.987539589 0.454565018 -0.890708864 -0.00290955068
991.140076 65.9749603 8.50148582 -0.890813708 -0.454364479 0.0019443148 0.533343315 0.947769523 0.00220710225 -4.65854246e-05 0.999997556 0.454365313 -0.890815556 -2.75407347e-05
991.564514 65.4363556 11.9004498 -0.713826358 -0.11065159 0.691525996 0.539265752 0.94648993 0.696582377 -0.0102634896 0.717403471 0.0986224487 -0.993481636 -0.0571648926
991.33075 66.0344162 11.9053297 -0.647594571 -0.334748119 0.684518039 0.539274216 0.947910726 0.731503665 -0.0215725061 0.681496263 0.276852369 -0.940309107 -0.197918266
991.419922 63.5596924 11.889782 -0.72552973 0.0800181553 0.683523059 0.539247036 0.942031682 0.686166942 0.00799550861 0.727400184 -0.0698395297 -0.996650696 0.0425435342
991.890137 63.7164803 -7.69139338 -0.12277168 0.019141648 -0.992250383 0.639037251 0.368767858 -0.992433131 -0.000479838462 0.122785024 -0.000275703263 -0.99981463 -0.019253457
992.016296 65.6883621 -7.68004847 -0.119433098 -0.0109157572 -0.992782235 0.638817549 0.373452544 -0.992841721 0.000256135478 0.119437441 0.000361826533 -0.999940038 0.0109509286
992.810486 65.8781738 -7.6830945 -0.00529122353 0.00609175162 -0.999967456 0.637433887 0.373903394 -0.999985993 1.12684311e-05 0.0052913907 3.18217608e-05 -0.999981523 -0.00609200494
992.710693 63.7701302 -7.69540834 -0.00529116346 0.00609167665 -0.999967456 0.637607694 0.368895292 -0.999985993 -2.18146797e-05 0.00529112946 -1.44071573e-05 -0.999981523 -0.00609168643
991.745117 66.3942947 -7.67431307 -0.1093053 -0.0464425348 -0.992922723 0.639289975 0.375129461 -0.99399972 0.000969241955 0.109378532 0.00114064396 -0.998913169 0.0465971604
992.48584 66.7383499 -7.67613649 -0.00529113971 0.00609169761 -0.999967456 0.637999296 0.37594676 -0.999985993 3.19782775e-05 0.00529143168 7.52991764e-05 -0.999981523 -0.00609218096
991.46167 65.5547943 -7.54212236 -0.622972727 -0.0869159997 -0.777399898 0.639784098 0.37313509 -0.780774415 0.0082070902 0.624759316 0.0758992434 -0.995835125 0.0505156294
991.227905 66.1528625 -7.53724337 -0.566780269 -0.281073838 -0.774440229 0.640191197 0.374555826 -0.80995065 0.0180427339 0.586220443 0.256277174 -0.953518093 0.158509523
991.317078 63.6781311 -7.55279112 -0.635148346 0.0777439401 -0.768467665 0.640035748 0.368676782 -0.771156549 -0.00761866802 0.636600018 -0.0683862716 -0.996674478 -0.0443089344
994.729797 63.7793999 11.3629589 0.97590518 -0.0782587975 0.203677952 0.50393486 0.493620872 0.204566851 0.00342932087 -0.97884661 -0.0794743225 -0.996834457 -0.00221752794
994.768066 66.2057648 11.3775377 0.96450156 0.162274674 0.208335549 0.503909588 0.49938488 0.21209152 -0.0059808651 -0.977231622 0.164319411 -0.986378193 0.00757372146
994.532104 66.1453857 11.9213324 0.630180478 0.100815795 0.769875765 0.502961993 0.49924159 0.77311641 0.0102907429 -0.634180665 0.093424432 -0.994176269 0.0537156984
994.485962 63.759964 11.9070454 0.64291501 -0.0560810454 0.763881683 0.502986789 0.493574619 0.764878035 -0.00542994263 -0.644152224 -0.052956596 -0.998184025 -0.0287120547
994.31842 67.4265442 11.3873539 0.880000472 0.426623344 0.208786368 0.503892303 0.502285182 0.238109306 -0.0158971883 -0.971108377 0.435440004 -0.900208354 0.00413102657
994.098572 67.3197861 11.9307804 0.578036189 0.275109679 0.768237472 0.502945542 0.502031624 0.792999923 0.0326165594 -0.608348072 0.300582707 -0.947040915 0.112976015
994.753906 66.2220154 8.70973015 0.985813558 0.167792201 -0.00419349317 0.508557916 0.499423742 -0.00424520345 -5.06944343e-05 -0.999991059 0.167794839 -0.985821962 0.000204706099
994.304321 67.4427948 8.71954536 0.899165273 0.437604368 -0.00209115725 0.50854063 0.502323925 -0.00234173588 3.22444066e-05 -0.999997318 0.437605649 -0.89916712 9.56707026e-07
994.715698 63.7956543 8.69515133 0.996919751 -0.0782179683 -0.00575089408 0.508583307 0.493659377 -0.0057673566 1.57480154e-05 -0.99998343 -0.0782190263 -0.996936262 6.97001524e-05
991.355103 67.0577545 12.124671 -0.138206631 -0.111679524 0.984086752 0.114822589 0.564894617 0.990216017 0.00374996569 0.139493003 -0.00268608844 -0.993576229 -0.113133691
990.894287 66.7202911 11.9118176 -0.584933043 -0.437870264 0.682732046 0.114019684 0.564092875 0.764749825 -0.0173190422 0.644094527 0.357160687 -0.89480406 -0.267884105
990.752747 67.7624893 12.1321516 -0.118298501 -0.133906469 0.983907819 0.113773093 0.566568732 0.99276793 0.00443547871 0.119967438 -0.00273403828 -0.990817964 -0.135175645
990.368408 67.3402786 11.9183769 -0.504987597 -0.528268814 0.682583153 0.113103434 0.565565765 0.854863524 -0.196947336 0.480021149 0.209675968 -0.842218697 -0.496692717
992.012451 67.5421677 12.1241436 0.0052910205 -0.00609165896 0.999967456 0.115967967 0.566045403 0.999985993 -2.13214462e-05 -0.00529124867 -1.06815774e-08 -0.999981523 -0.00609174464
991.30072 68.3680954 12.1329412 0.00529115414 -0.00609159563 0.999967456 0.114727855 0.568007469 0.999985993 -1.84465516e-05 -0.00529136462 -2.66039524e-06 -0.999981523 -0.0060916678
990.737671 66.6112671 11.2722702 -0.795910597 -0.587963462 0.144309714 0.538171053 0.949281216 0.165868104 0.0174708571 0.985993266 0.593958199 -0.804493666 -0.00190691149
990.723022 66.6281128 8.50767136 -0.805023372 -0.593242764 0.00064397126 0.533354163 0.94932121 0.000832588063 -4.29229694e-05 0.999999642 0.593242526 -0.805023789 4.465026e-05
990.237305 67.2030029 11.2785225 -0.689401507 -0.710055649 0.143340707 0.538182139 0.950686872 0.162461847 0.041280061 0.98585099 0.716011047 -0.697954118 -0.0137239676
990.222656 67.2198486 8.51392365 -0.697780848 -0.716311038 -0.000673273287 0.53336513 0.950726986 -0.000407684245 -0.000541842543 0.999999762 0.716311157 -0.697781026 0.000119761768
990.894287 66.7202911 11.9118176 -0.584933043 -0.437870264 0.682732046 0.539285302 0.949540198 0.764749825 -0.0173190422 0.644094527 0.357160687 -0.89480406 -0.267884105
990.368408 67.3402786 11.9183769 -0.504987597 -0.528268814 0.682583153 0.539296865 0.951013088 0.854863524 -0.196947336 0.480021149 0.209675968 -0.842218697 -0.496692717
991.250427 67.1783218 -7.66691923 -0.0992565155 -0.0632228255 -0.99305141 0.640151978 0.376992106 -0.995048463 0.0011082273 0.099385567 0.00134676241 -0.997987211 0.0634024516
991.907715 67.662735 -7.66744661 -0.0052909865 0.00609165523 -0.999967456 0.639006615 0.378142834 -0.999985993 -2.18080659e-05 0.00529095158 1.34665106e-06 -0.999981523 -0.00609174883
990.648071 67.8830566 -7.65943909 -0.0862053633 -0.0777887702 -0.993235946 0.641201615 0.378666401 -0.996262193 0.00120590441 0.086373575 0.0014383446 -0.996955812 0.0779552683
991.196045 68.4886703 -7.65864897 -0.00529095158 0.00609169714 -0.999967456 0.640246749 0.380105138 -0.999985993 -1.36085555e-05 0.00529096648 -2.38552984e-05 -0.999981523 -0.00609165709
990.791443 66.8387375 -7.53075457 -0.512852788 -0.370194256 -0.774556756 0.640951753 0.376185536 -0.837389171 0.0169729386 0.546343565 0.331579566 -0.917648017 0.219036952
990.265564 67.4587173 -7.52419615 -0.44370988 -0.448084265 -0.776107013 0.641867995 0.377658367 -0.879844129 0.0532586575 0.47226882 0.292521387 -0.891007602 0.347183913
993.54541 68.6790619 11.3990746 0.788097143 0.578667045 0.209874555 0.503872037 0.505260885 0.270721674 -0.0196306817 -0.962457597 0.591246784 -0.806483388 0.00345631177
993.350647 68.5301056 11.942111 0.518615365 0.374498099 0.76862818 0.502925873 0.504906952 0.81658262 0.0495225303 -0.575100422 0.418035656 -0.895258784 0.154135719
992.578003 69.7883224 11.4109507 0.67009455 0.711466372 0.211633921 0.503851175 0.507896006 0.326063365 -0.0260044113 -0.944990277 0.724679053 -0.688768327 0.020941766
992.416077 69.6029205 11.9535913 0.44128713 0.460677147 0.770092487 0.502905846 0.507455647 0.856595099 0.0394853167 -0.514476418 0.442521036 -0.858283341 0.259855419
993.531311 68.6953201 8.73126602 0.805022955 0.593243361 -0.000644564629 0.508520246 0.505299509 -0.000721635413 -0.000108237895 -0.999999821 0.59324342 -0.805023134 -1.16399315e-05
992.563843 69.8045731 8.74314213 0.684246778 0.729250133 0.000822504808 0.508499622 0.507934749 0.000585723668 0.000577895611 -0.999999702 0.72925061 -0.684246719 5.50961486e-05
990.158813 68.2305374 12.1381454 -0.0667861551 -0.166714787 0.983740807 0.112738162 0.567680776 0.997624159 0.00554595841 0.0686685741 -0.00187811407 -0.985919356 -0.167211473
989.866455 67.7406693 11.9234715 -0.294054836 -0.664904416 0.68661046 0.112228736 0.566516936 0.954769313 -0.237511426 0.178896338 0.0242255516 -0.723324776 -0.690082967
986.053101 68.989357 12.1644917 -0.0237208754 -0.185294345 0.982396722 0.10558442 0.569483399 0.99970144 0.00138515886 0.0243999772 -0.000827191514 -0.982669294 -0.185365707
985.857666 68.4521484 11.9490175 -0.112035803 -0.730633736 0.673514962 0.105243906 0.568207145 0.993557572 -0.0940070823 0.0632937327 0.0111162458 -0.678661227 -0.734367311
990.575256 68.9328918 12.1402206 0.00529106474 -0.00609147828 0.999967456 0.113463826 0.569349289 0.999985993 -1.1742161e-06 -0.00529116997 9.54421557e-06 -0.999981523 -0.00609161472
986.330933 69.759407 12.1677132 0.00529099582 -0.00609160401 0.999967456 0.106068574 0.571312785 0.999985993 -1.90399896e-06 -0.00529110571 1.55576599e-05 -0.999981523 -0.00609177211
990.237305 67.2030029 11.2785225 -0.689401507 -0.710055649 0.143340707 0.701550603 0.801687241 0.718785644 -0.695095181 0.0137828151 -0.0405455939 -0.159745738 -0.986325204
989.76593 67.5808411 11.2833185 -0.406539351 -0.902491689 0.142248794 0.700729251 0.801698506 0.911304533 -0.411667407 -0.00734760193 -0.0120914979 -0.15036732 -0.988556266
989.751343 67.5976868 8.51871967 -0.411844343 -0.911247969 -0.00337378285 0.700703621 0.79513073 0.911252975 -0.411847293 0.000196031615 0.00020439575 0.00360904471 -0.999993503
990.222656 67.2198486 8.51392365 -0.697780848 -0.716311038 -0.000673273287 0.701524973 0.795119286 0.716311216 -0.697780967 -3.01579767e-05 -0.000436457194 0.00136414624 -0.999998987
985.78949 68.2765427 11.3085966 -0.153725952 -0.978743553 0.13575463 0.693800569 0.801758528 0.987878203 -0.155230522 -0.000503639923 -0.00426915474 -0.136728555 -0.990599394
985.774841 68.2933884 8.54399776 -0.155682117 -0.987793565 -0.0051952824 0.693775296 0.795190811 0.987806916 -0.155684307 1.91230756e-05 -2.1263133e-05 0.00526197627 -0.999986172
989.866455 67.7406693 11.9234715 -0.294054836 -0.664904416 0.68661046 0.70090425 0.803219318 0.954769313 -0.237511426 0.178896338 0.0242255516 -0.723324776 -0.690082967
985.857666 68.4521484 11.9490175 -0.112035803 -0.730633736 0.673514962 0.693919301 0.803279936 0.993557572 -0.0940070823 0.0632937327 0.0111162458 -0.678661227 -0.734367311
990.368408 67.3402786 11.9183769 -0.504987597 -0.528268814 0.682583153 0.701778889 0.803207099 0.854863524 -0.196947336 0.480021149 0.209675968 -0.842218697 -0.496692717
990.054077 68.3511124 -7.65344477 -0.0524345152 -0.0993549451 -0.993669629 0.64223659 0.379778147 -0.998614967 0.000887724687 0.052606713 0.000893745164 -0.995042682 0.0994450599
990.470581 69.0534668 -7.65137005 -0.00529100001 0.0060916692 -0.999967456 0.641510963 0.381446719 -0.999985993 2.54472398e-05 0.00529125286 -3.7612459e-05 -0.999981523 -0.00609155605
985.948364 69.1099319 -7.62709808 -0.024234442 -0.111606278 -0.99345696 0.64939034 0.381581068 -0.999703825 0.000442911929 0.0243370701 0.000552808284 -0.993750274 0.111625753
986.226196 69.8799744 -7.62387705 -0.00529101677 0.00609167758 -0.999967456 0.648906231 0.383410335 -0.999985993 -1.48997733e-05 0.00529102376 -5.89069668e-06 -0.999981523 -0.0060917316
989.76355 67.859108 -7.51910019 -0.260741979 -0.565043807 -0.782776654 0.642742515 0.378609538 -0.96425581 0.112814948 0.239757508 0.110119313 -0.822939575 0.557354629
985.754761 68.5705872 -7.49355555 -0.104119875 -0.624592423 -0.773978889 0.649727583 0.380299568 -0.994175553 0.043593362 0.0985625759 0.0500335582 -0.78051275 0.623134434
992.578003 69.7883224 11.4109507 0.67009455 0.711466372 0.211633921 0.0953352675 0.727517605 0.730845571 -0.682233453 -0.0205521025 0.0292917918 -0.310238659 0.950207353
991.545105 70.5792999 11.4212341 0.410717636 0.885869741 0.215744957 0.0935356244 0.727493107 0.906295717 -0.422534376 0.00963544939 0.0205255747 -0.245547548 0.969167233
991.422729 70.3648071 11.9634886 0.269088328 0.571197391 0.775451541 0.0933224261 0.726204932 0.940550506 -0.329114884 -0.0839531273 -0.0270678774 -0.800345838 0.598927259
992.416077 69.6029205 11.9535913 0.44128713 0.460677147 0.770092487 0.0950531811 0.726228416 0.763247609 -0.644000649 -0.0521170571 -0.215971261 -0.778422713 0.589418769
986.976685 71.564064 11.4514055 0.174696535 0.961463094 0.212296575 0.0855756626 0.727421463 0.983838499 -0.179053664 0.00132046069 0.0077623562 -0.216950357 0.976151764
986.895996 71.3292236 11.9933157 0.11770685 0.628799498 0.768606842 0.0854351297 0.726134121 0.990175486 -0.133148745 -0.0427091829 -0.0114097688 -0.773079813 0.634206176
991.531006 70.5955505 8.75342655 0.41954729 0.90772754 0.00330963824 0.093511045 0.733830988 0.907732844 -0.419548869 -0.000146190432 5.37894193e-05 -0.00367087126 0.999993324
986.962585 71.5803146 8.78359795 0.177756876 0.98406148 0.00505372602 0.0855510682 0.733759284 0.984074056 -0.177759498 3.51961971e-05 -6.38961274e-06 -0.00513461698 0.999986827
992.563843 69.8045731 8.74314213 0.684246778 0.729250133 0.000822504808 0.0953106657 0.733855426 0.729250669 -0.684246719 -8.06905373e-05 0.000454866909 -0.00155426771 0.999998689
974.915466 70.5664139 12.2330303 -0.0190681294 -0.183061838 0.982916474 0.0861784369 0.573229909 0.999807358 0.00110317348 0.019601265 -0.000681466656 -0.983092666 -0.183107868
974.811462 70.0054092 12.0169268 -0.0956930816 -0.729419231 0.677340746 0.0859972537 0.571897209 0.995284617 -0.0809540004 0.0534331203 0.00895036478 -0.681066394 -0.732166946
963.789124 72.0443802 12.3009052 -0.0167659689 -0.18359521 0.982858956 0.0667921081 0.576741159 0.999850392 0.0011113151 0.017263405 -0.000603235152 -0.982995093 -0.183630958
963.767334 71.475708 12.0843201 -0.0867673084 -0.730874062 0.676974595 0.0667541996 0.57539022 0.99612391 -0.0735019594 0.0483183786 0.00847796071 -0.680054486 -0.733112574
975.062561 71.3704834 12.2371502 0.0052910056 -0.00609170971 0.999967456 0.0864347294 0.575140238 0.999985993 4.29541586e-07 -0.00529110152 2.22273729e-06 -0.999981523 -0.00609180797
963.818604 72.8594208 12.3057146 0.00529099023 -0.0060917302 0.999967456 0.0668434873 0.578677416 0.999985993 1.6308976e-06 -0.00529107871 -3.28196916e-06 -0.999981523 -0.00609179819
974.773804 69.8218689 11.376297 -0.13339518 -0.981407225 0.138006389 0.674607038 0.801919341 0.990886509 -0.134699434 -0.000112396992 -0.00375705026 -0.138749108 -0.990320444
974.759155 69.8387146 8.61169815 -0.135523662 -0.990759909 -0.00531923166 0.674581528 0.795351624 0.990773857 -0.135525614 3.53215523e-06 -1.37992347e-05 0.00537030166 -0.999985635
963.75708 71.2896118 11.4435291 -0.12170852 -0.982961655 0.137744159 0.655411839 0.802079082 0.992417395 -0.122913025 -0.000240475361 -0.00352742476 -0.138346598 -0.990377605
963.742493 71.3064499 8.67893028 -0.123843141 -0.992287219 -0.00538965873 0.655386329 0.795511365 0.992301583 -0.123844981 1.03338798e-05 6.76616219e-06 0.00543067185 -0.999985337
974.811462 70.0054092 12.0169268 -0.0956930816 -0.729419231 0.677340746 0.674672723 0.803441286 0.995284617 -0.0809540004 0.0534331203 0.00895036478 -0.681066394 -0.732166946
963.767334 71.475708 12.0843201 -0.0867673084 -0.730874062 0.676974595 0.655429602 0.803601444 0.99612391 -0.0735019594 0.0483183786 0.00847796071 -0.680054486 -0.733112574
974.81073 70.6869812 -7.55855989 -0.0211667139 -0.110022031 -0.993703783 0.668796182 0.385327578 -0.999773979 0.000342274114 0.0212581176 0.000506672193 -0.993927538 0.110036016
974.957825 71.4910507 -7.55444002 -0.00529099628 0.00609170413 -0.999967456 0.668539882 0.387237787 -0.999985993 -6.46370927e-06 0.00529105496 -8.46426246e-06 -0.999981523 -0.00609174557
963.684387 72.1649475 -7.49068499 -0.0196582489 -0.110381737 -0.993694842 0.688182592 0.388838768 -0.999805033 0.000298253639 0.0197459962 0.000508004101 -0.993887901 0.110393144
963.713867 72.9799881 -7.48587561 -0.00529098976 0.00609173067 -0.999967456 0.688131094 0.390774965 -0.999985993 -3.93406799e-06 0.00529106334 2.66732559e-06 -0.999981523 -0.00609183079
974.708618 70.123848 -7.42564487 -0.0899539068 -0.622457922 -0.777466714 0.668974161 0.383989692 -0.995671332 0.0378748253 0.0848769993 0.0429200903 -0.782329023 0.621384859
963.66449 71.5941467 -7.358253 -0.0822846219 -0.623794258 -0.777245104 0.688217282 0.387482643 -0.996363401 0.0341822915 0.0780483186 0.0395256095 -0.781318843 0.622879267
975.402588 73.2546844 11.5229454 0.135507375 0.967192292 0.214888006 0.0654092282 0.72725153 0.990315974 -0.138831675 0.000380687386 0.00599722518 -0.217685252 0.976000667
975.361267 73.009613 12.0645847 0.0920598283 0.62982893 0.771259069 0.0653371587 0.725964725 0.994174719 -0.101736978 -0.0355868302 -0.00939949136 -0.773964047 0.633159816
963.883728 74.7692642 11.5931196 0.115422107 0.969805777 0.214835972 0.0453389362 0.727084756 0.99297452 -0.118327335 0.000667096756 0.00499349926 -0.216845304 0.976193309
963.877747 74.5208969 12.134553 0.0791682899 0.631697476 0.771161973 0.0453284942 0.725798547 0.995657384 -0.0881146863 -0.0300360713 -0.00774438446 -0.773177028 0.634143114
975.388489 73.2709351 8.85513687 0.137483805 0.990489841 0.00530586112 0.0653846413 0.733589351 0.990503788 -0.137485728 -6.55836948e-06 9.61431397e-07 -0.00535732275 0.999985695
963.869629 74.7855148 8.92531204 0.116804287 0.993140161 0.00543074543 0.0453143381 0.733422577 0.993154824 -0.116805941 1.30656881e-05 -1.83772192e-06 -0.00546871824 0.999985039
959.717285 72.5059433 12.3252621 0.0148247825 -0.182401538 0.983112395 0.0596973933 0.577837706 0.999889851 0.00186665857 -0.0147314444 0.000573462399 -0.98321867 -0.182429925
959.764893 71.9383011 12.1083164 0.0440160185 -0.730621219 0.681362867 0.0597802922 0.57648921 0.99893868 0.0414528176 -0.0200817958 -0.00431954721 -0.682156622 -0.731193364
958.677795 72.2718887 12.3293362 0.0506832562 -0.178333119 0.982664049 0.057886187 0.577281654 0.998656511 -0.00158150692 -0.0517951138 0.00180901727 -0.983910561 -0.178652614
958.787598 71.713028 12.1121149 0.191341743 -0.7110098 0.676648617 0.0580774695 0.57595402 0.981118023 0.158361971 -0.111035332 -0.0171946455 -0.691708446 -0.721972167
959.647644 73.3195038 12.3305864 0.00529107079 -0.00609174231 0.999967456 0.0595760643 0.579770446 0.999985993 -5.90647551e-06 -0.00529120443 -5.63328967e-06 -0.999981523 -0.00609179866
958.519165 73.0728836 12.3350554 0.00529104937 -0.00609173905 0.999967456 0.0576098152 0.579184532 0.999985993 -5.26847361e-06 -0.00529118022 -7.86115652e-06 -0.999981523 -0.00609178329
959.77771 71.7525482 11.4674053 0.0562399663 -0.98873651 0.13869828 0.64847827 0.802135825 0.998412669 0.0561182238 -0.00479138782 0.00168019976 -0.138824239 -0.990315616
959.763062 71.7693939 8.70280647 0.0562216751 -0.998398006 -0.006379887 0.648452759 0.795568109 0.998418331 0.0562222973 0.000205075208 -4.87696843e-06 0.00638955692 -0.999979615
958.821167 71.5302124 11.4711123 0.255619645 -0.957095206 0.136481866 0.646811604 0.802144527 0.966167927 0.257912338 -0.000914824195 0.00738103921 -0.139235854 -0.990231812
958.806519 71.5470505 8.7065134 0.257801384 -0.966170728 -0.00724978885 0.646786094 0.795576811 0.966196179 0.257808357 2.98023351e-05 -5.04276886e-06 0.00750206085 -0.999971867
959.764893 71.9383011 12.1083164 0.0440160185 -0.730621219 0.681362867 0.648455858 0.803658366 0.99893868 0.0414528176 -0.0200817958 -0.00431954721 -0.682156622 -0.731193364
958.787598 71.713028 12.1121149 0.191341743 -0.7110098 0.676648617 0.646752954 0.803667545 0.981118023 0.158361971 -0.111035332 -0.0171946455 -0.691708446 -0.721972167
959.612549 72.6265106 -7.46632814 0.00104321341 -0.109574258 -0.993978083 0.695277214 0.389935136 -0.999999523 -0.000172625238 -0.00103050366 -5.44882605e-05 -0.99397862 0.109574258
959.542908 73.4400711 -7.46100378 -0.00529111549 0.00609166548 -0.999967456 0.695398688 0.391867995 -0.999985993 4.08565529e-06 0.00529123936 1.537754e-05 -0.999981523 -0.00609183218
958.573059 72.3924561 -7.46225357 0.0245523192 -0.106907278 -0.993965805 0.697088599 0.389379382 -0.999696493 -0.000582664914 -0.0246312041 -0.000519081019 -0.994266748 0.106926829
958.414429 73.1934509 -7.45653486 -0.0052910801 0.00609165663 -0.999967456 0.697364807 0.391282082 -0.999985993 3.28190035e-05 0.00529137766 3.29952236e-05 -0.999981523 -0.00609191647
959.661987 72.0567474 -7.3342557 0.0307702497 -0.62234211 -0.782140374 0.695191145 0.388581634 -0.999440253 -0.00887935609 -0.0322538391 -0.0148211336 -0.782709002 0.622211456
958.684692 71.8314743 -7.33045816 0.158279881 -0.606330633 -0.779301524 0.69689405 0.388046384 -0.986862063 -0.0712328926 -0.145014122 -0.0734947845 -0.794295728 0.603069603
959.480957 75.2258987 11.6191978 -0.0478547812 0.974765182 0.218043059 0.0376676619 0.727022827 0.998846769 0.0475478247 0.00665753335 -0.00192655798 -0.218382835 0.975861251
959.504761 74.9779663 12.1604748 -0.0278317705 0.630866766 0.775391936 0.0377091169 0.725736916 0.99960649 0.0148326904 0.0238116551 0.00275332946 -0.775641084 0.631168306
958.144531 74.9499054 11.624588 -0.236213371 0.947060108 0.217440873 0.0353390686 0.727010012 0.970366716 0.241630852 0.00172294595 -0.00987789966 -0.226102203 0.974053562
958.195129 74.7057495 12.1657467 -0.151560977 0.615663111 0.773297071 0.0354271457 0.725724399 0.984061003 0.167607576 0.0594279356 0.0156114828 -0.780746043 0.624653399
959.466858 75.2421417 8.95138931 -0.0500998944 0.998724043 0.00634744903 0.037643034 0.733360708 0.99874419 0.0501015894 -0.00018661459 -7.8027997e-06 -0.00635667751 0.999979794
958.130432 74.966156 8.95677948 -0.242568851 0.970107555 0.00719241612 0.0353144705 0.733347833 0.970132887 0.242574096 6.6929264e-05 1.13972956e-05 -0.00741142128 0.999972582
956.648438 71.6629944 12.3363647 0.058781594 -0.175840393 0.982662141 0.0543502793 0.575835109 0.998191893 -0.00203452888 -0.0600746274 0.00204804959 -0.984340966 -0.176263317
956.819092 71.1197281 12.1189165 0.223579571 -0.701512694 0.676677346 0.0546476245 0.57454443 0.974140346 0.184049457 -0.131059259 -0.0190126803 -0.697258651 -0.716567516
954.637024 70.9971924 12.3429508 0.0668454543 -0.173236057 0.982609272 0.0508456789 0.57425344 0.997667134 -0.00207546609 -0.0682357177 0.00237179291 -0.984781563 -0.173780397
954.866455 70.4760818 12.1253262 0.255431652 -0.69078964 0.676435113 0.051245451 0.573015451 0.966021717 0.210904211 -0.149403989 -0.0207232833 -0.703395426 -0.710496664
956.402771 72.4417038 12.3424082 0.0052909283 -0.00609175628 0.999967456 0.0539222844 0.577685118 0.999985993 3.88296044e-08 -0.00529102609 -5.30707621e-06 -0.999981523 -0.00609181449
954.307373 71.7442093 12.349246 0.00529106194 -0.00609183358 0.999967456 0.0502712242 0.576028109 0.999985993 -9.2618202e-06 -0.00529121654 -2.95198356e-06 -0.999981523 -0.00609190343
956.872986 70.9421005 11.4778376 0.298450738 -0.944619298 0.136460856 0.643417001 0.802160621 0.953553259 0.30122456 -0.000338146958 0.00868948922 -0.140281796 -0.990073502
956.858337 70.9589386 8.71323872 0.300816625 -0.953653336 -0.00740056159 0.64339149 0.795592904 0.953679442 0.300824851 2.21141145e-05 -7.20485059e-06 0.00775802229 -0.9999699
954.939941 70.3058395 11.484189 0.340687811 -0.930258751 0.136200145 0.640048862 0.802175641 0.939049721 0.343780339 -0.000867076567 0.00990931597 -0.141305625 -0.989916503
954.925293 70.3226776 8.71959019 0.343228459 -0.93922174 -0.00753715402 0.64002347 0.795607865 0.939248562 0.343237728 3.20647705e-05 -2.64590253e-05 0.00801514089 -0.999967873
956.819092 71.1197281 12.1189165 0.223579571 -0.701512694 0.676677346 0.643323183 0.803683639 0.974140346 0.184049457 -0.131059259 -0.0190126803 -0.697258651 -0.716567516
954.866455 70.4760818 12.1253262 0.255431652 -0.69078964 0.676435113 0.639920831 0.803698838 0.966021717 0.210904211 -0.149403989 -0.0207232833 -0.703395426 -0.710496664
956.543701 71.7835617 -7.45522547 0.0298578795 -0.105264604 -0.993995965 0.700624228 0.387932658 -0.999551177 -0.000678979559 -0.029952839 -0.00065629452 -0.994441211 0.10529203
956.298096 72.5622711 -7.44918203 -0.00529092737 0.00609167386 -0.999967456 0.701052308 0.389782429 -0.999985993 1.35207147e-05 0.00529110804 1.14976547e-05 -0.999981523 -0.00609182147
954.532349 71.1177597 -7.44863892 0.0351453014 -0.103564933 -0.994001627 0.704128861 0.38635087 -0.999378324 -0.000833174388 -0.0352485999 -0.000756315887 -0.994618535 0.103602476
954.202637 71.8647766 -7.44234371 -0.00529096369 0.00609160401 -0.999967456 0.704703331 0.388125658 -0.999985993 -4.45140768e-06 0.00529103493 -2.7738628e-05 -0.999981523 -0.00609154254
956.716187 71.2381668 -7.32365608 0.186051711 -0.598100185 -0.779526055 0.70032382 0.386636853 -0.981701612 -0.0803905129 -0.17262499 -0.0850349292 -0.800203383 0.593669534
954.763611 70.5945129 -7.31724644 0.213520035 -0.58890444 -0.779487491 0.703725934 0.385107875 -0.975942791 -0.0925602987 -0.197404295 -0.0956801921 -0.806657791 0.583222568
955.824707 74.2666168 11.6327 -0.292969406 0.931022048 0.21763961 0.0312970281 0.726990759 0.953943908 0.299984008 0.000848438067 -0.0122674359 -0.231269002 0.972812533
955.901428 74.0291672 12.1737614 -0.188357234 0.605342507 0.77335763 0.0314307064 0.725705385 0.974680483 0.211836576 0.0715767592 0.0200255327 -0.784921587 0.619271576
953.532715 73.4950485 11.6401272 -0.348653734 0.911589563 0.217819065 0.0273035057 0.726973176 0.934161305 0.356846541 0.00184208853 -0.0140109919 -0.237445265 0.971299887
953.634766 73.2671204 12.1811123 -0.224413708 0.59268117 0.773542285 0.0274812412 0.725687921 0.964189887 0.250172555 0.0880428031 0.0245867372 -0.790092349 0.612494648
955.810608 74.2828674 8.96489143 -0.300817072 0.953653157 0.00740076322 0.03127243 0.73332864 0.953679204 0.300825506 -2.77487979e-05 -6.65779589e-06 -0.00776263047 0.9999699
953.518616 73.5112991 8.97231865 -0.357962489 0.93370527 0.00758101325 0.0272789076 0.733310938 0.933731973 0.35797289 6.20264254e-05 1.46382863e-05 -0.00811397471 0.999967098
953.651367 70.5923843 12.3457003 0.0938987359 -0.159072861 0.982791424 0.0491283014 0.573291659 0.995434225 -0.00199643848 -0.0954298005 0.00357372733 -0.987092674 -0.160110518
953.936829 70.0997772 12.1279535 0.368812114 -0.634464741 0.67928791 0.0496256202 0.572121382 0.926861644 0.306095511 -0.217331916 -0.0205664858 -0.736198246 -0.676453471
952.821533 69.9475708 12.3461628 0.119694002 -0.142586291 0.982518494 0.0476824455 0.57175982 0.992595553 -0.00342528569 -0.121418729 0.00370380236 -0.989562094 -0.144059703
953.159546 69.489418 12.1283474 0.474295169 -0.563894093 0.67606771 0.0482712649 0.57067138 0.875193954 0.385130435 -0.292762846 -0.0150084989 -0.773006976 -0.634220004
953.241638 71.2986526 12.3521709 0.00529113226 -0.00609184522 0.999967456 0.0484143198 0.57496959 0.999985993 -8.21409685e-06 -0.0052912808 -9.65574691e-06 -0.999981523 -0.00609188015
952.33667 70.6045609 12.3527308 0.00529114297 -0.00609178934 0.999967456 0.0468375646 0.573320627 0.999985993 -2.00380669e-06 -0.00529125333 -1.51698268e-05 -0.999981523 -0.0060917954
954.028931 69.9390335 11.4867754 0.496792495 -0.85698992 0.136988103 0.638461709 0.802181959 0.86540705 0.501054823 -0.00386017794 0.0148842279 -0.14940758 -0.988663673
954.014343 69.9558716 8.72217655 0.501312137 -0.865230322 -0.00792324916 0.638436198 0.795614004 0.865258873 0.501325369 0.000217273817 -5.827106e-05 0.00912330765 -0.999958396
953.269165 69.3401718 11.4871473 0.638324678 -0.757714331 0.135685608 0.637137771 0.802182794 0.764867783 0.644186676 -0.000916998775 0.0195603166 -0.16024515 -0.986883521
953.254517 69.3570099 8.72254848 0.644462943 -0.764593065 -0.0080680633 0.637112141 0.795614839 0.764618278 0.644483447 4.80781782e-05 -1.52412422e-05 0.0105386227 -0.999944508
953.936829 70.0997772 12.1279535 0.368812114 -0.634464741 0.67928791 0.638301253 0.803705156 0.926861644 0.306095511 -0.217331916 -0.0205664858 -0.736198246 -0.676453471
953.159546 69.489418 12.1283474 0.474295169 -0.563894093 0.67606771 0.636946678 0.80370605 0.875193954 0.385130435 -0.292762846 -0.0150084989 -0.773006976 -0.634220004
953.546692 70.7129517 -7.44588947 0.052870106 -0.0942723379 -0.994141579 0.70584631 0.385389328 -0.998593509 -0.00101594243 -0.0530105233 -0.000970525434 -0.995538354 0.0943531767
953.136902 71.41922 -7.43941927 -0.00529102748 0.00609154347 -0.999967456 0.706560254 0.38706696 -0.999985993 9.76082356e-06 0.00529118534 1.52521725e-05 -0.999981523 -0.00609171065
952.716858 70.0681381 -7.44542694 0.0697839782 -0.0834771916 -0.994063318 0.707292318 0.38385725 -0.997551441 -0.00122441968 -0.0699260309 -0.00123669475 -0.996499062 0.0835949108
952.231934 70.7251282 -7.43885899 -0.00529098045 0.00609161938 -0.999967456 0.708137155 0.385418177 -0.999985993 -5.36335865e-05 0.00529075181 4.5515786e-05 -0.999981523 -0.00609194674
953.833923 70.2182159 -7.31461859 0.31122148 -0.539517879 -0.782343745 0.705345869 0.384213924 -0.947978556 -0.118278518 -0.295545191 -0.128888503 -0.839583635 0.527718842
953.056641 69.6078644 -7.3142252 0.402867913 -0.479111731 -0.779839396 0.706700206 0.382763982 -0.912410617 -0.143075779 -0.383452982 -0.143492922 -0.874569595 0.463182449
952.279846 72.9542084 11.6434612 -0.48887372 0.844350874 0.219257936 0.0251205135 0.726965189 0.86597091 0.500068426 0.00509517081 -0.0168134775 -0.260413677 0.965350807
952.405884 72.7385406 12.1843939 -0.315464348 0.54678309 0.775571108 0.0253401678 0.725680172 0.928607345 0.346150219 0.133673668 0.0390853584 -0.809124291 0.586336315
951.19928 72.1449127 11.644248 -0.617227077 0.755894601 0.218298256 0.0232377723 0.726963401 0.774816215 0.632184327 0.00170829194 -0.0212300718 -0.293355942 0.955767512
951.347961 71.9440613 12.1851521 -0.40075177 0.490442812 0.773863018 0.0234967824 0.725678384 0.875019491 0.455235153 0.16462703 0.052828785 -0.830881178 0.553936481
952.265747 72.9704514 8.97565365 -0.501338363 0.865215182 0.00792207755 0.0250959005 0.73330307 0.86524111 0.501356065 -0.000198233698 -9.8796474e-05 -0.00921356026 0.999957561
951.185181 72.1611557 8.97644043 -0.632348299 0.774642289 0.00806428585 0.0232131612 0.733301222 0.774668157 0.632368028 6.9925547e-05 2.91810375e-05 -0.0103859473 0.999946058
951.277649 68.5617523 12.34589 0.126063228 -0.136802316 0.982544243 0.044992324 0.568467617 0.991800785 -0.00354461675 -0.127744392 0.00368586392 -0.990374386 -0.138365433
951.664001 68.1436462 12.1280622 0.49982667 -0.541232407 0.67619586 0.0456655398 0.567474246 0.859846056 0.403912067 -0.312281847 -0.0114898346 -0.784788191 -0.619657516
949.774231 67.1320877 12.3451357 0.132332474 -0.130909935 0.982522607 0.0423728488 0.565071106 0.99098438 -0.00345718465 -0.133932814 0.00392281916 -0.991163313 -0.132589549
950.204346 66.7590866 12.1273508 0.524437964 -0.517569244 0.676082075 0.0431222543 0.564185083 0.851393402 0.32781893 -0.409468114 -0.0713880807 -0.817969799 -0.570814431
950.723572 69.1614838 12.3524752 0.00529113645 -0.00609172368 0.999967456 0.0440268926 0.569892287 0.999985993 -3.6867259e-06 -0.00529125659 -6.60947353e-06 -0.999981523 -0.00609177444
949.157593 67.6673279 12.3516588 0.00529103819 -0.00609167479 0.999967456 0.0412983485 0.566342652 0.999985993 8.18905573e-06 -0.00529108569 -5.94907397e-06 -0.999981523 -0.00609172834
951.789795 68.0077362 11.4868574 0.672301888 -0.727713287 0.135807171 0.634560108 0.802181959 0.734550893 0.678553522 -0.000350082148 0.0207594112 -0.164849102 -0.986100316
951.775208 68.0245819 8.72225857 0.678593338 -0.73446995 -0.0080643259 0.634534836 0.795614243 0.734493911 0.678615272 4.10389293e-05 -3.14383669e-06 0.0109767085 -0.999939859
950.344727 66.6382141 11.4861612 0.704895794 -0.696208179 0.135706112 0.632042289 0.802180409 0.702792227 0.711394668 -0.000858367479 0.0220007747 -0.169769019 -0.985238254
950.330078 66.6550522 8.72156239 0.711319745 -0.702822566 -0.0080436971 0.632016778 0.795612693 0.702845454 0.711342573 3.35764744e-05 -2.75049861e-05 0.0114174569 -0.999934912
951.664001 68.1436462 12.1280622 0.49982667 -0.541232407 0.67619586 0.634341002 0.803705335 0.859846056 0.403912067 -0.312281847 -0.0114898346 -0.784788191 -0.619657516
950.204346 66.7590866 12.1273508 0.524437964 -0.517569244 0.676082075 0.631797791 0.803703666 0.851393402 0.32781893 -0.409468114 -0.0713880807 -0.817969799 -0.570814431
951.172913 68.6823196 -7.44570017 0.0739534423 -0.0796800926 -0.994073451 0.709982395 0.380565047 -0.997250974 -0.00126871467 -0.0740881339 -0.00128529256 -0.99680984 0.0798038021
950.618835 69.2820511 -7.43911505 -0.00529093668 0.00609163987 -0.999967456 0.710947871 0.381989956 -0.999985993 -4.46441072e-06 0.00529100746 5.14808971e-06 -0.999981523 -0.00609175302
949.669556 67.252655 -7.44645452 0.0780677125 -0.0758236572 -0.994060516 0.7126019 0.377168775 -0.996937096 -0.0012615989 -0.0781973898 -0.00124459038 -0.997110248 0.0759585202
949.052856 67.7879028 -7.43993139 -0.00529100467 0.00609160122 -0.999967456 0.713676214 0.378440261 -0.999985993 3.20610307e-05 0.00529129757 6.64226991e-06 -0.999981523 -0.00609172275
951.561157 68.262085 -7.31450939 0.424846649 -0.459546 -0.7799505 0.709305882 0.379566789 -0.902168572 -0.143726334 -0.406736612 -0.145378023 -0.885023236 0.442265928
950.101501 66.8775253 -7.31522179 0.446090668 -0.439183265 -0.779821217 0.711849213 0.376277447 -0.891915977 -0.146023467 -0.427975446 -0.144516677 -0.895233274 0.421511918
949.424316 70.5679779 11.6440334 -0.662288904 0.716745555 0.218287185 0.0201450568 0.726963818 0.734584808 0.678516328 0.00084208569 -0.022347305 -0.310108542 0.950438559
949.59375 70.384346 12.1849327 -0.430008978 0.465135694 0.773783743 0.0204403587 0.725678861 0.851787746 0.493100345 0.17694582 0.0581476726 -0.841021657 0.537867546
947.712097 68.9230499 11.6430721 -0.704874218 0.674915195 0.218270317 0.0171617791 0.726966083 0.6930058 0.720876694 0.00893992372 -0.0354425386 -0.340838879 0.939453483
947.900391 68.758812 12.1839895 -0.457547247 0.43796581 0.773845315 0.0174898468 0.725681007 0.854667127 0.456746489 0.246833861 0.0317532346 -0.861682773 0.506452978
949.410156 70.5842285 8.97622585 -0.678593695 0.734469652 0.00806502905 0.0201204587 0.73330164 0.734493673 0.67861557 -2.29053603e-05 -1.97133977e-05 -0.0109981475 0.999939561
947.697998 68.9393005 8.97526455 -0.722292185 0.691541314 0.00803478248 0.0171371959 0.733303905 0.691565633 0.722313583 0.000339150865 0.000223374984 -0.0113846287 0.999935269
949.065918 66.3557739 12.3441544 0.1508037 -0.106496058 0.982810736 0.0411386378 0.563226759 0.988380492 -0.00290216086 -0.151972786 0.00476804236 -0.994090497 -0.108449928
949.534546 66.0324097 12.1264687 0.603117943 -0.417987287 0.679364026 0.041955132 0.562458813 0.768610597 0.0768118799 -0.635088742 -0.253292829 -0.907982469 -0.333782256
948.584534 65.4051666 12.34091 0.167057917 -0.0806457698 0.982643366 0.0402998962 0.560968637 0.985815227 -0.00263725524 -0.167813584 0.00320490636 -0.996599495 -0.0823360085
949.085999 65.1353683 12.1233768 0.668219268 -0.309409529 0.67657131 0.0411736332 0.56032759 0.716566026 0.0231458135 -0.69713521 -0.252421886 -0.94976002 -0.185038343
948.394226 66.8200226 12.3505363 0.00529108336 -0.00609170273 0.999967456 0.0399682745 0.564329863 0.999985993 -7.36777429e-06 -0.00529122632 -4.57929929e-07 -0.999981523 -0.00609178655
947.865906 65.7928238 12.3470745 0.00529120164 -0.00609180145 0.999967456 0.039047718 0.561889529 0.999985993 -2.76599549e-05 -0.005291468 6.65864081e-06 -0.999981523 -0.00609192299
949.687744 65.9280853 11.4853115 0.815037727 -0.562956214 0.13709119 0.630897641 0.802178502 0.570420444 0.821124136 -0.0193831977 0.0544722751 -0.161108673 -0.985432386
949.673096 65.944931 8.72071266 0.822946429 -0.568065226 -0.007814073 0.63087213 0.795610487 0.568088949 0.822966576 0.00103806169 -0.000907368434 0.0124406694 -0.999922216
949.673096 65.944931 8.72071266 0.822946429 -0.568065226 -0.007814073 0.508538842 0.498765349 -0.00911186542 0.000555450562 -0.999958396 -0.568075716 -0.822975695 0.00101783837
949.687744 65.9280853 11.4853115 0.815037727 -0.562956214 0.13709119 0.503721714 0.498725295 0.143997654 -0.0323760472 -0.989048362 -0.565983772 -0.824184418 -0.0195607245
949.250122 65.0488968 11.4822702 0.900403023 -0.413127273 0.136382803 0.50372684 0.496636748 0.144315243 -0.0121103805 -0.989457726 -0.417132467 -0.908845305 0.000869156676
949.235474 65.0657425 8.71767139 0.909188509 -0.416319996 -0.00734730298 0.508543968 0.496676683 -0.00808627717 -1.22911115e-05 -0.999967396 -0.416332185 -0.909212589 -9.82307247e-05
949.534546 66.0324097 12.1264687 0.603117943 -0.417987287 0.679364026 0.502604485 0.49897325 0.768610597 0.0768118799 -0.635088742 -0.253292829 -0.907982469 -0.333782256
949.085999 65.1353683 12.1233768 0.668219268 -0.309409529 0.67657131 0.502609968 0.496842265 0.716566026 0.0231458135 -0.69713521 -0.252421886 -0.94976002 -0.185038343
949.534546 66.0324097 12.1264687 0.603117943 -0.417987287 0.679364026 0.630630612 0.803701639 0.619856 0.781643212 -0.0693728253 0.313622266 -0.658845186 -0.68378669
950.204346 66.7590866 12.1273508 0.524437964 -0.517569244 0.676082075 0.631797791 0.803703666 0.69122225 0.72244513 0.0168798212 0.242248595 -0.670521617 -0.701224983
948.961182 66.4763412 -7.44743586 0.0901648402 -0.0598147959 -0.994129062 0.713835955 0.375324368 -0.995917559 -0.00111313304 -0.090260081 -0.00118205696 -0.998200595 0.0599525645
948.28949 66.9405899 -7.44105387 -0.00529093761 0.00609177398 -0.999967456 0.715006351 0.376427412 -0.999985993 2.81782977e-05 0.00529120769 5.93981422e-05 -0.999981523 -0.00609217444
948.479858 65.5257339 -7.45068026 0.100828111 -0.0428792089 -0.993979514 0.714674711 0.373066068 -0.994897962 -0.00090570387 -0.100882217 -0.000946439744 -0.999074578 0.0430030003
947.761169 65.9133911 -7.44451618 -0.00529097393 0.00609173346 -0.999967456 0.715927124 0.373986959 -0.999985993 4.22096819e-05 0.00529132923 2.33093579e-05 -0.999981523 -0.00609194208
949.431641 66.150856 -7.31610346 0.513545513 -0.352589607 -0.782273471 0.713016152 0.374551177 -0.846139967 -0.0566421002 -0.529942393 -0.230409533 -0.934855938 0.270103365
948.983154 65.2538071 -7.31919575 0.570490122 -0.259093702 -0.779366195 0.713797808 0.372419953 -0.809750497 -0.0188268796 -0.586472332 -0.234431967 -0.960828722 0.147816971
947.712097 68.9230499 11.6430721 -0.704874218 0.674915195 0.218270317 0.538817167 0.954773247 0.327055722 0.0361790806 0.944312334 -0.690157294 -0.723607063 0.0087016914
946.820007 67.9097748 11.6416197 -0.803190649 0.553946078 0.219154224 0.538814783 0.952366054 0.279042989 0.0248144306 0.959958017 -0.568677783 -0.822544813 -0.00507056341
947.024902 67.7668762 12.182579 -0.520445883 0.357393682 0.775503635 0.539757371 0.952026486 0.820874035 -0.0407115296 0.569656432 -0.423832178 -0.896544814 0.128739208
947.900391 68.758812 12.1839895 -0.457547247 0.43796581 0.773845315 0.539759517 0.954383016 0.788665593 -0.202062964 0.580669522 -0.673525691 -0.738894522 0.0199532527
946.181946 66.7035065 11.6376476 -0.881292045 0.419473439 0.217638597 0.53880775 0.949500322 0.24767907 0.0177738164 0.96867913 -0.430102736 -0.902778566 -0.00162897457
946.400879 66.5836411 12.1786728 -0.573391616 0.270254135 0.773424149 0.539750457 0.949215591 0.797937691 -0.0298625752 0.601999879 -0.312593192 -0.944778502 0.0983832255
946.805908 67.926033 8.9738121 -0.822929204 0.56809026 0.00781540852 0.534166336 0.952404678 0.00945291203 -6.31937728e-05 0.999955356 -0.568106413 -0.822955132 0.000178410104
946.167847 66.7197647 8.96984005 -0.902527571 0.430568695 0.00739864074 0.534159422 0.949538887 0.00820833817 2.28824465e-05 0.999966323 -0.430580914 -0.902551949 -6.91837413e-05
947.697998 68.9393005 8.97526455 -0.722292185 0.691541314 0.00803478248 0.534168839 0.954811811 0.010894875 -0.000238661058 0.999940693 -0.691561759 -0.722317278 0.000324186956
947.761963 63.4526329 12.3333673 0.170291305 -0.0728139207 0.982699931 0.0388667174 0.556329966 0.985282123 -0.0024307631 -0.170918897 0.00281466823 -0.997226179 -0.0743780062
948.290161 63.2396927 12.1160393 0.681420565 -0.278505296 0.676831424 0.0397870019 0.555824041 0.709006846 0.0217451304 -0.70486629 -0.227822542 -0.959540129 -0.165468201
946.994751 61.4777107 12.3253965 0.173417106 -0.0649373829 0.982705295 0.0375299156 0.551638186 0.984756529 -0.00220249943 -0.17392461 0.00288231019 -0.997786105 -0.0664425641
947.543274 61.3242073 12.1083231 0.693432987 -0.247116774 0.676819086 0.0384856276 0.551273465 0.702120841 0.0208221003 -0.711753309 -0.201560766 -0.968373418 -0.147059098
947.005127 63.7589874 12.3392391 0.00529120024 -0.0060918252 0.999967456 0.0375479273 0.557057798 0.999985993 -1.51460436e-05 -0.00529139116 -2.40845634e-06 -0.999981523 -0.00609189784
946.208801 61.6990623 12.3309031 0.0052911276 -0.00609184662 0.999967456 0.0361604579 0.552163959 0.999985993 4.3335217e-06 -0.00529119978 2.80997347e-06 -0.999981523 -0.00609194674
948.463257 63.1721725 11.4750013 0.918053031 -0.37215668 0.136667937 0.503739715 0.492178321 0.142907038 -0.0109113129 -0.989676058 -0.375726521 -0.926730514 0.000350519142
948.448608 63.1890182 8.71040249 0.926924706 -0.375178516 -0.00719096512 0.508556724 0.492218256 -0.00775836501 -2.80877725e-06 -0.9999699 -0.375188321 -0.926948667 -1.00821462e-05
947.723145 61.2765045 11.4673691 0.93387115 -0.330445468 0.136713088 0.503752947 0.487674713 0.141495839 -0.00966047775 -0.989891708 -0.333686471 -0.942683756 0.000838027569
947.708496 61.2933464 8.70277023 0.942798793 -0.333288699 -0.00701818848 0.508569956 0.487714767 -0.00745103229 -1.92897551e-05 -0.999972284 -0.333296835 -0.94282198 -3.87223881e-05
948.290161 63.2396927 12.1160393 0.681420565 -0.278505296 0.676831424 0.502622843 0.492338538 0.709006846 0.0217451304 -0.70486629 -0.227822542 -0.959540129 -0.165468201
947.543274 61.3242073 12.1083231 0.693432987 -0.247116774 0.676819086 0.502636194 0.487788081 0.702120841 0.0208221003 -0.711753309 -0.201560766 -0.968373418 -0.147059098
947.657288 63.5732002 -7.45822239 0.102939688 -0.0377426855 -0.993971348 0.716107965 0.368427634 -0.994682848 -0.000785968849 -0.102983542 -0.000850432378 -0.999282837 0.0378562994
946.900391 63.8795547 -7.45235109 -0.0052910028 0.00609163521 -0.999967456 0.717426777 0.369155169 -0.999985993 3.31510055e-05 0.00529130315 -4.43925601e-05 -0.999981523 -0.0060914862
946.890015 61.598278 -7.46619368 0.104995839 -0.0325829834 -0.993938804 0.717444777 0.363735795 -0.994469047 -0.00073572743 -0.10502772 -0.000778699352 -0.999465525 0.032681901
946.104065 61.8196297 -7.46068668 -0.00529093947 0.00609165244 -0.999967456 0.718814254 0.364261627 -0.999985993 3.87293403e-05 0.00529127335 -3.08105409e-05 -0.999981523 -0.0060915756
948.187317 63.3581352 -7.32653236 0.581825793 -0.232438162 -0.779391646 0.715184569 0.367916584 -0.803717852 -0.017549485 -0.594751775 -0.211544931 -0.96855855 0.13093248
947.44043 61.4426498 -7.33424997 0.592225134 -0.205402836 -0.77915293 0.716485858 0.363366008 -0.798148155 -0.0168317091 -0.602226019 -0.186420426 -0.975656152 0.115509637
945.231812 64.4796066 11.6291275 -0.905060053 0.365498781 0.217432633 0.538792849 0.944217086 0.239472926 0.0154807866 0.970779657 -0.374618053 -0.92717886 -0.000777734036
945.46228 64.3841858 12.1702404 -0.588861048 0.235309139 0.773222029 0.539735794 0.94399035 0.791512609 -0.0257023089 0.610612273 -0.269952416 -0.959002197 0.0862592012
944.367493 62.2209778 11.6199417 -0.925528109 0.310190707 0.217208534 0.538776994 0.938851297 0.23269017 0.0133297639 0.972459674 -0.318145037 -0.948040485 -0.0017441177
944.606689 62.1511078 12.1611643 -0.602052927 0.199446231 0.773145199 0.539719939 0.938685298 0.786209524 -0.0208617318 0.617607832 -0.231862009 -0.9702456 0.0697393417
945.217712 64.4958572 8.96131897 -0.92692405 0.375180244 0.0071903225 0.53414464 0.94425571 0.00775201665 -1.21314524e-05 0.999969959 -0.375189751 -0.926948071 1.6871918e-05
944.353333 62.2372284 8.95213318 -0.947925389 0.318416536 0.00695606926 0.534128666 0.938889861 0.00734251458 1.47200444e-05 0.999973118 -0.318423837 -0.947948456 -2.68387794e-05
946.679321 60.4599266 12.3208647 0.180417627 -0.0282780156 0.983183503 0.0369803496 0.549220264 0.983571172 -0.00102283969 -0.18051818 0.00324243051 -0.999564111 -0.0293441489
947.241577 60.3677483 12.1040926 0.725052655 -0.0970440134 0.681821883 0.0379598998 0.549001336 0.685700059 0.00951783638 -0.727822065 -0.0725072026 -0.99527669 -0.064553678
947.255432 48.5152321 12.2450514 0.184088737 0.00327296578 0.982904255 0.0379840545 0.520843565 0.982909381 0.000101060381 -0.184090048 -0.000377034245 -0.999994218 0.00340048829
947.824219 48.4896202 12.0286493 0.735150218 0.0339197926 0.67705518 0.0389751792 0.520782769 0.677527249 -0.00345784123 -0.735489547 0.0302365404 -0.999394178 0.017237654
945.87384 60.5936012 12.3259411 0.00529101398 -0.00609179772 0.999967456 0.0355767757 0.549537838 0.999985993 9.54390907e-06 -0.00529105356 6.18651984e-06 -0.999981523 -0.00609191693
946.44043 48.5537109 12.2495975 0.00529091246 -0.00609168876 0.999967456 0.0365639888 0.520934999 0.999985993 -3.49596553e-06 -0.00529103121 -9.48163006e-07 -0.999981523 -0.00609176978
947.425903 60.3404846 11.4632397 0.981977522 -0.127980039 0.139073253 0.503760219 0.485451102 0.139726833 -0.00390142924 -0.990182459 -0.12993075 -0.99151051 0.00500106299
947.411316 60.3573265 8.69864082 0.991668344 -0.128676429 -0.00602874719 0.508577228 0.485491157 -0.00608474016 -3.30784897e-05 -0.999981523 -0.128679931 -0.991686225 -0.00019216245
948.010864 48.4845505 11.3879194 0.989130616 0.0506853126 0.138027817 0.503891468 0.457285285 0.138133705 0.00142433203 -0.990412593 0.0511675514 -0.998690128 5.45327784e-05
947.996216 48.5013924 8.62332058 0.998627961 0.0521296486 -0.00496478938 0.508708358 0.45732522 -0.00497264927 6.42390933e-06 -0.999987662 0.0521302707 -0.998640358 -5.94165294e-06
947.241577 60.3677483 12.1040926 0.725052655 -0.0970440134 0.681821883 0.502643585 0.485515833 0.685700059 0.00951783638 -0.727822065 -0.0725072026 -0.99527669 -0.064553678
947.824219 48.4896202 12.0286493 0.735150218 0.0339197926 0.67705518 0.502774954 0.457297206 0.677527249 -0.00345784123 -0.735489547 0.0302365404 -0.999394178 0.017237654
946.574646 60.5804939 -7.47072506 0.109589383 -0.00854804926 -0.993940294 0.717994332 0.361317873 -0.993976653 -0.000182623888 -0.109591834 -0.000306428177 -0.999963343 0.00856606197
945.769104 60.7141647 -7.46564865 -0.00529096369 0.00609164359 -0.999967456 0.719397783 0.361635327 -0.999985993 1.85307053e-05 0.00529117463 -3.16203332e-05 -0.999981523 -0.0060915621
947.150696 48.6357994 -7.54653883 0.112024531 0.0121244555 -0.993631482 0.71699059 0.332941055 -0.993704915 0.000310287665 -0.112029031 0.000130948465 -0.999925792 -0.0121864956
946.335693 48.6742783 -7.54199219 -0.00529094413 0.00609169528 -0.999967456 0.71841073 0.333032489 -0.999985993 -1.78003302e-05 0.00529093295 3.21659468e-06 -0.999981523 -0.00609179866
947.138672 60.4861908 -7.33847952 0.618590295 -0.0754553825 -0.7820822 0.717011571 0.36109376 -0.784623206 -0.00689664437 -0.619934618 -0.0746486932 -0.996519566 0.0371007137
947.721375 48.6080627 -7.41392374 0.628649473 0.0376501605 -0.77677691 0.715996265 0.332875252 -0.777411938 0.0037738434 -0.628980577 0.031603653 -0.999239147 -0.0228558499
943.986816 60.9105148 11.6139727 -0.969216049 0.114910088 0.217752203 0.538766503 0.935738087 0.21977061 0.00504332175 0.975538552 -0.119270951 -0.992837548 -0.00694494229
944.231873 60.867012 12.1553249 -0.62748158 0.071015358 0.775386155 0.539709806 0.935634732 0.777023315 -0.00685729971 0.629434466 -0.102392845 -0.994709909 0.00824111234
944.531189 48.6480751 11.5363903 -0.975544751 -0.0495967083 0.214132324 0.538631439 0.906606495 0.214501396 -0.00218008831 0.976721227 0.0507494844 -0.998711407 -0.000113946262
944.779114 48.6331978 12.0779018 -0.636292994 -0.0364361294 0.77058661 0.539574862 0.906571209 0.771011889 0.00352940359 0.636811078 0.0377281904 -0.999158561 -0.0160907172
943.972656 60.9267654 8.94616413 -0.992893934 0.118853301 0.00597698335 0.534118056 0.935776651 0.00601726957 -2.16727112e-05 0.999981999 -0.118853584 -0.992911816 0.000229678932
944.51709 48.6643257 8.86858273 -0.998768032 -0.0493730009 0.0049826419 0.533982992 0.906645119 0.00498934323 1.46242007e-06 0.999987543 0.0493735112 -0.99878037 -8.47861065e-06
949.162598 13.7595644 12.0232325 0.183398113 0.0043650195 0.983029127 0.0413071215 0.438275456 0.983038306 0.000132568763 -0.183400422 -0.000405725616 -0.999989808 0.00451602507
949.730713 13.8091459 11.807292 0.734116316 0.0382922441 0.67794323 0.0422969572 0.438393235 0.67854172 -0.00375416223 -0.734552324 0.0338609554 -0.99923104 0.0197729245
951.321899 -21.4213638 11.7974892 0.184874013 0.00852643698 0.982725263 0.0450694151 0.354697108 0.982760608 0.000276576524 -0.184883028 -0.000350732065 -0.999961734 0.00874196645
951.877563 -21.2899189 11.5821133 0.735170484 0.0545991063 0.675679922 0.0460375696 0.355009437 0.676898897 -0.00545762107 -0.736055791 0.0479970016 -0.998441994 0.0284573473
948.348633 13.6905212 12.0271187 0.00529095158 -0.00609168736 0.999967456 0.0398888886 0.438111305 0.999985993 -1.90431201e-05 -0.00529116625 -3.09238743e-07 -0.999981523 -0.00609177025
950.525757 -21.6074696 11.8005676 0.0052909255 -0.00609170739 0.999967456 0.0436821915 0.354254961 0.999985993 -3.00405645e-05 -0.00529120676 -1.62647211e-06 -0.999981523 -0.00609178375
949.917053 13.8291359 11.1667166 0.988736391 0.0565133356 0.13858816 0.504276872 0.374955416 0.138721943 0.00156763056 -0.990330219 0.0570555627 -0.998371005 6.03453191e-05
949.902405 13.8459778 8.40211773 0.9983055 0.0579824075 -0.00492742611 0.509093761 0.374995351 -0.00493664201 2.45791216e-06 -0.9999879 0.0579831079 -0.998317659 -2.71569797e-06
952.059753 -21.2426376 10.9417257 0.987448692 0.078086257 0.137286648 0.504668832 0.291636109 0.137533784 0.00222993968 -0.990494549 0.078766264 -0.996892989 0.000480693678
952.045166 -21.2257977 8.17712688 0.996808767 0.0796835721 -0.00478594052 0.509485841 0.291676164 -0.00480247149 -3.51137032e-06 -0.999988496 0.0796844065 -0.996820152 -1.93695523e-05
949.730713 13.8091459 11.807292 0.734116316 0.0382922441 0.67794323 0.503160596 0.374907732 0.67854172 -0.00375416223 -0.734552324 0.0338609554 -0.99923104 0.0197729245
951.877563 -21.2899189 11.5821133 0.735170484 0.0545991063 0.675679922 0.503553033 0.291523933 0.676898897 -0.00545762107 -0.736055791 0.0479970016 -0.998441994 0.0284573473
949.057861 13.8801317 -7.76835775 0.111546889 0.0128399516 -0.993676305 0.713667512 0.250372887 -0.993758678 0.000392022339 -0.111551054 0.000147386891 -0.999916792 -0.0129040414
948.243896 13.8110895 -7.76447153 -0.00529095856 0.00609169435 -0.999967456 0.715085864 0.250208616 -0.999985993 -7.43825285e-06 0.00529101165 -9.18857168e-08 -0.999981523 -0.00609178003
951.217163 -21.3007965 -7.99410152 0.112586893 0.0155726122 -0.993519902 0.709905148 0.1667943 -0.993641019 0.000379327685 -0.112594664 0.000213085586 -0.999877572 -0.0156481173
950.421021 -21.4868965 -7.99102259 -0.00529098231 0.00609167945 -0.999967456 0.711292386 0.166352272 -0.999985993 -4.43581712e-06 0.00529105356 2.13530416e-06 -0.999981523 -0.00609177584
949.627808 13.9275875 -7.63527966 0.627518594 0.0414142609 -0.777499378 0.712674499 0.250485659 -0.778264582 0.00398254534 -0.627923965 0.0348361731 -0.999077797 -0.0251006261
951.774658 -21.1714764 -7.86045933 0.62907511 0.0555211566 -0.775359333 0.70893383 0.167101622 -0.776737094 0.00546809239 -0.629801333 0.0480169542 -0.998316765 -0.0325286947
944.433838 48.7601395 -6.85912704 -0.974778414 -0.0468108095 -0.218210831 0.506579399 0.90687269 -0.218352422 -0.00212922716 0.975867689 0.0480264723 -0.998846054 -0.00026752433
946.344543 13.6455841 -7.08315086 -0.974156857 -0.0554769598 -0.218954206 0.506188989 0.823451996 -0.219155386 -0.0025054065 0.975686729 0.0568294525 -0.998383999 0.000121075231
946.358459 13.6295681 -4.45404387 -0.998285592 -0.0583238043 0.00492504053 0.510769963 0.823413968 0.00493455632 -4.08039659e-06 0.999987841 0.0583245158 -0.998297691 -4.23417168e-06
944.447754 48.7441216 -4.23002052 -0.998768091 -0.0493725315 0.00498139858 0.511160254 0.906834662 0.00498857116 -3.07789537e-06 0.999987602 0.0493732579 -0.998780489 4.68584767e-06
948.563232 -21.9260769 -7.31158876 -0.972735226 -0.0811903849 -0.217242792 0.505790949 0.738945305 -0.217672214 -0.00363166933 0.97601521 0.0829722509 -0.996551454 0.000922293519
948.577148 -21.942091 -4.68248177 -0.99639374 -0.0847169608 0.00475503458 0.510371923 0.738907278 0.00477327826 -6.21381287e-06 0.999988675 0.08471784 -0.996405065 -1.83303855e-05
946.586609 13.6694155 -7.58849525 -0.625934899 -0.0315500945 -0.779236853 0.50530839 0.82350862 -0.779560208 -0.00309240469 0.626319826 0.038940493 -0.99919945 0.00917644426
948.799988 -21.8670483 -7.8166914 -0.627086282 -0.0480577424 -0.77746588 0.504910827 0.739085555 -0.778218448 -0.00458915252 0.627976894 0.0544182472 -0.998359263 0.0178193767
944.676208 48.7516403 -7.36467075 -0.627085626 -0.0261337422 -0.778511941 0.505698442 0.906852484 -0.77873528 -0.00245291879 0.627347887 0.032870315 -0.99943465 0.00707306294
952.654358 -34.6418381 11.7099009 0.17481792 0.0442831367 0.983604491 0.0473910421 0.323289394 0.984554887 0.00178777857 -0.175067306 0.000166155238 -0.998989403 0.044946257
953.181519 -34.4238091 11.495204 0.700904131 0.203219399 0.683692336 0.0483095683 0.323807597 0.700649917 -0.0167542435 -0.713308573 0.177686945 -0.978080511 0.108562604
953.796753 -36.8357315 11.6904917 0.155379578 0.0889947563 0.983838022 0.0493815988 0.318077564 0.987708569 0.00314724585 -0.156275541 -0.00260252808 -0.995893419 0.0904962793
954.280701 -36.5329704 11.4765387 0.620755911 0.386330903 0.682210147 0.0502247661 0.318796754 0.745036781 -0.0197645202 -0.666730523 0.321537912 -0.919065237 0.227886871
951.898865 -34.9517555 11.7120104 0.00529077882 -0.0060917493 0.999967456 0.0460747667 0.322553277 0.999985993 -2.72648376e-05 -0.00529104285 4.87214265e-06 -0.999981523 -0.00609186105
953.10321 -37.2668114 11.691535 0.00529075367 -0.00609182799 0.999967456 0.0481730923 0.317053437 0.999985993 -2.20695219e-05 -0.00529098604 2.58566979e-06 -0.999981523 -0.00609192764
953.354248 -34.3476677 10.8550425 0.949054122 0.28156665 0.141479969 0.50481987 0.260502696 0.144950137 0.00857704878 -0.989401877 0.283686936 -0.958901942 0.00537601672
953.3396 -34.3308258 8.09044361 0.958376825 0.285487056 -0.0033296959 0.50963676 0.26054287 -0.00348992459 4.84527045e-05 -0.99999398 0.28548792 -0.958382308 -0.000133987181
954.438965 -36.4285851 10.8366261 0.836940348 0.528302729 0.142923653 0.504851937 0.255559444 0.158566043 0.0158751551 -0.987220824 0.533494771 -0.845800102 0.002345416
954.424316 -36.411747 8.07202721 0.844987035 0.534785569 -0.00121325033 0.509668827 0.255599499 -0.00146698393 4.92182007e-05 -0.999998927 0.534785867 -0.844987631 -1.34537158e-05
953.181519 -34.4238091 11.495204 0.700904131 0.203219399 0.683692336 0.503704429 0.260321975 0.700649917 -0.0167542435 -0.713308573 0.177686945 -0.978080511 0.108562604
954.280701 -36.5329704 11.4765387 0.620755911 0.386330903 0.682210147 0.503737092 0.25531137 0.745036781 -0.0197645202 -0.666730523 0.321537912 -0.919065237 0.227886871
952.549622 -34.5212708 -8.08168888 0.105947345 0.0389970392 -0.993606806 0.707583547 0.135386825 -0.994366407 0.000880496169 -0.105993778 0.000662864943 -0.999233246 -0.039147187
951.794189 -34.8311844 -8.07957935 -0.00529098231 0.00609169761 -0.999967456 0.708899975 0.134650588 -0.999985993 2.23140032e-05 0.00529121654 -4.89960485e-07 -0.999981523 -0.00609178143
953.692078 -36.7151642 -8.10109901 0.0931666642 0.068305403 -0.993304789 0.70559299 0.130175114 -0.995637655 0.00129871361 -0.0932961702 0.00108266424 -0.997650385 -0.0685026869
952.998474 -37.146244 -8.10005474 -0.00529104564 0.00609174185 -0.999967456 0.706801534 0.129150867 -0.999985993 6.28876005e-05 0.00529152714 1.34193306e-06 -0.999981523 -0.00609183544
953.078613 -34.3053665 -7.94736814 0.597815394 0.183710933 -0.780299425 0.70666182 0.135899901 -0.795526683 0.0160345249 -0.605706394 0.158868283 -0.981230795 -0.109302804
954.177795 -36.4145279 -7.96603394 0.529173017 0.342162758 -0.776466668 0.704746842 0.130889058 -0.829835415 0.017742157 -0.557726145 0.304981321 -0.930634856 -0.202250451
950.031616 -35.5598221 -7.40241337 -0.933883011 -0.279867083 -0.222569332 0.505632639 0.706555963 -0.227946594 -0.0136250304 0.973578334 0.285302401 -0.958404064 0.00802772213
950.045532 -35.5758362 -4.77330637 -0.95734942 -0.288913965 0.0033066012 0.510213494 0.706517935 0.00346865435 -5.10374957e-05 0.99999398 0.288915098 -0.957354724 -0.000126224113
951.380554 -38.1581421 -7.42537928 -0.825371921 -0.518454969 -0.223530143 0.505592704 0.700383306 -0.246105984 -0.0259394739 0.968895793 0.531214833 -0.84722966 0.00358164776
951.394409 -38.17416 -4.79627275 -0.845830023 -0.533451259 0.00122561562 0.510173559 0.700345278 0.00147901196 -4.74180742e-05 0.999998987 0.533451557 -0.845830619 -3.36984631e-05
950.256104 -35.4635658 -7.90722322 -0.59625262 -0.173338503 -0.783860087 0.504753113 0.706784666 -0.794023812 -0.016622046 0.6076594 0.224398136 -0.973477423 0.0445782915
951.586426 -38.0254517 -7.92987013 -0.529585123 -0.326674044 -0.782830596 0.504713655 0.700698555 -0.819757104 -0.0401131734 0.571304977 0.370105833 -0.919379413 0.133278966
955.386108 -38.9369164 11.669282 0.138545007 0.111636288 0.984044015 0.0521507896 0.313085914 0.990169883 0.00365782832 -0.139822453 -0.00309403916 -0.993572772 0.113152914
955.813171 -38.5578461 11.4560947 0.551443577 0.479135454 0.682890356 0.0528949499 0.313986301 0.799652159 -0.0704229176 -0.596319556 0.30440563 -0.877732694 0.370030522
957.272705 -40.7758255 11.648097 0.118179493 0.131162658 0.984291613 0.0554380603 0.308717012 0.992800355 0.00388369407 -0.119718641 -0.00311670895 -0.991184175 0.132455319
957.631165 -40.3308601 11.4356747 0.468007118 0.55947578 0.684073269 0.0560625941 0.30977428 0.878680706 -0.377185732 -0.292662412 0.0178117454 -0.779894233 0.625657916
954.773743 -39.4771156 11.6692305 0.00529082399 -0.00609184429 0.999967456 0.0510839 0.311802387 0.999985993 3.3646204e-06 -0.00529090175 -1.59721355e-06 -0.999981523 -0.00609192206
956.758545 -41.4102478 11.6469526 0.0052908808 -0.00609187363 0.999967456 0.054542128 0.307209969 0.999985993 1.12763582e-05 -0.00529091014 4.92739991e-06 -0.999981523 -0.00609198539
955.952515 -38.4280281 10.8164377 0.742838681 0.653781235 0.144086063 0.504887104 0.250809312 0.158912331 0.0368772075 -0.986603737 0.65947336 -0.751652598 0.0106464187
955.937927 -38.4111862 8.05183792 0.749895573 0.661556304 6.12943695e-05 0.509704113 0.250849366 -0.000251640129 0.00037847957 -0.99999994 0.661556304 -0.749895513 2.95871032e-05
955.937927 -38.4111862 8.05183792 0.749895573 0.661556304 6.12943695e-05 0.0314942561 0.735497773 0.661556304 -0.749895513 -2.03074046e-06 0.000418597716 -0.000567731215 0.999999821
955.952515 -38.4280281 10.8164377 0.742838681 0.653781235 0.144086063 0.0315197445 0.728929937 0.661811769 -0.7495929 -0.0107550276 -0.0426937677 -0.168523401 0.984772682
957.747681 -40.179081 10.7962713 0.630071998 0.762793899 0.145446897 0.0346475281 0.728977859 0.770767033 -0.637112737 0.00238579512 -0.0192433503 -0.171907037 0.98492521
957.733032 -40.1622391 8.03167248 0.635969102 0.771713376 0.00133505894 0.0346220583 0.735545695 0.771714032 -0.635969758 2.73318492e-05 -9.52634509e-05 -0.00165217661 0.999998689
955.813171 -38.5578461 11.4560947 0.551443577 0.479135454 0.682890356 0.0312769338 0.727410316 0.683140934 -0.729188919 -0.0400260426 -0.275202751 -0.668291211 0.691122532
957.631165 -40.3308601 11.4356747 0.468007118 0.55947578 0.684073269 0.0344445668 0.727458835 0.878680706 -0.377185732 -0.292662412 0.0178117454 -0.779894233 0.625657916
955.813171 -38.5578461 11.4560947 0.551443577 0.479135454 0.682890356 0.503772497 0.250500917 0.799652159 -0.0704229176 -0.596319556 0.30440563 -0.877732694 0.370030522
955.281372 -38.816349 -8.12230873 0.0821345747 0.0831452161 -0.993146956 0.702823758 0.125183105 -0.99660641 0.00139885372 -0.0823035687 0.00126934296 -0.99652189 -0.0833227783
954.669067 -39.3565445 -8.12235928 -0.00529105403 0.0060916394 -0.999967456 0.7038908 0.123899817 -0.999985993 3.37356541e-05 0.00529135764 8.75232126e-06 -0.999981523 -0.00609177118
957.16803 -40.6552582 -8.14349365 0.0687858015 0.0959416181 -0.993007421 0.699536681 0.120814443 -0.997617722 0.00138528412 -0.068971321 0.00122054014 -0.995372415 -0.0960855708
956.653809 -41.2896805 -8.14463711 -0.00529112481 0.00609149737 -0.999967456 0.700432539 0.119307399 -0.999985993 -1.49075413e-05 0.00529113272 -1.40398188e-05 -0.999981523 -0.00609150855
955.710327 -38.4394073 -7.9864769 0.469330937 0.42238754 -0.775446475 0.702076435 0.126078606 -0.868533969 0.0623899586 -0.491687268 0.273940325 -0.904492319 -0.32687965
957.52832 -40.2124176 -8.00689793 0.397191912 0.491769999 -0.774855435 0.698908806 0.121866703 -0.914554775 0.14186278 -0.378767341 0.144755825 -0.8673141 -0.476247907
953.241089 -40.6235428 -7.450243 -0.731923282 -0.643285811 -0.224659115 0.505549431 0.694526374 -0.245036766 -0.0591589361 0.967707276 0.657185972 -0.753545165 0.0166261792
953.255005 -40.6395569 -4.821136 -0.749895036 -0.6615569 -6.38300553e-05 0.510130286 0.694488406 0.000256644591 -0.000386276224 0.99999994 0.6615569 -0.749895036 -4.1010062e-06
953.255005 -40.6395569 -4.821136 -0.749895036 -0.6615569 -6.38300553e-05 0.637112975 0.763439655 0.66155684 -0.749895036 1.32252972e-05 -0.000430072134 0.000582861714 -0.999999821
953.241089 -40.6235428 -7.450243 -0.731923282 -0.643285811 -0.224659115 0.637088776 0.757193565 0.662990391 -0.748436928 -0.0169110894 0.0699374527 0.257043451 -0.963865936
955.455261 -42.7769547 -7.47507668 -0.619719684 -0.751567006 -0.226041272 0.640946865 0.757134795 0.770993412 -0.636832774 0.00363972597 0.0322895497 0.263355285 -0.964158475
955.469177 -42.7929688 -4.84596968 -0.63475126 -0.77271539 -0.00134924834 0.640971065 0.763380527 0.772716045 -0.634751916 3.3999775e-05 8.96806087e-05 0.00167200714 -0.999998689
953.422485 -40.458046 -7.9544034 -0.470185161 -0.406368077 -0.78344816 0.637405038 0.75599587 0.690883636 -0.721846581 -0.0402168557 0.217057556 0.807183146 -0.548945844
955.607178 -42.5831261 -7.97890949 -0.39852044 -0.475237161 -0.784430504 0.641211629 0.755937576 0.757514656 -0.652732074 0.0106031774 0.173087254 0.800943196 -0.573176146
953.422485 -40.458046 -7.9544034 -0.470185161 -0.406368077 -0.78344816 0.504670978 0.694919407 -0.8511132 -0.0261019077 0.524333 0.400302529 -0.889324129 0.221044198
959.307068 -42.182888 11.6287613 0.0883584172 0.150176182 0.984702945 0.0589826107 0.305374384 0.995935619 0.00401395373 -0.0899785012 -0.00264479266 -0.988530755 0.150997281
959.586853 -41.6844292 11.4170809 0.345627904 0.639502585 0.686715186 0.0594701171 0.306558728 0.936646342 -0.279471636 -0.211162105 0.0242654197 -0.737662137 0.674733937
962.177734 -43.3118095 11.6066942 0.0573390312 0.163441196 0.984885454 0.0639844164 0.302692533 0.998279035 0.00277079269 -0.0585785955 -0.00187546725 -0.986489058 0.163816482
962.396851 -42.7782669 11.3955498 0.217365295 0.693710685 0.686671615 0.064366214 0.303959966 0.975622237 -0.176194608 -0.13083151 0.0193679724 -0.706418633 0.707529247
958.905396 -42.8937988 11.6265554 0.00529095717 -0.00609177351 0.999967456 0.0582827441 0.303685665 0.999985993 9.75491275e-07 -0.00529104983 7.43921601e-06 -0.999981523 -0.00609189924
961.862793 -44.0728989 11.6037245 0.0052910326 -0.00609151833 0.999967456 0.0634356886 0.300884485 0.999985993 4.15599698e-06 -0.00529110525 4.95772019e-06 -0.999981523 -0.00609163148
959.677063 -41.5148125 10.7779255 0.464633465 0.873105943 0.147654921 0.0380093269 0.72902143 0.88253814 -0.470228612 0.0034041123 -0.0141041754 -0.15942876 0.987108707
959.662476 -41.4979706 8.01332664 0.46868521 0.883360565 0.00290089636 0.0379838645 0.735589325 0.883364201 -0.468687236 6.33212549e-05 -8.52959492e-05 -0.00323891267 0.999994755
962.466858 -42.5969582 10.7565718 0.28989622 0.945436299 0.148695678 0.0428701974 0.729072213 0.955967665 -0.293464333 0.00215484155 -0.00848559756 -0.152822256 0.988217354
962.452209 -42.5801163 7.9919734 0.291993499 0.956410706 0.00428129733 0.0428446941 0.73563987 0.956419468 -0.29199633 4.92917497e-05 -2.78723692e-05 -0.00446788827 0.999990106
959.586853 -41.6844292 11.4170809 0.345627904 0.639502585 0.686715186 0.0378520899 0.727503061 0.936646342 -0.279471636 -0.211162105 0.0242654197 -0.737662137 0.674733937
962.396851 -42.7782669 11.3955498 0.217365295 0.693710685 0.686671615 0.042748183 0.727554202 0.975622237 -0.176194608 -0.13083151 0.0193679724 -0.706418633 0.707529247
959.202332 -42.0623207 -8.1628294 0.0492349565 0.108390667 -0.992888391 0.695991993 0.117471814 -0.998778284 0.00112962339 -0.0494037047 0.000954981544 -0.994098783 -0.108475454
958.800659 -42.7732315 -8.16503429 -0.00529111736 0.00609153509 -0.999967456 0.696691871 0.115782738 -0.999985993 -1.19753404e-05 0.0052911425 4.99416956e-06 -0.999981523 -0.00609164732
962.072998 -43.1912422 -8.18489552 0.0289065074 0.117079422 -0.992701769 0.69099021 0.114789724 -0.999578655 0.000774561777 -0.029015407 0.000678835204 -0.993118942 -0.117108867
961.758057 -43.9523277 -8.18786526 -0.00529097393 0.00609176792 -0.999967456 0.691539049 0.112981915 -0.999985993 7.87022827e-07 0.00529107638 4.65480516e-05 -0.999981523 -0.0060921004
959.483948 -41.5659866 -8.02549076 0.291217417 0.560639858 -0.775161624 0.695501328 0.118650913 -0.955055118 0.123508804 -0.26947248 0.120606281 -0.825332522 -0.551616132
962.293945 -42.6598244 -8.04702377 0.180497229 0.607674181 -0.773403525 0.690605283 0.11605227 -0.982661188 0.0775150806 -0.168429166 0.0831033811 -0.792928755 -0.603620768
957.865112 -44.4393387 -7.49795485 -0.465248704 -0.85522151 -0.228341922 0.645145655 0.757080436 0.877885699 -0.478846639 0.00475048646 0.0230938215 0.246145934 -0.968957722
957.879028 -44.4553528 -4.86884785 -0.476431847 -0.879206836 -0.00283526024 0.645169973 0.763326168 0.879210293 -0.476433903 6.40832004e-05 7.10568129e-05 0.00318615418 -0.999994934
961.025391 -45.7357216 -7.52257347 -0.29885599 -0.926268101 -0.22959207 0.65065217 0.757021904 0.951436818 -0.307825208 0.00342386472 0.0141533725 0.236258686 -0.971587121
961.039307 -45.7517395 -4.89346695 -0.305738032 -0.952106595 -0.00418248121 0.65067637 0.763267636 0.952114761 -0.305740952 6.05489768e-05 2.11625684e-05 0.00438594818 -0.999990404
957.983215 -44.2225075 -8.0014677 -0.299260378 -0.540370584 -0.786411405 0.645351529 0.755884171 0.88697356 -0.461364865 -0.0205084067 0.140701547 0.790181458 -0.596503496
961.117371 -45.5038071 -8.02585793 -0.193323985 -0.585995913 -0.786914647 0.650812387 0.755826116 0.945514381 -0.325425327 0.0100484956 0.0906276852 0.787950695 -0.609032273
966.573364 -44.3163071 11.5773172 0.0431887396 0.167943984 0.984850109 0.0716433376 0.300306201 0.999026954 0.00156246312 -0.044076886 -0.00146963086 -0.985758126 0.1681633
966.777832 -43.7720909 11.3663139 0.159739494 0.710130513 0.685709834 0.0719996318 0.301599026 0.986907363 -0.130571678 -0.0946831405 0.0144656301 -0.696238816 0.71766454
970.664978 -45.1666489 11.5504875 0.0527974889 0.16620633 0.9846766 0.0787724182 0.29828608 0.998554111 0.00119324599 -0.0537429973 -0.00192675553 -0.986033082 0.166538611
970.899536 -44.638916 11.3392248 0.200398162 0.700498343 0.684939921 0.0791811645 0.299539566 0.979154885 -0.166831404 -0.115857929 0.0176084768 -0.70158422 0.712368906
966.279358 -45.0926437 11.5741434 0.00529104099 -0.00609154254 0.999967456 0.0711309984 0.298461795 0.999985993 -4.74999206e-06 -0.00529116718 -3.54204167e-06 -0.999981523 -0.0060916096
970.327881 -45.9194221 11.5476856 0.00529097673 -0.00609178934 0.999967456 0.0781851113 0.296497703 0.999985993 -5.32371678e-06 -0.00529110758 -3.11968142e-06 -0.999981523 -0.00609185826
966.843018 -43.5872231 10.7273846 0.212181523 0.965861142 0.14863196 0.0504951216 0.729141533 0.976703584 -0.214592859 0.000191512736 -0.00601818832 -0.15080075 0.988545954
966.828369 -43.5703812 7.96278572 0.213673368 0.976893246 0.00482066674 0.0504696034 0.73570925 0.97690469 -0.213675916 8.88294835e-06 -1.9988222e-06 -0.00493419636 0.999987841
970.974731 -44.4595413 10.7002087 0.268348306 0.951913714 0.1478156 0.057694152 0.729206085 0.962566137 -0.271039754 -0.00200587395 -0.00768448785 -0.151323438 0.988454521
970.960083 -44.4426994 7.93560982 0.270819694 0.96261996 0.00443155086 0.0576686785 0.735773802 0.962629437 -0.270822108 -5.70553129e-05 1.92312891e-05 -0.00460891286 0.99998939
966.777832 -43.7720909 11.3663139 0.159739494 0.710130513 0.685709834 0.0503816009 0.727623641 0.986907363 -0.130571678 -0.0946831405 0.0144656301 -0.696238816 0.71766454
970.899536 -44.638916 11.3392248 0.200398162 0.700498343 0.684939921 0.0575631335 0.727688074 0.979154885 -0.166831404 -0.115857929 0.0176084768 -0.70158422 0.712368906
966.468628 -44.1957359 -8.2142725 0.0196377691 0.120045848 -0.992574155 0.68333149 0.112403393 -0.999805629 0.000594026642 -0.0197089966 0.000387336011 -0.99276644 -0.12006145
966.174622 -44.9720764 -8.21744633 -0.00529098511 0.00609194022 -0.999967456 0.683843613 0.110559106 -0.999985993 -2.19890317e-05 0.00529094925 4.95869681e-05 -0.999981523 -0.0060922876
970.560242 -45.0460815 -8.24110222 0.0259467401 0.118937343 -0.992562711 0.676202178 0.110383153 -0.999660492 0.000684435538 -0.0260502677 0.000556269311 -0.992898524 -0.118963033
970.223145 -45.798851 -8.24390507 -0.00529096276 0.00609175302 -0.999967456 0.676789522 0.108595014 -0.999985993 -1.79979943e-05 0.00529095111 5.26623044e-05 -0.999981523 -0.00609211763
966.674988 -43.6536522 -8.07625771 0.130866408 0.622138381 -0.771892369 0.682971954 0.113691449 -0.990994036 0.0598105378 -0.119806081 0.0611081421 -0.782169759 -0.620061576
970.796692 -44.5204773 -8.10334778 0.166197255 0.613896072 -0.771692991 0.67579031 0.111631989 -0.985531151 0.0770053938 -0.150991753 0.0764846206 -0.788244367 -0.610590696
965.490784 -46.7911491 -7.55263042 -0.206852138 -0.951214433 -0.228918001 0.658432722 0.756950378 0.977120996 -0.212682739 0.000818368979 0.00938927196 0.232037634 -0.972661495
965.5047 -46.8071632 -4.9235239 -0.210994303 -0.977475405 -0.00483823009 0.658456802 0.763196468 0.977486849 -0.210996851 1.10566207e-05 1.09501639e-06 0.00494939927 -0.999987781
969.43866 -47.5628166 -7.57822037 -0.225847557 -0.947449327 -0.226567566 0.665311337 0.756889582 0.972830236 -0.231514081 -0.00160418323 0.010143863 0.230276823 -0.97307229
969.452576 -47.5788345 -4.94911337 -0.229534328 -0.973289132 -0.00471536024 0.665335655 0.763135552 0.97329998 -0.229536846 -1.14043314e-05 -1.22414315e-06 0.0048445561 -0.999988258
965.576538 -46.5546455 -8.05585194 -0.135543808 -0.603468716 -0.785782039 0.658581972 0.755755067 0.97717452 -0.212368339 -0.00546247791 0.0654189065 0.785919487 -0.614858627
969.537354 -47.3334045 -8.08155441 -0.149611682 -0.602960467 -0.783616602 0.665483236 0.755693913 0.973197877 -0.229793698 -0.00899070129 0.0714585558 0.783870399 -0.616798997
972.623474 -45.8331223 11.5360651 0.091408655 0.147756964 0.984790564 0.082184881 0.296702743 0.995700657 0.00132636563 -0.092620343 -0.00379471132 -0.988871872 0.148721531
972.93158 -45.3517647 11.324131 0.36053133 0.629277587 0.688496172 0.0827217326 0.297846317 0.929840267 -0.300704658 -0.212070689 0.0207297057 -0.743361413 0.668568671
973.492371 -46.5519409 11.5270882 0.131148398 0.119380347 0.984148622 0.0836988911 0.29499495 0.991190672 0.00270623807 -0.132415116 -0.00428703148 -0.992645442 0.120982319
973.888062 -46.1398315 11.3142691 0.520657361 0.5114097 0.683649182 0.0843882859 0.295974016 0.846679389 -0.206331462 -0.490470737 0.200339139 -0.851570904 0.484449565
972.181274 -46.5195808 11.5342226 0.00529077929 -0.00609179959 0.999967456 0.0814144164 0.29507184 0.999985993 5.01347267e-06 -0.00529084681 -1.25035085e-05 -0.999981523 -0.00609181961
972.924988 -47.139389 11.5265121 0.00529076997 -0.0060917167 0.999967456 0.0827103257 0.293599367 0.999985993 4.19834214e-06 -0.00529084262 -9.88661759e-06 -0.999981523 -0.00609174976
973.03125 -45.1878471 10.6848907 0.487372935 0.860576749 0.147902891 0.0612774119 0.729242444 0.870513022 -0.492118776 -0.00512859551 -0.0146362977 -0.1613065 0.986795843
973.016602 -45.1710052 7.9202919 0.492090732 0.870539784 0.0026997372 0.0612518899 0.73581022 0.870542884 -0.49209252 -8.2223698e-05 5.52021484e-05 -0.00313234492 0.999995112
974.016907 -45.9989929 10.6747341 0.701179087 0.698154986 0.144663721 0.0629947707 0.729266644 0.706961989 -0.707111955 -0.0140550165 -0.0405066088 -0.163563654 0.985700846
974.002258 -45.9821548 7.91013527 0.707717001 0.706495941 0.000559124863 0.0629693121 0.73583442 0.706496 -0.707717061 -3.14402132e-05 0.00047574949 -0.00126812409 0.999999166
972.93158 -45.3517647 11.324131 0.36053133 0.629277587 0.688496172 0.0611037016 0.727723897 0.929840267 -0.300704658 -0.212070689 0.0207297057 -0.743361413 0.668568671
973.888062 -46.1398315 11.3142691 0.520657361 0.5114097 0.683649182 0.0627702624 0.727747321 0.846679389 -0.206331462 -0.490470737 0.200339139 -0.851570904 0.484449565
972.518738 -45.7125549 -8.25552559 0.0512362644 0.106822871 -0.992957056 0.672789812 0.108800173 -0.998677135 0.00114814704 -0.0514078997 0.00100583211 -0.99426806 -0.106912017
972.076538 -46.3990097 -8.25736713 -0.00529096555 0.0060915756 -0.999967456 0.673560262 0.107169151 -0.999985993 -1.48791723e-05 0.00529097347 5.08862213e-05 -0.999981523 -0.00609193044
973.387695 -46.4313736 -8.26450157 0.0772896931 0.0882234573 -0.993097663 0.671275735 0.107092381 -0.996994257 0.00147157547 -0.0774622262 0.00128297904 -0.996085286 -0.0883890092
972.820312 -47.0188217 -8.26507854 -0.00529112201 0.00609166687 -0.999967456 0.672264457 0.105696678 -0.999985993 2.40695281e-05 0.00529136695 2.64596729e-05 -0.999981523 -0.00609189318
972.828674 -45.2333221 -8.11844063 0.303982496 0.551416397 -0.7768749 0.672249675 0.109938383 -0.95024848 0.117301412 -0.288562506 0.127086893 -0.831647575 -0.540565729
973.785156 -46.021389 -8.12830353 0.442628205 0.450253099 -0.775469184 0.670583129 0.10806644 -0.881357908 0.0591336712 -0.468733937 0.285740465 -0.890538812 -0.353967667
971.046387 -48.0079498 -7.58943844 -0.460118026 -0.857568443 -0.229930148 0.668112516 0.756862998 0.882264495 -0.470644712 -0.0101583479 0.0229273066 0.247409105 -0.968639791
971.060242 -48.0239677 -4.96033192 -0.471044421 -0.882104814 -0.0028825528 0.668136716 0.76310873 0.88210845 -0.471046537 -0.000127077175 -4.79388218e-05 0.00329260482 -0.999994636
971.497437 -48.3962746 -7.59419107 -0.703173578 -0.674489498 -0.224968612 0.668898463 0.756851673 0.695566654 -0.718155801 -0.0209610723 0.0670466945 0.252093196 -0.965377569
971.511353 -48.4122925 -4.96508408 -0.720796525 -0.693146646 -0.000409095112 0.668922663 0.763097525 0.693146646 -0.720796585 -9.82583297e-05 -0.000478252739 0.00108732597 -0.999999285
971.176636 -47.7984734 -8.09306049 -0.294832498 -0.538382709 -0.789441586 0.668339491 0.755666494 0.855625987 -0.516558707 0.0327319019 0.129453257 0.796044052 -0.591232419
971.665344 -48.2165756 -8.09819412 -0.451091379 -0.42682156 -0.783798456 0.669191003 0.755654335 0.730414987 -0.681214213 -0.0494093522 0.21366097 0.801042438 -0.559177935
974.315247 -47.55933 11.5165977 0.151412681 0.095542632 0.983842432 0.0851325914 0.292601705 0.98832196 0.00263014506 -0.152357489 -0.00417545019 -0.995247126 0.0972927585
974.783142 -47.2322998 11.3028784 0.60379827 0.412659198 0.682011843 0.0859478563 0.293378711 0.754814386 -0.0209008604 -0.655605435 0.337497592 -0.907447517 0.250268519
974.971802 -48.6822014 11.5062828 0.166670561 0.0682282001 0.983649313 0.0862765685 0.289934278 0.98592037 0.00211833441 -0.167202309 -0.00395841803 -0.997548759 0.0698630139
975.494202 -48.4525871 11.2916822 0.667296529 0.300255984 0.681587696 0.0871867687 0.290479779 0.71931988 -0.0225274991 -0.694313645 0.246668786 -0.952586174 0.178140625
973.644531 -48.0251007 11.5173092 0.00529108662 -0.00609184057 0.999967456 0.0839640051 0.291495204 0.999985993 -3.16687619e-05 -0.00529137813 1.15708659e-07 -0.999981523 -0.00609192671
974.223145 -49.0086746 11.508255 0.00529129012 -0.00609155186 0.999967456 0.0849722028 0.289158702 0.999985993 -5.13618361e-05 -0.00529170083 -1.28668603e-06 -0.999981523 -0.00609163148
974.016907 -45.9989929 10.6747341 0.701179087 0.698154986 0.144663721 0.505133986 0.232823133 0.16196245 0.0416268259 -0.985918581 0.704057634 -0.710005164 0.0139847873
974.936096 -47.1198349 10.6630421 0.81356889 0.563603401 0.143027157 0.505154371 0.230160475 0.161821902 0.0167996157 -0.986676991 0.569726765 -0.821831107 -0.00227338867
974.921448 -47.1029892 7.8984437 0.821355283 0.570416451 -0.000871203316 0.50997138 0.230200291 -0.00100118981 -8.52985831e-05 -0.999999523 0.570416868 -0.821355343 3.7203532e-05
974.002258 -45.9821548 7.91013527 0.707717001 0.706495941 0.000559124863 0.509950995 0.232863069 0.000244781695 0.000546348048 -0.999999881 0.706495941 -0.707717121 6.01581705e-05
975.665283 -48.3725853 10.6515522 0.900396168 0.411293 0.141862005 0.505174518 0.227184176 0.150204331 0.0121533694 -0.988580346 0.415854812 -0.909426808 -0.00277172052
975.650696 -48.3557434 7.88695335 0.909176409 0.416404933 -0.00227350486 0.509991527 0.227224112 -0.0024700542 -6.69818328e-05 -0.99999696 0.416406065 -0.909178734 6.14166929e-05
974.783142 -47.2322998 11.3028784 0.60379827 0.412659198 0.682011843 0.504039526 0.229893208 0.754814386 -0.0209008604 -0.655605435 0.337497592 -0.907447517 0.250268519
975.494202 -48.4525871 11.2916822 0.667296529 0.300255984 0.681587696 0.504058957 0.226994395 0.71931988 -0.0225274991 -0.694313645 0.246668786 -0.952586174 0.178140625
973.888062 -46.1398315 11.3142691 0.520657361 0.5114097 0.683649182 0.504019618 0.232488513 0.846679389 -0.206331462 -0.490470737 0.200339139 -0.851570904 0.484449565
974.21051 -47.4387627 -8.27499294 0.0905753151 0.0726022646 -0.993239641 0.669842124 0.104699135 -0.995876133 0.0014015066 -0.0907132924 0.00118924084 -0.997346342 -0.0727939904
973.539795 -47.9045334 -8.2742815 -0.00529112387 0.0060916869 -0.999967456 0.671010613 0.103592515 -0.999985993 1.93982396e-05 0.00529133948 -1.79112703e-05 -0.999981523 -0.00609167805
974.867065 -48.5616302 -8.28530693 0.100572132 0.0546978302 -0.993425131 0.668698072 0.102031469 -0.994919956 0.00109428458 -0.1006632 0.000922592939 -0.99849236 -0.0548834279
974.118469 -48.8881111 -8.28333473 -0.00529096788 0.0060917614 -0.999967456 0.670002341 0.101256013 -0.999985993 -3.16877049e-05 0.00529087288 1.00149828e-05 -0.999981523 -0.00609190064
974.680237 -47.1138611 -8.13969421 0.514616728 0.364962876 -0.775868475 0.669023514 0.105471015 -0.836816609 0.0166050252 -0.547231436 0.324687839 -0.920446813 -0.217613131
975.391296 -48.3341446 -8.1508913 0.569388688 0.267726779 -0.777250946 0.667784691 0.102571845 -0.809731662 0.0194669999 -0.586477458 0.235758767 -0.958946824 -0.157603398
971.497437 -48.3962746 -7.59419107 -0.703173578 -0.674489498 -0.224968612 0.505298615 0.676060736 -0.247374892 -0.064559482 0.966766715 0.688665867 -0.724789083 0.0204959176
971.975464 -48.9975433 -7.6003828 -0.801654756 -0.55454582 -0.223223016 0.505287766 0.674632311 -0.250282466 -0.0277516004 0.967775106 0.569430947 -0.822034419 -0.00282815867
971.98938 -49.0135574 -4.97127628 -0.821355343 -0.570416272 0.000872238772 0.509868741 0.674594223 0.00101872801 6.1027964e-05 0.999999583 0.570416808 -0.821355402 1.14600589e-05
971.511353 -48.4122925 -4.96508408 -0.720796525 -0.693146646 -0.000409095112 0.50987947 0.676022708 -7.54349239e-05 -0.000511551509 0.999999881 0.693146586 -0.720796704 -6.60475871e-06
972.371887 -49.6554642 -7.6064887 -0.8796525 -0.42036885 -0.222489879 0.505277038 0.673069298 -0.236053318 -0.0202453677 0.971529305 0.432008058 -0.901860654 -0.00405795639
972.385803 -49.6714783 -4.97738171 -0.901234806 -0.433325976 0.00213074242 0.509858012 0.67303133 0.00233504595 5.82916837e-05 0.999997258 0.433327079 -0.901236832 5.03719566e-05
972.174438 -48.8544273 -8.10477257 -0.515153289 -0.350118101 -0.782326281 0.504408956 0.674972296 -0.825207889 -0.0440591238 0.563108265 0.399819613 -0.90553093 0.141979605
972.594299 -49.5542259 -8.11125851 -0.564654768 -0.263291538 -0.782203734 0.504397511 0.673309982 -0.806008816 -0.0279400852 0.591243744 0.316542327 -0.944359124 0.0893688872
971.665344 -48.2165756 -8.09819412 -0.451091379 -0.42682156 -0.783798456 0.50442028 0.676487684 -0.858634114 -0.0320044197 0.511588931 0.416822672 -0.8773157 0.237857312
975.341858 -49.7474632 11.4978352 0.179842755 0.0178569332 0.983533323 0.0869214013 0.287403584 0.983687878 0.000664565654 -0.179883078 -0.00356784137 -0.999816775 0.0188049655
975.89856 -49.624073 11.2824059 0.723374069 0.0956655666 0.683796883 0.0878913403 0.2876966 0.687569737 -0.00934238173 -0.726058245 0.0746294186 -0.995386004 0.0603091121
975.155945 -52.6750565 11.4809847 0.183649704 -0.0246092379 0.982683718 0.0865974575 0.280448437 0.98297745 -0.00080995087 -0.183724895 0.000101127247 -0.999686062 -0.0250539221
975.729736 -52.6405182 11.2649231 0.732497752 -0.0787461251 0.676199734 0.0875972733 0.280530453 0.678746521 0.00795991067 -0.734329581 -0.0653377101 -0.996834159 -0.0453077555
974.544189 -49.9220581 11.5009928 0.00529133808 -0.00609142799 0.999967456 0.0855315328 0.286988735 0.999985993 -2.27725263e-06 -0.0052914503 -1.57549465e-07 -0.999981523 -0.00609151321
974.333801 -52.722599 11.4850454 0.00529124122 -0.00609169714 0.999967456 0.0851650015 0.280335665 0.999985993 1.54664995e-05 -0.00529124495 -2.24129667e-06 -0.999981523 -0.00609177072
976.081116 -49.5794792 10.6420002 0.98062396 0.13610816 0.140894637 0.505191088 0.224317193 0.141658038 0.00410950836 -0.989907146 0.138256773 -0.990381002 -0.00552860694
976.066467 -49.5626373 7.87740135 0.990320563 0.138730109 -0.00439394498 0.510008097 0.224357247 -0.00443156064 -4.05173014e-05 -0.999990165 0.138732016 -0.99033004 0.00015482145
975.91803 -52.6255379 10.6243067 0.985455096 -0.100580469 0.136973977 0.505221963 0.217080474 0.137390658 -0.00280564791 -0.990513027 -0.101363055 -0.994848728 -0.0012673845
975.903381 -52.608696 7.85970783 0.994929373 -0.100404374 -0.00587513112 0.510038972 0.217120647 -0.00590600353 -6.60941305e-06 -0.999982655 -0.10040579 -0.994946659 5.6990506e-05
975.89856 -49.624073 11.2824059 0.723374069 0.0956655666 0.683796883 0.504075289 0.224211216 0.687569737 -0.00934238173 -0.726058245 0.0746294186 -0.995386004 0.0603091121
975.729736 -52.6405182 11.2649231 0.732497752 -0.0787461251 0.676199734 0.504105687 0.217045069 0.678746521 0.00795991067 -0.734329581 -0.0653377101 -0.996834159 -0.0453077555
975.237122 -49.6268997 -8.29375458 0.10921745 0.021675678 -0.993781567 0.668053269 0.0995007753 -0.994016171 0.000513714214 -0.109232031 0.000359793718 -0.999763072 -0.0217665993
974.439453 -49.801487 -8.29059792 -0.00529081095 0.00609176047 -0.999967456 0.66944313 0.099085927 -0.999985993 -3.82526996e-05 0.00529067637 3.21857042e-05 -0.999981523 -0.00609201659
975.05127 -52.5544968 -8.31060505 0.111753419 -0.00615475653 -0.993716955 0.66837728 0.092545867 -0.99373579 -8.61825829e-05 -0.111754999 -0.000278302643 -0.999981046 0.0061622574
974.229126 -52.6020279 -8.30654526 -0.00529063027 0.00609162729 -0.999967456 0.66980958 0.0924327374 -0.999985993 3.66949171e-05 0.00529095251 -4.92653442e-07 -0.999981523 -0.00609171018
975.795654 -49.5056305 -8.16016674 0.616964221 0.0909550935 -0.781717539 0.667080045 0.0997889042 -0.785417795 0.00838275347 -0.61890924 0.08406692 -0.995232403 -0.0494490266
975.626892 -52.5220757 -8.17765045 0.626405418 -0.059690699 -0.777208626 0.667374253 0.0926228762 -0.778802574 -0.00583306467 -0.627242088 -0.0572477207 -0.997894049 0.0304998066
972.578247 -50.2137489 -7.61098146 -0.967612684 -0.118804507 -0.222735837 0.505269289 0.671743095 -0.223638624 -0.00584937679 0.974654675 0.12419913 -0.992203653 -0.0103189172
972.592163 -50.2297668 -4.98187447 -0.992336214 -0.123485304 0.00450028479 0.509850264 0.671705067 0.00452927081 3.73990224e-05 0.999989808 0.123487279 -0.992346168 0.000161308737
972.310669 -52.7172585 -7.62481689 -0.967978239 0.128601804 -0.215591997 0.505245209 0.665795624 -0.216674045 0.00568466587 0.976227462 -0.131440684 -0.991323352 -0.00117928965
972.324585 -52.7332764 -4.9957099 -0.991348088 0.13112025 0.00604540296 0.509826183 0.665757537 0.00609765993 2.30658065e-06 0.999981403 -0.131122455 -0.991366208 2.86373634e-05
972.815369 -50.1581841 -8.11610699 -0.615247369 -0.0711297169 -0.785118639 0.504389167 0.67187506 -0.786778331 -0.00713548856 0.617194414 0.0563050099 -0.997342646 0.0462340303
972.555176 -52.6998901 -8.13021469 -0.624510407 0.0853237882 -0.776341796 0.504364729 0.665836811 -0.778726459 0.00803804491 0.627312124 -0.0910123736 -0.995192945 -0.036163792
974.144592 -59.3849144 11.4454603 0.181006104 -0.0338433385 0.982899487 0.0848352909 0.264508009 0.983454704 -0.00122207345 -0.181150436 0.00109485094 -0.999400198 -0.0346131176
974.721313 -59.3956871 11.2291069 0.72573024 -0.118311241 0.677730083 0.0858401582 0.264482498 0.683448434 0.0111086192 -0.729914367 -0.0967180282 -0.99286449 -0.0697561353
972.998047 -66.2533875 11.4096851 0.18028143 -0.0358137861 0.982962906 0.0828375965 0.248190761 0.983584642 -0.00129761721 -0.18044275 0.00124751159 -0.999327838 -0.036638841
973.57019 -66.2898712 11.1931992 0.723837972 -0.126841903 0.678210735 0.0838345364 0.248104095 0.684808671 0.0120662786 -0.728623033 -0.103747942 -0.991789937 -0.0747611299
973.318298 -59.3676491 11.4499378 0.00529100653 -0.00609169574 0.999967456 0.083395578 0.264549017 0.999985993 -1.35011114e-05 -0.0052911872 5.06398464e-07 -0.999981523 -0.00609178422
972.178345 -66.1993713 11.4143515 0.00529086264 -0.00609166827 0.999967456 0.0814093202 0.24831903 0.999985993 -1.95267094e-05 -0.00529107964 6.86207045e-07 -0.999981523 -0.00609175721
974.910522 -59.3958092 10.5883942 0.978223443 -0.155222386 0.137786493 0.505284429 0.200996757 0.138782904 -0.00445210375 -0.990312874 -0.156679347 -0.98764956 -0.000275000726
974.895874 -59.3789673 7.82379484 0.987751186 -0.155915484 -0.00617594924 0.510101438 0.201036692 -0.00625335146 -5.32183549e-06 -0.99998045 -0.155918524 -0.987770021 3.59051614e-06
973.757935 -66.2985611 10.5524416 0.976237476 -0.167049319 0.138039798 0.505347013 0.184598088 0.139181733 -0.00490954146 -0.9902547 -0.168649375 -0.98567611 -0.000106373547
973.743286 -66.281723 7.78784275 0.985779345 -0.167929113 -0.00623994786 0.510164022 0.184638023 -0.0063283965 6.00754402e-06 -0.999979973 -0.167932436 -0.985798538 6.62148977e-06
974.721313 -59.3956871 11.2291069 0.72573024 -0.118311241 0.677730083 0.504168153 0.200996995 0.683448434 0.0111086192 -0.729914367 -0.0967180282 -0.99286449 -0.0697561353
973.57019 -66.2898712 11.1931992 0.723837972 -0.126841903 0.678210735 0.504230738 0.184618592 0.684808671 0.0120662786 -0.728623033 -0.103747942 -0.991789937 -0.0747611299
974.039856 -59.2643433 -8.34612942 0.109958723 -0.0122010438 -0.993861377 0.670139551 0.07660532 -0.993935704 -0.000320430991 -0.109963007 -0.000389861816 -0.999925137 0.012232352
973.213562 -59.2470818 -8.34165287 -0.00529069826 0.00609164871 -0.999967456 0.671579123 0.0766464472 -0.999985993 2.29299058e-05 0.00529093575 1.19271017e-05 -0.999981523 -0.00609179726
972.893372 -66.1328201 -8.38190556 0.109467886 -0.0134895453 -0.993898869 0.672137022 0.0602880716 -0.993989825 -0.000389977038 -0.109472603 -0.00041683641 -0.999908507 0.0135251982
972.073608 -66.078804 -8.37723923 -0.00529099908 0.00609165942 -0.999967456 0.673565388 0.0604165792 -0.999985993 -3.20396175e-05 0.00529090175 -9.05815159e-06 -0.999981523 -0.00609169714
974.618408 -59.2772446 -8.21346474 0.620077193 -0.0939313993 -0.778897524 0.669131279 0.0765746832 -0.782835424 -0.008652227 -0.62216872 -0.0868658721 -0.994922519 0.0508294217
973.467346 -66.1714249 -8.24937344 0.618301153 -0.101297133 -0.779386044 0.671136856 0.0601962805 -0.783972323 -0.00933964364 -0.620725632 -0.0938346684 -0.994080722 0.0547603518
971.2854 -59.2108383 -7.65895033 -0.963135958 0.15738605 -0.218171448 0.505185723 0.650368929 -0.219808951 0.0071417545 0.975516796 -0.16122514 -0.986917734 -0.00020783834
971.299316 -59.2268562 -5.02984333 -0.987069726 0.160171524 0.00619826373 0.509766579 0.650330901 0.00628047157 6.91594687e-06 0.999980271 -0.160174653 -0.98708868 8.38743017e-06
970.160706 -65.9566193 -7.6940937 -0.961773813 0.164777279 -0.218722776 0.505124569 0.634343207 -0.220504194 0.00763114961 0.975356162 -0.168826193 -0.98564589 -0.00018027694
970.174622 -65.9726334 -5.06498718 -0.985819042 0.167696148 0.00623664912 0.509705424 0.63430506 0.00632852642 1.13943197e-05 0.999979973 -0.167699277 -0.985838234 5.62119658e-06
971.531189 -59.2129478 -8.16447258 -0.618403673 0.104262881 -0.778913558 0.504304886 0.650363863 -0.782470465 0.0102742845 0.62260294 -0.116771683 -0.992347956 -0.0401238501
970.404541 -65.96978 -8.19967365 -0.616883159 0.109014258 -0.779468477 0.504243612 0.634311855 -0.783371985 0.010651594 0.621461987 -0.121372767 -0.991690874 -0.0426388495
943.889465 61.0225754 -6.78154516 -0.96842283 0.117194012 -0.220052183 0.506714582 0.936004221 -0.222145915 -0.00494963489 0.975000978 -0.118564531 -0.992921591 -0.00701599428
944.129028 60.9854507 -7.28724766 -0.61838299 0.0784091055 -0.781955659 0.505833387 0.935916066 -0.783965051 0.00781539828 0.620755792 -0.0669008568 -0.996650636 -0.0470309556
944.270142 62.3330383 -6.77557611 -0.924904287 0.311849058 -0.217490792 0.506724954 0.939117432 -0.233250886 -0.0136732077 0.972320497 -0.319152653 -0.947701931 -0.00162906363
944.503784 62.2695503 -7.28140879 -0.593725264 0.203313857 -0.77855891 0.50584352 0.938966751 -0.792277813 0.0214320067 0.609784067 -0.224850133 -0.970930099 -0.0820802823
943.903381 61.0065613 -4.15243816 -0.992893994 0.118852437 0.00597219774 0.511295438 0.935966194 0.00601990568 2.36181804e-05 0.99998188 -0.118855879 -0.992911518 -0.000234691441
944.284058 62.3170242 -4.14646959 -0.9479267 0.3184129 0.00695027411 0.51130569 0.939079404 0.00732793333 -1.87272799e-05 0.999973238 -0.318421006 -0.947949409 2.86134255e-05
945.13446 64.5916748 -6.76638985 -0.904499531 0.366986573 -0.217259452 0.506740928 0.94448328 -0.239705577 -0.0161238573 0.970711768 -0.375807494 -0.926697433 -0.000772533996
945.359375 64.5026321 -7.27233124 -0.58088553 0.238208503 -0.778350055 0.505859375 0.944271803 -0.797321439 0.0259814505 0.602995396 -0.267751634 -0.958926022 -0.0936484784
946.084595 66.8155746 -6.75786972 -0.880803406 0.420795977 -0.217062995 0.50675571 0.949766517 -0.247163743 -0.0176072791 0.968813777 -0.430721551 -0.902483284 -0.00175225106
946.298035 66.7020874 -7.2638998 -0.565832376 0.2722103 -0.778289974 0.505874038 0.949496925 -0.803313136 0.0307078045 0.594764829 -0.30461055 -0.946165562 -0.109467521
945.148376 64.5756531 -4.13728333 -0.926925004 0.37517792 0.00718800165 0.511321783 0.944445252 0.00775954686 9.94702987e-06 0.9999699 -0.375188321 -0.926948547 -2.82439196e-05
946.098511 66.7995605 -4.1287632 -0.9025262 0.430571496 0.00739776855 0.511336565 0.949728429 0.00818705186 -2.052532e-05 0.999966562 -0.430582345 -0.902551293 7.10766253e-05
946.722717 68.021843 -6.75389767 -0.80293411 0.554838598 -0.217832923 0.506762624 0.952632248 -0.274172038 -0.0192821324 0.961487353 -0.567566633 -0.823312283 -0.00498940051
946.921997 67.8853226 -7.2599926 -0.514293849 0.356942415 -0.779803932 0.505880833 0.95230794 -0.82421416 0.0455692522 0.564441741 -0.395960063 -0.905384064 -0.153282315
947.614807 69.0351105 -6.75244474 -0.704945564 0.675426781 -0.216449931 0.506765127 0.955039382 -0.327187479 -0.0389183648 0.94415766 -0.690418661 -0.723358631 -0.00863125175
947.797546 68.8772507 -7.25858307 -0.453162849 0.435328215 -0.777902842 0.505883336 0.954664409 -0.85721451 0.0266341362 0.514270306 -0.435222507 -0.869619191 -0.233117968
946.736572 68.0058212 -4.12479067 -0.822927475 0.568092823 0.0078145368 0.511343598 0.952594221 0.00959162787 0.000139097145 0.999953985 -0.568110228 -0.822952449 -0.000142070887
947.628723 69.0190964 -4.1233387 -0.722292602 0.691540956 0.0080337571 0.511346221 0.955001354 0.0108953072 -0.00023679914 0.999940693 -0.691560984 -0.722318113 0.000375167991
947.614807 69.0351105 -6.75244474 -0.704945564 0.675426781 -0.216449931 0.0169921983 0.770667911 0.693215489 0.720676124 -0.008848425 0.0380159281 0.340719879 0.939395964
949.326965 70.6800385 -6.75148392 -0.662494183 0.717125654 -0.216407761 0.0199754462 0.770665646 0.734409213 0.678706527 0.000813472667 0.0253512654 0.310202748 0.950332344
949.490906 70.5027847 -7.25763988 -0.426368564 0.461761504 -0.777808607 0.0202611107 0.77186799 0.732014596 0.681281507 0.0031904343 -0.186129764 0.796696484 0.575004756
947.797546 68.8772507 -7.25858307 -0.453162849 0.435328215 -0.777902842 0.0173106138 0.771870255 0.710190237 0.703728616 -0.0198982842 -0.20390597 0.798891306 0.565857887
951.101929 72.2569733 -6.75126886 -0.617572546 0.756151974 -0.216421828 0.0230681784 0.77066505 0.77425307 0.632873714 0.00180788501 0.025457751 0.294239551 0.955392659
951.245056 72.0625 -7.25742054 -0.397901416 0.486383915 -0.777885139 0.0233175494 0.771867514 0.768728912 0.639540195 0.00666388869 -0.175426245 0.791915119 0.584889948
949.340881 70.6640244 -4.12237692 -0.678593993 0.734469295 0.00806412566 0.0199996997 0.764419675 0.734493792 0.67861551 2.77096642e-05 1.74886973e-05 -0.0109631149 0.999939919
951.115845 72.2409515 -4.12216282 -0.632348239 0.774642348 0.00806533825 0.0230924021 0.764419198 0.774667442 0.632368863 -7.41778786e-05 -4.09108216e-05 -0.0104445675 0.999945462
947.628723 69.0190964 -4.1233387 -0.722292602 0.691540956 0.0080337571 0.0170164369 0.764422059 0.691564977 0.722314239 0.000318097853 0.000220376038 -0.0113863638 0.99993515
952.182495 73.0662689 -6.75205612 -0.489621878 0.844313681 -0.217726812 0.0249508917 0.770666957 0.864493132 0.502619684 0.00502412347 0.0232594535 0.262263715 0.964715898
952.30304 72.8569794 -7.25817776 -0.314932704 0.541136563 -0.77973628 0.0251609348 0.771869302 0.852131486 0.522990704 0.0187823642 -0.141298801 0.785654366 0.602313757
953.435425 73.6071091 -6.75539064 -0.349850416 0.911354482 -0.216881871 0.02713391 0.770674825 0.933438838 0.358732522 0.00169911177 0.0160450898 0.237307444 0.971302152
953.53186 73.3855667 -7.2614603 -0.226396695 0.585824132 -0.778173923 0.0273019932 0.77187705 0.930240035 0.366909146 0.00557840429 -0.106072195 0.779338062 0.617560387
952.196411 73.0502472 -4.1229496 -0.501337647 0.865215421 0.00792476535 0.0249751303 0.764420986 0.865243077 0.501352787 0.000189198749 4.74041444e-05 -0.00913089793 0.999958336
953.44928 73.5910873 -4.1262846 -0.357961804 0.933705449 0.007582739 0.0271581635 0.764428973 0.933731854 0.357973248 -5.08672092e-05 -1.99289971e-05 -0.00812795386 0.999967039
955.727417 74.3786774 -6.76281786 -0.294341028 0.930726528 -0.217051879 0.0311274454 0.770692468 0.95339936 0.301710069 0.000852488505 0.0134883551 0.23113592 0.972827971
955.798584 74.1476059 -7.26881075 -0.191314176 0.598144114 -0.778217554 0.0312514566 0.771894574 0.951764703 0.306823373 0.00184845726 -0.0907016471 0.778696477 0.620809972
958.047241 75.0619659 -6.77092981 -0.237763152 0.946713984 -0.217259154 0.0351694748 0.77071178 0.969778419 0.243980557 0.00185152108 0.0109750535 0.226277545 0.97400105
958.092224 74.8241959 -7.27682638 -0.1555136 0.608185351 -0.77841258 0.0352479145 0.771913648 0.967157245 0.254123062 0.00532856537 -0.0737908557 0.778645873 0.623109698
955.741272 74.3626633 -4.13371086 -0.30081749 0.953653038 0.00740040094 0.0311516561 0.764446616 0.953679204 0.300825536 3.23510139e-05 6.08632399e-06 -0.00775804231 0.9999699
958.061157 75.0459518 -4.14182377 -0.242569268 0.970107436 0.00719273696 0.0351937003 0.764465928 0.970132649 0.242575139 -4.67961981e-05 -1.09854536e-05 -0.00741705019 0.999972582
959.383667 75.3379593 -6.77631998 -0.0500078052 0.974305153 -0.219610646 0.0374980271 0.770724654 0.998585045 0.0527588055 0.00667600241 0.00228671846 0.21999687 0.975497961
959.401917 75.0964127 -7.28209686 -0.0351858214 0.622903883 -0.781506658 0.0375298709 0.771926165 0.99605149 0.0856350437 0.0234105699 -0.0167978238 0.781511903 0.62366426
963.786438 74.8813248 -6.80239725 0.112772137 0.969399333 -0.218054071 0.045169387 0.770786524 0.993316889 -0.115417987 0.000606999965 -0.00521705905 0.220028624 0.975479543
963.774902 74.6393356 -7.30802011 0.0689201057 0.623823941 -0.778520226 0.0451492481 0.771987796 0.993941069 -0.109914735 -8.33902741e-05 0.0328978486 0.77853024 0.62674433
959.397583 75.3219376 -4.14721298 -0.050099913 0.998724043 0.00634979317 0.0375222638 0.764478803 0.998744309 0.0500991419 0.000200563823 9.24267624e-06 -0.00635695038 0.999979794
963.800354 74.8653107 -4.17329121 0.116804115 0.993140161 0.00543282367 0.0451936089 0.764540672 0.993154824 -0.11680565 -2.04266289e-05 3.58748298e-06 -0.00547020743 0.999985039
975.305298 73.3667526 -6.87257242 0.132793605 0.966791272 -0.218358681 0.0652396306 0.770953178 0.990709722 -0.135993555 0.000377931545 -0.00622625044 0.221119165 0.975226939
975.258362 73.1280594 -7.37798691 0.081464678 0.62199533 -0.778771698 0.0651579276 0.772153854 0.991345644 -0.131272897 -0.0011447093 0.0391142219 0.778771758 0.626086891
986.879333 71.6761246 -6.94411182 0.171900913 0.961110234 -0.216142118 0.0854060948 0.771123171 0.984438777 -0.17572087 0.00156745594 -0.00783353951 0.22073485 0.975302458
986.793152 71.4476624 -7.44925737 0.106483571 0.621113896 -0.776452839 0.0852558836 0.772323251 0.986253262 -0.165211737 0.00309673231 0.0508503281 0.776468933 0.628100514
975.319214 73.3507309 -4.24346542 0.137483865 0.990489841 0.00530727394 0.0652638748 0.764707327 0.990503788 -0.137485847 7.5711273e-06 -8.83919199e-07 -0.00535755185 0.999985695
986.89325 71.6601105 -4.31500578 0.17775698 0.98406142 0.00505419029 0.085430339 0.764877319 0.984074056 -0.177759156 -3.43814136e-05 5.76822777e-06 -0.00513701467 0.999986827
991.447754 70.6913605 -6.97428322 0.40704906 0.885690153 -0.223302931 0.0933660269 0.771194935 0.909517527 -0.415552378 0.00970699266 -0.0131874001 0.250145733 0.96811837
991.319885 70.4832535 -7.47908306 0.253525853 0.56485486 -0.785279334 0.0931431875 0.772394061 0.928221762 -0.370548666 0.0331372656 0.121573091 0.786759436 0.605169177
992.480652 69.900383 -6.98456717 0.66566813 0.711858749 -0.223926634 0.0951656699 0.771219254 0.733668685 -0.679152131 0.0219689943 -0.0294865277 0.324926168 0.945279658
992.313232 69.7213669 -7.48898125 0.421108514 0.457420588 -0.783220291 0.0948739499 0.772417545 0.772624671 -0.633223951 0.0455926992 0.201657549 0.794688463 0.572542071
991.46167 70.6753464 -4.3451767 0.4195472 0.90772754 0.00330850552 0.0933902711 0.764948964 0.907732368 -0.419549644 0.000148587249 -0.000168195111 -0.00356786326 0.999993682
992.494568 69.8843689 -4.35546064 0.684247613 0.729249299 0.00082015642 0.0951899067 0.764973402 0.729249895 -0.684247494 -8.01240094e-05 0.000455692847 -0.0015532925 0.999998689
992.480652 69.900383 -6.98456717 0.66566813 0.711858749 -0.223926634 0.535903215 0.50816232 -0.34629941 0.0288666487 -0.937679887 0.726793885 -0.686508 -0.0218519233
993.448059 68.7911301 -6.99644327 0.783307254 0.579481661 -0.225012526 0.535923958 0.505527079 -0.293912768 0.0262840651 -0.9554708 0.595420122 -0.803405941 0.00372361415
993.247742 68.6485443 -7.50046062 0.496349514 0.373598099 -0.783620834 0.536802053 0.505188286 -0.834358394 -0.0439981557 -0.549463511 0.440777689 -0.886108875 -0.1432693
992.313232 69.7213669 -7.48898125 0.421108514 0.457420588 -0.783220291 0.536782265 0.507736981 -0.870663762 -0.0381390713 -0.490397841 0.442387909 -0.857423902 -0.262901753
994.221069 67.5386047 -7.00816345 0.874906242 0.427921265 -0.226765364 0.535944343 0.502551496 -0.260120749 0.0202613194 -0.965363503 0.440329939 -0.897824228 0.00462732138
993.995728 67.4382248 -7.51179218 0.55412358 0.276914299 -0.785025954 0.536821961 0.502313077 -0.811629355 -0.0297959615 -0.583412468 0.328692973 -0.939203501 -0.09928637
993.461975 68.775116 -4.36733627 0.805023432 0.593242764 -0.000646925124 0.531342983 0.505489051 -0.000841352914 5.21433831e-05 -0.999999702 0.593242764 -0.805023611 -2.28407976e-06
994.234985 67.5225906 -4.37905741 0.899163723 0.437607706 -0.002091581 0.531363487 0.502513468 -0.00229141396 -7.17939765e-05 -0.999997437 0.437608242 -0.89916575 7.2535855e-05
992.494568 69.8843689 -4.35546064 0.684247613 0.729249299 0.00082015642 0.53132236 0.508124292 0.00057252124 0.000588531315 -0.999999702 0.729249895 -0.684247553 5.54300641e-05
994.670715 66.3178329 -7.01797962 0.959073901 0.164417446 -0.230530575 0.535961509 0.499651313 -0.234954774 0.00771726016 -0.971975684 0.170967057 -0.985239327 0.00858672615
994.42926 66.2638245 -7.52123976 0.604695261 0.107420601 -0.789179623 0.536838412 0.499523044 -0.793058753 -0.0102248294 -0.609059334 0.144129217 -0.989262521 -0.0242187083
994.632446 63.891468 -7.03255844 0.970566034 -0.0753779039 -0.228735283 0.53598702 0.493887067 -0.229648948 -0.00356791215 -0.973267019 -0.0768139809 -0.997042 0.00263138278
994.383057 63.8784065 -7.53552818 0.617347658 -0.0452164523 -0.785390019 0.536863327 0.493856072 -0.786065996 0.00431835186 -0.618127525 -0.0467538722 -0.998690963 0.0207462143
994.684631 66.3018112 -4.38887262 0.985813022 0.167795375 -0.00419280771 0.531380653 0.499613285 -0.00425849436 2.80356671e-05 -0.99999094 0.167795911 -0.985821724 -0.000129212887
994.646362 63.8754539 -4.40345192 0.996919692 -0.0782182962 -0.0057510226 0.531406164 0.49384892 -0.00576910516 -2.35255243e-06 -0.99998343 -0.0782191455 -0.996936262 8.10630227e-05
992.455444 51.6515198 -7.59981203 0.579319119 -0.213861555 -0.786544681 0.536975265 0.464808822 -0.80423528 0.00706208963 -0.594269037 -0.252553821 -0.964573622 0.0762524605
992.701294 51.6141167 -7.09713221 0.927099466 -0.282261372 -0.246607304 0.536099434 0.464720011 -0.259183824 -0.00749691483 -0.965798914 -0.292028904 -0.956404328 -0.00317846588
992.291321 50.6667061 -7.10982227 0.633765817 -0.709180892 -0.308874369 0.536121488 0.46246922 -0.450702876 -0.014030342 -0.892563701 -0.718311667 -0.68772769 0.105162308
992.144043 50.9538689 -7.47573328 0.467051268 -0.493849665 -0.733468294 0.536759138 0.463151574 -0.828193128 0.0462784283 -0.558528841 -0.467029184 -0.84213239 0.269623429
992.71521 51.5980988 -4.46802521 0.958965302 -0.283441931 -0.00680180639 0.531518579 0.464681983 -0.00710531883 -4.50683874e-05 -0.999974847 -0.283450007 -0.958987057 -0.000168340455
992.305176 50.6507301 -4.48753119 0.652564168 -0.757690668 -0.00806865469 0.531552553 0.462431312 -0.00981181208 0.00219800789 -0.999949515 -0.75768888 -0.652604282 0.00390518433
993.12323 54.1248055 -7.08407021 0.959832728 -0.159673139 -0.230707154 0.536076784 0.470684528 -0.232530534 0.00742958486 -0.972560763 -0.164113924 -0.986441433 -5.93706391e-05
993.137146 54.1087914 -4.45496321 0.98622942 -0.165265903 -0.00622687954 0.53149581 0.47064662 -0.00631085271 1.09442581e-05 -0.999980092 -0.165269122 -0.986248493 2.09529435e-06
992.875854 54.1529579 -7.58679914 0.609052062 -0.0979845375 -0.78705442 0.536952615 0.470751405 -0.790247202 0.00956656411 -0.612713635 -0.11498867 -0.992763638 0.034611851
946.441895 13.5335207 11.3123665 -0.974931955 -0.0582981184 0.214730129 0.53824091 0.823185682 0.215244561 -0.00261874846 0.976556718 0.0596710779 -0.998218179 -8.85170884e-05
946.689514 13.5509729 11.8540773 -0.635149956 -0.0420119278 0.77124542 0.539184928 0.823227286 0.771808982 0.00416281261 0.635840833 0.0440821052 -0.998863816 -0.0181076638
948.660583 -22.0381393 11.0839291 -0.973479688 -0.084064059 0.212769032 0.537842989 0.738679051 0.213826403 -0.00367680378 0.976864755 0.0858430043 -0.996308267 -0.000880287553
948.902832 -21.9854889 11.6258812 -0.636235714 -0.0589435808 0.769239843 0.538787365 0.738804221 0.770353913 0.00566610135 0.637591362 0.0607271567 -0.997809768 -0.026230691
946.427734 13.5497723 8.64455891 -0.998285592 -0.0583239235 0.00492697721 0.533592701 0.823224425 0.00493501639 6.37095263e-06 0.9999879 0.0583246537 -0.998297691 3.73232206e-06
948.646484 -22.0218868 8.41612053 -0.9963938 -0.0847168043 0.00475547416 0.533194661 0.738717735 0.00477248989 6.53404686e-06 0.999988616 0.0847176686 -0.996405065 -2.02699121e-05
950.128906 -35.6718826 10.993104 -0.934563696 -0.283453405 0.215046167 0.537684798 0.706289709 0.227138013 -0.010092495 0.973810315 0.288593143 -0.95742023 -0.00779058784
950.358948 -35.5820084 11.5353489 -0.604724705 -0.187867254 0.773959935 0.538629651 0.706503451 0.785396695 0.0205603801 0.61865139 0.186691672 -0.978142679 -0.091560185
951.477844 -38.2702065 10.9701376 -0.825689256 -0.522762477 0.212030262 0.537644744 0.700116992 0.259853899 -0.0188441109 0.965464056 0.534301519 -0.845287323 -0.0033838246
951.68927 -38.1438942 11.5127029 -0.536138535 -0.345453501 0.770205975 0.538590074 0.700417221 0.810661554 0.0436659865 0.583884597 0.37895593 -0.913813293 -0.146074072
950.114807 -35.655632 8.3252964 -0.957349658 -0.288913041 0.00330371968 0.533036351 0.706328392 0.00342184235 9.96721574e-05 0.999994218 0.288915306 -0.957354724 0.00012969019
951.463745 -38.2539558 8.30233002 -0.845829725 -0.533451676 0.00122545927 0.532996297 0.700155735 0.00147253415 -3.75118325e-05 0.999998927 0.533452094 -0.845830381 -2.870957e-05
953.338379 -40.7356033 10.9452744 -0.731942534 -0.647987008 0.210649088 0.537601352 0.69426012 0.302561849 -0.0320929624 0.952589393 0.660257518 -0.750877082 -0.015609066
953.525391 -40.5764885 11.4881687 -0.47506696 -0.427380532 0.769192636 0.538547397 0.694638133 0.843299091 0.0285278726 0.536687016 0.408851713 -0.881254494 -0.237130553
953.525391 -40.5764885 11.4881687 -0.47506696 -0.427380532 0.769192636 0.637584209 0.802185178 0.698726356 -0.714555621 0.0345227309 -0.223618358 -0.786800027 -0.575274229
953.338379 -40.7356033 10.9452744 -0.731942534 -0.647987008 0.210649088 0.63725853 0.800895512 0.665341437 -0.746369481 0.0159216803 0.0294656027 -0.338969737 -0.94033581
955.552612 -42.889019 10.9204407 -0.619383812 -0.756616771 0.209511012 0.6411165 0.800836384 0.773329735 -0.633995295 -0.00335835665 0.0259983949 -0.286483765 -0.95773226
955.710083 -42.7015686 11.4636631 -0.401393652 -0.498194665 0.768560588 0.6413908 0.802127004 0.87036711 -0.468777865 0.15069364 -0.0490876213 -0.826218903 -0.561206698
953.32428 -40.7193527 8.27746677 -0.749894619 -0.661557376 -6.13096345e-05 0.637233734 0.794557452 0.661557317 -0.749894619 -1.93336673e-05 -0.000396324584 0.000542627473 -0.999999762
955.538452 -42.8727684 8.25263309 -0.634751201 -0.772715509 -0.00134818 0.641091704 0.794498563 0.772716224 -0.634751797 1.43246252e-05 0.000125059436 0.00164228329 -0.999998689
953.32428 -40.7193527 8.27746677 -0.749894619 -0.661557376 -6.13096345e-05 0.532953143 0.694298804 0.000247184827 -0.000373573246 0.99999994 0.661557257 -0.749894738 -2.66517363e-05
957.962402 -44.5513992 10.897563 -0.464420319 -0.860632122 0.208868518 0.645315289 0.800782025 0.879594088 -0.475705296 -0.00433690567 0.0205015577 -0.246230394 -0.968994498
958.08606 -44.34095 11.4411049 -0.299348444 -0.565225184 0.768707454 0.645530581 0.80207324 0.93007803 -0.352662355 0.102878883 -0.0328552946 -0.799067438 -0.600343108
961.122681 -45.8477859 10.8729439 -0.29749459 -0.931901753 0.207499653 0.650821805 0.800723553 0.952435195 -0.304726183 -0.003038903 0.0133712646 -0.221385673 -0.975094676
961.220276 -45.6222534 11.4167156 -0.190422192 -0.612127006 0.767489493 0.650991797 0.802015424 0.972405612 -0.224948525 0.0618516728 -0.0194423255 -0.779289663 -0.626362383
957.948303 -44.5351486 8.22975445 -0.476431966 -0.879206777 -0.00283496222 0.645290852 0.794444203 0.879210472 -0.476433605 -6.6112545e-05 -2.59488534e-05 0.00323859113 -0.999994755
961.108582 -45.8315353 8.20513535 -0.305738419 -0.952106476 -0.00418208772 0.650797129 0.794385791 0.952114642 -0.30574128 6.48986825e-05 4.55697918e-05 0.00437799422 -0.999990404
965.588135 -46.9032097 10.8428869 -0.205205262 -0.956877887 0.205610558 0.658602118 0.800652266 0.977737844 -0.209829509 -0.000701584038 0.00927212927 -0.211972564 -0.977231681
965.679382 -46.6730881 11.3867197 -0.131025612 -0.629985094 0.765474439 0.658761263 0.801944137 0.987556875 -0.150676787 0.0450323522 -0.0135217858 -0.770923615 -0.636784196
969.536011 -47.674881 10.817297 -0.224272713 -0.953019977 0.203604743 0.665480852 0.80059135 0.973477781 -0.228777051 0.00145099044 0.0094691664 -0.211048067 -0.977429807
969.640259 -47.4518509 11.3610182 -0.145511732 -0.629286885 0.763429463 0.665662408 0.801883042 0.98556447 -0.159694999 0.0562163517 -0.0147923641 -0.770172238 -0.637664437
965.573975 -46.8869591 8.17507935 -0.210994214 -0.977475405 -0.00483760005 0.658577442 0.794314265 0.977486908 -0.210996643 -2.16637745e-05 4.71551448e-06 0.00494836504 -0.999987841
969.521851 -47.6586304 8.1494894 -0.229534313 -0.973289251 -0.0047139707 0.665456176 0.794253588 0.973300099 -0.229536459 -3.85425519e-05 -5.35820436e-06 0.00484499289 -0.999988258
971.143677 -48.1200142 10.8060789 -0.459301203 -0.863036811 0.210261911 0.668282151 0.800564647 0.883666813 -0.468025029 0.00925711263 0.0134051926 -0.243414074 -0.969829917
971.279541 -47.9169159 11.3495111 -0.294845641 -0.563284934 0.771865368 0.668518662 0.801855683 0.941242635 -0.310443491 0.132993579 -0.0367403068 -0.800494909 -0.598212421
971.594727 -48.5083389 10.8013268 -0.703097284 -0.67929256 0.210275605 0.669068098 0.80055356 0.697753549 -0.716063023 0.0198425073 0.0277677011 -0.321709394 -0.94643122
971.768188 -48.3350182 11.3443785 -0.455413282 -0.448425829 0.769098878 0.669370174 0.801843524 0.862088501 -0.437799931 0.255215257 -0.0370378494 -0.853593051 -0.519622028
971.129578 -48.1037598 8.13827038 -0.471045226 -0.882104397 -0.00288133859 0.668257594 0.794226885 0.882107735 -0.471047878 0.000149507803 0.000214579719 0.00315200794 -0.999995053
971.580627 -48.4920883 8.13351822 -0.720795989 -0.693147182 -0.000409250089 0.669043422 0.79421556 0.693146646 -0.720796585 -1.37190491e-05 -0.000461151387 0.00106978486 -0.999999404
971.594727 -48.5083389 10.8013268 -0.703097284 -0.67929256 0.210275605 0.537350535 0.675794601 0.312307537 -0.0293245018 0.949528456 0.691731513 -0.721900821 -0.0191526767
972.072754 -49.1096077 10.7951345 -0.801889062 -0.55895102 0.211063132 0.537339807 0.674366295 0.269948691 -0.0238010827 0.962580562 0.5723207 -0.820025325 0.00276546646
972.277283 -48.9728661 11.3377991 -0.521274805 -0.369522393 0.76923728 0.538285375 0.674690962 0.81683588 0.0449382514 0.57511729 0.424154609 -0.894356072 -0.142197341
971.768188 -48.3350182 11.3443785 -0.455413282 -0.448425829 0.769098878 0.538296819 0.67620635 0.778164923 0.219178706 0.588574529 0.657159448 -0.752130926 -0.0494030155
972.469238 -49.7675285 10.7890291 -0.880143523 -0.424357295 0.212763488 0.537329078 0.672803044 0.243479788 -0.0187938437 0.96972394 0.435054839 -0.900395691 0.00385970459
972.697144 -49.6726685 11.3313141 -0.572200119 -0.28026256 0.770739853 0.53827405 0.673028529 0.797138751 0.0308282766 0.603008807 0.324576259 -0.940450907 -0.101007648
972.058655 -49.0933533 8.12732601 -0.82135433 -0.570417881 0.000870258082 0.532691479 0.674404681 0.00108792423 -4.01659454e-05 0.999999464 0.570417702 -0.821354806 1.14584127e-05
972.455078 -49.7512741 8.12122059 -0.901234806 -0.433325976 0.00212805159 0.53268075 0.672841668 0.00232614507 7.41451222e-05 0.999997318 0.433327109 -0.901236832 5.04811469e-05
971.580627 -48.4920883 8.13351822 -0.720795989 -0.693147182 -0.000409250089 0.532702208 0.675833166 -7.70920815e-05 -0.00051007088 0.999999881 0.693146646 -0.720796585 -6.61964577e-06
972.675537 -50.3258133 10.7845364 -0.968428075 -0.121904366 0.217454359 0.537321329 0.671476841 0.219725505 -0.00534311915 0.975547194 0.127094746 -0.991840363 0.00999037735
972.918274 -50.2766266 11.3264656 -0.624316275 -0.0828293636 0.776767969 0.538265586 0.671593785 0.779005945 0.00797831733 0.626965761 0.118545413 -0.992892146 -0.0105962176
972.407959 -52.8293228 10.7707005 -0.968701243 0.126379848 0.213649854 0.537297249 0.665529251 0.21606636 0.00557027664 0.976362824 -0.129066318 -0.991635084 0.00138538494
972.658081 -52.8183327 11.3123579 -0.633565485 0.0781173185 0.769735456 0.53824091 0.665555358 0.771700144 -0.00748561742 0.635942519 -0.0865048245 -0.995804012 0.0298583955
972.661438 -50.3095627 8.11672783 -0.992336333 -0.123485319 0.00449775904 0.532673001 0.671515524 0.00453586504 -2.39189994e-05 0.999989808 0.123485461 -0.992346346 -0.000245713949
972.39386 -52.8130722 8.10289288 -0.991348088 0.131119967 0.00604355428 0.532648921 0.665567935 0.00609670859 4.19869679e-07 0.999981403 -0.131122217 -0.991366208 2.72065517e-05
971.382751 -59.3229027 10.7365675 -0.963882506 0.155232668 0.216410354 0.537237644 0.650102675 0.220093757 0.00673729507 0.975455523 -0.158949718 -0.987286627 0.000232414503
971.634033 -59.3313904 11.2781 -0.62743026 0.0976004601 0.772531807 0.538181424 0.650082648 0.775584996 -0.00993314851 0.631164968 -0.111392081 -0.99315995 0.0350045264
970.258057 -66.0686798 10.7014236 -0.962524116 0.162642613 0.217013478 0.53717649 0.634076834 0.22104834 0.00691384869 0.975238323 -0.166566774 -0.986030221 0.00021197024
970.507385 -66.0882187 11.2428989 -0.625896633 0.10248749 0.773142755 0.538119912 0.634030521 0.776533127 -0.0102038439 0.629993856 -0.117167905 -0.992433667 0.0367034823
971.368591 -59.3066521 8.06875896 -0.987069666 0.160171792 0.00619788468 0.532589436 0.650141358 0.0062802867 5.27264137e-06 0.999980271 -0.160174891 -0.98708868 -2.36064125e-06
970.243958 -66.0524292 8.03361607 -0.985818982 0.167696148 0.00623780722 0.532528162 0.634115517 0.00632811803 3.68691371e-06 0.999980032 -0.167699352 -0.985838234 1.06562602e-05
989.277954 51.1491394 -7.20386934 -0.857027471 -0.41699627 -0.302684754 0.505978584 0.912548184 -0.364533067 0.0755062401 0.928124249 0.353753597 -0.903279364 0.242785856
989.246826 52.1024666 -7.20494223 -0.972166419 0.0575151071 -0.227122366 0.505976796 0.914812922 -0.227579013 -0.00143137388 0.973758578 -0.0584575161 -0.998286605 -0.00258067111
989.433228 52.0783348 -7.61348677 -0.633745432 0.00459430739 -0.773528099 0.505264878 0.914755702 -0.773537457 -0.000435155089 0.633750498 -0.0127896592 -0.999907911 0.00453959778
989.463318 51.3676949 -7.50921917 -0.619289279 -0.280302167 -0.733424485 0.505446553 0.9130674 -0.768658459 0.0259195548 0.639134169 0.0883789659 -0.95305413 0.289615333
989.646851 54.4818077 -7.19256401 -0.963918388 0.162666693 -0.210715592 0.505998254 0.920465529 -0.214710012 -0.00717558665 0.97665149 -0.166420743 -0.986054838 8.4197869e-05
989.834412 54.4648438 -7.60107231 -0.626993239 0.109110005 -0.771345973 0.505286574 0.920425236 -0.776635051 -0.0100507438 0.629870713 -0.0958714634 -0.9934237 -0.0625941157
989.260254 52.0870399 -4.6726265 -0.997742593 0.0669139698 0.00568645122 0.51038909 0.914776385 0.00570006669 8.76296963e-06 0.999983788 -0.0669159293 -0.997758687 -8.56575571e-05
989.660217 54.4663811 -4.66024876 -0.986227632 0.165276811 0.0062244935 0.510410666 0.920428872 0.00631225947 3.52857023e-06 0.999980092 -0.165279865 -0.986246705 -3.99682767e-06
989.291382 51.1336823 -4.6662693 -0.892183065 -0.451669782 0.00196931278 0.510400057 0.912511468 0.00279630721 -0.00116349244 0.99999541 0.451669037 -0.892185152 -0.000844896771
991.12793 63.663147 -7.14446926 -0.971312344 0.115407176 -0.207926661 0.506082177 0.942277431 -0.209923759 -0.00529331109 0.977703512 -0.117635816 -0.993055463 -0.00165731297
991.278687 65.5080719 -7.13402748 -0.966322124 -0.14144899 -0.214974329 0.506100416 0.94666034 -0.217870906 0.00513418997 0.975964189 0.142701969 -0.989717543 0.00976156536
991.46167 65.5547943 -7.54212236 -0.622972727 -0.0869159997 -0.777399898 0.505389333 0.946771324 -0.780774415 0.0082070902 0.624759316 0.0758992434 -0.995835125 0.0505156294
991.317078 63.6781311 -7.55279112 -0.635148346 0.0777439401 -0.768467665 0.505370617 0.942312956 -0.771156549 -0.00761866802 0.636600018 -0.0683862716 -0.996674478 -0.0443089344
991.057373 66.0701752 -7.1294322 -0.870993912 -0.441836506 -0.214825839 0.506108284 0.947995722 -0.247434571 0.0167467818 0.968759894 0.45155564 -0.892232716 0.00427693734
991.227905 66.1528625 -7.53724337 -0.566780269 -0.281073838 -0.774440229 0.505397677 0.94819212 -0.80995065 0.0180427339 0.586220443 0.256277174 -0.953518093 0.158509523
991.292053 65.4926376 -4.60171175 -0.989233077 -0.146284506 0.00434365543 0.51051271 0.946623743 0.00438376842 4.57640563e-05 0.999990404 0.146285966 -0.989242315 0.000196481735
991.07074 66.0547485 -4.59711695 -0.890812635 -0.454366833 0.00194658642 0.510520697 0.947959125 0.00221028714 -5.05291791e-05 0.999997556 0.454366535 -0.890814841 -6.33631789e-05
991.141357 63.6477203 -4.61215353 -0.993058145 0.117473453 0.00597096747 0.510494471 0.942240775 0.00601147395 -6.48426612e-06 0.99998194 -0.117474824 -0.993075967 5.62299574e-05
990.64032 66.7233353 -7.12324667 -0.787119389 -0.577891767 -0.215602472 0.506119132 0.94954741 -0.278149813 0.0205753502 0.960317314 0.591285348 -0.806457222 0.00293507497
990.791443 66.8387375 -7.53075457 -0.512852788 -0.370194256 -0.774556756 0.505409122 0.949821591 -0.837389171 0.0169729386 0.546343565 0.331579566 -0.917648017 0.219036952
990.139954 67.3150635 -7.11699438 -0.682013035 -0.698284984 -0.217385292 0.50612998 0.950953186 -0.329073936 0.0275565293 0.943902016 0.712045908 -0.701833785 0.0204952527
990.265564 67.4587173 -7.52419615 -0.44370988 -0.448084265 -0.776107013 0.505420446 0.951294482 -0.879844129 0.0532586575 0.47226882 0.292521387 -0.891007602 0.347183913
990.653748 66.7079086 -4.59093094 -0.805022001 -0.593244731 0.000646825298 0.510531425 0.949510753 0.000750907755 7.03905971e-05 0.999999702 0.593244255 -0.805022538 -7.91478233e-05
990.153381 67.2996368 -4.58467913 -0.697782159 -0.716309786 -0.000671025773 0.510542154 0.950916588 -0.00039136206 -0.000555695908 0.999999762 0.716310203 -0.69778204 -5.71180135e-05
990.139954 67.3150635 -7.11699438 -0.682013035 -0.698284984 -0.217385292 0.701380849 0.757985353 0.718445241 -0.695277214 -0.0206425041 -0.0302084666 0.323886484 -0.945613623
989.66864 67.6929092 -7.11219883 -0.402680129 -0.887889326 -0.222489342 0.700559616 0.757996678 0.90959233 -0.415349007 0.0112775788 -0.0212030206 0.252049953 -0.967481971
989.76355 67.859108 -7.51910019 -0.260741979 -0.565043807 -0.782776654 0.700725079 0.757030129 0.885662794 -0.462690324 0.0389777161 0.116926648 0.786371708 -0.606586993
990.265564 67.4587173 -7.52419615 -0.44370988 -0.448084265 -0.776107013 0.701599836 0.75701797 0.752138257 -0.657055497 -0.0506566353 0.213886991 0.788049519 -0.577261031
985.692139 68.3886108 -7.08692026 -0.153595865 -0.963919997 -0.217409119 0.693631172 0.758056879 0.98750782 -0.157567158 0.000942926097 -0.00694322307 0.221067294 -0.975233853
985.754761 68.5705872 -7.49355555 -0.104119875 -0.624592423 -0.773978889 0.693740129 0.757090807 0.986251712 -0.165248856 0.000678026467 0.0500997379 0.773926795 -0.631290138
989.682007 67.6774826 -4.5798831 -0.411850721 -0.911245227 -0.00337170274 0.700582981 0.764012694 0.911250949 -0.411851466 -0.000198646099 -5.6007033e-05 0.00372562115 -0.999993086
985.705566 68.3731842 -4.55460501 -0.155682012 -0.987793684 -0.00519304257 0.693654418 0.764072657 0.987806916 -0.155684203 1.35111759e-05 -8.29452711e-06 0.00525898067 -0.999986231
990.153381 67.2996368 -4.58467913 -0.697782159 -0.716309786 -0.000671025773 0.701404333 0.764001369 0.716310203 -0.69778204 -0.000113240458 -0.000442525023 0.00136801298 -0.999999046
974.676453 69.9339294 -7.01922035 -0.133502722 -0.966129839 -0.220839798 0.674437404 0.758217692 0.990580499 -0.136931583 0.000219612819 -0.00610640924 0.223632157 -0.974654496
974.708618 70.123848 -7.42564487 -0.0899539068 -0.622457922 -0.777466714 0.674493432 0.757252097 0.990012348 -0.140971079 -0.00168098288 0.0438628048 0.77739805 -0.627477884
963.65979 71.4016724 -6.95198822 -0.12197575 -0.967696488 -0.220647708 0.655242205 0.758377314 0.992137492 -0.125152081 0.000419359014 -0.00552952802 0.22296676 -0.974810421
963.66449 71.5941467 -7.358253 -0.0822846219 -0.623794258 -0.777245104 0.655250549 0.757412076 0.991546988 -0.129745722 -0.000841983303 0.0394994617 0.777235746 -0.627968431
974.689819 69.9185104 -4.48690462 -0.135523468 -0.99075985 -0.00531705655 0.674460769 0.764233589 0.990773857 -0.13552545 -1.76202889e-06 -4.12568215e-06 0.00536783552 -0.999985635
963.673157 71.3862457 -4.41967249 -0.123843603 -0.992287159 -0.00538880471 0.65526557 0.76439333 0.992301583 -0.123845242 1.02654112e-05 2.49084763e-07 0.00543090468 -0.999985278
959.680359 71.8646164 -6.92811203 0.0535374545 -0.97301352 -0.224451765 0.648308635 0.758434057 0.998555779 0.0531797335 0.0076432256 0.00231445907 0.224894434 -0.974380374
959.661987 72.0567474 -7.3342557 0.0307702497 -0.62234211 -0.782140374 0.648276448 0.757469296 0.999521315 0.0166261178 0.0260929912 -0.015017394 0.782134712 -0.622928381
958.723816 71.6422729 -6.9244051 0.250303984 -0.942071557 -0.223269373 0.64664185 0.758442879 0.966558754 0.25644052 0.00155939697 0.0108028771 0.233313605 -0.972341657
958.684692 71.8314743 -7.33045816 0.158279881 -0.606330633 -0.779301524 0.646573663 0.757478237 0.968847096 0.247625649 0.00411392841 -0.0759667158 0.77943337 -0.621862411
959.693787 71.8491898 -4.3957963 0.0562230945 -0.998397887 -0.00637950888 0.648331881 0.764450073 0.998418033 0.0562260151 -0.000247754797 1.34182746e-05 0.00639050175 -0.999979615
958.737183 71.6268463 -4.39208984 0.257803202 -0.966170311 -0.0072497311 0.646665215 0.764458776 0.966195762 0.25780946 3.00335614e-05 -3.5529572e-06 0.00750254048 -0.999971867
956.775635 71.0541611 -6.91767979 0.292546332 -0.92974472 -0.22358793 0.643247366 0.758458734 0.953933656 0.300017297 0.000582783599 0.0127209183 0.237580255 -0.971284688
956.716187 71.2381668 -7.32365608 0.186051711 -0.598100185 -0.779526055 0.643143773 0.75749433 0.955193281 0.295981646 0.000883442408 -0.0892080814 0.779818892 -0.619616389
954.84259 70.4179001 -6.91132784 0.334216923 -0.915600359 -0.223551422 0.639879346 0.758473992 0.939482629 0.3425937 0.00139615533 0.0140060885 0.241989523 -0.97017777
954.763611 70.5945129 -7.31724644 0.213520035 -0.58890444 -0.779487491 0.639741659 0.757509589 0.941904426 0.335854143 0.0042714118 -0.102021955 0.780083835 -0.617301226
956.789001 71.0387344 -4.38536406 0.300816894 -0.953653157 -0.00740127778 0.643270612 0.764474869 0.953679264 0.300825357 -1.73205917e-05 -4.61251432e-07 0.00776051218 -0.9999699
954.856018 70.4024734 -4.37901258 0.343227386 -0.939222217 -0.00753773656 0.639902592 0.764489889 0.939249039 0.343236506 4.96519024e-05 -2.00801587e-05 0.00801792834 -0.999967873
953.931641 70.0510941 -6.90874243 0.488107353 -0.843108773 -0.225652099 0.638292074 0.758480072 0.866147161 0.499748856 0.00633791694 0.0167200193 0.267528385 -0.963404953
953.833923 70.2182159 -7.31461859 0.31122148 -0.539517879 -0.782343745 0.638121843 0.757515788 0.879749656 0.474906147 0.0224666726 -0.148266792 0.78558135 -0.600732088
953.171814 69.4522324 -6.90837002 0.627869308 -0.745362401 -0.224087283 0.636968255 0.758481026 0.765045404 0.643974543 0.00158017734 0.0218394492 0.304670423 -0.952207506
953.056641 69.6078644 -7.3142252 0.402867913 -0.479111731 -0.779839396 0.636767626 0.757516861 0.769765139 0.638303518 0.00550754741 -0.182330862 0.792953134 -0.581361175
953.945007 70.0356674 -4.37642622 0.501310647 -0.865231216 -0.00792202447 0.63831532 0.764496088 0.865258038 0.501326919 -0.00023034263 0.000134677131 0.0092344163 -0.999957383
953.185242 69.4368134 -4.37605476 0.644463301 -0.764592826 -0.00806574617 0.636991739 0.764496922 0.764618039 0.644483745 4.81461975e-05 -1.23370082e-05 0.0105393231 -0.999944508
951.692505 68.1197968 -6.90865993 0.66137284 -0.715752423 -0.224242121 0.634390593 0.75848031 0.734540462 0.678564727 0.000538775057 0.0229860507 0.318167418 -0.947755814
951.561157 68.262085 -7.31450939 0.424846649 -0.459546 -0.7799505 0.63416183 0.757516026 0.736165702 0.676797688 0.002228186 -0.189387113 0.797386944 -0.572980523
950.247375 66.7502747 -6.90935659 0.693539083 -0.684689939 -0.224060774 0.631872654 0.758478522 0.702777326 0.711408556 0.00138044264 0.0217882972 0.330807358 -0.943446815
950.101501 66.8775253 -7.31522179 0.446090668 -0.439183265 -0.779821217 0.631618619 0.757514477 0.706570029 0.707620502 0.00566695025 -0.19670555 0.801903486 -0.564143479
951.705872 68.1043701 -4.37634373 0.678593338 -0.734469891 -0.00806438364 0.634413958 0.764496326 0.734493554 0.678615749 -1.42713425e-05 2.72953002e-05 0.0110046584 -0.999939442
950.260803 66.734848 -4.37704134 0.711320162 -0.702822089 -0.00804584008 0.631896138 0.764494658 0.702845097 0.711342931 4.99471898e-05 -1.38258165e-05 0.0114326775 -0.999934673
949.590393 66.0401459 -6.91020632 0.802017152 -0.553081095 -0.225543439 0.630727887 0.758476615 0.573427558 0.818647921 0.0315685458 0.0107155181 0.390866429 -0.920385063
949.431641 66.150856 -7.31610346 0.513545513 -0.352589607 -0.782273471 0.630451441 0.757512331 0.634455562 0.769825995 0.0695270076 -0.249610484 0.810860872 -0.529338598
949.431641 66.150856 -7.31610346 0.513545513 -0.352589607 -0.782273471 0.536481023 0.499254584 -0.846139967 -0.0566421002 -0.529942393 -0.230409533 -0.934855938 0.270103365
949.590393 66.0401459 -6.91020632 0.802017152 -0.553081095 -0.225543439 0.535773754 0.498991609 -0.285917401 -0.0239571296 -0.957954824 -0.561396062 -0.826945186 0.0315613039
949.152832 65.160965 -6.91324663 0.886431694 -0.40539819 -0.223363295 0.535778999 0.496902943 -0.251893282 -0.0176646542 -0.967593849 -0.41621837 -0.909263551 -0.00150122389
948.983154 65.2538071 -7.31919575 0.570490122 -0.259093702 -0.779366195 0.536486387 0.49712348 -0.809750497 -0.0188268796 -0.586472332 -0.234431967 -0.960828722 0.147816971
949.60376 66.0247192 -4.37789059 0.822948217 -0.568062723 -0.00781495124 0.531361461 0.498954892 -0.0091210939 0.000542961992 -0.999958336 -0.568072975 -0.822977483 0.00108886941
949.166199 65.1455383 -4.38093138 0.909188926 -0.416319042 -0.00734610204 0.531366706 0.496866226 -0.00809128396 -2.47675089e-05 -0.999967277 -0.416331083 -0.909213185 -5.60083608e-05
949.60376 66.0247192 -4.37789059 0.822948217 -0.568062723 -0.00781495124 0.630751371 0.764492631 0.568087101 0.822967708 0.00111635949 -0.000894598605 0.0124601154 -0.999921978
948.365906 63.2842369 -6.92051601 0.903822422 -0.364974946 -0.223379672 0.535791636 0.492444515 -0.245896041 -0.0157651734 -0.969168007 -0.374541312 -0.927210152 -0.000493988045
948.187317 63.3581352 -7.32653236 0.581825793 -0.232438162 -0.779391646 0.536499143 0.492619991 -0.803717852 -0.017549485 -0.594751775 -0.211544931 -0.96855855 0.13093248
947.625793 61.3885689 -6.92814779 0.919446886 -0.323837161 -0.22303994 0.535804987 0.487940907 -0.240457043 -0.014250828 -0.970555186 -0.332490653 -0.943105698 -0.00132192986
947.44043 61.4426498 -7.33424997 0.592225134 -0.205402836 -0.77915293 0.536512613 0.488069534 -0.798148155 -0.0168317091 -0.602226019 -0.186420426 -0.975656152 0.115509637
948.379272 63.2688141 -4.38820028 0.926924109 -0.375180006 -0.00718917744 0.531379461 0.492407799 -0.0077502667 1.45683798e-05 -0.999969959 -0.375189304 -0.926948249 1.68279112e-05
947.63916 61.3731422 -4.39583254 0.942799091 -0.333287805 -0.00701953843 0.531392694 0.487904429 -0.00744474027 5.70884765e-07 -0.999972343 -0.33329612 -0.942822278 -6.6596418e-05
947.328613 60.452549 -6.93227768 0.966631889 -0.123997919 -0.22415933 0.53581214 0.485717297 -0.226569057 -0.00550201535 -0.973979652 -0.129036993 -0.991608262 -0.00791361649
947.138672 60.4861908 -7.33847952 0.618590295 -0.0754553825 -0.7820822 0.536519885 0.485797048 -0.784623206 -0.00689664437 -0.619934618 -0.0746486932 -0.996519566 0.0371007137
947.913513 48.596611 -7.00759745 0.974092722 0.0521818548 -0.220046595 0.535943389 0.457551479 -0.220469251 0.00241492339 -0.97539103 0.0534799583 -0.998569012 -5.79297666e-05
947.721375 48.6080627 -7.41392374 0.628649473 0.0376501605 -0.77677691 0.536651373 0.45757854 -0.777411938 0.0037738434 -0.628980577 0.031603653 -0.999239147 -0.0228558499
947.34198 60.4371223 -4.39996195 0.991668582 -0.128674582 -0.00603404734 0.531399846 0.485680699 -0.00607971987 2.63890433e-05 -0.999981523 -0.128675699 -0.991686761 0.000207859746
947.926941 48.5811844 -4.47528219 0.99862802 0.0521297306 -0.00496868836 0.531531096 0.457514763 -0.00497400155 -5.37395226e-06 -0.999987721 0.0521303378 -0.998640358 -2.55044552e-06
949.819702 13.9411993 -7.22880077 0.973611176 0.0579347499 -0.220737487 0.536328793 0.375221491 -0.221252084 0.00254328642 -0.975213408 0.0593887009 -0.998234928 -4.97403853e-05
949.627808 13.9275875 -7.63527966 0.627518594 0.0414142609 -0.777499378 0.537037015 0.375189304 -0.778264582 0.00398254534 -0.627923965 0.0348361731 -0.999077797 -0.0251006261
951.962402 -21.1305752 -7.45379114 0.972592831 0.0792223215 -0.218602642 0.536720872 0.291902423 -0.219564438 0.00353340455 -0.9755916 0.0810274482 -0.996711731 -0.00070952822
951.774658 -21.1714764 -7.86045933 0.62907511 0.0555211566 -0.775359333 0.537429452 0.291805267 -0.776737094 0.00546809239 -0.629801333 0.0480169542 -0.998316765 -0.0325286947
949.83313 13.9257727 -4.69648457 0.9983055 0.057982482 -0.00492983637 0.531916499 0.375184894 -0.0049372362 -5.73783154e-06 -0.9999879 0.0579831935 -0.998317659 4.66576284e-06
951.97583 -21.1460018 -4.92147589 0.996808767 0.0796834603 -0.00479120575 0.532308698 0.291865706 -0.00480478071 -3.74298907e-06 -0.999988496 0.0796843395 -0.996820152 -1.81790256e-05
953.256897 -34.2356033 -7.54047489 0.934220016 0.279833764 -0.221192405 0.53687191 0.260769129 -0.233220413 0.00999790989 -0.972372532 0.285137057 -0.958451211 -0.00825635064
953.078613 -34.3053665 -7.94736814 0.597815394 0.183710933 -0.780299425 0.537580848 0.260603547 -0.795526683 0.0160345249 -0.605706394 0.158868283 -0.981230795 -0.109302804
954.341675 -36.3165207 -7.5588913 0.823739588 0.523357093 -0.218060613 0.536903977 0.255825639 -0.267295748 0.0192943588 -0.963421345 0.535602689 -0.844462931 -0.00347856153
954.177795 -36.4145279 -7.96603394 0.529173017 0.342162758 -0.776466668 0.537613392 0.255592704 -0.829835415 0.017742157 -0.557726145 0.304981321 -0.930634856 -0.202250451
953.270325 -34.25103 -5.00815916 0.958376765 0.285487115 -0.00333478232 0.532459617 0.260732412 -0.00344851962 -9.85357401e-05 -0.999994099 0.285488874 -0.95838213 0.000123602949
954.355042 -36.3319473 -5.02657604 0.844987035 0.534785509 -0.00121448201 0.532491684 0.255788922 -0.00146074244 3.85211206e-05 -0.999998987 0.534785807 -0.844987631 -1.35543341e-05
955.855225 -38.3159637 -7.5790801 0.730923414 0.647151947 -0.216668725 0.536939263 0.251075506 -0.310860634 0.0330773629 -0.949879825 0.66020447 -0.750921905 -0.0156998113
955.710327 -38.4394073 -7.9864769 0.469330937 0.42238754 -0.775446475 0.537649035 0.250782132 -0.868533969 0.0623899586 -0.491687268 0.273940325 -0.904492319 -0.32687965
955.710327 -38.4394073 -7.9864769 0.469330937 0.42238754 -0.775446475 0.0310976841 0.773599505 0.698782265 -0.714539289 0.0337195024 0.218445614 0.795339286 0.565435112
955.855225 -38.3159637 -7.5790801 0.730923414 0.647151947 -0.216668725 0.0313501507 0.772631764 0.665470123 -0.746252775 0.0160094444 -0.0303409453 0.347982585 0.937009931
957.65033 -40.0670166 -7.59924555 0.619665504 0.754681945 -0.215568796 0.0344779231 0.772679567 0.772367835 -0.635166347 -0.00342760421 -0.02647499 0.294599086 0.955254197
957.52832 -40.2124176 -8.00689793 0.397191912 0.491769999 -0.774855435 0.0342653319 0.773648024 0.764841139 -0.644003451 -0.0166649204 0.173944324 0.788667858 0.589700222
955.868591 -38.3313904 -5.04676437 0.749895155 0.661556661 6.14176461e-05 0.0313734971 0.766615748 0.661556721 -0.749895215 -2.14241368e-06 0.000412403198 -0.000561000663 0.999999821
957.663696 -40.0824394 -5.06693029 0.635969222 0.771713316 0.0013354898 0.0345012844 0.766663671 0.771713853 -0.635969937 1.86894576e-05 -0.00010168866 -0.00164734409 0.999998689
955.868591 -38.3313904 -5.04676437 0.749895155 0.661556661 6.14176461e-05 0.53252697 0.251038909 -0.000243310205 0.000369328511 -0.99999994 0.661556721 -0.749895215 2.98636405e-05
959.579773 -41.4027519 -7.61759186 0.456400245 0.863409936 -0.214993551 0.0378397293 0.772723079 0.88357383 -0.468266845 -0.00485088164 -0.0209627151 0.251993865 0.96750176
959.483948 -41.5659866 -8.02549076 0.291217417 0.560639858 -0.775161624 0.0376728401 0.77369225 0.87443614 -0.484641314 -0.0220059846 0.132893249 0.778717697 0.61313802
962.369507 -42.4848938 -7.6389451 0.284059465 0.934813797 -0.213151485 0.0427005999 0.772773862 0.956602693 -0.291379571 -0.00306629715 -0.0131599689 0.226089433 0.974017739
962.293945 -42.6598244 -8.04702377 0.180497229 0.607674181 -0.773403525 0.0425689109 0.773743391 0.953249633 -0.301827341 -0.0146802822 0.0852704868 0.773690045 0.627799869
959.59314 -41.4181786 -5.08527613 0.468685985 0.883360207 0.00290171872 0.0378630906 0.766707182 0.883363903 -0.468687743 -6.93229886e-05 4.5763747e-05 -0.00330904475 0.999994576
962.382935 -42.5003204 -5.10662985 0.29199326 0.956410766 0.00428184634 0.0427239202 0.766757965 0.956419587 -0.291996211 6.48645728e-05 -2.48932265e-05 -0.00446909107 0.999990106
966.745667 -43.4751587 -7.66813278 0.207431421 0.955053926 -0.211764827 0.0503255129 0.772843242 0.97720629 -0.212291822 -0.000221076931 -0.00948832929 0.218427256 0.97580713
966.674988 -43.6536522 -8.07625771 0.130866408 0.622138381 -0.771892369 0.0502023548 0.77381289 0.977646708 -0.210222021 -0.00368714752 0.063234061 0.771764874 0.632756293
970.877441 -44.347477 -7.69530869 0.262886345 0.941346169 -0.211561337 0.0575245991 0.772907853 0.963312328 -0.268367171 0.00290822773 -0.0110183107 0.222188696 0.974941492
970.796692 -44.5204773 -8.10334778 0.166197255 0.613896072 -0.771692991 0.0573839322 0.773877263 0.96778363 -0.251648664 0.00823753979 0.0801214725 0.771582484 0.631063581
966.759094 -43.4905853 -5.13581705 0.213673189 0.976893306 0.004820548 0.0503488742 0.766827226 0.97690469 -0.213675648 -7.00370174e-06 4.23949268e-06 -0.00493541267 0.9999879
970.890808 -44.3629036 -5.16299343 0.270819604 0.96262002 0.00443126447 0.0575479195 0.766891837 0.962629497 -0.270822078 -5.81691856e-05 2.07741286e-05 -0.00460912613 0.99998945
972.933899 -45.0757828 -7.7106266 0.47876206 0.850984812 -0.215897635 0.0611078143 0.772944212 0.872316599 -0.488885432 0.00740177277 -0.0153634455 0.253995657 0.967083335
972.828674 -45.2333221 -8.11844063 0.303982496 0.551416397 -0.7768749 0.0609244555 0.773913026 0.890452564 -0.454336196 0.025941873 0.145021945 0.779177487 0.609796107
973.919556 -45.8869286 -7.72078323 0.689808726 0.690916896 -0.216327965 0.0628251806 0.772968292 0.7107656 -0.703122318 0.0207705069 -0.0284243803 0.324413717 0.945488214
973.785156 -46.021389 -8.12830353 0.442628205 0.450253099 -0.775469184 0.0625910088 0.773936391 0.749852717 -0.660090029 0.0447450504 0.212968871 0.787268758 0.578664184
972.947327 -45.0912094 -5.17831087 0.492089719 0.870540321 0.00269955606 0.0611311607 0.766928196 0.870543242 -0.492091984 0.000106548701 -0.000160009353 -0.00301067391 0.99999553
973.932983 -45.9023514 -5.18846798 0.707716763 0.70649606 0.000559546403 0.0628485382 0.766952395 0.706496239 -0.707716882 -3.17241211e-05 0.000470301515 -0.00126318401 0.999999166
973.919556 -45.8869286 -7.72078323 0.689808726 0.690916896 -0.216327965 0.537186027 0.233089328 -0.325529426 0.0290989224 -0.945084095 0.704292715 -0.709610999 -0.02059347
974.838745 -47.0077705 -7.7324748 0.800720096 0.558198273 -0.217398539 0.537206411 0.230426788 -0.278026521 0.0248370543 -0.960252285 0.572511315 -0.819889486 0.00349807949
974.680237 -47.1138611 -8.13969421 0.514616728 0.364962876 -0.775868475 0.537916064 0.230174541 -0.836816609 0.0166050252 -0.547231436 0.324687839 -0.920446813 -0.217613131
973.785156 -46.021389 -8.12830353 0.442628205 0.450253099 -0.775469184 0.537896276 0.232770085 -0.881357908 0.0591336712 -0.468733937 0.285740465 -0.890538812 -0.353967667
975.567993 -48.2605209 -7.74396515 0.886339545 0.40792352 -0.219090432 0.537226439 0.22745049 -0.248035505 0.0187272914 -0.968569934 0.418955415 -0.907996655 0.00430658553
975.391296 -48.3341446 -8.1508913 0.569388688 0.267726779 -0.777250946 0.537935495 0.227275491 -0.809731662 0.0194669999 -0.586477458 0.235758767 -0.958946824 -0.157603398
974.852173 -47.0231934 -5.20015907 0.821356416 0.570414841 -0.000870555523 0.532794118 0.230389953 -0.00108870934 4.1214138e-05 -0.999999404 0.570415616 -0.821356237 1.8398825e-05
975.58136 -48.2759476 -5.21164942 0.90917629 0.416405231 -0.00227419985 0.532814264 0.227413654 -0.0024653587 -7.82646312e-05 -0.99999696 0.416406244 -0.909178674 6.14351302e-05
973.932983 -45.9023514 -5.18846798 0.707716763 0.70649606 0.000559546403 0.532773733 0.233052611 0.000252938858 0.000538694207 -0.999999881 0.706496119 -0.707716882 6.05941568e-05
975.983765 -49.4674149 -7.75351715 0.965255916 0.136397421 -0.22288309 0.537243128 0.224583149 -0.225783855 0.00597938569 -0.974159181 0.141870812 -0.989847362 0.00865468103
975.795654 -49.5056305 -8.16016674 0.616964221 0.0909550935 -0.781717539 0.537951589 0.224492669 -0.785417795 0.00838275347 -0.61890924 0.08406692 -0.995232403 -0.0494490266
975.820679 -52.5134735 -7.77121067 0.970492661 -0.0970554054 -0.220735729 0.537274003 0.217346787 -0.222201556 -0.0044271308 -0.974990785 -0.099071987 -0.995078385 0.00194393017
975.626892 -52.5220757 -8.17765045 0.626405418 -0.059690699 -0.777208626 0.537981987 0.217326403 -0.778802574 -0.00583306467 -0.627242088 -0.0572477207 -0.997894049 0.0304998066
975.997192 -49.4828415 -5.22120142 0.990320504 0.138730273 -0.00439488422 0.532830834 0.22454679 -0.0044417493 2.8434566e-05 -0.999990225 0.138730407 -0.990330219 -0.000179627081
975.834106 -52.5289001 -5.23889542 0.994929314 -0.10040506 -0.0058752792 0.53286171 0.21731019 -0.00590462703 8.98348208e-06 -0.999982595 -0.100406326 -0.994946599 5.69031363e-05
974.813232 -59.2837486 -7.80712366 0.96316427 -0.150947064 -0.222552791 0.537336588 0.201262832 -0.226131797 -0.0067529059 -0.97407335 -0.154725477 -0.987957478 0.000463738194
974.618408 -59.2772446 -8.21346474 0.620077193 -0.0939313993 -0.778897524 0.538044453 0.20127821 -0.782835424 -0.008652227 -0.62216872 -0.0868658721 -0.994922519 0.0508294217
973.660583 -66.1865005 -7.84307575 0.961149812 -0.162604928 -0.223048642 0.537399173 0.184864283 -0.227185532 -0.00706497068 -0.973825872 -0.166760147 -0.985997498 0.000208745187
973.467346 -66.1714249 -8.24937344 0.618301153 -0.101297133 -0.779386044 0.538107157 0.184899926 -0.783972323 -0.00933964364 -0.620725632 -0.0938346684 -0.994080722 0.0547603518
974.826599 -59.2991714 -5.27480793 0.987751126 -0.155915186 -0.00617540535 0.532924175 0.201226234 -0.00625295052 -4.74763556e-06 -0.99998045 -0.15591833 -0.987770021 -1.15852572e-05
973.674011 -66.2019272 -5.3107605 0.985779345 -0.167929396 -0.00623821607 0.532986879 0.184827566 -0.00632906659 -4.5603806e-06 -0.999979973 -0.167932615 -0.985798478 4.57660144e-06
989.325806 51.0940094 1.84607911 -0.89218384 -0.451668233 0.00196922198 0.521747112 0.912417233 0.00279614516 -0.00116338232 0.99999541 0.451667368 -0.892186046 -0.000897516729
989.294678 52.0473785 1.83796096 -0.997742474 0.0669156089 0.00568703655 0.521732926 0.91468209 0.00569942454 -5.77572882e-06 0.999983788 -0.0669161901 -0.997758687 8.8077999e-05
989.694702 54.4267197 1.85033929 -0.986227691 0.165276244 0.00622530188 0.521754384 0.920334637 0.00631203875 -4.25772868e-07 0.999980092 -0.165279403 -0.986246884 7.49386845e-06
992.339783 50.6108856 2.05304861 0.652564347 -0.757690489 -0.00806852244 0.520156264 0.462336659 -0.00981885009 0.00219176826 -0.999949396 -0.757689178 -0.652604342 0.0038559942
992.749817 51.5582428 2.07482576 0.958965123 -0.283442408 -0.00680046435 0.520118356 0.464587331 -0.00710648345 -5.14250496e-05 -0.999974847 -0.283450186 -0.958987057 -0.000187134705
993.171753 54.0689316 2.08788776 0.98622942 -0.165265784 -0.00622468255 0.520095706 0.470551848 -0.00631114235 1.96319411e-06 -0.999980092 -0.165268943 -0.986248553 2.0540208e-06
991.175781 63.6080551 1.89843404 -0.993058264 0.117472276 0.00597009156 0.521838307 0.94214654 0.00601103669 -5.74792693e-06 0.999981999 -0.117474101 -0.993075967 4.36055234e-05
991.326538 65.45298 1.9088757 -0.989233494 -0.146282062 0.00434300117 0.521856427 0.946529508 0.00439497037 -3.20777799e-05 0.999990344 0.146282673 -0.989242911 -0.000176717527
991.105225 66.0150833 1.91347086 -0.890813887 -0.4543643 0.00194551703 0.521864533 0.94786489 0.00220643845 -4.40475815e-05 0.999997556 0.454365134 -0.890815675 -4.53732937e-05
994.680969 63.8355865 2.13939977 0.996919751 -0.0782183707 -0.00575126847 0.520005941 0.493754268 -0.00576843042 6.52754761e-06 -0.99998343 -0.0782192498 -0.996936202 7.25776845e-05
994.719238 66.2619476 2.15397835 0.9858132 0.167793706 -0.00419394346 0.51998055 0.499518514 -0.00426012417 3.44567889e-05 -0.99999094 0.167794675 -0.985822022 -0.000125096325
994.269592 67.4827347 2.16379428 0.899164617 0.437605798 -0.00209204922 0.519963264 0.502418816 -0.00234891172 4.57372334e-05 -0.999997258 0.437606782 -0.899166524 -3.78419656e-07
990.688171 66.6682434 1.9196564 -0.805023491 -0.593242586 0.000645710272 0.521875262 0.949416518 0.000835839601 -4.57830793e-05 0.999999642 0.593242705 -0.80502367 -8.5495285e-06
990.187805 67.2599792 1.92590868 -0.697781146 -0.71631068 -0.000671308429 0.52188623 0.950822353 -0.000397359574 -0.000550093944 0.999999762 0.716310859 -0.697781324 1.73762123e-06
993.496582 68.7352524 2.1755147 0.805023253 0.593242884 -0.000645782449 0.51994288 0.50539428 -0.000841598492 5.3475902e-05 -0.999999642 0.593243003 -0.805023432 -3.02002391e-05
992.529175 69.8445129 2.18739104 0.684246361 0.72925055 0.000822053174 0.519922256 0.508029521 0.000571236364 0.000591273652 -0.999999702 0.729250789 -0.68424654 5.525698e-05
990.187805 67.2599792 1.92590868 -0.697781146 -0.71631068 -0.000671308429 0.701464176 0.779468298 0.716310918 -0.697781324 -8.53346428e-05 -0.000464916666 0.00139006425 -0.999998987
989.716492 67.6378174 1.93070447 -0.41184637 -0.911247134 -0.00337194605 0.700643063 0.779479742 0.911252022 -0.41184935 0.000196096065 0.000194357213 0.00361249852 -0.999993503
985.73999 68.333519 1.9559828 -0.155682102 -0.987793565 -0.00519385096 0.693714499 0.779539824 0.987806916 -0.155684277 1.49770231e-05 8.22271977e-06 0.00525666447 -0.999986172
992.529175 69.8445129 2.18739104 0.684246361 0.72925055 0.000822053174 0.0952502564 0.749429762 0.729250848 -0.68424654 -8.05393065e-05 0.000456196489 -0.00155529915 0.999998689
991.496338 70.6354828 2.19767451 0.419546515 0.907727778 0.00330994278 0.0934505686 0.749405384 0.907732606 -0.419549257 0.000143471247 -0.000169567546 -0.00356800808 0.999993622
986.927856 71.6202545 2.22784591 0.177757248 0.98406142 0.00505426293 0.0854906365 0.74933356 0.984073937 -0.177759692 3.45076369e-05 -4.98235158e-06 -0.00513515808 0.999986827
974.724304 69.8788452 2.02368283 -0.135523677 -0.99075985 -0.00531858252 0.67452085 0.779700637 0.990773857 -0.135525614 3.52048983e-06 1.69490056e-06 0.0053678765 -0.999985635
963.707642 71.3465881 2.0909152 -0.123843096 -0.992287159 -0.0053896904 0.655325532 0.779860377 0.992301583 -0.123844944 1.02960967e-05 1.93887928e-07 0.00543147931 -0.999985337
975.353821 73.3108749 2.29938555 0.137483865 0.990489841 0.00530654378 0.0653241724 0.749163747 0.990503788 -0.137485817 3.7144971e-06 -2.04450066e-06 -0.00535713322 0.999985695
963.834961 74.8254547 2.36956048 0.116803899 0.993140161 0.00543212797 0.0452539213 0.748997092 0.993154824 -0.116805688 1.21607009e-05 -5.08696758e-07 -0.00546950754 0.999985039
959.72821 71.8095245 2.11479115 0.0562236197 -0.998397827 -0.00637965696 0.648391962 0.779917121 0.998418212 0.0562234595 0.000205067772 -4.41639486e-06 0.00638951687 -0.999979615
958.771667 71.5871811 2.11849809 0.257802337 -0.966170549 -0.00724989409 0.646725297 0.779925823 0.966195941 0.257808894 2.99721887e-05 -3.37683969e-06 0.00750262989 -0.999971867
959.43219 75.2820816 2.39563799 -0.0500986613 0.998724163 0.00634923717 0.0375826061 0.748935103 0.998744309 0.0500983447 0.000207232981 7.21561673e-06 -0.00635685818 0.999979794
958.095764 75.0060959 2.40102816 -0.24256742 0.970107913 0.00719327014 0.0352540426 0.748922229 0.970133126 0.242573217 7.1101822e-05 9.95514256e-06 -0.00741222501 0.999972522
956.823486 70.9990768 2.1252234 0.300817043 -0.953653097 -0.00740118558 0.643330812 0.779941916 0.953679383 0.300825089 2.70642831e-05 3.42210728e-06 0.00776172429 -0.9999699
954.890442 70.3628082 2.13157535 0.343227327 -0.939222217 -0.0075376709 0.639962792 0.779956937 0.939248919 0.343236774 4.20145916e-05 -3.78436062e-06 0.00802379847 -0.999967873
955.775879 74.3228073 2.40914011 -0.300817281 0.953653097 0.00740114087 0.0312119871 0.748903036 0.953679264 0.300825328 3.25239744e-05 5.36385642e-06 -0.00775890565 0.9999699
953.483948 73.551239 2.41656709 -0.35796389 0.933704674 0.00758190593 0.0272184629 0.748885214 0.933731675 0.357973665 6.73762042e-05 1.63783097e-05 -0.00811369438 0.999967098
953.979492 69.9960098 2.134161 0.501308739 -0.865232289 -0.0079235984 0.638375521 0.779963017 0.865260124 0.501323104 0.000202330993 -4.54419751e-05 0.00913105998 -0.999958336
953.219666 69.3971481 2.13453293 0.644462645 -0.764593303 -0.00806804188 0.637051582 0.779963851 0.764618397 0.644483328 4.8169215e-05 -4.04367092e-05 0.0105174035 -0.999944687
952.231018 73.0103912 2.41990161 -0.501339614 0.865214348 0.00792336743 0.0250354726 0.748877466 0.865242243 0.501354158 0.000167184044 4.72211141e-05 -0.00912994891 0.999958336
951.150513 72.2010956 2.42068887 -0.632347345 0.774643183 0.00806486141 0.0231527314 0.748875499 0.774668574 0.632367492 6.40897415e-05 2.97790102e-05 -0.010386196 0.999946058
951.740356 68.0647125 2.13424349 0.678593814 -0.734469473 -0.00806500949 0.634474039 0.779963255 0.734493554 0.67861563 4.09831191e-05 -7.1004215e-06 0.0109735085 -0.999939799
950.295227 66.6951904 2.13354683 0.711319983 -0.702822328 -0.00804538932 0.6319561 0.779961705 0.702845275 0.711342752 3.93446935e-05 -3.48679932e-05 0.0114112245 -0.999934971
949.375488 70.6241684 2.42047429 -0.678592801 0.734470487 0.00806482043 0.020060014 0.748876035 0.734494507 0.678614676 2.5738962e-05 1.70289404e-05 -0.0109640621 0.999939919
947.66333 68.9792404 2.41951299 -0.722292542 0.691540956 0.00803441647 0.0170767661 0.74887836 0.691565216 0.722314 0.000332092808 0.000221404684 -0.0113861319 0.99993515
949.638245 65.9850616 2.13269711 0.822947085 -0.568064332 -0.00781504996 0.630811334 0.779959559 0.568088233 0.822966993 0.00106430694 -0.000911896524 0.0124352127 -0.999922276
949.638245 65.9850616 2.13269711 0.822947085 -0.568064332 -0.00781504996 0.520017505 0.498860836 -0.00911503658 0.000551929639 -0.999958396 -0.568073869 -0.822976887 0.00115938555
949.200623 65.1058731 2.12965655 0.90918839 -0.416320413 -0.00734682754 0.520022869 0.496772051 -0.00808861386 -1.79834369e-05 -0.999967277 -0.416332126 -0.909212708 -7.00511519e-05
947.66333 68.9792404 2.41951299 -0.722292542 0.691540956 0.00803441647 0.522746205 0.954906702 0.0108984243 -0.00023438684 0.999940574 -0.691561282 -0.722317755 0.000341211795
946.77124 67.9659653 2.41806054 -0.822928965 0.568090618 0.00781489629 0.522743702 0.952499509 0.00959274638 0.00014013848 0.999954045 -0.568109214 -0.822953224 -0.000192956068
946.133118 66.759697 2.41408825 -0.902527153 0.43056953 0.00739864819 0.522736788 0.949633837 0.00821024179 2.68636632e-05 0.999966383 -0.430581689 -0.902551651 -5.91682547e-05
948.413757 63.2291489 2.12238741 0.926924527 -0.375178963 -0.00719011156 0.520035386 0.492313504 -0.00775931263 -6.40263306e-06 -0.9999699 -0.375188887 -0.926948488 -2.35688804e-05
947.673645 61.3334808 2.11475515 0.942799211 -0.333287418 -0.00701904157 0.520048857 0.487810135 -0.00745115569 -1.82943149e-05 -0.999972284 -0.333296001 -0.942822278 -5.26092808e-05
945.182983 64.5357971 2.40556788 -0.926924229 0.375179768 0.00719038164 0.522722006 0.9443506 0.00776076782 9.27120891e-06 0.9999699 -0.375189632 -0.926948071 -2.82458004e-05
944.318665 62.2771645 2.39638186 -0.947926044 0.318414778 0.00695542805 0.522705913 0.938984752 0.00734321726 1.75425084e-05 0.999973118 -0.318422824 -0.947948813 -5.13071136e-05
947.376465 60.3974609 2.11062551 0.991668463 -0.128675506 -0.00603099586 0.520056009 0.485586524 -0.00608552201 -3.05905996e-05 -0.999981523 -0.128679231 -0.991686225 -0.000232476566
947.961365 48.541523 2.0353055 0.998627961 0.0521296524 -0.00496623106 0.520187259 0.457420588 -0.00497305533 1.20203765e-06 -0.999987662 0.0521302857 -0.998640358 -3.68127485e-06
943.937988 60.9667015 2.39041281 -0.992893994 0.118852191 0.00597764272 0.522695541 0.935871542 0.00602342561 2.59845729e-05 0.99998194 -0.118855543 -0.992911518 -0.000206782584
944.482361 48.7042656 2.31283116 -0.998768091 -0.0493728071 0.00498405192 0.522560477 0.90674001 0.00499018235 -9.10599397e-07 0.999987602 0.0493733846 -0.998780489 -7.2971402e-06
949.867554 13.8861113 1.81410265 0.99830544 0.057982415 -0.00492887199 0.520572662 0.375090599 -0.00493717007 -1.4787858e-07 -0.9999879 0.0579831116 -0.998317659 -3.53073369e-06
952.010254 -21.1856632 1.58911192 0.996808708 0.0796835944 -0.0047887424 0.520964622 0.291771531 -0.00480426615 3.09921597e-06 -0.999988496 0.079684414 -0.996820152 -1.86330708e-05
946.393066 13.5897093 2.08880734 -0.998285532 -0.0583238974 0.00492711877 0.522170067 0.823319197 0.00493565714 -2.33647461e-06 0.9999879 0.0583245941 -0.998297691 -3.07826849e-06
948.611816 -21.9819508 1.86036909 -0.99639374 -0.0847168937 0.00475646788 0.521772027 0.738812685 0.00477380911 -2.11634142e-06 0.999988675 0.084717758 -0.996405065 -1.92837852e-05
953.304749 -34.2906914 1.50242841 0.958377004 0.28548643 -0.00333161815 0.521115661 0.260638237 -0.00349159166 5.13616069e-05 -0.99999398 0.285487622 -0.958382368 -0.000119076991
954.389465 -36.3716087 1.48401201 0.844987154 0.534785271 -0.00121291517 0.521147847 0.255694628 -0.00146745145 5.06066935e-05 -0.999998927 0.534785688 -0.84498781 -1.35341425e-05
950.080139 -35.615696 1.76954472 -0.95734942 -0.288913846 0.00330563961 0.521613717 0.706423163 0.00346846087 -5.16048676e-05 0.99999398 0.288915098 -0.957354844 -0.000119697135
951.429077 -38.214016 1.74657857 -0.845829844 -0.533451498 0.00122569664 0.521573663 0.700250506 0.00148026156 -4.94028391e-05 0.999998987 0.533451855 -0.845830441 -2.88474639e-05
955.903076 -38.3710556 1.46382308 0.749895215 0.661556602 6.26223991e-05 0.521182895 0.250944495 -0.000247611548 0.000375334639 -1 0.661556661 -0.749895215 -2.50109442e-05
955.903076 -38.3710556 1.46382308 0.749895215 0.661556602 6.26223991e-05 0.0314335227 0.751148701 0.661556602 -0.749895275 -2.01905459e-06 0.000414644135 -0.000564671354 0.999999821
957.698181 -40.1221046 1.44365764 0.635969341 0.771713197 0.00133651716 0.03456131 0.751196623 0.771713853 -0.635969996 2.29911147e-05 -9.99171098e-05 -0.00164953922 0.999998689
953.289612 -40.6794167 1.72171509 -0.749894917 -0.661557019 -6.21572908e-05 0.521530509 0.694393575 0.000258271379 -0.000386714441 0.999999881 0.661556959 -0.749894977 -2.65761446e-05
953.289612 -40.6794167 1.72171509 -0.749894917 -0.661557019 -6.21572908e-05 0.637173414 0.778983235 0.661557019 -0.749894917 -1.93910673e-05 -0.000425752951 0.00057655992 -0.999999821
955.503784 -42.8328285 1.69688118 -0.63475126 -0.77271539 -0.00134857057 0.641031265 0.778924346 0.772716045 -0.634751856 2.08462043e-05 9.37967998e-05 0.0016681836 -0.999998689
959.627625 -41.45784 1.42531157 0.468685478 0.883360445 0.00290149474 0.0379231162 0.751240253 0.883364022 -0.468687534 6.31818402e-05 -8.84084002e-05 -0.00323768589 0.999994755
962.417358 -42.5399818 1.40395808 0.29199326 0.956410766 0.00428128522 0.0427839458 0.751290798 0.956419587 -0.291996241 6.03525077e-05 -2.6611182e-05 -0.00446823938 0.999990106
957.913635 -44.4952126 1.67400324 -0.476431847 -0.879206955 -0.00283508352 0.645230293 0.778869867 0.879210293 -0.476433903 7.4436648e-05 8.59811698e-05 0.00317798345 -0.999994934
961.073914 -45.7915955 1.64938426 -0.305738121 -0.952106476 -0.00418243511 0.65073657 0.778811336 0.952114701 -0.305741042 6.11339856e-05 3.25475958e-05 0.0043823286 -0.999990404
966.793518 -43.5302467 1.37477052 0.213673279 0.976893365 0.00482058106 0.0504089035 0.751360178 0.97690469 -0.213675812 1.12207372e-05 -9.22260199e-07 -0.00493434211 0.9999879
970.925232 -44.402565 1.34759474 0.270819724 0.96261996 0.00443129707 0.0576079451 0.751424789 0.962629497 -0.270822138 -5.70340744e-05 1.76875456e-05 -0.00460829865 0.99998939
965.539307 -46.847023 1.61932743 -0.210994288 -0.977475405 -0.004838333 0.658517122 0.778740048 0.977486849 -0.210996851 1.75796704e-05 -1.7394334e-06 0.0049501406 -0.999987781
969.487183 -47.6186905 1.59373748 -0.229534045 -0.973289192 -0.00471466826 0.665395856 0.778679132 0.973300099 -0.229536489 -2.74874383e-05 -1.92559e-05 0.00484854123 -0.999988258
972.98175 -45.1308708 1.33227658 0.492090732 0.870539784 0.00269970857 0.0611911453 0.751461148 0.870543063 -0.492092311 -8.92827811e-05 5.49276156e-05 -0.00313222362 0.999995112
973.967407 -45.9420204 1.32211995 0.707717001 0.706495821 0.000559563923 0.0629085675 0.751485348 0.706495941 -0.707717121 -3.17371123e-05 0.000472442858 -0.001265286 0.999999166
971.09491 -48.0638237 1.58251929 -0.471045703 -0.882104158 -0.00288126385 0.668197155 0.778652668 0.882108092 -0.471047252 -0.000147980565 -4.69597071e-05 0.00329141226 -0.999994576
971.545959 -48.4521523 1.57776701 -0.720797181 -0.693145931 -0.000408767635 0.668982983 0.778641343 0.69314599 -0.720797241 -4.17923693e-05 -0.000472586078 0.00108116632 -0.999999404
973.967407 -45.9420204 1.32211995 0.707717001 0.706495821 0.000559563923 0.521429896 0.232958555 0.000244579191 0.000547025236 -0.999999881 0.706495941 -0.707717121 6.05640889e-05
974.886597 -47.0628586 1.31042838 0.821355164 0.570416451 -0.000870803138 0.521450162 0.230295777 -0.000998887816 -8.82883178e-05 -0.999999523 0.570416689 -0.821355581 -1.01823707e-05
975.615845 -48.315609 1.29893827 0.909176528 0.416404754 -0.00227379124 0.521470189 0.227319717 -0.00247226632 -6.25782632e-05 -0.99999696 0.416405946 -0.909178793 6.14141682e-05
971.545959 -48.4521523 1.57776701 -0.720797181 -0.693145931 -0.000408767635 0.521279573 0.675928116 -8.02354261e-05 -0.000506291806 0.999999881 0.69314605 -0.720797181 -6.62935872e-06
972.023987 -49.0534172 1.57157481 -0.821354985 -0.570416927 0.000870889809 0.521268845 0.67449975 0.00101222354 6.92380345e-05 0.999999523 0.570417047 -0.821355164 1.13602855e-05
972.42041 -49.711338 1.56546926 -0.901234746 -0.433325946 0.00212868815 0.521258116 0.672936738 0.00232675369 7.32269982e-05 0.999997318 0.433327079 -0.901236832 5.05563694e-05
976.031616 -49.5225067 1.28938591 0.990320623 0.138729542 -0.00439485675 0.521486998 0.224452376 -0.00443223584 -3.94945782e-05 -0.999990165 0.138731793 -0.99033004 0.000211107428
975.86853 -52.5685616 1.27169263 0.994929433 -0.100404546 -0.00587617373 0.521517754 0.217215896 -0.00590547174 5.42431462e-06 -0.999982655 -0.100405954 -0.994946659 5.69603653e-05
972.62677 -50.2696228 1.56097639 -0.992336273 -0.123485312 0.00449824054 0.521250367 0.671610296 0.00452818489 3.81630853e-05 0.999989808 0.123487294 -0.992346168 0.000161283941
972.359192 -52.7731323 1.54714108 -0.991348147 0.13112013 0.00604419643 0.521226287 0.665662706 0.00609612511 -5.35641266e-06 0.999981523 -0.131122351 -0.991366208 2.66651532e-05
974.861023 -59.3388367 1.23577964 0.987751067 -0.155915558 -0.00617621467 0.521580458 0.20113194 -0.00625244481 1.51254847e-06 -0.99998045 -0.155918509 -0.987770021 7.81434755e-06
973.708435 -66.2415924 1.19982755 0.985779345 -0.167929351 -0.00623882469 0.521642804 0.184733391 -0.00632833177 2.15046452e-06 -0.999979973 -0.167932555 -0.985798478 6.55503345e-06
972.359192 -52.7731323 1.54714108 -0.991348147 0.13112013 0.00604419643 0.320075452 0.0883969069 0.00609612511 -5.35641266e-06 0.999981523 -0.131122351 -0.991366208 2.66651532e-05
971.333923 -59.2667122 1.51300776 -0.987069726 0.160171822 0.00619868422 0.320015997 0.0729701519 0.00627903966 -4.45357318e-06 0.99998039 -0.160174876 -0.98708868 4.75977049e-06
971.368591 -59.3066521 8.06875896 -0.987069726 0.160171822 0.00619906746 0.331438631 0.0728754997 0.0062802867 5.27264137e-06 0.999980271 -0.160174891 -0.98708868 -2.36064125e-06
972.39386 -52.8130722 8.10289288 -0.991348088 0.131119981 0.00604471285 0.331498116 0.0883021355 0.00609670859 4.19869679e-07 0.999981403 -0.131122217 -0.991366208 2.72065517e-05
970.209229 -66.0124893 1.47786415 -0.985819042 0.167696014 0.00623775879 0.319954753 0.0569444895 0.00632688729 -2.79310984e-06 0.999979973 -0.167699203 -0.985838234 1.0642596e-05
970.243958 -66.0524292 8.03361607 -0.985819042 0.167696163 0.0062380028 0.331377327 0.0568497181 0.00632811803 3.68691371e-06 0.999980032 -0.167699352 -0.985838234 1.06562602e-05
971.299316 -59.2268562 -5.02984333 -0.987069726 0.160171807 0.00619830005 0.308615834 0.0730650425 0.00628047157 6.91594687e-06 0.999980271 -0.160174653 -0.98708868 8.38743017e-06
970.174622 -65.9726334 -5.06498718 -0.985819042 0.16769588 0.00623751478 0.30855459 0.0570392609 0.00632852642 1.13943197e-05 0.999979973 -0.167699277 -0.985838234 5.62119658e-06
972.324585 -52.7332764 -4.9957099 -0.991348028 0.13112025 0.00604367908 0.308675289 0.0884916782 0.00609765993 2.30658065e-06 0.999981403 -0.131122455 -0.991366208 2.86373634e-05
989.789001 50.7474327 -7.18788433 -0.39146322 -0.860312879 -0.326524526 0.642698288 0.337957621 -0.711746871 0.0581742264 0.700022936 0.12145669 -0.400045782 0.908411622
989.277954 51.1491394 -7.20386934 -0.857027471 -0.41699627 -0.302684754 0.643588901 0.338911891 -0.364533067 0.0755062401 0.928124249 0.353753597 -0.903279364 0.242785856
989.277954 51.1491394 -7.20386934 -0.857027471 -0.41699627 -0.302684754 0.699878812 0.757779002 0.472442627 -0.870400369 -0.138568506 0.271389753 0.134047031 -0.953089237
989.789001 50.7474327 -7.18788433 -0.39146322 -0.860312879 -0.326524526 0.700769305 0.757816911 0.910972416 -0.412430793 -0.00549015962 0.0749129876 0.323870212 -0.943131089
989.80249 50.7318802 -4.63443422 -0.404120356 -0.914699495 -0.0034337549 0.700792789 0.763883114 0.914704561 -0.404123217 0.000165296166 0.000197104819 0.00366686308 -0.999993324
989.291382 51.1336823 -4.6662693 -0.892183065 -0.451669782 0.00196931278 0.699902296 0.763807416 0.451672018 -0.892183661 0.000868491072 -0.00252963835 0.000636735407 -0.999996603
990.594482 50.6124153 -7.16274595 -0.150602758 -0.938849866 -0.309644848 0.702172756 0.757876754 0.987323344 -0.158718929 0.00103220693 0.00972969551 0.31179443 -0.950099766
990.608093 50.5967216 -4.58662891 -0.165155321 -0.986254215 -0.00513423467 0.702196479 0.763996601 0.986267209 -0.165157661 3.43246029e-05 -1.53970302e-06 0.00520597911 -0.99998647
989.839783 51.062149 -7.61478424 -0.265046 -0.449739009 -0.852927685 0.700857759 0.756802797 0.954568148 -0.24732919 -0.166216761 0.123968154 0.861328542 -0.492691576
990.645996 50.9324303 -7.61228418 -0.07889954 -0.51489687 -0.853613555 0.702262521 0.756808639 0.987867355 -0.15528211 0.00235701888 0.0329865143 0.854465604 -0.518459797
989.325806 51.0940094 1.84607911 -0.89218384 -0.451668233 0.00196922198 0.699962258 0.779278755 0.451670468 -0.892184496 0.000869702664 -0.0025346973 0.000646936009 -0.999996662
989.836975 50.692173 1.88319838 -0.40411979 -0.914699614 -0.00343404664 0.700852871 0.77936697 0.9147048 -0.40412268 0.000169520281 0.000196201596 0.00366758113 -0.999993324
989.871826 50.6520844 8.46416855 -0.404120266 -0.914699435 -0.00343413651 0.700913668 0.795001268 0.914704561 -0.404123276 0.000191829691 0.000185059296 0.00367260235 -0.999993324
989.360657 51.0538864 8.43233299 -0.892184436 -0.45166707 0.00196872023 0.700023055 0.79492557 0.451669276 -0.892185092 0.000869170413 -0.00253472012 0.000648096204 -0.999996662
990.642639 50.5569725 1.93855894 -0.165155709 -0.986254215 -0.00513430079 0.70225668 0.779498458 0.98626709 -0.165158123 4.89262275e-05 4.8965835e-06 0.00520496909 -0.99998647
990.677429 50.5169258 8.51197433 -0.165155649 -0.986254156 -0.00513429707 0.702317357 0.795114636 0.986267209 -0.165158093 5.07104996e-05 -1.06870539e-05 0.00520757539 -0.99998647
989.375244 51.0370789 11.1916494 -0.878038168 -0.425991774 0.21812886 0.700048447 0.801480651 0.449051887 -0.890943289 0.0676212981 0.0150011107 -0.480046004 -0.877115071
989.886353 50.6353722 11.207634 -0.411983073 -0.878790975 0.240824297 0.700938821 0.801518679 0.904530704 -0.426327705 -0.00831148215 0.0126340948 -0.269779861 -0.962839246
989.942627 50.9437065 11.8277874 -0.339476079 -0.532445729 0.77540797 0.701037049 0.802991927 0.712566793 -0.683696091 -0.157506406 -0.0677122101 -0.808390856 -0.584738553
989.564758 51.2509041 11.6618948 -0.721315622 -0.325369537 0.611423254 0.700378537 0.802597761 0.494928032 -0.859691918 0.126396477 -0.162034065 -0.779012978 -0.605709314
989.942627 50.9437065 11.8277874 -0.339476079 -0.532445729 0.77540797 0.701037049 0.802991927 0.932651877 -0.0834990889 0.35098204 0.0502773933 -0.833456099 -0.550293744
990.691833 50.500351 11.2327719 -0.162960306 -0.956838131 0.240634277 0.702342272 0.801578522 0.98585844 -0.167575896 0.00129981642 0.00807100907 -0.245179161 -0.969444215
990.74884 50.8139915 11.8302889 -0.0993494019 -0.591853678 0.799899459 0.702441812 0.802998006 0.994309008 -0.090122208 0.0568131916 0.00887783896 -0.804371715 -0.594060063
972.633728 -70.8821411 -7.85920286 0.728059649 -0.602236629 -0.327475488 0.670878291 0.756222129 0.656677604 0.749803901 0.0810476691 0.0759008154 0.545589685 -0.834608376
971.991272 -71.2107239 -7.83666897 0.147613645 -0.9087255 -0.390420645 0.669759035 0.756275654 0.986177802 0.165269583 -0.0118113486 0.00731700473 0.395737529 -0.918334484
972.067444 -70.7903748 -8.26305962 0.123647906 -0.434359819 -0.892212272 0.669891715 0.755262733 0.800187469 0.575381815 -0.169221207 -0.020035794 0.897835851 -0.439874262
972.547974 -70.5258636 -8.16227913 0.518561184 -0.397386193 -0.757085562 0.670728922 0.755501986 0.697880626 0.70829159 0.106234372 -0.0586180426 0.866832733 -0.495141327
972.067444 -70.7903748 -8.26305962 0.123647906 -0.434359819 -0.892212272 0.669891715 0.755262733 0.97945112 -0.0909442827 0.180012763 -0.0466266796 0.895575762 -0.442459047
971.1875 -71.0678864 -7.80132246 -0.170680076 -0.914603114 -0.366564244 0.668358445 0.756359458 0.983234406 -0.182323217 -0.00290568266 -0.0129790995 0.374077678 -0.927306533
971.261536 -70.6589127 -8.25043869 -0.0904804841 -0.444358945 -0.891267955 0.66848743 0.755292654 0.983595967 -0.180105567 -0.0100583918 0.0332318172 0.893093288 -0.448642552
972.004761 -71.2262802 -5.28321886 0.147671133 -0.989013076 -0.00680611236 0.669782639 0.762341857 0.989036381 0.147671297 0.000483042648 -4.54397778e-05 0.00687477505 -0.999976456
971.201172 -71.08358 -5.22520542 -0.175183922 -0.9845227 -0.00507088518 0.668382168 0.762479663 0.984535456 -0.175186038 -3.49700858e-05 -5.82717576e-06 0.00515157124 -0.999986768
972.647156 -70.8975983 -5.32160282 0.755748689 -0.65481317 -0.00798718631 0.670901656 0.762250543 0.654850483 0.755751312 0.00331000774 -0.00168654067 0.0102504892 -0.999946058
972.170349 -70.9088135 11.179512 0.197386727 -0.542392254 0.816608429 0.670071006 0.801451981 0.945604444 0.325072646 -0.012653376 0.0226881616 -0.830246389 -0.556934774
972.088623 -71.3227844 10.5588493 0.172987238 -0.940865815 0.291285068 0.66992867 0.799977541 0.982752621 0.184512272 0.0123508275 -0.00550046284 -0.296661913 -0.954966724
972.731079 -70.9942017 10.5363159 0.752908349 -0.61945504 0.222271591 0.671047926 0.799923778 0.644028306 0.763017476 -0.0550646521 -0.0720931962 -0.413331747 -0.907722175
972.649414 -70.6426544 11.0088348 0.625775158 -0.47227785 0.620772958 0.670905709 0.801046371 0.661048651 0.743557215 -0.100684524 0.0933576748 -0.744788587 -0.660737693
972.074097 -71.306076 7.81538391 0.147668242 -0.989013612 -0.00680622319 0.669903159 0.793459773 0.989035845 0.147674739 -0.000458119262 7.89195692e-05 0.00689344946 -0.999976277
972.716431 -70.9773941 7.77699995 0.755748212 -0.654813588 -0.00798745174 0.671022415 0.793368578 0.654850602 0.75575155 0.00323469262 -0.00167479215 0.010264446 -0.999945939
971.284851 -71.1799545 10.5941954 -0.155769348 -0.943116903 0.293711483 0.66852808 0.800061405 0.986598611 -0.16316478 -0.000686457497 -0.00994590949 -0.295828462 -0.955189288
971.270447 -71.1633682 7.87339687 -0.17518428 -0.984522581 -0.00507102394 0.668502927 0.793597579 0.984535336 -0.175186604 9.34556647e-06 1.09872326e-05 0.00514872093 -0.999986768
971.36438 -70.7773514 11.1921349 -0.0731148273 -0.53209728 0.843520463 0.668666601 0.801482022 0.994582057 -0.10157042 0.0221374072 -0.00634455541 -0.845519006 -0.533907831
972.68158 -70.9372711 1.19074571 0.755748868 -0.654812932 -0.00798800774 0.670961618 0.777721763 0.654850006 0.755751848 0.0032845703 -0.00168504589 0.0102534713 -0.999946058
972.039307 -71.2659836 1.23441386 0.14766942 -0.989013374 -0.00680622458 0.669842601 0.777825475 0.989035666 0.147675917 -0.000459894451 5.59882501e-05 0.00689002872 -0.999976277
971.235718 -71.1233292 1.29998183 -0.175183624 -0.98452276 -0.00507040508 0.668442249 0.777981281 0.984535396 -0.1751858 -1.17178424e-05 -2.04492312e-06 0.00515041081 -0.999986768
991.192993 59.1346016 -7.7156167 -0.120675854 0.0245357398 -0.992388725 0.640252113 0.357882738 -0.992685676 0.000584356894 0.120726407 0.000415070594 -0.999693215 -0.0247668047
990.61853 59.1564636 -7.57663918 -0.628550351 0.105131246 -0.770630896 0.641253114 0.357934594 -0.775528193 -0.00955942646 0.631240547 -0.0922687203 -0.99390465 -0.06033355
992.015442 59.10215 -7.72016621 -0.00529112807 0.00609169621 -0.999967456 0.638819098 0.35780561 -0.999985993 -2.6999187e-05 0.00529106194 1.2989909e-05 -0.999981523 -0.00609185128
990.61853 59.1564636 -7.57663918 -0.628550351 0.105131246 -0.770630896 0.505329132 0.931571007 -0.775528193 -0.00955942646 0.631240547 -0.0922687203 -0.99390465 -0.06033355
990.428955 59.161541 -7.16819382 -0.965076029 0.156578258 -0.210027605 0.506040692 0.931583047 -0.213737682 -0.00705316383 0.976865649 -0.160119757 -0.987097681 -0.000144212143
990.442322 59.1461143 -4.63587809 -0.987241328 0.159110755 0.00619303575 0.510452986 0.93154639 0.00627303217 -2.09332036e-08 0.99998039 -0.159113914 -0.987260282 1.04653755e-05
990.442322 59.1461143 -4.63587809 -0.987241268 0.159111172 0.00619325042 0.349149346 0.147047877 0.00627303217 -2.09332036e-08 0.99998039 -0.159113914 -0.987260282 1.04653755e-05
990.476807 59.1064529 1.87470937 -0.987241268 0.159111172 0.00619310793 0.360493302 0.146953464 0.00627317512 9.49233538e-07 0.99998039 -0.159114182 -0.987260282 7.97582288e-06
991.175781 63.6080551 1.89843404 -0.993058264 0.117472276 0.00597009156 0.360534608 0.157647967 0.00601103669 -5.74792693e-06 0.999981999 -0.117474101 -0.993075967 4.36055234e-05
991.141357 63.6477203 -4.61215353 -0.993058205 0.117472455 0.00597008131 0.349190712 0.157742023 0.00601147395 -6.48426612e-06 0.99998194 -0.117474824 -0.993075967 5.62299574e-05
990.511658 59.0663223 8.46272469 -0.987241268 0.159111172 0.00619296543 0.371972203 0.146858335 0.00627265451 7.80584003e-07 0.99998039 -0.159114182 -0.987260282 6.51333221e-06
991.210693 63.5679245 8.48644924 -0.993058324 0.11747209 0.00597010087 0.372013479 0.157552481 0.00601187116 5.9242343e-06 0.999981999 -0.117474034 -0.993075967 2.87559142e-05
989.694702 54.4267197 1.85033929 -0.986227691 0.165276244 0.00622530188 0.360450774 0.135835886 0.00631203875 -4.25772868e-07 0.999980092 -0.165279403 -0.986246884 7.49386845e-06
989.729553 54.3865852 8.43835449 -0.986227751 0.16527608 0.00622517895 0.371929646 0.135740757 0.00630975468 -1.01117557e-05 0.999980092 -0.165279165 -0.986246884 1.93571068e-05
989.660217 54.4663811 -4.66024876 -0.986227632 0.165276438 0.00622542389 0.349106938 0.1359303 0.00631225947 3.52857023e-06 0.999980092 -0.165279865 -0.986246705 -3.99682767e-06
990.511658 59.0663223 8.46272469 -0.987241268 0.159111112 0.0061921021 0.533275843 0.931356847 0.00627265451 7.80584003e-07 0.99998039 -0.159114182 -0.987260282 6.51333221e-06
990.526245 59.0494804 11.2273245 -0.976267219 0.15649502 0.149705231 0.538092852 0.931316853 0.150873318 -0.00445648981 0.988543153 -0.158258066 -0.98739779 0.000138038697
990.721375 59.0380211 11.8659325 -0.718673706 0.111955106 0.686275601 0.539205551 0.931289554 0.689617276 -0.0116873244 0.724079728 -0.114658907 -0.992523372 0.0418428145
990.721375 59.0380211 11.8659325 -0.718673706 0.111955106 0.686275601 0.113718398 0.54584223 0.689617276 -0.0116873244 0.724079728 -0.114658907 -0.992523372 0.0418428145
991.297668 59.0140266 12.0759735 -0.170890361 0.0222098958 0.985039711 0.114722505 0.545785308 0.985279381 -0.000814596075 0.170950323 0.00101209607 -0.999741435 0.0227169618
992.120178 58.9815788 12.0714235 0.0052909581 -0.00609168177 0.999967456 0.116155565 0.545708239 0.999985993 -1.10397068e-05 -0.00529112387 -1.01144724e-06 -0.999981523 -0.0060917628
993.794678 58.9165802 11.881197 0.636415839 -0.102587655 0.764493823 0.503031969 0.482068181 0.767814815 -0.0104755349 -0.640586197 -0.110639431 -0.993008494 -0.0411484241
994.039124 58.9101257 11.3369503 0.967272222 -0.150586963 0.204225644 0.503980279 0.482053041 0.20754841 0.00651896792 -0.978203058 -0.153736115 -0.988111913 -0.000451009604
994.025024 58.9263802 8.66914272 0.988265514 -0.152621388 -0.00615914073 0.508628607 0.482091546 -0.00623101322 6.25736766e-06 -0.999980688 -0.152624339 -0.98828429 1.5249796e-05
993.990356 58.9663162 2.11339092 0.988265514 -0.152621582 -0.00615859265 0.520051122 0.482186437 -0.0062311748 2.74434728e-06 -0.999980688 -0.152624398 -0.98828429 1.24999733e-05
993.955688 59.006176 -4.42946005 0.988265574 -0.152621403 -0.0061584753 0.531451344 0.482281089 -0.00623143744 3.88996432e-06 -0.999980688 -0.152624235 -0.98828429 6.95834342e-06
993.941772 59.0221901 -7.058568 0.961926937 -0.147469118 -0.230107576 0.5360322 0.482319236 -0.231668755 0.00673818775 -0.972771406 -0.151411057 -0.988470793 0.000532515289
993.691833 59.0350227 -7.56137562 0.610957265 -0.0904624313 -0.786478102 0.536908269 0.482349634 -0.789177597 0.00907435268 -0.614098012 -0.10472212 -0.993954659 0.032975886
969.608765 -69.2327194 -5.08185339 -0.997209489 0.0744337961 0.00572929997 0.50967598 0.626560271 0.00574476505 -9.21731316e-06 0.99998349 -0.0744340643 -0.99722594 9.28558657e-05
969.59491 -69.2167053 -7.71096087 -0.969335675 0.0661380067 -0.236673445 0.505095124 0.626598299 -0.236914054 0.00429451698 0.971521199 -0.0674526691 -0.997719288 -0.00254730741
969.621765 -70.3975906 -7.72738361 -0.857857883 -0.402675658 -0.319268405 0.505066395 0.623792768 -0.353919953 0.0125056459 0.935192227 0.334653199 -0.909237921 0.247575849
969.63562 -70.4135666 -5.10509157 -0.893245995 -0.449563891 0.00198774738 0.509635568 0.623754919 0.00282049365 -0.00118260528 0.999995351 0.449562788 -0.893248141 -0.000986455823
969.836426 -69.2427826 -8.21660614 -0.62184298 0.0138908364 -0.783018768 0.504214048 0.626536369 -0.783088565 0.000650586502 0.621909916 -0.00701723667 -0.999901474 -0.0121655446
969.864563 -70.1276169 -8.09546471 -0.609577835 -0.254583895 -0.750734329 0.504425049 0.624434233 -0.774425805 -0.0110678785 0.632568061 0.114806913 -0.965395987 0.234158084
972.067444 -70.7903748 -8.26305962 0.123647906 -0.434359819 -0.892212272 0.673576117 0.0492231846 -0.988312542 0.0268808752 -0.150052592 -0.033077132 -0.900416374 0.433769882
972.302002 -69.5362854 -8.39951038 0.109892569 -0.0767813995 -0.990973473 0.673167467 0.0522025824 -0.993897855 0.0010607338 -0.110299043 0.000911059848 -0.997003615 0.0773496479
972.870667 -69.6049271 -8.26713181 0.597968578 -0.182106093 -0.780558169 0.67217648 0.0520395041 -0.795308292 -0.0138019305 -0.606048226 -0.136400878 -0.982762992 0.124787226
972.547974 -70.5258636 -8.16227913 0.518561184 -0.397386193 -0.757085562 0.67273891 0.0498515368 -0.832291842 -0.0317075737 -0.553430319 -0.245686844 -0.917348504 0.313224792
971.489929 -69.4393158 -8.39462185 -0.0160226244 -0.0535018854 -0.998439252 0.674582362 0.0524331331 -0.999871254 -6.92132744e-05 0.0160493143 0.000216335829 -0.998567581 0.0535052903
971.261536 -70.6589127 -8.25043869 -0.0904804841 -0.444358945 -0.891267955 0.674980402 0.0495355129 -0.995783865 0.0268010162 0.0877286643 0.0330445357 -0.895785451 0.443256676
972.870667 -69.6049271 -8.26713181 0.597968578 -0.182106093 -0.780558169 0.538137913 0.17674315 -0.795308292 -0.0138019305 -0.606048226 -0.136400878 -0.982762992 0.124787226
973.062134 -69.6300125 -7.86088657 0.939325154 -0.246501684 -0.238548443 0.537430286 0.176683545 -0.247721791 -0.00642259093 -0.968810022 -0.254373699 -0.967103302 -0.00229322305
972.633728 -70.8821411 -7.85920286 0.728059649 -0.602236629 -0.327475488 0.537427187 0.173708916 -0.419579864 -0.0137114767 -0.907614946 -0.608193874 -0.787870526 0.0967497677
972.547974 -70.5258636 -8.16227913 0.518561184 -0.397386193 -0.757085562 0.537955284 0.174555063 -0.832291842 -0.0317075737 -0.553430319 -0.245686844 -0.917348504 0.313224792
973.0755 -69.6454391 -5.32857084 0.968679011 -0.24822782 -0.0066364524 0.533017874 0.176646709 -0.0068592038 -3.05838512e-05 -0.999976575 -0.248233899 -0.96870023 -8.10844649e-05
972.647156 -70.8975983 -5.32160282 0.755748689 -0.65481317 -0.00798718631 0.533005834 0.173672199 -0.00920051988 0.00157840108 -0.999956489 -0.654810727 -0.755785882 0.00327700051
973.109985 -69.6851044 1.18201661 0.96867913 -0.248227328 -0.0066376566 0.521674037 0.176552653 -0.00685824128 -2.39056917e-05 -0.999976575 -0.248233676 -0.96870029 -0.000135838214
972.68158 -70.9372711 1.19074571 0.755748868 -0.654812932 -0.00798800774 0.521658659 0.173577785 -0.00920210034 0.00157782959 -0.999956489 -0.654810607 -0.755785942 0.00325873541
973.144836 -69.725235 7.77003241 0.968679249 -0.248226643 -0.00663766684 0.510195136 0.176457167 -0.00685774954 -2.09191858e-05 -0.999976575 -0.248233259 -0.96870029 -0.000104497878
972.716431 -70.9773941 7.77699995 0.755748212 -0.654813588 -0.00798745174 0.510182977 0.173482656 -0.00919430424 0.00158598495 -0.999956489 -0.654811621 -0.755785227 0.00322107645
973.159485 -69.7420731 10.5346317 0.956048429 -0.252215356 0.149529055 0.505378127 0.176417232 0.151751429 -0.0107324813 -0.988360405 -0.255274594 -0.966867745 0.00131063547
972.731079 -70.9942017 10.5363159 0.752908349 -0.61945504 0.222271591 0.505375147 0.173442721 0.230511874 -0.0681254938 -0.970681846 -0.620476007 -0.780721188 -0.0740541369
972.973511 -69.7233658 11.1754398 0.706772566 -0.225671411 0.670481145 0.504261732 0.176461816 0.685782075 -0.0141645866 -0.727669179 -0.215174556 -0.971427441 -0.100142896
972.649414 -70.6426544 11.0088348 0.625775158 -0.47227785 0.620772958 0.504551888 0.174278021 0.683485329 -0.0514660254 -0.728147686 -0.411216289 -0.876028299 -0.251943618
972.973511 -69.7233658 11.1754398 0.706772566 -0.225671411 0.670481145 0.0827948824 0.239947319 0.685782075 -0.0141645866 -0.727669179 -0.215174556 -0.971427441 -0.100142896
972.406738 -69.6568527 11.3920803 0.183975488 -0.125194475 0.974925339 0.0818073004 0.240105152 0.982595503 -0.00248221215 -0.185741663 0.00246503949 -0.991793633 -0.127825782
972.170349 -70.9088135 11.179512 0.197386727 -0.542392254 0.816608429 0.0813953727 0.23713088 0.940770149 -0.129431859 -0.313367307 -0.0435684733 -0.83702749 -0.545423508
972.649414 -70.6426544 11.0088348 0.625775158 -0.47227785 0.620772958 0.0822301582 0.237763405 0.683485329 -0.0514660254 -0.728147686 -0.411216289 -0.876028299 -0.251943618
972.170349 -70.9088135 11.179512 0.197386727 -0.542392254 0.816608429 0.0813953727 0.23713088 0.945604444 0.325072646 -0.012653376 0.0226881616 -0.830246389 -0.556934774
971.594604 -69.5598831 11.3969679 -0.0035722882 -0.0850859508 0.996367216 0.0803922936 0.240335584 0.999993563 0.000121206736 0.00359564042 -4.82456162e-05 -0.996373534 -0.085086666
971.36438 -70.7773514 11.1921349 -0.0731148273 -0.53209728 0.843520463 0.0799911171 0.237443328 0.994582057 -0.10157042 0.0221374072 -0.00634455541 -0.845519006 -0.533907831
969.93927 -69.3612289 11.2259665 -0.632689118 -0.00165403646 0.774404228 0.538090348 0.626254797 0.774405062 0.000119726028 0.632690132 0.00217301049 -0.999997616 -0.000360524515
969.6922 -69.3287659 10.6845579 -0.970665038 0.0618014149 0.232357532 0.537147164 0.626332045 0.232899398 0.00161307794 0.972499609 -0.062913768 -0.998015583 0.00262776553
969.719055 -70.5096512 10.6681347 -0.856254876 -0.420826167 0.299554616 0.537118435 0.623526692 0.342570692 -0.0285840351 0.939057231 0.409123719 -0.906524718 -0.104071744
969.966003 -70.2444077 11.0756502 -0.619017184 -0.293544501 0.728456914 0.537828445 0.624156713 0.758207798 0.0184938908 0.651750803 0.21878548 -0.955260634 -0.19902283
969.678101 -69.3125153 8.01674938 -0.997209609 0.0744331703 0.00573087903 0.532498717 0.626370728 0.00574547704 -1.12796524e-05 0.99998349 -0.0744336843 -0.997226059 9.27235014e-05
969.704956 -70.4933548 7.99351025 -0.89324671 -0.449562371 0.0019880794 0.532458305 0.623565376 0.00281967572 -0.00118024973 0.999995351 0.449561328 -0.893248975 -0.00098683429
969.643433 -69.2725754 1.46099794 -0.997209609 0.0744327307 0.00572973303 0.521076083 0.626465499 0.00574487029 -1.07274973e-05 0.99998349 -0.0744334236 -0.997226 9.36886208e-05
969.670227 -70.4534073 1.43548739 -0.893246591 -0.449562639 0.00198764028 0.521031737 0.623660147 0.00281796278 -0.00117782073 0.999995351 0.449561626 -0.893248916 -0.000986541272
970.209229 -66.0124893 1.47786415 -0.985819042 0.167696014 0.00623775879 0.521105647 0.634210289 0.00632688729 -2.79310984e-06 0.999979973 -0.167699203 -0.985838234 1.0642596e-05
952.211182 -37.6355782 -8.09887028 -0.0999050662 -0.0536703132 -0.993548453 0.708173275 0.127988219 -0.994977117 -0.000932839001 0.100099117 -0.00158081308 -0.998534381 0.0540985987
953.973999 -39.9697418 -8.12241745 -0.089234449 -0.0680309385 -0.993684649 0.705101848 0.122443199 -0.995983183 -0.00132269156 0.0895314217 -0.00115657365 -0.997656882 0.0684067607
953.422485 -40.458046 -7.9544034 -0.470185161 -0.406368077 -0.78344816 0.706062675 0.121283054 -0.8511132 -0.0261019077 0.524333 0.400302529 -0.889324129 0.221044198
951.586426 -38.0254517 -7.92987013 -0.529585123 -0.326674044 -0.782830596 0.709261894 0.127062082 -0.819757104 -0.0401131734 0.571304977 0.370105833 -0.919379413 0.133278966
956.070129 -42.0098343 -8.14593601 -0.0763169602 -0.0804091319 -0.993836164 0.701449633 0.117596388 -0.997054815 -0.00141773105 0.07667882 -0.00118191226 -0.996735036 0.0807344317
955.607178 -42.5831261 -7.97890949 -0.39852044 -0.475237161 -0.784430504 0.702256203 0.116234422 -0.914031446 0.135215566 0.382443935 0.144218847 -0.877113283 0.458119184
958.344666 -43.5802193 -8.16753769 -0.0582361333 -0.0919934213 -0.994055212 0.697486281 0.113865614 -0.998279572 -0.00144022855 0.0586169064 -0.00100166234 -0.995739281 0.0922079533
957.983215 -44.2225075 -8.0014677 -0.299260378 -0.540370584 -0.786411405 0.698116302 0.112339735 -0.951892734 0.112147294 0.285172284 0.124727599 -0.839264512 0.529224098
961.400574 -44.8162651 -8.19123745 -0.0391009524 -0.100176729 -0.994201064 0.692161918 0.110929251 -0.999222875 -0.00104218232 0.0394034684 -0.000853426929 -0.994958341 0.100286596
961.117371 -45.5038071 -8.02585793 -0.193323985 -0.585995913 -0.786914647 0.692655206 0.109295964 -0.980008662 0.0769110247 0.183488294 0.0877506062 -0.809157968 0.581001937
965.840881 -45.8533363 -8.22104931 -0.0289787501 -0.10358268 -0.994198561 0.684425116 0.108465552 -0.999573588 -0.000577064173 0.0291955452 -0.00058967137 -0.994614422 0.103643186
965.576538 -46.5546455 -8.05585194 -0.135543808 -0.603468716 -0.785782039 0.68488574 0.106799483 -0.990208089 0.0557718948 0.127974391 0.0630310625 -0.796747029 0.601017058
969.840515 -46.6533546 -8.24708557 -0.0322773904 -0.104011908 -0.994052172 0.677456379 0.106564999 -0.999472082 -0.000325104163 0.0324873887 -0.000685528736 -0.994567871 0.104088128
969.537354 -47.3334045 -8.08155441 -0.149611682 -0.602960467 -0.783616602 0.677984595 0.104949474 -0.988167286 0.0640981272 0.139344588 0.0695899576 -0.796992898 0.599966466
971.574585 -47.1782379 -8.25945854 -0.0577694736 -0.0916841924 -0.994111001 0.674434781 0.105318189 -0.998313487 -0.00040992198 0.058051493 -0.00152921281 -0.995764792 0.0919255763
971.176636 -47.7984734 -8.09306049 -0.294832498 -0.538382709 -0.789441586 0.675128222 0.103844643 -0.95409739 0.120343186 0.274254888 0.119234934 -0.840436637 0.528629601
972.17627 -47.6856537 -8.26573277 -0.0855626985 -0.0720145553 -0.99372679 0.673386574 0.104112506 -0.996306658 -0.00103801338 0.0858600587 -0.00166122545 -0.997372746 0.072421819
971.665344 -48.2165756 -8.09819412 -0.451091379 -0.42682156 -0.783798456 0.67427671 0.102851272 -0.858634114 -0.0320044197 0.511588931 0.416822672 -0.8773157 0.237857312
972.778503 -48.4332581 -8.27347374 -0.0974137932 -0.0579473861 -0.993555605 0.672337174 0.102336526 -0.995222151 -0.000954216579 0.0976328403 -0.00158670696 -0.998293281 0.0583792739
972.174438 -48.8544273 -8.10477257 -0.515153289 -0.350118101 -0.782326281 0.673389554 0.101335883 -0.825207889 -0.0440591238 0.563108265 0.399819613 -0.90553093 0.141979605
973.268677 -49.2587051 -8.28109646 -0.10645631 -0.0419294722 -0.993432999 0.671483159 0.100375533 -0.994303584 -0.000782174233 0.106582612 -0.0014879721 -0.999102712 0.0423282273
972.594299 -49.5542259 -8.11125851 -0.564654768 -0.263291538 -0.782203734 0.672658205 0.0996735096 -0.806008816 -0.0279400852 0.591243744 0.316542327 -0.944359124 0.0893688872
973.533997 -49.9996681 -8.28701401 -0.115378946 -0.00761618139 -0.993292451 0.671020746 0.0986150503 -0.993321061 -0.00020472653 0.115383849 -0.00154682831 -0.999968052 0.00784704555
972.815369 -50.1581841 -8.11610699 -0.615247369 -0.0711297169 -0.785118639 0.672272801 0.0982385874 -0.786778331 -0.00713548856 0.617194414 0.0563050099 -0.997342646 0.0462340303
973.295898 -52.6559868 -8.30193615 -0.118029438 0.0202327576 -0.99280405 0.671435595 0.0923047066 -0.993006229 0.00041300786 0.11806187 0.000260564586 -0.999791741 -0.02040614
972.555176 -52.6998901 -8.13021469 -0.624510407 0.0853237882 -0.776341796 0.672726154 0.0922003984 -0.778726459 0.00803804491 0.627312124 -0.0910123736 -0.995192945 -0.036163792
972.275635 -59.2274933 -8.33657074 -0.11598172 0.0239291079 -0.992963135 0.673213363 0.0766929388 -0.99324578 0.000562997709 0.116028301 0.000416430179 -0.999708593 -0.0241403058
971.531189 -59.2129478 -8.16447258 -0.618403673 0.104262881 -0.778913558 0.67451036 0.0767273903 -0.782470465 0.0102742845 0.62260294 -0.116771683 -0.992347956 -0.0401238501
971.143066 -66.0174789 -8.37194157 -0.115510106 0.0248133596 -0.992996335 0.675186753 0.0605621338 -0.993300498 0.000559686683 0.115559481 0.000461834046 -0.999686539 -0.0250342581
970.404541 -65.96978 -8.19967365 -0.616883159 0.109014258 -0.779468477 0.676473498 0.0606755018 -0.783371985 0.010651594 0.621461987 -0.121372767 -0.991690874 -0.0426388495
970.568054 -69.3292313 -8.38907433 -0.136590615 -0.0424923711 -0.989715934 0.676188588 0.0526944399 -0.990609288 -0.000217464723 0.136723235 0.0027805292 -0.999092162 0.0425111949
969.836426 -69.2427826 -8.21660614 -0.62184298 0.0138908364 -0.783018768 0.677463531 0.0528997183 -0.783088565 0.000650586502 0.621909916 -0.00701723667 -0.999901474 -0.0121655446
970.34668 -70.5096817 -8.23611259 -0.267550737 -0.406351328 -0.873667717 0.676574349 0.0498901606 -0.951934099 -0.0288572405 0.304940701 0.050694406 -0.911404014 0.408378303
969.864563 -70.1276169 -8.09546471 -0.609577835 -0.254583895 -0.750734329 0.677414417 0.0507977009 -0.774425805 -0.0110678785 0.632568061 0.114806913 -0.965395987 0.234158084
970.275146 -70.9057465 -7.76119947 -0.404072702 -0.841664732 -0.358225822 0.676699042 0.0489492416 -0.729894221 0.060625609 0.680866361 0.138338387 -0.443344831 0.885611534
969.621765 -70.3975906 -7.72738361 -0.857857883 -0.402675658 -0.319268405 0.67783761 0.0501564741 -0.353919953 0.0125056459 0.935192227 0.334653199 -0.909237921 0.247575849
969.621765 -70.3975906 -7.72738361 -0.857857883 -0.402675658 -0.319268405 0.665630221 0.756535172 0.465766042 -0.871757507 -0.151990086 0.288225502 0.137337029 -0.947662711
970.275146 -70.9057465 -7.76119947 -0.404072702 -0.841664732 -0.358225822 0.66676867 0.756454945 0.902625859 -0.430369586 -0.00697767362 0.0865410715 0.354688615 -0.930970788
970.28894 -70.9216003 -5.15935326 -0.406458318 -0.91366291 -0.00341539038 0.66679287 0.762635946 0.913668036 -0.406461239 0.000162200828 0.000190168939 0.00365350465 -0.999993324
969.63562 -70.4135666 -5.10509157 -0.893245995 -0.449563891 0.00198774738 0.66565454 0.762764931 0.449566275 -0.893246412 0.000986520317 -0.00256200461 0.000669003581 -0.999996543
970.34668 -70.5096817 -8.23611259 -0.267550737 -0.406351328 -0.873667717 0.666893482 0.755326748 0.950844884 -0.258070052 -0.171154529 0.102639362 0.889545083 -0.445168138
970.323486 -70.9614029 1.37441063 -0.406458199 -0.91366297 -0.00341509143 0.666852832 0.778158069 0.913668036 -0.406461298 0.000231222759 0.000173161039 0.00366074359 -0.999993324
969.670227 -70.4534073 1.43548739 -0.893246591 -0.449562639 0.00198764028 0.665714622 0.778303385 0.449565023 -0.893247068 0.000964606879 -0.00257400749 0.000693096023 -0.999996543
970.358215 -71.0013962 7.93924904 -0.406458765 -0.913662851 -0.00341520202 0.666913509 0.793754101 0.913667858 -0.406461626 0.000170335101 0.000190956111 0.00365294842 -0.999993324
969.704956 -70.4933548 7.99351025 -0.89324671 -0.449562371 0.0019880794 0.66577518 0.793882966 0.449564785 -0.893247306 0.000920964114 -0.00256592967 0.000676070224 -0.999996543
970.372498 -71.017807 10.6343193 -0.39075017 -0.866708398 0.31005016 0.666938424 0.800156593 0.910309792 -0.413817912 -0.00953320228 -0.034303043 -0.32288444 -0.945816576
969.719055 -70.5096512 10.6681347 -0.856254876 -0.420826167 0.299554616 0.665799856 0.80023706 0.475245506 -0.869024813 0.137614161 -0.269658744 -0.130461797 -0.954077542
969.719055 -70.5096512 10.6681347 -0.856254876 -0.420826167 0.299554616 0.665799856 0.80023706 0.460692436 -0.884439349 0.0743601546 0.13931559 -0.746557951 -0.65057081
970.449585 -70.6281204 11.20646 -0.261153221 -0.470342368 0.842957377 0.667072535 0.801515877 0.888475776 -0.458512604 0.0194202028 -0.0242342334 -0.869791985 -0.492823154
969.966003 -70.2444077 11.0756502 -0.619017184 -0.293544501 0.728456914 0.666230202 0.801205277 0.549680769 -0.824412704 0.134887904 -0.124053173 -0.879335999 -0.459759861
970.449585 -70.6281204 11.20646 -0.261153221 -0.470342368 0.842957377 0.0783971474 0.237797856 0.948165715 0.0388031118 0.315398216 0.0854786262 -0.881099224 -0.465142429
970.672791 -69.4498062 11.4025164 -0.133292869 -0.067344591 0.988785982 0.0787860453 0.24059701 0.991027236 0.000913973141 0.133657247 -0.000733489287 -0.997681797 -0.0680493563
969.93927 -69.3612289 11.2259665 -0.632689118 -0.00165403646 0.774404228 0.0775079951 0.240807414 0.774405062 0.000119726028 0.632690132 0.00217301049 -0.999997616 -0.000360524515
969.966003 -70.2444077 11.0756502 -0.619017184 -0.293544501 0.728456914 0.0775546283 0.238709331 0.758207798 0.0184938908 0.651750803 0.21878548 -0.955260634 -0.19902283
971.247803 -66.1380463 11.4196482 -0.113111958 0.0140926279 0.993482351 0.0797879621 0.248464704 0.993580639 -0.000261142472 0.113126837 0.000512884872 -0.999898553 0.0142420381
970.507385 -66.0882187 11.2428989 -0.625896633 0.10248749 0.773142755 0.0784979165 0.248583317 0.776533127 -0.0102038439 0.629993856 -0.117167905 -0.992433667 0.0367034823
970.449585 -70.6281204 11.20646 -0.261153221 -0.470342368 0.842957377 0.0783971474 0.237797856 0.888475776 -0.458512604 0.0194202028 -0.0242342334 -0.869791985 -0.492823154
972.380371 -59.3480606 11.45502 -0.113616645 0.0131434929 0.993437767 0.0817612708 0.264595509 0.99352324 -0.000244545721 0.113629654 0.000485590426 -0.999911726 0.0132846832
971.634033 -59.3313904 11.2781 -0.62743026 0.0976004601 0.772531807 0.0804609805 0.264635324 0.775584996 -0.00993314851 0.631164968 -0.111392081 -0.99315995 0.0350045264
973.400574 -52.7765541 11.4896545 -0.11580684 0.00917639583 0.993229389 0.0835389495 0.280207276 0.993270993 -0.000229793484 0.115813799 0.000588588649 -0.999956548 0.00930717401
972.658081 -52.8183327 11.3123579 -0.633565485 0.0781173185 0.769735456 0.0822451413 0.280108094 0.771700144 -0.00748561742 0.635942519 -0.0865048245 -0.995804012 0.0298583955
973.638733 -50.1202431 11.5045767 -0.112963066 -0.0207258463 0.99338299 0.0839539021 0.286517978 0.993595064 0.000561444263 0.112998918 0.000825111638 -0.999784112 -0.0207655709
972.918274 -50.2766266 11.3264656 -0.624316275 -0.0828293636 0.776767969 0.0826985314 0.286146402 0.779005945 0.00797831733 0.626965761 0.118545413 -0.992892146 -0.0105962176
973.373413 -49.3792763 11.5104942 -0.10338895 -0.0575592518 0.992974222 0.083491601 0.288277984 0.994613945 0.00138992164 0.103640258 -0.00073469826 -0.998319507 -0.0579455979
972.697144 -49.6726685 11.3313141 -0.572200119 -0.28026256 0.770739853 0.0823133364 0.287581205 0.797138751 0.0308282766 0.603008807 0.324576259 -0.940450907 -0.101007648
972.88324 -48.5538254 11.518116 -0.0936815515 -0.0747550428 0.992791772 0.0826375112 0.290239215 0.995564163 0.0016912038 0.0940705165 -0.00108866231 -0.997168899 -0.0751873627
972.277283 -48.9728661 11.3377991 -0.521274805 -0.369522393 0.76923728 0.0815817565 0.289243698 0.81683588 0.0449382514 0.57511729 0.424154609 -0.894356072 -0.142197341
972.280945 -47.8062248 11.525857 -0.0809590369 -0.0898576602 0.992658675 0.0815881267 0.292015195 0.99667418 0.00197945582 0.0814657062 -0.00113530597 -0.995918989 -0.090245381
971.768188 -48.3350182 11.3443785 -0.455413282 -0.448425829 0.769098878 0.0806947425 0.290759087 0.862088501 -0.437799931 0.255215257 -0.0370378494 -0.853593051 -0.519622028
971.679321 -47.2988129 11.5321312 -0.0511208251 -0.110972993 0.992507815 0.0805398524 0.293220639 0.99865973 0.00237559248 0.0517033115 -0.000903327309 -0.993801713 -0.111164205
971.279541 -47.9169159 11.3495111 -0.294845641 -0.563284934 0.771865368 0.0798432156 0.291752219 0.941242635 -0.310443491 0.132993579 -0.0367403068 -0.800494909 -0.598212421
969.945251 -46.773922 11.5445042 -0.023754213 -0.124198675 0.991973042 0.0775183961 0.294467568 0.999710381 0.000888200942 0.0240506995 -0.000535699655 -0.992251277 -0.124246329
969.640259 -47.4518509 11.3610182 -0.145511732 -0.629286885 0.763429463 0.0769869685 0.292857051 0.98556447 -0.159694999 0.0562163517 -0.0147923641 -0.770172238 -0.637664437
965.945557 -45.9739037 11.5705414 -0.0202134363 -0.123747312 0.992107868 0.0705494583 0.296368241 0.999790967 0.000567436044 0.0204407498 -0.000465142395 -0.992309391 -0.123781919
965.679382 -46.6730881 11.3867197 -0.131025612 -0.629985094 0.765474439 0.0700856745 0.29470706 0.987556875 -0.150676787 0.0450323522 -0.0135217858 -0.770923615 -0.636784196
961.50531 -44.9368324 11.6003532 -0.0310801566 -0.120095052 0.992275834 0.0628128201 0.29883194 0.999507725 0.000534304068 0.0313713364 -0.000755489396 -0.992752314 -0.120176405
961.220276 -45.6222534 11.4167156 -0.190422192 -0.612127006 0.767489493 0.0623161569 0.29720366 0.972405612 -0.224948525 0.0618516728 -0.0194423255 -0.779289663 -0.626362383
958.449402 -43.7007904 11.624052 -0.0516225845 -0.111308813 0.992444277 0.0574882515 0.301768422 0.998644888 0.000820924877 0.0520371869 -0.00127256976 -0.993761182 -0.111522712
958.08606 -44.34095 11.4411049 -0.299348444 -0.565225184 0.768707454 0.0568552129 0.300247431 0.93007803 -0.352662355 0.102878883 -0.0328552946 -0.799067438 -0.600343108
956.174866 -42.1304016 11.6456537 -0.0710331425 -0.0988696218 0.992561936 0.0535250939 0.305499077 0.997438967 0.00129614514 0.0715112761 -0.00154590711 -0.995063365 -0.0992294252
955.710083 -42.7015686 11.4636631 -0.401393652 -0.498194665 0.768560588 0.0527152568 0.304142237 0.87036711 -0.468777865 0.15069364 -0.0490876213 -0.826218903 -0.561206698
954.078674 -40.0903091 11.6691732 -0.0849010646 -0.0855809748 0.992707312 0.0498728156 0.31034565 0.99635154 0.00139677688 0.0853331536 -0.00163215131 -0.99629128 -0.086029537
953.525391 -40.5764885 11.4881687 -0.47506696 -0.427380532 0.769192636 0.0489087179 0.309190631 0.843299091 0.0285278726 0.536687016 0.408851713 -0.881254494 -0.237130553
952.315857 -37.7561531 11.6927195 -0.0963570848 -0.0701647401 0.992870748 0.0468013324 0.315890789 0.995313704 0.00134843844 0.0966894627 -0.0016422699 -0.997499704 -0.0706512332
951.68927 -38.1438942 11.5127029 -0.536138535 -0.345453501 0.770205975 0.0457095429 0.314969778 0.810661554 0.0436659865 0.583884597 0.37895593 -0.913813293 -0.146074072
951.041321 -35.3035545 11.7144041 -0.109380096 -0.0403406955 0.993181109 0.0445805974 0.32171762 0.99398607 0.000851355784 0.109503329 -0.00175938103 -0.999166727 -0.0407775827
950.358948 -35.5820084 11.5353489 -0.604724705 -0.187867254 0.773959935 0.0433916226 0.321056008 0.785396695 0.0205603801 0.61865139 0.186691672 -0.978142679 -0.091560185
949.621948 -21.8187199 11.8040628 -0.116191387 -0.0162886772 0.993093371 0.0421075523 0.353752971 0.993224263 0.000377792836 0.116212904 -0.000380585028 -0.999864817 -0.0164442696
948.902832 -21.9854889 11.6258812 -0.636235714 -0.0589435808 0.769239843 0.0408545248 0.353356838 0.770353913 0.00566610135 0.637591362 0.0607271567 -0.997809768 -0.026230691
947.424683 13.6121492 12.0315304 -0.115245342 -0.0130805867 0.993251026 0.0382790081 0.43792522 0.993335426 0.000333938631 0.115259528 -0.000190604973 -0.999913037 -0.0131904371
946.689514 13.5509729 11.8540773 -0.635149956 -0.0420119278 0.77124542 0.0369980037 0.437779903 0.771808982 0.00416281261 0.635840833 0.0440821052 -0.998863816 -0.0181076638
945.515259 48.5973892 12.2547588 -0.115720779 -0.0120815216 0.993208349 0.034952011 0.521038711 0.993280292 0.000335181219 0.115733229 -0.000172264161 -0.999925792 -0.0121833049
944.779114 48.6331978 12.0779018 -0.636292994 -0.0364361294 0.77058661 0.0336693786 0.521123946 0.771011889 0.00352940359 0.636811078 0.0377281904 -0.999158561 -0.0160907172
944.959473 60.7453346 12.3317041 -0.113418385 0.00821448583 0.993513405 0.0339836106 0.549898386 0.993546665 -0.000215182692 0.113423951 -0.000553735124 -0.999966264 0.00820462592
944.231873 60.867012 12.1553249 -0.62748158 0.071015358 0.775386155 0.0327158943 0.550187409 0.777023315 -0.00685729971 0.629434466 -0.102392845 -0.994709909 0.00824111234
945.316589 61.9503365 12.3371553 -0.108801983 0.0325403772 0.993530691 0.0346059166 0.552761078 0.994054198 -0.000759152637 0.108884193 0.00067752297 -0.999461472 0.0328088142
944.606689 62.1511078 12.1611643 -0.602052927 0.199446231 0.773145199 0.0333689563 0.553237975 0.786209524 -0.0208617318 0.617607832 -0.231862009 -0.9702456 0.0697393417
946.145935 64.1067429 12.3459034 -0.106353998 0.0391260199 0.993558288 0.0360509343 0.557883978 0.994315505 -0.0009030652 0.106470615 0.000937432866 -0.999221146 0.0394493714
945.46228 64.3841858 12.1702404 -0.588861048 0.235309139 0.773222029 0.0348596908 0.558543026 0.791512609 -0.0257023089 0.610612273 -0.269952416 -0.959002197 0.0862592012
947.05011 66.2328644 12.3540716 -0.103531279 0.0455612615 0.993582189 0.0376263671 0.562934875 0.994609535 -0.00105466321 0.103686683 0.000977718737 -0.998945236 0.045909062
946.400879 66.5836411 12.1786728 -0.573391616 0.270254135 0.773424149 0.0364951864 0.563768208 0.797937691 -0.0298625752 0.601999879 -0.312593192 -0.944778502 0.0983832255
947.631714 67.3470078 12.3577814 -0.0932615176 0.0619572513 0.993712127 0.0386397317 0.565581799 0.995614946 -0.00150715734 0.0935340673 0.000913929834 -0.998056293 0.0623138882
947.024902 67.7668762 12.182579 -0.520445883 0.357393682 0.775503635 0.0375823639 0.566579223 0.820874035 -0.0407115296 0.569656432 -0.423832178 -0.896544814 0.128739208
948.457642 68.2749023 12.3590641 -0.0815318301 0.0774023533 0.993660688 0.0400787629 0.567786038 0.996640086 -0.00148873078 0.0818922594 0.00129823328 -0.996970773 0.0777667165
947.900391 68.758812 12.1839895 -0.457547247 0.43796581 0.773845315 0.0391079076 0.568935692 0.854667127 0.456746489 0.246833861 0.0317532346 -0.861682773 0.506452978
950.094543 69.8422623 12.359951 -0.0764516369 0.0823843032 0.993663967 0.042930942 0.5715096 0.997043192 -0.00142374018 0.0768296719 0.00133535976 -0.996571362 0.0827280954
949.59375 70.384346 12.1849327 -0.430008978 0.465135694 0.773783743 0.042058371 0.572797537 0.851787746 0.493100345 0.17694582 0.0581476726 -0.841021657 0.537867546
951.786255 71.3503342 12.3601866 -0.0710850656 0.0870557725 0.993664026 0.0458785295 0.575092375 0.997440279 -0.00151806429 0.0714882091 0.00129561161 -0.99617523 0.0873684585
951.347961 71.9440613 12.1851521 -0.40075177 0.490442812 0.773863018 0.0451148115 0.57650286 0.875019491 0.455235153 0.16462703 0.052828785 -0.830881178 0.553936481
952.776489 72.1003647 12.3595161 -0.0547615364 0.0975297391 0.993724883 0.0476038754 0.576874137 0.998474002 -0.00176372763 0.055196356 0.00104132306 -0.995212138 0.0977330878
952.405884 72.7385406 12.1843939 -0.315464348 0.54678309 0.775571108 0.0469582267 0.578390241 0.928607345 0.346150219 0.133673668 0.0390853584 -0.809124291 0.586336315
953.933105 72.592186 12.3563929 -0.0376050845 0.10647241 0.993604302 0.0496191159 0.578042507 0.999279022 -0.00119296811 0.0379476883 0.000806491007 -0.994304061 0.106577918
953.634766 73.2671204 12.1811123 -0.224413708 0.59268117 0.773542285 0.0490992442 0.579645991 0.964189887 0.250172555 0.0880428031 0.0245867372 -0.790092349 0.612494648
956.123962 73.3256454 12.349268 -0.030967515 0.108777434 0.993583739 0.0534364544 0.579785109 0.999511063 -0.000931602961 0.0312542431 0.00070471107 -0.994057834 0.108851299
955.901428 74.0291672 12.1737614 -0.188357234 0.605342507 0.77335763 0.0530487224 0.581456423 0.974680483 0.211836576 0.0715767592 0.0200255327 -0.784921587 0.619271576
958.339111 73.982132 12.341547 -0.0242084302 0.110698938 0.993559122 0.0572961308 0.581344545 0.999700487 -0.000890168129 0.0244572461 0.000556972693 -0.993848801 0.110744797
958.195129 74.7057495 12.1657467 -0.151560977 0.615663111 0.773297071 0.0570451766 0.583063722 0.984061003 0.167607576 0.0594279356 0.0156114828 -0.780746043 0.624653399
959.568604 74.2430115 12.3366308 -0.000751607586 0.113353461 0.993554533 0.0594382696 0.581964493 0.999999046 -0.0010627748 0.000877734099 1.37462166e-05 -0.993554711 0.113353491
959.504761 74.9779663 12.1604748 -0.0278317705 0.630866766 0.775391936 0.0593271479 0.583710432 0.99960649 0.0148326904 0.0238116551 0.00275332946 -0.775641084 0.631168306
963.852112 73.7845993 12.3111734 0.0195138156 0.114065081 0.993281722 0.0669018403 0.580875278 0.999806464 0.00026639257 -0.0196725931 -0.000470118888 -0.993469656 0.114095889
963.877747 74.5208969 12.134553 0.0791682899 0.631697476 0.771161973 0.0669465214 0.582624495 0.995657384 -0.0881146863 -0.0300360713 -0.00774438446 -0.773177028 0.634143114
975.229553 72.2832184 12.241827 0.0218289159 0.11365813 0.993280053 0.0867256597 0.577308536 0.999757707 0.000354861346 -0.0220118761 -0.000508725294 -0.993515491 0.113696255
975.361267 73.009613 12.0645847 0.0920598283 0.62982893 0.771259069 0.0869551897 0.579034269 0.994174719 -0.101736978 -0.0355868302 -0.00939949136 -0.773964047 0.633159816
986.646362 70.6335144 12.1713686 0.026630247 0.114506081 0.993065536 0.106618144 0.573389411 0.999639511 0.000358987163 -0.0268479306 -0.000643599546 -0.993415773 0.114563726
986.895996 71.3292236 11.9933157 0.11770685 0.628799498 0.768606842 0.107053146 0.575042188 0.990175486 -0.133148745 -0.0427091829 -0.0114097688 -0.773079813 0.634206176
991.048035 69.7301559 12.1425753 0.0547595434 0.102426477 0.99323225 0.11428757 0.571243286 0.998483062 0.000102254497 -0.0550595857 -0.00163820304 -0.9947142 0.102669619
991.422729 70.3648071 11.9634886 0.269088328 0.571197391 0.775451541 0.114940457 0.572751045 0.940550506 -0.329114884 -0.0839531273 -0.0270678774 -0.800345838 0.598927259
991.922791 69.055542 12.1338377 0.0876368284 0.0814303532 0.992818713 0.115811676 0.569640696 0.996118188 0.00110825582 -0.0880189762 -0.00189827953 -0.996637821 0.0819111541
992.416077 69.6029205 11.9535913 0.44128713 0.460677147 0.770092487 0.116671227 0.570941031 0.856595099 0.0394853167 -0.514476418 0.442521036 -0.858283341 0.259855419
992.758667 68.0920486 12.1235456 0.102163799 0.0653691366 0.992617548 0.1172681 0.567351818 0.994736671 0.00116507243 -0.102458619 -0.00185794919 -0.997824311 0.0659032613
993.350647 68.5301056 11.942111 0.518615365 0.374498099 0.76862818 0.118299536 0.568392396 0.81658262 0.0495225303 -0.575100422 0.418035656 -0.895258784 0.154135719
993.431396 67.0083313 12.1133842 0.113202453 0.0467368327 0.992472172 0.118440241 0.564777136 0.993552327 0.000956808624 -0.113370717 -0.00177378277 -0.998881936 0.0472409986
994.098572 67.3197861 11.9307804 0.578036189 0.275109679 0.768237472 0.119602755 0.565517008 0.792999923 0.0326165594 -0.608348072 0.300582707 -0.947040915 0.112976015
993.816711 65.9730682 12.1050386 0.122837305 0.0134191317 0.992336094 0.119111657 0.562317669 0.992424846 0.000321836647 -0.122852631 -0.00163897884 -0.999904573 0.0137243597
994.532104 66.1453857 11.9213324 0.630180478 0.100815795 0.769875765 0.120358177 0.562727034 0.77311641 0.0102907429 -0.634180665 0.093424432 -0.994176269 0.0537156984
993.746765 63.7104645 12.0916252 0.126026243 -0.0161888041 0.991894901 0.118989825 0.556942463 0.992024004 -0.000377623452 -0.126048818 -0.00015590922 -0.99986726 -0.0162991118
994.485962 63.759964 11.9070454 0.64291501 -0.0560810454 0.763881683 0.120277703 0.557060063 0.764878035 -0.00542994263 -0.644152224 -0.052956596 -0.998184025 -0.0287120547
993.053772 58.9447441 12.0662594 0.124337606 -0.0245676804 0.99193579 0.117782295 0.545620739 0.992233455 -0.000568181276 -0.124388978 0.00043795965 -0.999691963 -0.0248146746
993.794678 58.9165802 11.881197 0.636415839 -0.102587655 0.764493823 0.119073316 0.545553803 0.767814815 -0.0104755349 -0.640586197 -0.110639431 -0.993008494 -0.0411484241
992.245483 54.1086617 12.0410757 0.123766504 -0.025907537 0.991973102 0.116373956 0.534131706 0.992303967 -0.000644077547 -0.123824604 0.000533561397 -0.999657273 -0.0261747986
992.978699 54.0345192 11.8557739 0.63449645 -0.110327646 0.765011072 0.117651545 0.533955634 0.768886566 -0.0109612383 -0.639291406 -0.120830007 -0.991749644 -0.0428114124
991.829712 51.634964 12.0282059 0.116962768 -0.129973441 0.984594643 0.115649492 0.528255045 0.992976189 -0.0024961473 -0.118287921 -0.00294919941 -0.991440415 -0.130526796
992.558289 51.5330772 11.8427601 0.603183866 -0.23693569 0.761597455 0.116918989 0.528013051 0.782449961 -0.00945854839 -0.622641623 -0.261113286 -0.960900843 -0.0921384171
991.664062 50.666748 11.8331251 0.0921323299 -0.588336289 0.803350627 0.115360878 0.525954902 0.995364428 0.0320572741 -0.0906762183 -0.0059606377 -0.807093441 -0.590393841
992.245483 50.8370857 11.6953802 0.479156166 -0.536688328 0.694532335 0.116374001 0.526359618 0.801953375 -0.0539395995 -0.594946563 -0.491142362 -0.81974709 -0.294608027
991.664062 50.666748 11.8331251 0.0921323299 -0.588336289 0.803350627 0.704036236 0.803004742 0.995364428 0.0320572741 -0.0906762183 -0.0059606377 -0.807093441 -0.590393841
991.60614 50.3470955 11.2613096 0.0558368638 -0.963221073 0.262845188 0.703935623 0.801646352 0.998221993 0.0593554638 0.00545887649 -0.00192977698 -0.263359487 -0.964695871
992.388672 50.5546417 11.285696 0.633028269 -0.725728929 0.269430459 0.705298901 0.801704109 0.766550958 0.636219978 -0.0873146653 -0.0595360473 -0.392653286 -0.917757571
992.245483 50.8370857 11.6953802 0.479156166 -0.536688328 0.694532335 0.705049515 0.802677393 0.819199085 0.55755806 -0.134319738 0.0852738619 -0.759075701 -0.645393312
991.591919 50.3635139 8.56623936 0.0467649698 -0.99888593 -0.00633247895 0.703910828 0.795243621 0.998905778 0.046767585 -0.000269144686 6.90326578e-06 0.00633973721 -0.999979913
992.374512 50.5709343 8.61107159 0.652563989 -0.757690609 -0.00806855038 0.705274224 0.795350075 0.757730186 0.652556181 0.00394297484 -0.00155679265 0.00930760428 -0.999955535
991.557129 50.4035034 2.00140095 0.0467648357 -0.99888587 -0.00633255951 0.703850031 0.779647589 0.998905778 0.0467674844 -0.000271384342 2.01818602e-05 0.0063404399 -0.999979913
992.339783 50.6108856 2.05304861 0.652564347 -0.757690489 -0.00806852244 0.705213785 0.779770374 0.757729948 0.652556598 0.00391999725 -0.00155846984 0.00930612534 -0.999955535
991.522583 50.4433098 -4.53236341 0.0467650108 -0.99888593 -0.00633268012 0.703789949 0.764125466 0.998905838 0.046767734 -0.000285134709 2.70444048e-06 0.00633974234 -0.999979913
992.305176 50.6507301 -4.48753119 0.652564168 -0.757690668 -0.00806865469 0.705153465 0.764232039 0.757729948 0.652556777 0.00387440715 -0.00156817853 0.00929793529 -0.999955595
991.508789 50.4591599 -7.13421011 0.0669870377 -0.946623683 -0.315303534 0.703765988 0.757944465 0.99728483 0.0732134432 -0.00793019868 -0.0054690768 0.315660238 -0.948856533
992.291321 50.6667061 -7.10982227 0.633765817 -0.709180892 -0.308874369 0.705129504 0.758002281 0.766047895 0.630816758 0.123454332 -0.0749049932 0.341164738 -0.937014341
991.561157 50.7851906 -7.609447 0.0977894068 -0.528552949 -0.843249202 0.703857064 0.756815434 0.969707549 0.241180867 -0.0387189537 -0.0278053302 0.845528305 -0.533206046
992.144043 50.9538689 -7.47573328 0.467051268 -0.493849665 -0.733468294 0.704872608 0.757133007 0.815000296 0.562182426 0.140446872 -0.0814251751 0.801953971 -0.591810703
991.561157 50.7851906 -7.609447 0.0977894068 -0.528552949 -0.843249202 0.639610648 0.338047385 -0.989503443 0.038946867 -0.139162228 -0.0306704175 -0.848508298 0.528292537
991.724976 51.7555313 -7.76338434 0.10376367 -0.100395657 -0.98952198 0.639325261 0.340352535 -0.9945364 0.000955046213 -0.104386389 0.00106365292 -0.994880736 0.101050884
992.455444 51.6515198 -7.59981203 0.579319119 -0.213861555 -0.786544681 0.638052464 0.340105414 -0.80423528 0.00706208963 -0.594269037 -0.252553821 -0.964573622 0.0762524605
992.144043 50.9538689 -7.47573328 0.467051268 -0.493849665 -0.733468294 0.638594985 0.338448167 -0.828193128 0.0462784283 -0.558528841 -0.467029184 -0.84213239 0.269623429
992.140747 54.229229 -7.75051498 0.105134182 -0.0124456091 -0.994380176 0.638600707 0.346229315 -0.994456887 0.000237922155 -0.105145268 0.000421834382 -0.999921143 0.0125595601
992.875854 54.1529579 -7.58679914 0.609052062 -0.0979845375 -0.78705442 0.637319922 0.346047997 -0.790247202 0.00956656411 -0.612713635 -0.11498867 -0.992763638 0.034611851
992.949036 59.0653152 -7.72533083 0.105668716 -0.0111983428 -0.994338393 0.637192369 0.357718349 -0.994400382 0.000235647021 -0.105677962 0.000440783682 -0.999936044 0.0113082267
993.691833 59.0350227 -7.56137562 0.610957265 -0.0904624313 -0.786478102 0.635898113 0.357646227 -0.789177597 0.00907435268 -0.614098012 -0.10472212 -0.993954659 0.032975886
993.64209 63.8310318 -7.69996548 0.107247613 -0.00339450804 -0.994226575 0.635984778 0.369039893 -0.994232297 0.000135572671 -0.107248701 0.000469482766 -0.99999392 0.00346484291
994.383057 63.8784065 -7.53552818 0.617347658 -0.0452164523 -0.785390019 0.634693742 0.369152665 -0.786065996 0.00431835186 -0.618127525 -0.0467538722 -0.998690963 0.0207462143
993.711975 66.0936356 -7.68655205 0.104270793 0.024187075 -0.994254887 0.635862947 0.374415278 -0.994544089 -0.000609377807 -0.104315951 0.000537910964 -0.999705493 -0.0242632609
994.42926 66.2638245 -7.52123976 0.604695261 0.107420601 -0.789179623 0.634613276 0.374819636 -0.793058753 -0.0102248294 -0.609059334 0.144129217 -0.989262521 -0.0242187083
993.32666 67.1288986 -7.67820644 0.0952962637 0.0552217402 -0.993916154 0.636534333 0.376874804 -0.995427668 -0.0012472677 -0.0955104828 -0.000635439239 -0.998456538 -0.0555349179
993.995728 67.4382248 -7.51179218 0.55412358 0.276914299 -0.785025954 0.635368824 0.377609491 -0.811629355 -0.0297959615 -0.583412468 0.328692973 -0.939203501 -0.09928637
992.653931 68.212616 -7.66804457 0.0850149915 0.0725772977 -0.99373287 0.637706637 0.379449129 -0.996350706 -0.00142537314 -0.085343048 -0.000990890549 -0.997336924 -0.0729252994
993.247742 68.6485443 -7.50046062 0.496349514 0.373598099 -0.783620834 0.63667202 0.380484939 -0.834358394 -0.0439981557 -0.549463511 0.440777689 -0.886108875 -0.1432693
991.818054 69.1761169 -7.65775251 0.0714825839 0.08753784 -0.993593156 0.639163017 0.381738186 -0.99740994 -0.00169216632 -0.0719062611 -0.00100396841 -0.996134639 -0.0878339782
992.313232 69.7213669 -7.48898125 0.421108514 0.457420588 -0.783220291 0.63830018 0.383033514 -0.870663762 -0.0381390713 -0.490397841 0.442387909 -0.857423902 -0.262901753
990.943298 69.8507309 -7.64901447 0.0408556499 0.10710194 -0.993408263 0.640687108 0.383340836 -0.999144316 -0.00202694442 -0.0413100831 -0.000719117059 -0.994235039 -0.107220642
991.319885 70.4832535 -7.47908306 0.253525853 0.56485486 -0.785279334 0.640031099 0.384843588 -0.965537906 0.0983939469 -0.240946785 0.110112719 -0.823377311 -0.55670917
986.541626 70.7540817 -7.62022114 0.014660066 0.118355446 -0.992863119 0.648356676 0.385486841 -0.999889672 -0.000679361227 -0.0148447994 -0.00021457464 -0.992969394 -0.118371293
986.793152 71.4476624 -7.44925737 0.106483571 0.621113896 -0.776452839 0.647918224 0.387134671 -0.9940359 0.0480127893 -0.0979159176 0.0507373549 -0.783269525 -0.619608581
975.124817 72.4037857 -7.5497632 0.0101838149 0.1175583 -0.993013799 0.668249011 0.389406085 -0.999946892 -0.000409142667 -0.0103033539 -0.000310034899 -0.99306488 -0.117567524
975.258362 73.1280594 -7.37798691 0.081464678 0.62199533 -0.778771698 0.668016434 0.391126752 -0.996533871 0.0376252197 -0.0741932541 0.0385817215 -0.782751083 -0.621137798
963.747375 73.9051666 -7.48041677 0.00802750047 0.117937826 -0.992988586 0.68807292 0.392972827 -0.999966919 -0.000398668868 -0.00813126191 -0.000214328698 -0.993020356 -0.117943332
963.774902 74.6393356 -7.30802011 0.0689201057 0.623823941 -0.778520226 0.688024998 0.394716978 -0.997522056 0.0320313089 -0.0626411885 0.0328425765 -0.781371653 -0.62320137
959.463867 74.3635788 -7.45495939 -0.0108509557 0.117273644 -0.993040383 0.695536375 0.394061923 -0.999940991 -0.000702452089 0.0108434018 0.000289871765 -0.993098438 -0.117283672
959.401917 75.0964127 -7.28209686 -0.0351858214 0.622903883 -0.781506658 0.695644259 0.395802975 -0.999376178 -0.0195635166 0.0294017848 -0.0167269185 -0.782248378 -0.622742116
958.234436 74.1026917 -7.4500432 -0.0326999314 0.114799351 -0.992850423 0.697678566 0.393442154 -0.999456286 0.000454234279 0.0329700224 0.000715075876 -0.993378699 -0.114883989
958.092224 74.8241959 -7.27682638 -0.1555136 0.608185351 -0.77841258 0.697926283 0.395156264 -0.987199605 -0.067453146 0.144523546 -0.0718332157 -0.792875767 -0.605134666
956.019226 73.4462128 -7.44232178 -0.0389956273 0.113010101 -0.99282831 0.701538205 0.391882539 -0.999226034 0.00071931741 0.0393287912 0.000797178538 -0.993580282 -0.113127008
955.798584 74.1476059 -7.26881075 -0.191314176 0.598144114 -0.778217554 0.701922774 0.393548846 -0.980545878 -0.0809943378 0.178800985 -0.0866117552 -0.80005759 -0.593638241
953.828369 72.7127533 -7.43519783 -0.0451788418 0.11086335 -0.992808282 0.705355525 0.390140057 -0.998961985 0.000771785679 0.0455450565 0.000955095573 -0.993817866 -0.111019544
953.53186 73.3855667 -7.2614603 -0.226396695 0.585824132 -0.778173923 0.705872178 0.391738534 -0.972764134 -0.0951839983 0.211353153 -0.100001626 -0.808675647 -0.579692543
952.671753 72.220932 -7.43207407 -0.0611600168 0.102533184 -0.992847681 0.707370758 0.388971686 -0.998103321 0.000722178083 0.0615583435 0.00136413553 -0.994700253 -0.102808513
952.30304 72.8569794 -7.25817776 -0.314932704 0.541136563 -0.77973628 0.708013296 0.390482783 -0.947130561 -0.126097783 0.295030832 -0.126189128 -0.838120878 -0.530688107
951.68158 71.4709015 -7.43140364 -0.0763646215 0.0927770361 -0.992754221 0.709096074 0.387189865 -0.997045457 0.00117986964 0.0768049657 0.00146862608 -0.995650113 -0.0931606367
951.245056 72.0625 -7.25742054 -0.397901416 0.486383915 -0.777885139 0.709856629 0.388595462 -0.914444327 -0.141935229 0.379006654 -0.142276391 -0.870354176 -0.471424669
949.989868 69.9628296 -7.43163967 -0.0813635439 0.0884257704 -0.992754221 0.712043762 0.383607268 -0.996647775 0.0013324226 0.0818013325 0.00145786349 -0.996044993 -0.0888383761
949.490906 70.5027847 -7.25763988 -0.426368564 0.461761504 -0.777808607 0.712913036 0.384890079 -0.901320994 -0.144292206 0.408412039 -0.144113988 -0.883578718 -0.445555657
948.352905 68.3954697 -7.43252611 -0.0860958025 0.0837855414 -0.992757618 0.714895964 0.379883528 -0.996250451 0.0012785393 0.08650662 0.00153757737 -0.996445179 -0.0842301026
947.797546 68.8772507 -7.25858307 -0.453162849 0.435328215 -0.777902842 0.715863466 0.381028295 -0.85721451 0.0266341362 0.514270306 -0.435222507 -0.869619191 -0.233117968
947.526978 67.4675751 -7.4338088 -0.0970216468 0.0693988502 -0.9928599 0.716335058 0.37767911 -0.995251358 0.00110398617 0.0973325074 0.00174733996 -0.997552693 -0.0698976219
946.921997 67.8853226 -7.2599926 -0.514293849 0.356942415 -0.779803932 0.717389226 0.378671765 -0.82421416 0.0455692522 0.564441741 -0.395960063 -0.905384064 -0.153282315
946.945374 66.3534317 -7.43751907 -0.106587403 0.0541254245 -0.992829144 0.717348337 0.375032306 -0.994279683 0.00109687436 0.106802933 0.00129087886 -0.99850893 -0.0545736477
946.298035 66.7020874 -7.2638998 -0.565832376 0.2722103 -0.778289974 0.718476295 0.375860572 -0.803313136 0.0307078045 0.594764829 -0.30461055 -0.946165562 -0.109467521
946.04126 64.2273102 -7.44568682 -0.109216146 0.048131071 -0.992852092 0.718923569 0.369981527 -0.993998468 0.000985273044 0.109390005 0.00104826922 -0.998820961 -0.0485357381
945.359375 64.5026321 -7.27233124 -0.58088553 0.238208503 -0.778350055 0.720111728 0.370635509 -0.797321439 0.0259814505 0.602995396 -0.267751634 -0.958926022 -0.0936484784
945.211914 62.0709076 -7.45443535 -0.111497477 0.0419963896 -0.992877007 0.720368862 0.364858389 -0.993749261 0.000866336806 0.111632079 0.00102855265 -0.999101222 -0.0423751622
944.503784 62.2695503 -7.28140879 -0.593725264 0.203313857 -0.77855891 0.721602559 0.365330458 -0.792277813 0.0214320067 0.609784067 -0.224850133 -0.970930099 -0.0820802823
944.854736 60.8659019 -7.45988607 -0.115799405 0.0193378907 -0.993084371 0.720991015 0.361995816 -0.993269026 0.000434834714 0.115829401 0.00118688203 -0.99980706 -0.0196071956
944.129028 60.9854507 -7.28724766 -0.61838299 0.0784091055 -0.781955659 0.722255468 0.362279773 -0.783965051 0.00781539828 0.620755792 -0.0669008568 -0.996650636 -0.0470309556
945.410522 48.7179565 -7.5368309 -0.117944025 0.000431537686 -0.993020236 0.720022559 0.33313632 -0.993020236 4.94990054e-05 0.117944054 -0.000104648527 -1 -0.000422141631
944.676208 48.7516403 -7.36467075 -0.627085626 -0.0261337422 -0.778511941 0.721302152 0.33321619 -0.77873528 -0.00245291879 0.627347887 0.032870315 -0.99943465 0.00707306294
947.319946 13.7327166 -7.76006031 -0.117499724 -0.000498518406 -0.993072867 0.716695666 0.25002265 -0.993072927 -0.000111261535 0.117499784 -0.000140568081 -0.99999994 0.000518627989
946.586609 13.6694155 -7.58849525 -0.625934899 -0.0315500945 -0.779236853 0.717973471 0.249872446 -0.779560208 -0.00309240469 0.626319826 0.038940493 -0.99919945 0.00917644426
949.517273 -21.6981487 -7.98752737 -0.118386909 -0.00348915672 -0.992961466 0.712867141 0.165850282 -0.992967427 -9.16074714e-05 0.118387945 -0.000115474017 -0.999993801 0.00352763548
948.799988 -21.8670483 -7.8166914 -0.627086282 -0.0480577424 -0.77746588 0.71411705 0.165449142 -0.778218448 -0.00458915252 0.627976894 0.0544182472 -0.998359263 0.0178193767
950.936646 -35.1829834 -8.07718563 -0.112040356 -0.0258886684 -0.993366361 0.710394025 0.133814692 -0.993697166 -0.000712652807 0.112096235 0.000123367325 -0.999660969 0.0260388013
950.256104 -35.4635658 -7.90722322 -0.59625262 -0.173338503 -0.783860087 0.711579919 0.133148313 -0.794023812 -0.016622046 0.6076594 0.224398136 -0.973477423 0.0445782915
1144.42102 -92.9094315 -3.40701242e-16 0.93215096 -0.362069875 1.93518918e-06 0.523733377 0.121379256 -0.00430588285 -0.0110908775 -0.999929249 -0.362069815 -0.93215096 -1.96099836e-06
1142.78308 -92.9091644 -16.469986 0.914266944 -0.362118095 -0.181621701 0.552430511 0.121379972 -0.190682784 0.0108895767 -0.981591344 -0.351391762 -0.931962311 0.0892762467
1141.47473 -77.5234833 -16.169939 0.977270961 0.0876578614 -0.193022728 0.551907659 0.157931328 -0.19362475 -0.00166312128 -0.981074274 0.089324899 -0.996002614 -6.64736726e-05
1143.06677 -77.4989395 8.24928284e-05 0.996128082 0.0879135132 1.06602083e-05 0.523733258 0.157989502 -0.00014173075 0.00172714714 -0.99999851 0.0879135132 -0.996128082 -2.587349e-07
1137.99377 -92.9083786 -32.3131561 0.861189365 -0.362251133 -0.356548786 0.580035329 0.12138164 -0.378414482 0.0113818189 -0.925566375 -0.319381833 -0.931358099 0.174835294
1136.7854 -77.5730972 -31.7475529 0.920697629 0.087511152 -0.380339026 0.579049826 0.15781343 -0.381664455 -0.00170905504 -0.924299359 0.0944764912 -0.995527089 -0.000356127479
1137.99377 -92.9083786 -32.3131561 0.861189365 -0.362251133 -0.356548786 0.958998561 0.698127627 0.439188749 0.883443296 0.163221434 -0.202191845 0.399435103 -0.894186914
1142.78308 -92.9091644 -16.469986 0.914266944 -0.362118095 -0.181621701 0.96734345 0.735765815 0.381974369 0.919905186 0.0887131318 -0.0958636552 0.242204726 -0.965477645
1138.58167 -96.8520508 -15.6340322 0.416988134 -0.905116916 -0.0829716995 0.960023046 0.737751603 0.908058941 0.418811321 -0.00510329707 0.0161305666 0.0986419097 -0.994992256
1134.0354 -96.8513107 -30.6730633 0.392720193 -0.905146778 -0.162727579 0.952101707 0.702023923 0.916580498 0.399693429 -0.0111939097 0.0109935133 0.181551412 -0.983320057
1144.42102 -92.9094315 -3.40701242e-16 0.93215096 -0.362069875 1.93518918e-06 0.970197439 0.774893045 0.362069875 0.93215096 -9.50173785e-07 0.0102959564 0.0265016574 -0.999595761
1140.13647 -96.8523026 -3.38193892e-16 0.425096512 -0.905148029 9.77374293e-10 0.962732196 0.774893045 0.905148029 0.425096512 6.17949095e-11 0.00704223476 0.00330733461 -0.999969721
1130.17773 -92.9071045 -46.9026947 0.775074959 -0.362202585 -0.517753005 0.605455875 0.12138474 -0.55189693 0.0109386342 -0.833840609 -0.265426993 -0.930230975 0.25341475
1129.08594 -77.6237564 -46.1405182 0.828702509 0.0874720514 -0.552811742 0.604127884 0.157693028 -0.554815829 -0.00167326885 -0.831971526 0.104623906 -0.994511783 -0.000524399686
1119.69006 -92.9053955 -59.7071953 0.659083009 -0.362448841 -0.658969283 0.627766252 0.121388793 -0.703874826 0.0113400156 -0.71023351 -0.235657945 -0.931610167 0.27670908
1118.74817 -77.6620255 -58.7840271 0.704863012 0.0870651603 -0.703980029 0.626157761 0.157602072 -0.706556618 -0.00171134993 -0.707654476 0.0726822242 -0.996079981 -0.0504174083
1119.69006 -92.9053955 -59.7071953 0.659083009 -0.362448841 -0.658969283 0.9271065 0.633048117 0.642548025 0.726709545 0.242951319 -0.259076357 0.713155985 -0.651373923
1130.17773 -92.9071045 -46.9026947 0.775074959 -0.362202585 -0.517753005 0.945380211 0.663467526 0.533378124 0.814353228 0.228771731 -0.231600091 0.599526525 -0.766113281
1126.61609 -96.85009 -44.5220871 0.353471398 -0.905114472 -0.236274913 0.939174414 0.669123113 0.930187106 0.366831303 -0.0136697581 0.0235699061 0.261117399 -0.965019345
1116.66077 -96.8484573 -56.6766739 0.300526232 -0.905143321 -0.300665349 0.921828389 0.640247762 0.946690083 0.321433336 -0.021412503 0.0158693679 0.319939375 -0.947305202
1119.69006 -92.9053955 -59.7071953 0.659083009 -0.362448841 -0.658969283 0.730653882 0.121388793 -0.703874826 0.0113400156 -0.71023351 -0.235657945 -0.931610167 0.27670908
1106.88586 -92.9033051 -70.1952438 0.517719924 -0.362556756 -0.774931371 0.752963781 0.1213938 -0.82906729 0.0110140769 -0.559040368 -0.255463481 -0.929958403 0.26441589
1106.14368 -77.6744919 -69.1132507 0.553376436 0.0866658911 -0.828410268 0.754256964 0.157572508 -0.831456006 -0.0016925768 -0.555588067 -0.000830940437 -0.994514227 -0.104598276
1118.74817 -77.6620255 -58.7840271 0.704863012 0.0870651603 -0.703980029 0.732295156 0.157602072 -0.706556618 -0.00171134993 -0.707654476 0.0726822242 -0.996079981 -0.0504174083
1092.29639 -92.9009323 -78.011734 0.356543154 -0.362599075 -0.861045241 0.778384209 0.121399522 -0.922195673 0.0111566931 -0.386562675 -0.175874352 -0.931186914 0.319310427
1091.78699 -77.6735306 -76.7987137 0.380920112 0.0867319927 -0.920531094 0.779271722 0.157574654 -0.923954248 -0.0017268518 -0.382499337 -0.00029899893 -0.995579183 -0.0939267129
1092.29639 -92.9009323 -78.011734 0.356543154 -0.362599075 -0.861045241 0.879376411 0.589562595 0.881067276 0.43708396 0.180771276 -0.168463305 0.881557643 -0.44099468
1106.88586 -92.9033051 -70.1952438 0.517719924 -0.362556756 -0.774931371 0.904796958 0.608132064 0.778568149 0.575152457 0.251060694 -0.21787858 0.820033848 -0.529219627
1104.50635 -96.8464584 -66.6323776 0.236119777 -0.905110002 -0.353586227 0.900650978 0.616596282 0.96601516 0.258026302 -0.0154047068 0.0167762935 0.367618024 -0.929825544
1090.65747 -96.8441925 -74.052124 0.162566707 -0.905138254 -0.39280653 0.876520753 0.598969281 0.982297301 0.186019868 -0.0221097451 0.00975705497 0.399557441 -0.916656256
1076.45312 -92.8983459 -82.8015442 0.181763887 -0.362498194 -0.91408813 0.805989265 0.121405602 -0.979893327 0.0110170981 -0.199218094 -0.0895398557 -0.931812346 0.35172224
1076.1925 -77.6714935 -81.5108948 0.194282457 0.0868407041 -0.977094233 0.806443334 0.157579541 -0.980769277 -0.00169121101 -0.195163488 -3.19852224e-05 -0.996073186 -0.0885338411
1059.98291 -92.8956528 -84.4399414 -3.7925347e-05 -0.36257273 -0.931955457 0.834686637 0.1214118 -0.99992764 0.0112271188 -0.00432716915 1.34534521e-05 -0.931955516 0.36257273
1059.979 -77.6689301 -83.1238861 4.53435314e-05 0.0868478119 -0.996221602 0.834693551 0.15758574 -0.99999851 -0.0017232683 -0.000195741537 -2.37348422e-06 -0.996221602 -0.0868478045
1059.98291 -92.8956528 -84.4399414 -3.7925347e-05 -0.36257273 -0.931955457 0.823073864 0.574291289 0.999599993 0.0263446644 -0.0102899382 1.52781267e-05 0.931955516 -0.362572789
1076.45312 -92.8983459 -82.8015442 0.181763887 -0.362498194 -0.91408813 0.851771355 0.578183532 0.973972082 0.194388002 0.116583578 -0.0872876048 0.919955373 -0.382181972
1075.61829 -96.8417206 -78.5988083 0.0828161314 -0.905104458 -0.41704613 0.850316882 0.588167906 0.995703936 0.0925420523 -0.00311684632 0.00544003397 0.418888092 -0.908021629
1059.98401 -96.8391495 -80.1540375 -0.000139298238 -0.905132115 -0.425130516 0.823075891 0.584473193 0.999970257 0.00315324008 -0.00704111997 -9.38850189e-06 0.425130516 -0.905132115
1043.51245 -92.8929672 -82.8022003 -0.181853846 -0.362546802 -0.914050937 0.863384485 0.121418357 -0.981544673 0.0110064447 0.190916434 0.089327246 -0.9317981 0.351813912
1043.76526 -77.6663589 -81.511795 -0.194310755 0.0867749453 -0.977094412 0.862943888 0.157591939 -0.980821252 -0.00168592797 0.194902152 -8.83245957e-05 -0.996081173 -0.0884435698
1027.66882 -92.8903809 -78.0129471 -0.356666476 -0.362638086 -0.860977709 0.890990019 0.121424437 -0.92547071 0.0112312483 0.378652632 0.174876615 -0.931214571 0.319777429
1028.16846 -77.6638947 -76.797287 -0.3812024 0.0867366269 -0.920413792 0.890119553 0.157597661 -0.923951507 -0.00171609456 0.382505894 -0.000271042431 -0.995599568 -0.0937096104
1027.66882 -92.8903809 -78.0129471 -0.356666476 -0.362638086 -0.860977709 0.766770482 0.589559734 0.894157767 -0.39953059 -0.202131897 0.163125277 0.883257449 -0.439598054
1043.51245 -92.8929672 -82.8022003 -0.181853846 -0.362546802 -0.914050937 0.794376016 0.578182042 0.965432107 -0.242352083 -0.0959503949 0.0887481049 0.919705629 -0.382446527
1044.34961 -96.836586 -78.599411 -0.0830868036 -0.905098259 -0.417005897 0.795834661 0.588166535 0.994980335 -0.0987640321 0.016118262 -0.00510708336 0.418833911 -0.908048511
1029.31018 -96.8341141 -74.0532379 -0.162814111 -0.905126035 -0.392732233 0.769630313 0.598966599 0.983303487 -0.181641832 0.0109822247 -0.0111931823 0.399712175 -0.916572392
1013.07886 -92.8880005 -70.1968307 -0.517785132 -0.362608522 -0.77486366 0.916411519 0.121430159 -0.833772004 0.0110051129 0.551999271 0.253218293 -0.93010664 0.266049325
1013.80579 -77.6616211 -69.1030731 -0.5534482 0.0866701081 -0.828361928 0.915144801 0.157603025 -0.831570983 -0.00168375508 0.555416107 -0.000498577894 -0.994605362 -0.103730761
1000.27393 -92.88591 -59.7089233 -0.658977866 -0.362693816 -0.6589396 0.938722491 0.121435165 -0.710123956 0.0112241637 0.703987241 0.276826888 -0.931518078 0.235883638
1001.20032 -77.6596298 -58.7786484 -0.704425156 0.0866422877 -0.704470217 0.937108397 0.157607794 -0.707233965 -0.00171727024 0.706977546 -0.0501911454 -0.996117592 -0.0723238513
1000.27393 -92.88591 -59.7089233 -0.658977866 -0.362693816 -0.6589396 0.719038129 0.633044183 0.651455402 -0.713116884 -0.258979082 0.242808834 0.72658056 -0.64274776
1013.07886 -92.8880005 -70.1968307 -0.517785132 -0.362608522 -0.77486366 0.74134922 0.60812819 0.766175628 -0.599512696 -0.231429085 0.228550449 0.814183295 -0.533732474
1015.46075 -96.8318481 -66.6338348 -0.236332938 -0.905092418 -0.353488982 0.745499253 0.616592824 0.965004206 -0.261174858 0.0235512238 -0.0136602214 0.366853356 -0.930178523
1003.30579 -96.8298492 -56.6782532 -0.300699353 -0.905120969 -0.300559729 0.724320889 0.640244067 0.947293639 -0.319974184 0.0158529039 -0.0213995986 0.32146889 -0.94667834
1000.27393 -92.88591 -59.7089233 -0.658977866 -0.362693816 -0.6589396 0.414494783 0.570367932 -0.710123956 0.0112241637 0.703987241 0.276826888 -0.931518078 0.235883638
989.785645 -92.8841934 -46.9042892 -0.774877489 -0.362655848 -0.517731249 0.436805367 0.570372045 -0.559072375 0.011001206 0.829045892 0.264493436 -0.929920673 0.25552088
990.875366 -77.6579971 -46.1735573 -0.828332603 0.0865899399 -0.553504527 0.438078552 0.606544495 -0.555712104 -0.00168200885 0.831373155 -0.104457974 -0.994529128 0.000740233634
1001.20032 -77.6596298 -58.7786484 -0.704425156 0.0866422877 -0.704470217 0.416115642 0.60654062 -0.707233965 -0.00171727024 0.706977546 -0.0501911454 -0.996117592 -0.0723238513
981.969055 -92.8829269 -32.3143806 -0.860963345 -0.362730801 -0.356607169 0.46222654 0.570374906 -0.38667503 0.0112162512 0.92214781 0.319455087 -0.931139529 0.175862461
983.180481 -77.6567764 -31.8109722 -0.920403719 0.0865792409 -0.381262571 0.463103712 0.606547356 -0.382836848 -0.00171640574 0.923814476 -0.0937637314 -0.995594442 0.000269287848
981.969055 -92.8829269 -32.3143806 -0.860963345 -0.362730801 -0.356607169 0.687144041 0.698124588 0.441152364 -0.881477952 -0.168467537 0.180766895 0.437116802 -0.881051838
989.785645 -92.8841934 -46.9042892 -0.774877489 -0.362655848 -0.517731249 0.700763583 0.663463771 0.529326618 -0.819967568 -0.217868328 0.251031488 0.57514286 -0.77858454
993.349854 -96.8282089 -44.5235443 -0.35360387 -0.905088246 -0.236177459 0.706973672 0.669119656 0.929816723 -0.367640644 0.0167687908 -0.0153974444 0.258087307 -0.965998888
985.930054 -96.8269958 -30.6741829 -0.392818391 -0.905117452 -0.162653297 0.694045424 0.702021122 0.91664809 -0.399576008 0.00975684449 -0.0220991261 0.186110735 -0.982280254
977.179321 -92.8821411 -16.4706459 -0.914008319 -0.362681061 -0.181800023 0.489832431 0.570376813 -0.199264288 0.0109910639 0.979884148 0.351911902 -0.931742489 0.0895212814
978.465332 -77.6560287 -16.2140656 -0.977103531 0.0865464956 -0.194367021 0.490279436 0.606549263 -0.195242122 -0.0016819624 0.98075372 -0.0882375911 -0.996099472 4.29137581e-05
975.541199 -92.8818741 -5.16034071e-15 -0.931889117 -0.362743556 0 0.518530607 0.570377529 -0.00436262693 0.0112076057 0.9999277 0.362743497 -0.931888998 -7.17489225e-19
976.852722 -77.655777 -5.1308233e-15 -0.996246994 0.0865571499 -1.87176763e-09 0.518530607 0.60654968 -0.000148956984 -0.00171442179 0.999998569 -0.0865571499 -0.996246934 -2.78178007e-13
975.541199 -92.8818741 -5.16034071e-15 -0.931889117 -0.362743556 0 0.675944209 0.774893045 0.362743586 -0.931888998 -7.59684404e-09 -0.0103032272 0.0264690146 -0.999596596
977.179321 -92.8821411 -16.4706459 -0.914008319 -0.362681061 -0.181800023 0.678798556 0.735764086 0.382372081 -0.91987586 -0.0872921795 0.116546534 0.194497317 -0.973954737
981.383423 -96.8262558 -15.6346359 -0.417063832 -0.905085683 -0.0829315558 0.68612349 0.737750232 0.908011079 -0.418910891 0.0054465998 -0.00311141112 0.0926674306 -0.995692313
979.82843 -96.8259964 -5.96046519e-08 -0.425164551 -0.905116081 -5.86382818e-08 0.683414221 0.774893045 0.905116081 -0.425164521 3.20084931e-10 -0.00703744451 0.00330579188 -0.99996978
977.179321 -92.8821411 16.4706459 -0.914008439 -0.362680972 0.181800008 0.547228694 0.570376813 0.190876499 0.0109836422 0.98155272 0.351963103 -0.93174696 -0.0892725587
978.465332 -77.6560287 16.2140656 -0.977103472 0.0865464956 0.194367021 0.546781659 0.606549263 0.194955394 -0.00168339338 0.980810761 -0.0882119834 -0.996101797 8.68723218e-05
981.969055 -92.8829269 32.3143806 -0.860963345 -0.362730563 0.356607139 0.574834585 0.570374906 0.378615022 0.0111968499 0.925486565 0.31990242 -0.931181431 -0.174824581
983.180481 -77.6567764 31.8109703 -0.920403719 0.0865792558 0.381262571 0.573957443 0.606547356 0.382561386 -0.00171425089 0.923928499 -0.0935422182 -0.995615363 0.000270266435
981.969055 -92.8829269 32.3143806 -0.860963345 -0.362730563 0.356607139 0.687144041 0.851661563 0.439657271 -0.883238554 0.163067907 -0.202123746 -0.399378508 -0.894227564
977.179321 -92.8821411 16.4706459 -0.914008439 -0.362680972 0.181800008 0.678798556 0.814021826 0.382565767 -0.919661164 0.088695541 -0.0959345177 -0.242191479 -0.96547395
981.383423 -96.8262558 15.6346359 -0.417064011 -0.905085742 0.0829314813 0.68612349 0.812035799 0.908024907 -0.418885291 -0.00509592751 0.0161190815 -0.0985975862 -0.994996905
985.930054 -96.8270035 30.674181 -0.392818451 -0.905117452 0.162653387 0.694045424 0.847764969 0.91654104 -0.399784654 -0.0111763645 0.0109863309 -0.181477234 -0.983333826
989.785645 -92.8841934 46.9042892 -0.774877489 -0.36265561 0.517731369 0.600255728 0.570372045 0.551963329 0.0109706465 0.833796322 0.266147405 -0.93009299 -0.253165632
990.875366 -77.6579971 46.1735573 -0.828332663 0.0865899473 0.553504527 0.598982573 0.606544495 0.555468917 -0.00168349105 0.831535697 -0.103637762 -0.994615078 0.000500693917
1000.27393 -92.8859024 59.7089233 -0.658977926 -0.362693429 0.658939779 0.622566223 0.570367932 0.703957081 0.0111852828 0.710154414 0.235925853 -0.931519151 -0.276786983
1001.20032 -77.6596298 58.7786484 -0.704425097 0.0866423026 0.704470277 0.620945334 0.60654062 0.707022846 -0.00171689503 0.707188666 -0.0723046213 -0.99611789 0.0502118468
1000.27393 -92.8859024 59.7089233 -0.658977926 -0.362693429 0.658939779 0.719038129 0.916741908 0.642684102 -0.726654351 0.242756501 -0.259034336 -0.713038206 -0.651519537
989.785645 -92.8841934 46.9042892 -0.774877489 -0.36265561 0.517731369 0.700763583 0.88632226 0.53372848 -0.814201176 0.228496164 -0.23143357 -0.59941262 -0.766252577
993.349854 -96.8282089 44.5235443 -0.35360384 -0.905088127 0.236177623 0.706973672 0.880666435 0.930138767 -0.366954178 -0.0136557287 0.0235598125 -0.261027217 -0.965043962
1003.30579 -96.8298492 56.6782532 -0.300699443 -0.90512085 0.300559968 0.724320889 0.909542084 0.946635365 -0.321595758 -0.0213944633 0.0158571899 -0.319846511 -0.947336733
1000.27393 -92.8859024 59.7089233 -0.658977926 -0.362693429 0.658939779 0.108744569 0.121435165 0.703957081 0.0111852828 0.710154414 0.235925853 -0.931519151 -0.276786983
1013.07886 -92.8879929 70.1968307 -0.517785251 -0.362608224 0.77486378 0.131055623 0.121430159 0.85524106 -0.242133364 0.458185941 0.0666123182 -0.920070648 -0.386047632
1013.80579 -77.6616211 69.1030731 -0.55344826 0.0866701156 0.828361869 0.132322192 0.157603025 0.831408143 -0.00168425404 0.555659771 0.000734170841 -0.994519889 0.104545474
1001.20032 -77.6596298 58.7786484 -0.704425097 0.0866423026 0.704470277 0.110358663 0.157607794 0.707022846 -0.00171689503 0.707188666 -0.0723046213 -0.99611789 0.0502118468
1027.66882 -92.8903809 78.0129471 -0.356666565 -0.362638146 0.860977709 0.156476989 0.121424437 0.933841944 -0.165009663 0.317350149 0.0398617424 -0.926656902 -0.373788744
1028.16846 -77.6638947 76.7972946 -0.38120237 0.0867365822 0.920413792 0.157347545 0.157597661 0.923837006 -0.00172106549 0.38278234 0.000265853159 -0.995578766 0.0939299762
1027.66882 -92.8903809 78.0129471 -0.356666565 -0.362638146 0.860977709 0.766770482 0.960226357 0.933841944 -0.165009663 0.317350149 0.0398617424 -0.926656902 -0.373788744
1013.07886 -92.8879929 70.1968307 -0.517785251 -0.362608224 0.77486378 0.74134922 0.941657901 0.85524106 -0.242133364 0.458185941 0.0666123182 -0.920070648 -0.386047632
1015.46075 -96.8318481 66.6338348 -0.236333087 -0.905092359 0.353489101 0.745499253 0.933193326 0.965959311 -0.258236349 -0.0153883453 0.0167822465 -0.367542535 -0.929855347
1029.31018 -96.8341141 74.0532379 -0.162814215 -0.905125976 0.392732143 0.769630313 0.950819373 0.982250035 -0.18627125 -0.0220880378 0.00976875518 -0.399502695 -0.916680098
1043.51245 -92.8929672 82.8022003 -0.181853816 -0.362546861 0.914050877 0.184082627 0.121418357 0.983209729 -0.0813151449 0.163360581 0.0185976066 -0.93065244 -0.365431637
1043.76526 -77.6663589 81.511795 -0.194310665 0.0867749155 0.977094412 0.184523076 0.157591939 0.980763972 -0.00168748095 0.195190266 4.06947329e-05 -0.996079028 0.0884690061
1059.98291 -92.8956528 84.4399414 -3.78774457e-05 -0.36257267 0.931955516 0.212780327 0.1214118 0.99997443 0.00665717898 0.00263058441 4.90439606e-06 -0.931955576 -0.3625727
1059.979 -77.6689224 83.1238861 4.5330431e-05 0.0868478194 0.996221662 0.212773532 0.15758574 0.99999851 -0.00171974138 0.000104413404 2.18173327e-07 -0.996221662 0.0868478119
1059.98291 -92.8956528 84.4399414 -3.78774457e-05 -0.36257267 0.931955516 0.823073864 0.975494742 0.99997443 0.00665717898 0.00263058441 4.90439606e-06 -0.931955576 -0.3625727
1043.51245 -92.8929672 82.8022003 -0.181853816 -0.362546861 0.914050877 0.794376016 0.971604049 0.983209729 -0.0813151449 0.163360581 0.0185976066 -0.93065244 -0.365431637
1044.34961 -96.836586 78.599411 -0.0830868036 -0.905098259 0.417005867 0.795834661 0.961619496 0.995676517 -0.0928362906 -0.00311358436 0.00545874145 -0.41885981 -0.908034503
1059.98401 -96.8391495 80.1540375 -0.000139232274 -0.905132115 0.425130635 0.823075891 0.965312839 0.999969304 -0.00346098631 -0.00704117492 9.34408126e-06 -0.425130606 -0.905131996
1076.45312 -92.8983383 82.8015442 0.181764007 -0.362498194 0.91408813 0.241477832 0.121405602 0.982916057 0.0943424106 -0.158037066 -0.0184479449 -0.930666208 -0.365404218
1076.1925 -77.6714859 81.5108948 0.194282457 0.086840719 0.977094233 0.241023704 0.15757966 0.980826616 -0.00168151222 -0.194875136 9.38794765e-05 -0.996075451 0.0885090381
1092.29639 -92.9009323 78.011734 0.356543094 -0.362599373 0.861045182 0.269082844 0.121399522 0.93339771 0.178265676 -0.31143254 -0.0392251201 -0.926611722 -0.373968035
1091.78699 -77.6735306 76.7987137 0.380920142 0.0867319852 0.920531094 0.268195301 0.157574654 0.924068391 -0.00170439121 -0.382223308 0.000245209027 -0.995600104 0.093703486
1092.29639 -92.9009323 78.011734 0.356543094 -0.362599373 0.861045182 0.879376411 0.960223496 0.93339771 0.178265676 -0.31143254 -0.0392251201 -0.926611722 -0.373968035
1076.45312 -92.8983383 82.8015442 0.181764007 -0.362498194 0.91408813 0.851771355 0.971602499 0.982916057 0.0943424106 -0.158037066 -0.0184479449 -0.930666208 -0.365404218
1075.61829 -96.8417206 78.5988083 0.0828163028 -0.905104458 0.417046189 0.850316882 0.961618245 0.995009005 0.0984735489 0.0161274299 -0.00509194052 -0.418862522 -0.908035398
1090.65747 -96.8441849 74.0521164 0.162566647 -0.905138314 0.392806351 0.876520753 0.950816751 0.983350873 0.181384087 0.0109917596 -0.0111779505 -0.399765998 -0.916549206
1106.88586 -92.9033051 70.1952438 0.517719626 -0.362557203 0.774931431 0.294503212 0.1213938 0.854881823 0.255022794 -0.451819092 -0.0650468543 -0.919828296 -0.386891425
1106.14368 -77.6744919 69.1132507 0.553375483 0.0866653845 0.828410923 0.293210179 0.157572508 0.831619859 -0.00168541237 -0.555342734 0.000412667898 -0.994600654 0.103775889
1119.69006 -92.9053955 59.7071953 0.659082592 -0.362449259 0.658969402 0.316813111 0.121388793 0.710051715 0.0111119272 -0.704061866 -0.276684642 -0.931612551 -0.235677332
1118.74805 -77.6620331 58.784111 0.704861641 0.0870641395 0.703981519 0.315171808 0.157602072 0.70677191 -0.00174758502 -0.707439423 0.0505140573 -0.996080279 0.0726119205
1119.69006 -92.9053955 59.7071953 0.659082592 -0.362449259 0.658969402 0.9271065 0.916737795 0.651323497 0.713165581 -0.259176731 0.242851749 -0.726700127 -0.642596364
1106.88586 -92.9033051 70.1952438 0.517719626 -0.362557203 0.774931431 0.904796958 0.941653967 0.854881823 0.255022794 -0.451819092 -0.0650468543 -0.919828296 -0.386891425
1104.50635 -96.8464584 66.6323776 0.236119539 -0.905110121 0.353586137 0.900650978 0.933189809 0.965059578 0.260968298 0.0235744659 -0.0136651844 -0.366931975 -0.930147469
1116.66077 -96.8484573 56.6766739 0.300526172 -0.905143321 0.300665259 0.921828389 0.909538329 0.947348356 0.319811434 0.0158721823 -0.021409981 -0.321560264 -0.946647048
1119.69006 -92.9053955 59.7071953 0.659082592 -0.362449259 0.658969402 0.419700742 0.121388793 0.710051715 0.0111119272 -0.704061866 -0.276684642 -0.931612551 -0.235677332
1130.17773 -92.9071045 46.9026947 0.775075316 -0.362201691 0.517753184 0.442011088 0.12138474 0.558988333 0.0110092368 -0.829102397 -0.263708204 -0.930050552 -0.255859584
1129.08569 -77.6237717 46.1408501 0.828702688 0.0874741301 0.552811205 0.443338484 0.157693028 0.555063188 -0.00171866815 -0.83180654 0.105395466 -0.994430244 -0.000641394523
1118.74805 -77.6620331 58.784111 0.704861641 0.0870641395 0.703981519 0.421309114 0.157602072 0.70677191 -0.00174758502 -0.707439423 0.0505140573 -0.996080279 0.0726119205
1137.99377 -92.9083786 32.3131561 0.861190677 -0.362247229 0.356549621 0.467431694 0.12138164 0.386477619 0.0110678785 -0.922232389 -0.318878591 -0.931312561 -0.175992638
1136.78503 -77.5731277 31.7480507 0.920696139 0.087519981 0.380340427 0.468416244 0.157813191 0.381948501 -0.00176805677 -0.924181938 0.094731994 -0.99550283 -0.000244493887
1137.99377 -92.9083786 32.3131561 0.861190677 -0.362247229 0.356549621 0.958998561 0.851658463 0.440682858 0.881681561 -0.168630913 0.180844098 -0.437204838 -0.880992353
1130.17773 -92.9071045 46.9026947 0.775075316 -0.362201691 0.517753184 0.945380211 0.886318564 0.52896744 0.820129991 -0.218129128 0.251198858 -0.575238109 -0.778460264
1126.61609 -96.85009 44.5220871 0.353471339 -0.905114472 0.236274928 0.939174414 0.880662978 0.929864109 0.367520034 0.0167914387 -0.0154046137 -0.258178055 -0.96597451
1134.0354 -96.8513107 30.6730633 0.392720222 -0.905146718 0.162727654 0.952101707 0.847762167 0.916688085 0.399484247 0.00977013167 -0.0221076999 -0.186184183 -0.982266188
1142.78308 -92.9091644 16.469986 0.914268136 -0.362113774 0.181624457 0.495036602 0.121379972 0.1990453 0.0110513922 -0.979928017 -0.351328343 -0.931958675 -0.0895622894
1141.47449 -77.5235062 16.170269 0.977267385 0.0876675919 0.193036199 0.495558739 0.157931328 0.193932727 -0.00174585753 -0.981013298 0.0893498063 -0.996000409 -8.80525386e-06
1142.78308 -92.9091644 16.469986 0.914268136 -0.362113774 0.181624457 0.96734345 0.814020276 0.381777614 0.920120597 -0.0873156413 0.116465539 -0.194459289 -0.973971963
1138.58167 -96.8520508 15.6340322 0.416988254 -0.905116975 0.0829716772 0.960023046 0.812034309 0.908045053 0.41883713 0.00545359682 -0.00311900279 -0.0927112326 -0.9956882
1144.00159 27.9913902 0.00944245607 0.999368429 0.0351860002 0.00497168489 0.523717046 0.408600211 0.00490783015 0.00190114777 -0.999986231 0.0351864211 -0.999380767 2.137293e-06
1142.83301 27.9572659 -4.81150627 0.930556953 0.0472172424 -0.363089949 0.532117009 0.408519268 -0.363420874 -0.00168028579 -0.931623578 0.0498988144 -0.998752356 -0.00199577329
1142.21167 46.8120346 -4.00156784 0.901308358 0.0635965541 -0.42848435 0.53070581 0.453311801 -0.42913872 -0.0036803931 -0.903231084 0.0705740973 -0.997506559 0.000399201061
1143.28235 46.873703 0.0192555469 0.998754561 0.0487133712 0.0107877702 0.523699999 0.453458428 0.0106684715 0.00270829513 -0.999939442 0.0487149954 -0.998812735 0.000112452777
1139.98511 27.6597519 -10.2474976 0.864168823 0.0776983723 -0.49716717 0.541588545 0.407812476 -0.498752862 0.00116164808 -0.866743565 0.0890313461 -0.996028423 -0.000908498419
1139.10474 46.6382141 -8.82505035 0.809317648 0.102224469 -0.578407586 0.539110184 0.45289886 -0.581331968 -0.00144699845 -0.813665211 0.0940158516 -0.994587839 -0.044229228
1142.8291 13.215683 -6.38959694 0.93986702 0.0376490429 -0.339459151 0.534866571 0.373497963 -0.33971867 0.000528246455 -0.940527022 0.0402566902 -0.999189198 0.000640491897
1140.42188 16.6154003 -11.0234499 0.889229774 0.0747493356 -0.451312482 0.542940617 0.381574631 -0.45242995 -0.00220772251 -0.891797185 0.0810813904 -0.996693254 -0.00532264682
1144.42664 13.2478352 -0.00071578467 0.999977529 0.00668158149 0.000543232891 0.523734689 0.373574257 0.000541006099 0.000336125027 -0.999999821 0.0066815801 -0.999977708 6.42634268e-06
1127.14441 25.7169876 -29.6259308 0.786755323 0.14629361 -0.599678576 0.575353265 0.403196931 -0.606100023 -0.000852690602 -0.795387983 0.184841767 -0.982764482 0.00275661726
1120.08838 25.5379467 -39.1641808 0.773465455 0.166171849 -0.611668468 0.59197247 0.402771473 -0.620298266 4.38102215e-05 -0.784366071 0.214061052 -0.976805866 0.0053152726
1116.97705 45.9071121 -36.6593094 0.757728815 0.194035411 -0.623054802 0.587608099 0.4511621 -0.635172904 0.00030927881 -0.772369921 0.202249676 -0.977586448 -0.0584795699
1123.97815 45.9533386 -27.6554489 0.768472552 0.1927149 -0.610172987 0.571919918 0.451271892 -0.621904969 0.000491965504 -0.783092678 0.242053285 -0.970261633 -0.00159388862
1110.45789 25.3801117 -50.3211098 0.683771431 0.181033403 -0.706883073 0.611412168 0.40239656 -0.718421638 -0.00261780247 -0.695603013 0.156857967 -0.982555211 -0.0999037996
1107.52563 45.873024 -47.1895866 0.676817596 0.1949334 -0.709872484 0.605955839 0.451081038 -0.723454773 -0.00218873122 -0.690368414 0.114383474 -0.980438948 -0.160174623
1123.20935 -1.83918309 -41.8309708 0.803441286 0.118369207 -0.583498955 0.59661901 0.337732553 -0.587719381 0.000927434477 -0.809064329 0.148691416 -0.988875031 0.0041344706
1113.53467 -2.07722831 -53.6025543 0.697313547 0.1320232 -0.704502463 0.617129564 0.337167025 -0.710447788 -0.00291154091 -0.703743875 0.114206813 -0.990798354 -0.0726334155
1131.2168 0.794319451 -28.4314957 0.878066242 0.0627962276 -0.474401236 0.57327199 0.343988895 -0.475352615 0.000240787063 -0.879795313 0.0737783909 -0.997264326 0.00454862183
1110.45789 25.3801117 -50.3211098 0.683771431 0.181033403 -0.706883073 0.746739864 0.40239656 -0.718421638 -0.00261780247 -0.695603013 0.156857967 -0.982555211 -0.0999037996
1099.43359 25.3243065 -59.226532 0.541949689 0.185809091 -0.819613159 0.765948296 0.402263999 -0.833778083 -0.00341090956 -0.552089155 -0.00448112469 -0.974600017 -0.223908171
1097.02954 45.8639679 -55.5803757 0.540035546 0.195236489 -0.818684518 0.77013731 0.45105958 -0.834379911 -0.00331678591 -0.551179767 -0.00260550482 -0.972330332 -0.233595967
1107.52563 45.873024 -47.1895866 0.676817596 0.1949334 -0.709872484 0.751848936 0.451081038 -0.723454773 -0.00218873122 -0.690368414 0.114383474 -0.980438948 -0.160174623
1087.17334 25.3210659 -65.7516937 0.37433055 0.186471105 -0.908352971 0.787310481 0.402256489 -0.9242993 -0.00364918425 -0.381651133 -0.00234066648 -0.979379416 -0.202016324
1085.50879 45.8668137 -61.7192612 0.374035686 0.195021555 -0.906677365 0.790210843 0.451066256 -0.924135506 -0.00375992619 -0.382046491 -0.00167105533 -0.977496743 -0.210943803
1101.99036 -2.16231847 -63.0515327 0.548597932 0.134940952 -0.825124979 0.761493444 0.336964846 -0.832932591 0.00257062493 -0.553368509 -0.00229178485 -0.986643374 -0.162879378
1088.93738 -2.16831422 -70.0023193 0.377657741 0.135459572 -0.915983379 0.784236908 0.336950421 -0.924364567 -0.00262422813 -0.381501377 -0.00285195978 -0.989066422 -0.147443265
1113.53467 -2.07722831 -53.6025543 0.697313547 0.1320232 -0.704502463 0.741379023 0.337167025 -0.710447788 -0.00291154091 -0.703743875 0.114206813 -0.990798354 -0.0726334155
1073.83496 25.3209267 -69.7678452 0.191228136 0.186331257 -0.963697374 0.810550928 0.40225625 -0.980738282 -0.0035411201 -0.195294276 -0.000983227394 -0.981779337 -0.190022543
1072.98364 45.8684235 -65.4938126 0.191021636 0.194739774 -0.962074399 0.812034249 0.45107007 -0.980702698 -0.00370428408 -0.195470139 -0.000674832205 -0.980096281 -0.198521689
1059.95728 25.3223381 -71.1492462 9.81275807e-05 0.186336368 -0.98248601 0.834731221 0.402259469 -0.999993145 -0.00364235882 -0.000790677965 1.36487631e-06 -0.982486069 -0.186336383
1059.95618 45.8694115 -66.7905045 9.13100957e-05 0.194717616 -0.980859399 0.834733248 0.451072574 -0.99999249 -0.00380084896 -0.000847628631 1.54800171e-06 -0.980859399 -0.194717601
1074.73645 -2.16907573 -74.2793427 0.192879766 0.135485753 -0.971823514 0.808980107 0.336948752 -0.980933905 0.00260749576 -0.194324419 -0.00103567459 -0.990392625 -0.138280079
1059.96143 -2.16722131 -75.7499924 8.90858719e-05 0.135499999 -0.990777433 0.834724188 0.336953163 -0.999996424 -0.00267148484 -0.00045527023 3.39653411e-07 -0.990777433 -0.135499984
1046.0791 25.3237495 -69.7701569 -0.191580787 0.186290041 -0.963635206 0.858912349 0.402262807 -0.980929971 -0.00357044674 0.194328919 0.000688749657 -0.981795907 -0.189937815
1046.92822 45.8704033 -65.4958191 -0.191269413 0.194687545 -0.962035775 0.857432961 0.451074839 -0.980940223 -0.00372307352 0.194274515 0.000362258404 -0.980117381 -0.198418781
1032.72876 25.3251076 -65.7354736 -0.375899315 0.186311826 -0.907737732 0.882173657 0.402266026 -0.92417258 -0.0036406985 0.381957829 0.00110384368 -0.97948879 -0.201495737
1034.39575 45.871357 -61.7082405 -0.375279874 0.194727749 -0.906226277 0.879269242 0.451077104 -0.924194157 -0.00379998982 0.381904095 0.000465198129 -0.977644086 -0.210266486
1045.18591 -2.16536641 -74.2816467 -0.193206996 0.13543734 -0.971765339 0.860468626 0.336957574 -0.980729401 0.00261564157 0.195353776 0.00128722016 -0.990391135 -0.138289183
1030.97229 -2.16358113 -69.9860001 -0.379081994 0.135426238 -0.915399671 0.885234356 0.336961865 -0.92404753 -0.00266975723 0.38226819 0.00184005231 -0.989120781 -0.147094697
1020.43451 25.3263569 -59.1500893 -0.545779586 0.186266795 -0.816963494 0.90359509 0.402269006 -0.831886292 -0.00357063767 0.5549348 0.00129664899 -0.974790812 -0.223117486
1022.85468 45.8722382 -55.5262489 -0.544875324 0.194696948 -0.815600336 0.8993783 0.451079249 -0.831917346 -0.00372406025 0.554887235 0.000390522531 -0.972610891 -0.232438788
1009.64417 25.3274574 -50.3131332 -0.694679677 0.18629086 -0.694777548 0.922395945 0.402271628 -0.707639515 -0.00363853015 0.706564248 -0.104930714 -0.981794477 -0.15833284
1012.72546 45.8730087 -47.2306519 -0.693524063 0.194736198 -0.693615317 0.917027235 0.451080918 -0.70768106 -0.0037972359 0.706521809 -0.11087364 -0.980155349 -0.164324731
1017.88306 -2.16193795 -62.9747391 -0.550394952 0.135367945 -0.823857367 0.908040643 0.33696568 -0.831309676 0.00261599082 0.555803478 0.00473083975 -0.986247003 -0.165210724
1006.39508 -2.16049504 -53.5663452 -0.700554073 0.135363832 -0.700643063 0.928057075 0.336969137 -0.707406938 -0.00266833859 0.706801534 -0.0744628087 -0.990350425 -0.116881773
1009.64417 25.3274574 -50.3131332 -0.694679677 0.18629086 -0.694777548 0.430865824 0.851204276 -0.707639515 -0.00363853015 0.706564248 -0.104930714 -0.981794477 -0.15833284
1000.80585 25.3283577 -39.5237427 -0.816890657 0.186249003 -0.545894563 0.449665129 0.851206422 -0.55617559 -0.00357112451 0.831057131 -0.224939093 -0.974363923 0.00416996377
1004.42865 45.8736382 -37.1022568 -0.815528691 0.194704205 -0.54497999 0.453884304 0.900015354 -0.556224227 -0.00372590381 0.831023991 -0.234274775 -0.972165048 0.00325368322
1012.72546 45.8730087 -47.2306519 -0.693524063 0.194736198 -0.693615317 0.43623668 0.900013804 -0.70768106 -0.0037972359 0.706521809 -0.11087364 -0.980155349 -0.164324731
994.218811 25.3290253 -27.2297745 -0.907694817 0.186277002 -0.376019925 0.471085936 0.851208091 -0.383353591 -0.0036403283 0.923594475 -0.201967731 -0.979389429 0.00235986873
998.245239 45.8741074 -25.5614815 -0.906178117 0.194741964 -0.37538892 0.473992676 0.900016427 -0.383410364 -0.00380010973 0.923570275 -0.21078749 -0.97753036 0.00171773415
996.985291 -2.15931296 -42.0792923 -0.823794782 0.135314792 -0.550501645 0.445212334 0.785904646 -0.555313051 0.00261459476 0.831637383 -0.163652152 -0.986515224 0.00240812404
989.972412 -2.15843225 -28.9903965 -0.915368378 0.135322064 -0.379194826 0.468018264 0.785906792 -0.383050352 -0.0026675351 0.923723578 -0.147401914 -0.989072621 0.00285793305
1006.39508 -2.16049504 -53.5663452 -0.700554073 0.135363832 -0.700643063 0.425197512 0.785901904 -0.707406938 -0.00266833859 0.706801534 -0.0744628087 -0.990350425 -0.116881773
990.182495 25.3294353 -13.8790703 -0.963622212 0.186239496 -0.191695705 0.49434793 0.851209044 -0.195771575 -0.00356943882 0.980643034 -0.189949185 -0.981793523 0.00099375064
994.456299 45.8743973 -13.0287323 -0.962010801 0.194708094 -0.191373974 0.495829552 0.900017202 -0.195832193 -0.00372639322 0.980630398 -0.198501065 -0.980100513 0.000661857252
988.802002 25.3295784 -4.40246094e-15 -0.982498288 0.18627207 -2.13402771e-07 0.518530607 0.851209402 -0.000690382847 -0.00364028034 0.999993145 -0.186272085 -0.982498288 9.24978594e-10
993.1604 45.8744965 -4.10642123e-15 -0.980854154 0.194743901 -2.13367713e-07 0.518530607 0.900017381 -0.000754598586 -0.00379953347 0.99999249 -0.194743901 -0.980854154 5.56565516e-10
985.675171 -2.15789342 -14.7764587 -0.97176522 0.135286078 -0.193313658 0.492784321 0.785907984 -0.194756463 0.00261499756 0.980848134 -0.138090938 -0.99041903 0.00104527513
984.205444 -2.15770841 -5.33985367e-15 -0.990803719 0.135307401 -7.30275573e-08 0.518530607 0.785908461 -0.000364302774 -0.0026671486 0.999996364 -0.135307401 -0.990803719 4.37770264e-10
990.182495 25.3294373 13.8790703 -0.963622212 0.186239451 0.19169569 0.542713284 0.851209044 0.194444388 -0.0035691997 0.980907083 -0.18989107 -0.981804967 -0.000690816029
994.456238 45.8743973 13.0287323 -0.962010801 0.194708198 0.191373974 0.541231632 0.900017202 0.194381371 -0.00372548541 0.980918944 -0.198443726 -0.980112314 -0.000361084938
994.218811 25.3290253 27.2297745 -0.907694817 0.186276972 0.376020163 0.565975189 0.851208091 0.382078469 -0.00364036183 0.924122751 -0.201469794 -0.979494095 -0.00110601215
998.245239 45.8741074 25.5614796 -0.906177998 0.194741994 0.375389069 0.56306839 0.900016427 0.382016748 -0.00379867014 0.924147606 -0.210291773 -0.977638543 -0.00046484833
985.675171 -2.15789294 14.7764587 -0.97176522 0.135286018 0.193313673 0.544276714 0.785907984 0.195456758 0.00261378125 0.980708897 -0.138138533 -0.990412176 -0.00128962274
989.972412 -2.15843225 28.9903965 -0.915368378 0.135322019 0.379194945 0.569042921 0.785906792 0.382377326 -0.0026678252 0.924002528 -0.146990031 -0.989136279 -0.00184104114
1000.80585 25.3283558 39.5237465 -0.816890717 0.186249033 0.545894623 0.587396026 0.851206422 0.555050433 -0.003567582 0.831809044 -0.223118827 -0.974790394 -0.00130046939
1004.42865 45.8736382 37.1022568 -0.81552875 0.194704264 0.54497999 0.583176851 0.900015354 0.554994464 -0.00372546469 0.83184582 -0.232466891 -0.972604215 -0.000391269597
1009.64417 25.3274574 50.3131332 -0.694679558 0.186290875 0.694777668 0.606195331 0.851204276 0.706663609 -0.00364196976 0.707540333 -0.158343434 -0.981793106 0.104927316
1012.72546 45.8730087 47.2306519 -0.693524003 0.194736168 0.693615437 0.600824356 0.900013804 0.706614554 -0.00380065897 0.707588494 -0.164339498 -0.980153799 0.110865474
996.985291 -2.15931344 42.0792923 -0.823794842 0.135314792 0.550501764 0.591848731 0.785904646 0.555906892 0.00261521316 0.831240475 -0.165165335 -0.986254513 -0.00473664096
1006.39508 -2.16049504 53.5663452 -0.700554073 0.135363832 0.700643122 0.611863613 0.785901904 0.706891418 -0.0026681663 0.707317054 -0.116878867 -0.990350127 0.0744710267
1009.64417 25.3274574 50.3131332 -0.694679558 0.186290875 0.694777668 0.125071138 0.402271628 0.706663609 -0.00364196976 0.707540333 -0.158343434 -0.981793106 0.104927316
1020.43451 25.3263588 59.1500854 -0.545779645 0.18626681 0.816963553 0.143871948 0.402269006 0.831134379 -0.00356892031 0.556060195 0.0041641281 -0.974364698 0.224936008
1022.85468 45.8722382 55.5262451 -0.544875324 0.194696918 0.815600336 0.148088813 0.451079249 0.831095636 -0.00372771313 0.556116998 0.00325443619 -0.972171664 0.234247193
1012.72546 45.8730087 47.2306519 -0.693524003 0.194736168 0.693615437 0.130439922 0.451080918 0.706614554 -0.00380065897 0.707588494 -0.164339498 -0.980153799 0.110865474
1032.72876 25.3251076 65.7354736 -0.375899315 0.186311811 0.907737613 0.165293366 0.402266026 0.923644304 -0.00364149665 0.383233786 0.00235626241 -0.979384184 0.201992914
1034.39575 45.8713531 61.7082443 -0.375279993 0.194727778 0.906226337 0.168197796 0.451077104 0.923617005 -0.00379852694 0.38329789 0.00171720784 -0.977536023 0.210761771
1017.88306 -2.16193748 62.9747391 -0.550394952 0.13536796 0.823857367 0.139426395 0.33696568 0.831706703 0.00261575729 0.555209041 0.00240686163 -0.986507118 0.163700879
1030.97229 -2.16358113 69.9860001 -0.379082084 0.135426253 0.91539973 0.162232846 0.336961865 0.923768282 -0.0026692457 0.382942528 0.00285291416 -0.989057243 0.147504762
1006.39508 -2.16049504 53.5663452 -0.700554073 0.135363832 0.700643122 0.119409971 0.336969137 0.706891418 -0.0026681663 0.707317054 -0.116878867 -0.990350127 0.0744710267
1046.0791 25.3237495 69.7701569 -0.191580787 0.186290041 0.963635325 0.188554779 0.402262807 0.980666041 -0.00356974406 0.195656791 0.00099037413 -0.981784463 0.189995542
1046.92822 45.8703995 65.4958191 -0.191269368 0.194687545 0.962035775 0.190034121 0.451074839 0.980651855 -0.00372576085 0.195724532 0.00066233176 -0.980105639 0.198476061
1059.95728 25.3223381 71.1492462 9.81238336e-05 0.186336368 0.98248601 0.212735862 0.402259469 0.999993205 -0.00364213926 0.000590888434 -5.05557182e-07 -0.982486069 0.186336398
1059.95618 45.8694153 66.7905045 9.13026088e-05 0.194717601 0.980859399 0.21273379 0.451072574 0.999992669 -0.00379853067 0.000660994498 -6.43292879e-07 -0.980859399 0.194717586
1045.18591 -2.16536641 74.2816467 -0.193206996 0.135437325 0.971765339 0.186998367 0.336957574 0.980868995 0.00261895615 0.194651991 0.00104331539 -0.990398049 0.138241634
1059.96143 -2.16722131 75.7499924 8.9089619e-05 0.135500014 0.990777433 0.212743029 0.336953163 0.999996483 -0.00266936119 0.000275152852 -4.50883078e-07 -0.990777433 0.135500014
1073.83496 25.3209267 69.7678452 0.191228032 0.186331272 0.963697314 0.236916035 0.40225625 0.981000364 -0.00355696888 -0.19397378 -0.000684377213 -0.981790602 0.189965412
1072.98364 45.8684235 65.4938126 0.191021651 0.194739774 0.962074399 0.23543267 0.45107007 0.980989337 -0.0037102229 -0.194026232 -0.000369744463 -0.980108321 0.198463559
1087.17334 25.3210659 65.7516937 0.374330521 0.186471194 0.90835309 0.260156631 0.402256489 0.924822867 -0.00358823501 -0.380381078 -0.00110316218 -0.979482234 0.201527551
1085.50879 45.8668137 61.7192612 0.374035656 0.195021555 0.906677425 0.257256269 0.451066256 0.924708366 -0.00379655906 -0.380657405 -0.000435329421 -0.977603137 0.210456923
1074.73645 -2.16907573 74.2793427 0.192879632 0.135485768 0.971823573 0.238486856 0.336948752 0.980795324 0.00259902305 -0.195022613 -0.00127811625 -0.990385771 0.138327256
1088.93738 -2.16831422 70.002327 0.377657652 0.135459572 0.915983379 0.263230205 0.336950421 0.924640477 -0.00267125713 -0.380831897 -0.00184609287 -0.989129186 0.147037834
1099.43359 25.3243046 59.226532 0.541941524 0.185808256 0.819618642 0.281518638 0.402263999 0.834507465 -0.00353233144 -0.550985515 -0.0017329515 -0.975004196 0.222180128
1097.02954 45.8639679 55.5803757 0.540025294 0.195235878 0.818691373 0.277329773 0.45105958 0.83516264 -0.00377371372 -0.549990058 -0.000237018379 -0.972688079 0.232116297
1110.45728 25.3800926 50.3220291 0.68375808 0.181031793 0.706896365 0.300726026 0.40239656 0.719185293 -0.00325635658 -0.694810748 0.0436298288 -0.977146924 0.208039567
1107.5249 45.873024 47.1906815 0.676799893 0.194932282 0.70988965 0.295616686 0.451081038 0.724332511 -0.00411897572 -0.689438581 0.000391673093 -0.964400411 0.264446288
1101.99036 -2.16231894 63.0515327 0.548592508 0.134940162 0.825128734 0.285973489 0.336964846 0.832540095 0.00268001668 -0.553958297 -0.00425614556 -0.986426532 0.164148256
1113.53418 -2.07725883 53.603199 0.697305322 0.132021755 0.704510808 0.306087196 0.337167025 0.710937977 -0.00221715798 -0.703251302 0.072393775 -0.990836799 0.114024438
1120.08569 25.5378666 39.1678543 0.773393393 0.166175857 0.611758471 0.317502439 0.402771354 0.620709777 -0.00247848546 -0.784036577 0.121762976 -0.986002386 0.11389973
1116.97388 45.9071121 36.6637001 0.757674813 0.194036171 0.623120368 0.312080383 0.4511621 0.635644853 -0.00297951861 -0.771975875 0.102481432 -0.97830838 0.180028811
1116.97388 45.9071121 36.6637001 0.757674813 0.194036171 0.623120368 0.459851384 0.4511621 0.635644853 -0.00297951861 -0.771975875 0.102481432 -0.97830838 0.180028811
1120.08569 25.5378666 39.1678543 0.773393393 0.166175857 0.611758471 0.455488205 0.402771354 0.620709777 -0.00247848546 -0.784036577 0.121762976 -0.986002386 0.11389973
1127.16113 25.7163849 29.6087971 0.78637296 0.146308333 0.600176156 0.47214362 0.4031955 0.606601775 0.000874785008 -0.795005441 0.184918523 -0.982750177 -0.00271650334
1123.99084 45.9530945 27.6407738 0.768332779 0.192725971 0.610345423 0.475572765 0.451271296 0.622075856 -0.000451946224 -0.782956839 0.242098719 -0.970250309 0.00160573772
1123.20752 -1.83930707 41.8335419 0.803381205 0.118349247 0.58358556 0.450843513 0.337732196 0.587503493 0.0021898367 -0.809218705 0.143609881 -0.989629924 0.00299607497
1131.22742 0.793704569 28.4223061 0.877832413 0.0621297546 0.474921376 0.474210978 0.343987465 0.475854367 -0.000251481222 -0.879524052 0.0730542392 -0.997317612 -0.0045613409
1110.45728 25.3800926 50.3220291 0.68375808 0.181031793 0.706896365 0.436053336 0.40239656 0.719185293 -0.00325635658 -0.694810748 0.0436298288 -0.977146924 0.208039567
1113.53418 -2.07725883 53.603199 0.697305322 0.132021755 0.704510808 0.430336267 0.337167025 0.710937977 -0.00221715798 -0.703251302 0.072393775 -0.990836799 0.114024438
1139.92529 27.6546974 10.3067589 0.864812255 0.0795489773 0.495753855 0.505775094 0.407800317 0.497415513 -0.0012419204 -0.86751157 0.0911525413 -0.995836735 0.000782555726
1142.77942 27.9542198 4.86116028 0.928614259 0.0487815589 0.367826045 0.515263677 0.408511877 0.36829266 -0.000622952881 -0.929709733 0.0520766489 -0.998642623 0.000968470005
1142.10046 46.8097687 4.09735012 0.8961851 0.0649980307 0.438893616 0.51659441 0.453306437 0.439837694 -0.000239355955 -0.898077369 0.0508721694 -0.997740567 0.0438837335
1138.95544 46.6345749 8.95918846 0.809437871 0.103808269 0.577956915 0.508123159 0.452890158 0.580978155 0.00138526177 -0.813918054 0.0937930644 -0.994469464 0.047260467
1142.82861 13.211935 6.39066458 0.939895213 0.0400126353 0.339110821 0.512598515 0.373489022 0.33934474 0.00100099668 -0.940661609 0.0416113101 -0.999130666 0.00255839946
1140.42395 16.6101913 11.023675 0.890167773 0.0772267208 0.449040532 0.504526019 0.381562233 0.4502244 0.00231291633 -0.892912388 0.0838809684 -0.996462822 0.00508955587
1139.70081 5.55776596 -0.00966665056 0.173729986 -0.984793186 -0.000663828687 0.961972952 0.774870038 0.984793365 0.173730001 1.62925244e-06 0.00099231652 0.000849136501 -0.999999166
1137.60376 5.36939383 -13.7547722 0.786546707 -0.52656585 -0.322603285 0.958319068 0.74221617 0.611873984 0.735089958 0.29198125 -0.26022172 0.191140935 -0.946440637
1140.36584 5.88531351 -12.3033981 0.675819039 -0.651656091 -0.344402313 0.963131905 0.745664299 0.72730124 0.665400982 0.16815035 -0.212406591 0.27524972 -0.93761456
1142.88171 6.04427338 -0.0150290094 0.463545799 -0.88607198 -0.00136321492 0.967515349 0.774857402 0.886072814 0.463545918 0.000254412415 0.0187628977 0.0113538718 -0.999759495
1140.36584 5.88531351 -12.3033981 0.675819039 -0.651656091 -0.344402313 0.545170784 0.356083393 -0.498710573 -0.0602193587 -0.864674211 -0.635696471 -0.751815021 0.175111994
1137.60376 5.36939383 -13.7547722 0.786546707 -0.52656585 -0.322603285 0.54769969 0.354857683 -0.433880985 -0.0994923636 -0.895460069 -0.555206478 -0.831703544 0.00387746957
1133.72961 10.2973528 -23.5890045 0.805253625 -0.124463804 -0.57972014 0.564834595 0.366564989 -0.584141791 0.00118882617 -0.811650813 -0.149999589 -0.988678396 0.00391043304
1135.9248 10.7914886 -21.0727367 0.815865993 -0.100507744 -0.569439113 0.560450196 0.367738962 -0.572237074 0.00120470219 -0.820087373 -0.121497877 -0.992591083 0.00111880433
1136.14038 -6.37130833 -14.5275478 0.973609626 -0.0194133297 -0.227392942 0.54904592 0.32696569 -0.227443859 -0.00042870536 -0.973791122 -0.0206088927 -0.999783516 -0.00288437912
1139.70081 5.55776596 -0.00966665056 0.989637613 -0.143583998 -0.00102863018 0.523750424 0.355305195 -0.00174128439 -0.00483778445 -0.999986827 -0.143584102 -0.989638209 -3.19954052e-05
1137.68726 -6.20038986 -0.00200331211 0.999186158 -0.0403337553 -0.000601655222 0.523736954 0.327371478 -0.000635720324 -0.000831786951 -0.999999523 -0.0403337777 -0.999186277 -2.66939278e-05
1130.44556 25.8364143 -25.5765514 0.76733321 0.134025142 -0.627086103 0.568297625 0.403480768 -0.632610857 -0.00175166246 -0.774467945 0.120882042 -0.990614235 -0.0638036951
1132.58826 26.1488113 -22.7660255 0.798951209 0.132294655 -0.586664438 0.563400626 0.404222846 -0.592364132 0.00468568178 -0.805656731 0.125497565 -0.990704 -0.0524974875
1132.58826 26.1488113 -22.7660255 0.798951209 0.132294655 -0.586664438 0.708180428 0.404222846 -0.592364132 0.00468568178 -0.805656731 0.125497565 -0.990704 -0.0524974875
1130.44556 25.8364143 -25.5765514 0.76733321 0.134025142 -0.627086103 0.711913705 0.403480768 -0.632610857 -0.00175166246 -0.774467945 0.120882042 -0.990614235 -0.0638036951
1127.12341 45.9987831 -23.843895 0.747930765 0.187954739 -0.636610329 0.71770227 0.451379776 -0.648241222 0.000543756527 -0.761434972 0.10584335 -0.980571747 -0.165155366
1129.49561 46.1130371 -21.1030006 0.75486207 0.174598977 -0.63221705 0.713568926 0.451651216 -0.64228189 0.0014927024 -0.766467154 0.0938232392 -0.982748747 -0.159380913
1127.12341 45.9987831 -23.843895 0.747930765 0.187954739 -0.636610329 0.565278649 0.451379776 -0.648241222 0.000543756527 -0.761434972 0.10584335 -0.980571747 -0.165155366
1136.19836 26.9017754 16.9093475 0.843663394 0.115577631 0.524284065 0.494270951 0.406011701 0.527627826 0.00194737944 -0.849473476 0.133577541 -0.991032183 0.00352225453
1138.47156 12.014266 15.8789883 0.883612335 0.0733487755 0.462438315 0.496066302 0.370643854 0.463534355 0.00232779142 -0.886075854 0.0827153623 -0.99657321 1.97197769e-05
1132.69849 26.1451168 22.6449623 0.799657583 0.133174554 0.58550179 0.484277397 0.404214025 0.590546191 0.00199693837 -0.807001352 0.1478073 -0.988748193 0.0230244901
1136.04834 10.786869 20.9534416 0.816609979 -0.0995768607 0.568535507 0.487224668 0.367727876 0.570753336 -0.00738117099 -0.821088374 -0.0679255277 -0.994740784 -0.0766610056
1134.13672 46.3624687 15.3312464 0.782947242 0.145746797 0.604773939 0.497020572 0.452243924 0.611519575 -0.00188036973 -0.791227043 0.138788775 -0.98858875 0.0585662834
1129.57227 46.1110153 21.0028305 0.755948603 0.175112069 0.630775332 0.48713854 0.451646566 0.640723109 -0.000354689808 -0.767772079 0.131241053 -0.984536171 0.116036005
1133.81274 10.2947273 23.5091362 0.804487407 -0.125466034 0.5805673 0.951713562 0.830742955 0.253623724 0.956410468 -0.14475514 0.166814461 -0.890371025 -0.423570961
1137.65405 5.36769819 13.7105017 0.785685897 -0.528299391 0.321865797 0.958407044 0.807464719 0.60145694 0.774071395 -0.197643608 0.0621829405 -0.450212389 -0.890753686
1140.44263 5.88235664 12.2353477 0.676370323 -0.652030885 0.342606217 0.963265538 0.803960085 0.696852088 0.717131913 -0.0109102391 -0.105764776 -0.546297908 -0.830886602
1136.04834 10.786869 20.9534416 0.816609979 -0.0995768607 0.568535507 0.955609083 0.824671507 0.22832945 0.960388303 -0.159750223 0.182880923 -0.889617264 -0.418492198
1137.65405 5.36769819 13.7105017 0.785685897 -0.528299391 0.321865797 0.499844581 0.354853749 0.337815523 -0.0694699064 -0.938645184 -0.50598371 -0.848137915 -0.156979978
1136.15186 -6.37183571 14.5181332 0.973682046 -0.0206101611 0.226976916 0.498437434 0.326964378 0.227012217 -0.000640749233 -0.973891795 -0.0228792913 -0.999711156 0.00737056881
1133.81274 10.2947273 23.5091362 0.804487407 -0.125466034 0.5805673 0.482771605 0.366558671 0.583943009 -0.0117730778 -0.811709404 -0.118680015 -0.991680086 -0.0498574376
1142.10852 7.17587519 9.3220644 0.927138746 -0.164973333 0.33644852 0.507490873 0.359149337 0.341649145 0.00336188334 -0.939821661 -0.166345358 -0.985751688 -0.0249592699
1144.25513 7.26987934 -0.0104591502 0.921027362 -0.389494359 -0.00167177489 0.523751855 0.359372497 0.0149296168 0.0395920202 -0.99910444 -0.389494449 -0.921028852 0.000296633574
1140.44263 5.88235664 12.2353477 0.676370323 -0.652030885 0.342606217 0.502414823 0.356076241 0.372449577 -0.0985314995 -0.922807157 -0.667445421 -0.739284515 -0.0893039107
1142.88171 6.04427338 -0.0150290094 0.463545799 -0.88607198 -0.00136321492 0.523759723 0.356461048 0.142177567 0.0758981481 -0.986927032 -0.886072516 -0.463546515 0.00031225424
1142.05713 7.17955446 -9.36761665 0.925675631 -0.167238131 -0.339346498 0.540055513 0.359158039 -0.344314277 -0.000755938352 -0.938854218 -0.154969648 -0.98589915 0.0631457865
1138.3999 12.0201111 -15.9465351 0.882235229 0.0708959624 -0.465440482 0.55151844 0.370657682 -0.466467977 -0.00231238571 -0.884535134 0.079687424 -0.996819615 -0.000789448095
1142.05713 7.17955446 -9.36761665 0.925675631 -0.167238131 -0.339346498 0.966078639 0.752638698 0.23450987 0.957519948 0.167811498 -0.26997298 0.336363405 -0.902205229
1144.25513 7.26987934 -0.0104591502 0.921027362 -0.389494359 -0.00167177489 0.969908476 0.77486825 0.389495999 0.921027899 0.00079324859 0.0586765558 0.142991528 -0.987983048
1136.16919 26.9067612 -16.9443398 0.842134297 0.114031598 -0.527073741 0.553256869 0.406023502 -0.530350149 -0.00188371097 -0.847776651 0.131977096 -0.991246283 -0.00358764757
1134.17773 46.3656998 -15.3111248 0.781625152 0.144624919 -0.606750309 0.550411344 0.452251434 -0.613296986 0.000867031282 -0.789851964 0.145477563 -0.988189757 -0.0481383018
1129.49561 46.1130371 -21.1030006 0.75486207 0.174598977 -0.63221705 0.560503006 0.451651216 -0.64228189 0.0014927024 -0.766467154 0.0938232392 -0.982748747 -0.159380913
1130.52576 25.8343925 25.4896393 0.766897917 0.134241045 0.627572179 0.479320854 0.403476 0.633196712 0.00102425669 -0.773990273 0.143524796 -0.988985896 0.0361609757
1127.19031 45.9978104 23.7632446 0.748206437 0.188083395 0.636248231 0.482328862 0.451377511 0.647737265 0.000495967804 -0.761863649 0.194630504 -0.979007304 0.0605285801
1132.69849 26.1451168 22.6449623 0.799657583 0.133174554 0.58550179 0.339478731 0.404214025 0.590546191 0.00199693837 -0.807001352 0.1478073 -0.988748193 0.0230244901
1130.52576 25.8343925 25.4896393 0.766897917 0.134241045 0.627572179 0.335693002 0.403476 0.633196712 0.00102425669 -0.773990273 0.143524796 -0.988985896 0.0361609757
1133.81274 10.2947273 23.5091362 0.804487407 -0.125466034 0.5805673 0.341420144 0.366558671 0.583943009 -0.0117730778 -0.811709404 -0.118680015 -0.991680086 -0.0498574376
1136.04834 10.786869 20.9534416 0.816609979 -0.0995768607 0.568535507 0.345315486 0.367727876 0.570753336 -0.00738117099 -0.821088374 -0.0679255277 -0.994740784 -0.0766610056
1121.41016 -98.7066269 -25.4433098 0.0778794587 -0.996438622 -0.0323259942 0.93010366 0.714448094 0.996960342 0.0779096782 0.000325357541 -0.000313874945 0.0323999636 -0.999475002
1125.18127 -98.7072525 -12.9684334 0.0830604583 -0.996394694 -0.0172795281 0.936674476 0.744084299 0.996543825 0.0830699876 0.000167553226 -0.000156252107 0.0173264239 -0.999849975
1108.61499 -99.3151398 -7.93611479 0.0240829531 -0.999694228 -0.00561404042 0.907809734 0.756039381 0.999709964 0.0240834355 -1.78012669e-05 4.34935646e-05 0.00561671704 -0.999984324
1104.13452 -99.3143387 -18.2874317 0.0209696665 -0.999741852 -0.00875410531 0.900003076 0.731447935 0.999780118 0.0209705513 -9.12024097e-06 1.19655315e-05 0.00875627995 -0.999961674
1126.47107 -98.7074661 -1.78125047e-16 0.0854177698 -0.996345282 0 0.938921928 0.774893045 0.996345222 0.0854177698 -5.07548553e-18 0.000122696583 1.05186027e-05 -1
1114.39185 -99.1578293 -1.20374656e-17 0.030204067 -0.999543846 0 0.917875051 0.774893045 0.999543786 0.030204067 -1.09413349e-06 5.29077952e-05 1.59885099e-06 -1
1106.99792 -98.7042618 -47.013279 0.0603503697 -0.996341348 -0.0605124868 0.904992104 0.663204789 0.998171687 0.0604414046 0.000326477748 -0.00045391763 0.0605955832 -0.998162329
1115.25586 -98.7056198 -36.9310684 0.0709025189 -0.996392906 -0.046628166 0.919380665 0.687156856 0.997479022 0.0709605739 0.000410947803 -0.000299013336 0.0467245765 -0.998907864
1099.9834 -99.3137131 -28.7751465 0.0209506694 -0.999693692 -0.0131755592 0.892769933 0.706532657 0.999780476 0.020953089 -4.56288071e-05 5.13115883e-05 0.0131795267 -0.999913156
1098.45654 -99.1552048 -38.4717712 0.0213091876 -0.999542296 -0.0214730371 0.890109658 0.683496594 0.999772787 0.0213161763 -9.66019652e-05 3.74313895e-05 0.0214787126 -0.99976933
1125.18127 -98.7072525 12.9684334 0.0830604509 -0.996394694 0.0172795188 0.936674476 0.805701733 0.996543705 0.0830700994 -0.000160273325 0.000265406008 -0.0173173193 -0.999850094
1108.61499 -99.3151398 7.93611479 0.0240829531 -0.999694228 0.00561404042 0.907809734 0.793746591 0.999709964 0.0240834616 2.26867433e-05 -1.41316896e-05 -0.00561600924 -0.999984264
1121.41016 -98.7066269 25.4433098 0.0778793767 -0.996438622 0.0323261097 0.93010366 0.835337937 0.996960461 0.0779095367 -0.000327686605 0.000313803903 -0.0324000865 -0.999475002
1104.13452 -99.3143387 18.2874317 0.0209696889 -0.999741852 0.00875419285 0.900003076 0.818337917 0.999780118 0.0209705718 9.04007175e-06 -1.19519818e-05 -0.00875636842 -0.999961674
1085.42822 -98.7007141 -61.4261551 0.0321622044 -0.99643153 -0.0780383423 0.867409348 0.628964603 0.999480247 0.0322347768 0.000329884089 -0.000323507935 0.0780683458 -0.996948063
1096.91589 -98.7026062 -55.2715111 0.0464650504 -0.996389031 -0.0710631832 0.887425303 0.643585801 0.998915672 0.0465554148 0.000385057559 -0.000382031576 0.0711222813 -0.997467518
1088.76001 -99.3118668 -39.9986572 0.0130113186 -0.99969244 -0.0211144872 0.873214722 0.679869294 0.999915302 0.0130144581 -1.13294855e-05 3.88082226e-05 0.0211167783 -0.999777019
1078.27234 -99.3100815 -44.1500816 0.00858934782 -0.999739826 -0.0211334229 0.854941249 0.670006812 0.999963105 0.00859140139 -6.38601659e-06 7.71549003e-06 0.0211342704 -0.999776661
1115.25586 -98.7056122 36.9310684 0.0709024444 -0.996392846 0.0466281883 0.919380665 0.862629294 0.997479022 0.0709619671 -0.000379798788 0.000387383043 -0.0467183292 -0.998908043
1099.9834 -99.3137131 28.7751465 0.0209507626 -0.999693692 0.013175712 0.892769933 0.843253493 0.999780476 0.0209531616 4.39562391e-05 -1.43241505e-05 -0.0131789064 -0.999913156
1106.99792 -98.7042618 47.0132828 0.0603502803 -0.996341407 0.0605123937 0.904992104 0.886581182 0.998171806 0.0604411624 -0.000329229573 0.000453943037 -0.0605954938 -0.998162329
1098.45654 -99.1551971 38.4717712 0.021309277 -0.999542296 0.0214731228 0.890109658 0.866289377 0.999772847 0.0213162601 9.62048871e-05 -3.75024538e-05 -0.0214788001 -0.99976933
1059.98462 -98.6965256 -66.4876251 -0.000162342258 -0.99633199 -0.0855728313 0.823076963 0.6169402 1 -0.000152169217 -0.000125409948 2.67482756e-06 0.0855728388 -0.99633199
1072.95325 -98.6986618 -65.1976013 0.0171158127 -0.996384501 -0.0832172781 0.845673203 0.620004773 0.999852955 0.0171526801 0.000271976343 -0.000160758718 0.083226718 -0.996530652
1067.92102 -99.3084335 -48.6307487 0.00544934114 -0.999691129 -0.0242463257 0.836905122 0.659362257 0.999985158 0.00545138726 -1.83082866e-05 2.30586902e-05 0.0242468137 -0.999706089
1059.98474 -99.1488647 -54.4078522 -0.000163985824 -0.999538839 -0.0303667672 0.823077202 0.645637751 1 -0.000162320721 -5.7290832e-05 -9.72835096e-07 0.0303667691 -0.999538898
1096.91589 -98.7025986 55.2715149 0.0464650579 -0.996389031 0.071063228 0.887425303 0.90620023 0.998915315 0.0465618707 -0.000294414087 0.000412275898 -0.0711209327 -0.997467697
1088.76001 -99.3118668 39.9986572 0.0130114704 -0.99969238 0.0211145803 0.873214722 0.869916797 0.999915302 0.0130155003 5.33910716e-05 -4.03763624e-05 -0.0211168919 -0.999777019
1085.42822 -98.7007141 61.4261551 0.0321623757 -0.99643141 0.0780384392 0.867409348 0.920821488 0.999480247 0.0322350152 -0.000328998722 0.000323501648 -0.0780684501 -0.996947944
1078.27234 -99.3100815 44.1500816 0.00858942978 -0.999739766 0.0211334471 0.854941249 0.879779339 0.999963105 0.00859148055 6.22658263e-06 -7.71534724e-06 -0.0211342946 -0.999776661
1034.54077 -98.692337 -61.4269638 -0.0324848182 -0.996421337 -0.0780336782 0.778743982 0.628962576 0.999469817 -0.032559514 -0.000315192417 0.000329481176 0.0780642033 -0.996948361
1047.01587 -98.6943893 -65.1980362 -0.0174401086 -0.996379018 -0.0832147449 0.800480604 0.6200037 0.999847114 -0.0174873024 -0.000161762247 0.00017273608 0.0832243934 -0.996530831
1052.04858 -99.3058243 -48.6309662 -0.0057777781 -0.999689341 -0.0242460296 0.809249401 0.65936166 0.999983311 -0.00578056043 4.46778977e-05 -1.68694405e-05 0.0242465343 -0.999706089
1041.69702 -99.3040543 -44.150528 -0.00891774334 -0.999736965 -0.0211327951 0.791213036 0.670005739 0.999960244 -0.00891994871 1.01037294e-05 -9.98737141e-06 0.0211337227 -0.999776661
1072.95325 -98.6986618 65.1975937 0.0171158947 -0.996384442 0.0832173154 0.845673203 0.929781318 0.999852717 0.0171621125 -0.000159958567 0.000167464037 -0.083226651 -0.996530652
1067.92102 -99.3084335 48.6307449 0.00544934068 -0.999691129 0.0242463294 0.836905122 0.890423775 0.999985158 0.00545201125 4.40598924e-05 -1.54701629e-05 -0.0242467765 -0.999706089
1059.98462 -98.6965256 66.4876251 -0.000162328739 -0.99633193 0.0855728239 0.823076963 0.93284595 1 -0.000152201363 0.000124873957 -2.62713797e-06 -0.0855728313 -0.99633199
1059.98474 -99.1488647 54.4078445 -0.000163977442 -0.999538839 0.0303667672 0.823077202 0.9041484 1 -0.000162334225 5.65708506e-05 9.54933284e-07 -0.0303667691 -0.999538898
1012.97021 -98.6887894 -47.0144196 -0.0606680885 -0.996322453 -0.0605052896 0.741159797 0.663202047 0.998152792 -0.0607521683 -0.000450766995 0.00033428293 0.0605966635 -0.99816227
1023.05267 -98.6904526 -55.2725639 -0.0467853546 -0.996374428 -0.0710566863 0.758727431 0.643583477 0.998900414 -0.0468828604 -0.000295953156 0.000411692861 0.0711153448 -0.997467995
1031.20911 -99.3023911 -39.9992676 -0.0133392513 -0.999688148 -0.0211135 0.772938967 0.679867804 0.99991107 -0.0133432979 5.06720717e-05 -4.02120604e-05 0.0211159121 -0.999777019
1021.51221 -99.1425247 -38.4725456 -0.0216362942 -0.999535322 -0.021471696 0.756043434 0.683494806 0.999765754 -0.0216421783 4.1801748e-05 -9.01814929e-05 0.0214786753 -0.99976933
1047.01587 -98.6943893 65.1980362 -0.0174401049 -0.996379018 0.0832147449 0.800480604 0.929782391 0.999847293 -0.0174781308 0.000271561963 -0.000166038822 -0.0832245201 -0.996530831
1052.04858 -99.3058243 48.6309662 -0.00577777252 -0.999689341 0.0242460314 0.809249401 0.890424252 0.999983311 -0.00578002539 -2.28456574e-05 2.51399924e-05 -0.024246579 -0.99970603
1034.54077 -98.692337 61.4269638 -0.0324849412 -0.996421397 0.0780336186 0.778743982 0.920823455 0.999469757 -0.0325595029 0.000316932623 -0.000329493923 -0.0780641437 -0.996948361
1041.69702 -99.3040543 44.150528 -0.00891782809 -0.999736905 0.0211328156 0.791213036 0.879780173 0.999960244 -0.008919999 -8.42729696e-06 1.00172065e-05 -0.0211337451 -0.999776661
998.557068 -98.686409 -25.4441166 -0.0781921968 -0.996414304 -0.032321088 0.716046691 0.714446127 0.996935844 -0.0782225132 -0.000327055313 0.000329332222 0.0323945321 -0.999475121
1004.71179 -98.6874237 -36.9321213 -0.0712175593 -0.996370733 -0.0466217622 0.72677052 0.687154412 0.997456551 -0.071277298 -0.000382068567 0.00038447429 0.0467130207 -0.998908341
1019.98541 -99.3005371 -28.7757549 -0.0212779641 -0.999686837 -0.0131745525 0.75338304 0.706531346 0.999773562 -0.021280352 4.14245806e-05 -1.72795117e-05 0.0131779034 -0.999913216
1015.83398 -99.2997818 -18.287878 -0.0212968607 -0.999734879 -0.00875318889 0.74614954 0.731447041 0.999773204 -0.0212977342 6.50658967e-06 -6.12036956e-06 0.00875530485 -0.999961674
1023.05267 -98.6904449 55.2725677 -0.046785336 -0.996374488 0.071056731 0.758727431 0.906202674 0.998900712 -0.0468765646 0.000384141342 -0.000381705788 -0.0711167827 -0.997467935
1031.20911 -99.3023911 39.9992676 -0.0133392941 -0.999688089 0.0211136304 0.772938967 0.869918227 0.99991101 -0.013342442 -8.19217803e-06 4.17236733e-05 -0.0211160611 -0.999777019
1012.97021 -98.6887894 47.0144234 -0.0606679693 -0.996322572 0.0605054013 0.741159797 0.886584044 0.998152912 -0.060751956 0.000452350389 -0.000334276818 -0.0605967678 -0.99816227
1021.51221 -99.1425247 38.4725456 -0.0216362383 -0.999535322 0.0214718375 0.756043434 0.866291285 0.999765754 -0.0216420796 -3.97224576e-05 9.01753447e-05 -0.0214788169 -0.99976933
993.49585 -98.685585 -4.09654314e-15 -0.085727863 -0.996318638 -1.60857425e-07 0.707228065 0.774893045 0.996318638 -0.085727863 -6.13492035e-10 -0.000126158615 1.10166138e-05 -1
994.785706 -98.685791 -12.9688692 -0.0833712816 -0.996368825 -0.0172769278 0.709475517 0.744083226 0.996517777 -0.0833809674 -0.000160036521 0.000271568453 0.0173145719 -0.999850094
1011.35333 -99.2991104 -7.93632889 -0.024409363 -0.99968636 -0.00561367255 0.738342643 0.756038904 0.999702096 -0.0244098753 2.28136905e-05 -1.84452674e-05 0.0056157955 -0.999984264
1005.57611 -99.1399078 -2.00215232e-15 -0.0305293128 -0.999533892 -1.38928144e-07 0.728276491 0.774893045 0.999533832 -0.0305293128 6.31668329e-10 -5.73098114e-05 1.88899423e-06 -1
1004.71179 -98.6874237 36.9321213 -0.0712174624 -0.996370673 0.0466219597 0.72677052 0.862631679 0.997456551 -0.0712758377 0.000411077024 -0.000297353428 -0.0467194356 -0.998908043
1019.98541 -99.3005371 28.7757549 -0.0212778319 -0.999686778 0.0131749017 0.75338304 0.843254805 0.999773562 -0.0212802738 -4.54036272e-05 5.66381786e-05 -0.0131790908 -0.999913156
998.557068 -98.686409 25.4441166 -0.0781921521 -0.996414304 0.032321211 0.716046691 0.835339904 0.996935844 -0.0782224685 0.000327142945 -0.000329347444 -0.0323946513 -0.999475121
1015.83398 -99.2997971 18.287878 -0.0212968048 -0.999734938 0.0087532429 0.74614954 0.81833899 0.999773204 -0.0212976858 -7.6617016e-06 6.06063577e-06 -0.008755357 -0.999961674
994.785706 -98.6857986 12.9688692 -0.0833713338 -0.996368766 0.0172766801 0.709475517 0.805702865 0.996517777 -0.0833809078 0.000166661484 -0.000161573975 -0.0173235238 -0.999849975
1011.35333 -99.2991104 7.93632889 -0.024409391 -0.999686301 0.00561326928 0.738342643 0.793747187 0.999702096 -0.0244098529 -1.39321855e-05 4.41642878e-05 -0.00561602134 -0.999984264
1029.36096 -41.9574394 73.8974609 -0.380837202 0.0965972394 0.919582605 0.159425199 0.242424607 0.923972428 0.00191215833 0.382454365 0.000430365209 -0.994509459 0.104646146
1044.36877 -41.9596176 78.4335632 -0.194113433 0.0966303125 0.976208329 0.185574755 0.242419481 0.980760932 -0.00187429751 0.195204213 0.000440698088 -0.995127976 0.0985907093
1059.97021 -41.9618797 79.9843903 6.62963575e-05 0.0967015326 0.995313466 0.212758377 0.242413878 0.999998212 -0.00191339769 0.000119290526 9.51422194e-08 -0.995313466 0.0967015326
1075.57129 -41.9641418 78.4319305 0.193929642 0.096687004 0.976239204 0.239941403 0.242408872 0.98086828 -0.00187525933 -0.194663465 -0.000291650416 -0.995125592 0.0986154452
1090.57129 -41.9645844 73.9067841 0.379973143 0.0965719223 0.919942677 0.266077101 0.24240768 0.924331784 -0.00191232504 -0.3815853 -0.000450256834 -0.994515777 0.104586281
1104.36951 -41.9613762 66.539566 0.552435815 0.0964116603 0.827961087 0.290118784 0.24241519 0.831935108 -0.00186739129 -0.55486995 -0.000442183984 -0.993254483 0.11595422
1116.49695 -41.9053116 56.5866661 0.704089582 0.0961894467 0.703566194 0.311249465 0.242548585 0.706980884 -0.00202612695 -0.707229793 0.0545721352 -0.995182633 0.081445612
1116.49695 -41.9053116 56.5866661 0.704089582 0.0961894467 0.703566194 0.425137967 0.242548585 0.706980884 -0.00202612695 -0.707229793 0.0545721352 -0.995182633 0.081445612
1126.48486 -41.7471809 44.3045044 0.823845029 0.0925285891 0.559211731 0.44653815 0.242924094 0.561692059 -0.000926127133 -0.827345967 0.113618076 -0.993520081 -0.00299473642
1133.90894 -41.5407982 30.3621941 0.917394578 0.0844515115 0.38891536 0.470830947 0.243414402 0.390556902 -0.00319318078 -0.920573354 0.091440551 -0.99581039 0.000541563437
1138.34473 -41.3399811 15.428854 0.977713943 0.0777041689 0.195032254 0.496850461 0.243891478 0.195713297 -0.00117404771 -0.980660439 0.0791488141 -0.996862829 0.000387132721
1139.81567 -41.2409439 0.000330448151 0.99711448 0.0759128332 -7.57597809e-05 0.523732781 0.244126678 4.62355274e-05 -0.00160535774 -0.999998748 0.0759128332 -0.99711448 -1.0470502e-06
1138.34558 -41.3398972 -15.4275322 0.977697074 0.0777927488 -0.195081368 0.550614238 0.243891597 -0.195532084 -0.00185458444 -0.980695605 0.0792032555 -0.996858418 -0.000571921817
1133.91028 -41.5406723 -30.3602104 0.917411864 0.0845164061 -0.388860583 0.576632619 0.243414879 -0.390178084 -0.00100691081 -0.920738935 0.0910988301 -0.995840788 -0.00151656999
1126.48584 -41.747097 -44.3031807 0.823863745 0.0925430432 -0.559181809 0.600926638 0.242924452 -0.561387002 -0.00263765361 -0.827549338 0.112563677 -0.993643582 0.00139907305
1116.49719 -41.9052887 -56.5863342 0.704093635 0.0961906388 -0.703562021 0.62232852 0.242548585 -0.706719816 -0.00173774536 -0.707491398 0.0816057473 -0.995179415 -0.0543929897
1116.49719 -41.9052887 -56.5863342 0.704093635 0.0961906388 -0.703562021 0.736217141 0.242548585 -0.706719816 -0.00173774536 -0.707491398 0.0816057473 -0.995179415 -0.0543929897
1104.36951 -41.9613762 -66.539566 0.552438617 0.0964122862 -0.82795912 0.757348299 0.24241519 -0.83172977 -0.00191444252 -0.55517745 -0.0019902566 -0.993133068 -0.116974041
1090.57129 -41.9645844 -73.9067841 0.379973114 0.0965719447 -0.919942558 0.781389952 0.24240768 -0.924191296 -0.0018796334 -0.381925344 -0.00110972568 -0.994486868 -0.104855679
1075.57129 -41.9641418 -78.4319305 0.193929702 0.0966870189 -0.976239204 0.807525754 0.242408872 -0.980797529 -0.00186921854 -0.195020318 -0.000450218329 -0.995122433 -0.0986466482
1059.97021 -41.9618797 -79.9843903 6.62963575e-05 0.0967015252 -0.995313466 0.834708691 0.242413878 -0.999998212 -0.00191613485 -0.000252769765 -1.08733718e-06 -0.995313466 -0.0967015326
1044.36877 -41.9596176 -78.4335632 -0.194113478 0.0966302827 -0.97620827 0.861892343 0.242419481 -0.980831921 -0.00187923457 0.194846839 0.000283969828 -0.995131075 -0.0985598341
1029.36096 -41.9574394 -73.8974609 -0.380837142 0.0965971798 -0.919582546 0.888041854 0.242424607 -0.923972428 -0.00191219314 0.382454336 0.000429307722 -0.994509518 -0.10464564
1015.54034 -41.9554329 -66.4940491 -0.552929759 0.0965320766 -0.827617228 0.912122607 0.242429256 -0.831599891 -0.00187354744 0.555372059 0.000479292852 -0.993229389 -0.116169058
1003.41058 -41.9536743 -56.5596504 -0.703773022 0.0965088159 -0.703839242 0.933257103 0.242433548 -0.707269847 -0.00191130314 0.706941187 -0.054632172 -0.995148182 -0.081825383
1003.41058 -41.9536743 -56.5596504 -0.703773022 0.0965088159 -0.703839242 0.419982076 0.691366315 -0.707269847 -0.00191130314 0.706941187 -0.054632172 -0.995148182 -0.081825383
993.47522 -41.9522324 -44.4305611 -0.827572107 0.0964568406 -0.553010345 0.441115558 0.691369772 -0.555751026 -0.00187466142 0.831346691 -0.117085949 -0.993119776 0.00199611625
986.070618 -41.9511566 -30.61022 -0.919562519 0.0964496583 -0.380922794 0.465195864 0.691372454 -0.382877409 -0.00191053038 0.923797309 -0.104761124 -0.994496822 0.00109082786
981.533386 -41.9505005 -15.6020641 -0.976213396 0.0964161232 -0.194194078 0.491345823 0.691373944 -0.195280284 -0.00186894857 0.980745733 -0.0983743519 -0.995149434 0.000442401302
979.981567 -41.9502754 -4.91466219e-15 -0.99533993 0.0964289531 -1.87182869e-09 0.518530607 0.691374302 -0.000185005396 -0.00190958276 0.999998152 -0.0964289457 -0.99533993 3.43304573e-12
981.533386 -41.9505005 15.6020641 -0.976213396 0.0964161158 0.194194078 0.545715332 0.691373944 0.194924504 -0.0018756052 0.980816543 -0.0983432606 -0.995152593 -0.00028457478
986.070618 -41.9511566 30.61022 -0.919562578 0.0964496657 0.380922824 0.571865201 0.691372454 0.382535398 -0.00190975482 0.92393893 -0.104490265 -0.99452579 -0.000429642649
993.47522 -41.9522324 44.4305611 -0.827572167 0.0964568332 0.553010345 0.595945716 0.691369772 0.555449307 -0.00187033718 0.831548333 -0.11608588 -0.993239105 -0.000478736096
1003.41058 -41.9536743 56.5596504 -0.703773022 0.0965088159 0.703839242 0.61707902 0.691366315 0.707007766 -0.00191087427 0.707203269 -0.0818115696 -0.99514848 0.0546485782
1003.41058 -41.9536743 56.5596504 -0.703773022 0.0965088159 0.703839242 0.114209808 0.242433548 0.707007766 -0.00191087427 0.707203269 -0.0818115696 -0.99514848 0.0546485782
1015.54034 -41.9554329 66.4940491 -0.552929819 0.0965321213 0.827617288 0.135344476 0.242429256 0.83139801 -0.00187352533 0.555674195 0.00199152413 -0.993110478 0.117165551
1084.68469 -99.5144043 24.6998291 0.00671044178 -0.999953866 0.00687494408 0.86611402 0.833571732 0.999977529 0.00671060523 7.39805898e-07 -2.77704271e-06 -0.00687511824 -0.999976456
1086.22485 -99.5144119 10.8689632 0.00522517459 -0.999983847 0.00223262189 0.868797541 0.800714195 0.999986351 0.00522519602 3.72943214e-06 -3.09657412e-06 -0.00223266869 -0.999997556
1070.85388 -99.511879 26.240139 0.00206773123 -0.999983311 0.00538982125 0.842015386 0.837231159 0.999997914 0.00206774031 -3.88880017e-06 1.93820961e-06 -0.00538982917 -0.999985516
1059.98486 -99.5092697 5.96053056e-08 -0.00016485824 -1 -2.27373675e-13 0.82307744 0.774893045 1 -0.000164858255 1.90603416e-07 -1.83653128e-07 3.01473915e-11 -1
1033.74438 -99.5057602 -10.8691597 -0.00555452239 -0.999982119 -0.00223237625 0.777356505 0.749071479 0.999984562 -0.00555453775 7.68470613e-07 2.02716433e-06 0.0022323993 -0.999997556
1025.05347 -99.50457 0 -0.00988677517 -0.999951124 -2.11300289e-07 0.762213469 0.774893045 0.999951184 -0.00988677517 -9.08218993e-08 -1.61486296e-05 3.71049595e-07 -1
1033.74438 -99.5057602 10.8691597 -0.00555438222 -0.999982119 0.00223231828 0.777356505 0.800714612 0.999984562 -0.00555439899 -1.47372316e-06 -2.00189697e-06 -0.00223234156 -0.999997556
1059.98486 -99.5103302 34.9310913 -0.000164632394 -0.999952734 0.00972233713 0.82307744 0.85787797 1 -0.000164650832 -1.09336258e-06 7.68072994e-07 -0.0097223362 -0.999952734
1049.11572 -99.5082932 26.2403336 -0.00239715236 -0.999982655 0.00538960751 0.804139137 0.837231576 0.999997139 -0.00239717192 2.84634825e-06 -4.08142569e-06 -0.00538961357 -0.999985516
1094.91565 -99.5160904 0 0.00955798384 -0.999954402 0 0.883940101 0.774893045 0.999954343 0.00955798384 8.28387385e-07 -1.55555172e-05 -1.48428171e-07 -1
1086.22485 -99.5144119 -10.8689632 0.00522517459 -0.999983847 -0.00223262189 0.868797541 0.749071836 0.999986351 0.00522518856 -2.96706276e-07 2.27038186e-06 0.00223266426 -0.999997556
1035.28467 -99.5062637 24.7001915 -0.00703927269 -0.999951601 0.00687467353 0.780040264 0.833572626 0.999975324 -0.00703945803 -2.63251923e-06 -2.74126842e-06 -0.00687482487 -0.999976397
1084.68469 -99.5144043 -24.6998291 0.00671037333 -0.999953866 -0.00687487563 0.86611402 0.716214299 0.999977529 0.00671054516 -1.93177698e-06 2.81371649e-06 0.00687505025 -0.999976456
1070.85388 -99.511879 -26.240139 0.00206773169 -0.999983311 -0.00538982078 0.842015386 0.712554932 0.999997914 0.00206776755 -1.06045911e-06 1.45628258e-06 0.00538983522 -0.999985516
1059.98486 -99.5103302 -34.9310913 -0.000164633442 -0.999952793 -0.00972233526 0.82307744 0.691908062 1 -0.00016463465 -6.9346379e-07 -7.35782464e-07 0.00972233433 -0.999952734
1049.11572 -99.5082932 -26.2403336 -0.00239715213 -0.999982595 -0.00538960658 0.804139137 0.712554514 0.999997139 -0.00239719707 1.84817804e-06 -2.02287106e-06 0.0053896266 -0.999985516
1035.28467 -99.5062637 -24.7001915 -0.00703941798 -0.999951601 -0.0068745208 0.780040264 0.716213465 0.999975324 -0.00703961123 3.78246705e-06 2.69863244e-06 0.00687467121 -0.999976397
1120.17151 64.7835464 26.1268463 0.769479215 0.207907796 0.60388422 0.478210539 0.496006489 0.617451489 -0.000459143659 -0.786608815 0.263104916 -0.96476233 -0.00310019171
1123.20337 64.7960892 22.4411812 0.7298913 0.204033449 0.65240252 0.484632462 0.496036172 0.666215718 0.00132007233 -0.745757937 0.168325931 -0.978672922 0.117753014
1119.94043 78.5207138 21.5939484 0.717797518 0.207422629 0.664637268 0.486108601 0.528641403 0.679092228 0.0020554692 -0.734050095 0.176769942 -0.977606237 0.114186548
1117.03613 78.5169678 25.1532917 0.776198804 0.212866679 0.593467176 0.479906946 0.528632581 0.60754019 -0.000882133259 -0.794288516 0.266914815 -0.963714063 -0.00343130087
1119.94043 78.5207138 21.5939484 0.717797518 0.207422629 0.664637268 0.317249358 0.528641403 0.679092228 0.0020554692 -0.734050095 0.176769942 -0.977606237 0.114186548
1123.20337 64.7960892 22.4411812 0.7298913 0.204033449 0.65240252 0.322934717 0.496036172 0.666215718 0.00132007233 -0.745757937 0.168325931 -0.978672922 0.117753014
1125.84863 64.8384933 19.7199593 0.71321547 0.190026253 0.674695313 0.327543795 0.496137023 0.687402368 -0.00132190541 -0.726275623 -0.0018147931 -0.962047398 0.27287668
1122.80554 78.5574799 18.8852844 0.686323702 0.191665575 0.701586843 0.322241455 0.528728783 0.715070009 -0.00169388345 -0.699050844 0.000120631783 -0.964680731 0.263421834
1127.19031 45.9978104 23.7632446 0.748206437 0.188083395 0.636248231 0.32988134 0.451377511 0.647737265 0.000495967804 -0.761863649 0.194630504 -0.979007304 0.0605285801
1129.57227 46.1110153 21.0028305 0.755948603 0.175112069 0.630775332 0.334031612 0.451646566 0.640723109 -0.000354689808 -0.767772079 0.131241053 -0.984536171 0.116036005
1131.13416 64.9204102 14.0627909 0.726273894 0.167103574 0.666785359 0.33675316 0.496331453 0.676478267 -0.00147818343 -0.736461163 0.041370552 -0.978870213 0.200253904
1128.50684 78.6381149 13.2201395 0.69204706 0.170513153 0.70142442 0.332175285 0.528920233 0.711972833 -0.00102061755 -0.702206373 -0.000258252054 -0.971642017 0.236456648
1136.88623 65.0375519 7.85027885 0.73254621 0.127349809 0.668698907 0.346775502 0.496609807 0.674275041 -0.0009190212 -0.738479793 0.0305063985 -0.987499118 0.154644296
1134.90552 78.7612762 7.10140753 0.668155432 0.129918247 0.732591093 0.343324155 0.529212892 0.738957405 -0.00118771568 -0.673751175 -0.00287267589 -0.984178841 0.177155018
1136.88623 65.0375519 7.85027885 0.73254621 0.127349809 0.668698907 0.510055304 0.496609807 0.674275041 -0.0009190212 -0.738479793 0.0305063985 -0.987499118 0.154644296
1131.13416 64.9204102 14.0627909 0.726273894 0.167103574 0.666785359 0.499230713 0.496331453 0.676478267 -0.00147818343 -0.736461163 0.041370552 -0.978870213 0.200253904
1134.13672 46.3624687 15.3312464 0.782947242 0.145746797 0.604773939 0.34198463 0.452243924 0.611519575 -0.00188036973 -0.791227043 0.138788775 -0.98858875 0.0585662834
1140.9314 65.1856232 3.46303082 0.825405955 0.0801904649 0.55881536 0.353823632 0.496961594 0.560789347 -0.0025573431 -0.82795459 0.0463140346 -0.996142149 0.074538447
1139.86255 78.9256363 3.0319829 0.741912246 0.0808671564 0.665602505 0.351961285 0.529603422 0.668040752 -0.00425844081 -0.744112551 0.0162431467 -0.994576693 0.102730386
1139.86255 78.9256363 3.0319829 0.741912246 0.0808671564 0.665602505 0.518450618 0.529603422 0.668040752 -0.00425844081 -0.744112551 0.0162431467 -0.994576693 0.102730386
1140.9314 65.1856232 3.46303082 0.825405955 0.0801904649 0.55881536 0.517699599 0.496961594 0.560789347 -0.0025573431 -0.82795459 0.0463140346 -0.996142149 0.074538447
1142.57117 65.2679214 0.027963724 0.998012066 0.0610229075 0.0157536026 0.52368474 0.497157097 0.0163034871 -0.00852396525 -0.999830842 0.0610249266 -0.998136282 0.000353492273
1142.0376 79.0186539 0.0341373831 0.997566402 0.0673706308 0.0179598685 0.523674011 0.529824317 0.018636968 -0.00943497568 -0.999781847 0.0673721358 -0.997727811 0.000521568814
1142.10046 46.8097687 4.09735012 0.8961851 0.0649980307 0.438893616 0.355860591 0.453306437 0.439837694 -0.000239355955 -0.898077369 0.0508721694 -0.997740567 0.0438837335
1138.95544 46.6345749 8.95918846 0.809437871 0.103808269 0.577956915 0.350380868 0.452890158 0.580978155 0.00138526177 -0.813918054 0.0937930644 -0.994469464 0.047260467
1141.1073 65.1877136 -3.32800436 0.834615469 0.0792702511 -0.545099318 0.529532194 0.496966481 -0.546644628 -0.00260685128 -0.83736074 0.0767304003 -0.996673763 -0.0274559148
1140.09033 78.9278183 -2.86985445 0.753895521 0.0804797262 -0.652046382 0.528733969 0.529608548 -0.654153168 -0.000248226308 -0.75636214 0.0375534184 -0.996125042 -0.0795288906
1140.09033 78.9278183 -2.86985445 0.753895521 0.0804797262 -0.652046382 0.69510901 0.529608548 -0.654153168 -0.000248226308 -0.75636214 0.0375534184 -0.996125042 -0.0795288906
1141.1073 65.1877136 -3.32800436 0.834615469 0.0792702511 -0.545099318 0.693336844 0.496966481 -0.546644628 -0.00260685128 -0.83736074 0.0767304003 -0.996673763 -0.0274559148
1137.13232 65.0408325 -7.65345907 0.732541502 0.125922471 -0.668974221 0.700262904 0.496617556 -0.674608588 0.00287507451 -0.738170087 0.0337947048 -0.988257229 -0.149015859
1135.22766 78.7647018 -6.86175537 0.667737365 0.128749728 -0.733178198 0.703581452 0.529220998 -0.739602566 0.00314200111 -0.673036575 -0.000896363985 -0.984789431 -0.173750266
1137.13232 65.0408325 -7.65345907 0.732541502 0.125922471 -0.668974221 0.537068725 0.496617556 -0.674608588 0.00287507451 -0.738170087 0.0337947048 -0.988257229 -0.149015859
1131.23865 64.9231186 -13.9969864 0.724952698 0.166147724 -0.668459833 0.71053195 0.496337891 -0.678044736 0.00132014579 -0.735019505 0.0409448855 -0.979150832 -0.198965698
1128.65674 78.640892 -13.1233273 0.690477848 0.169663414 -0.70317477 0.715030432 0.528926909 -0.713716507 0.0016434188 -0.700432777 0.00816079043 -0.973869085 -0.226963624
1125.78625 64.8399353 -19.8033981 0.711626649 0.189782724 -0.676439226 0.720031977 0.496140242 -0.689019084 0.000420063909 -0.724743068 0.0509767458 -0.974233866 -0.219703928
1122.74658 78.5588913 -18.957634 0.684389174 0.191498116 -0.703519702 0.725328445 0.528732121 -0.716893792 0.000799225934 -0.697182 -0.000992051093 -0.964647353 -0.263542175
1125.78625 64.8399353 -19.8033981 0.711626649 0.189782724 -0.676439226 0.558238745 0.496140242 -0.689019084 0.000420063909 -0.724743068 0.0509767458 -0.974233866 -0.219703928
1131.23865 64.9231186 -13.9969864 0.724952698 0.166147724 -0.668459833 0.548121572 0.496337891 -0.678044736 0.00132014579 -0.735019505 0.0409448855 -0.979150832 -0.198965698
1134.17773 46.3656998 -15.3111248 0.781625152 0.144624919 -0.606750309 0.705410957 0.452251434 -0.613296986 0.000867031282 -0.789851964 0.145477563 -0.988189757 -0.0481383018
1139.10474 46.6382141 -8.82505035 0.809317648 0.102224469 -0.578407586 0.69682622 0.45289886 -0.581331968 -0.00144699845 -0.813665211 0.0940158516 -0.994587839 -0.044229228
1123.13525 64.7966537 -22.5175114 0.729358196 0.204198629 -0.65294677 0.724651098 0.496037483 -0.667334378 0.00215641246 -0.744755089 0.113778479 -0.977330148 -0.178550854
1119.86584 78.5212173 -21.6677437 0.717449963 0.207718462 -0.664920092 0.730347633 0.528642476 -0.680261672 0.00333474856 -0.732961774 0.124783114 -0.977391183 -0.170691982
1119.86584 78.5212173 -21.6677437 0.717449963 0.207718462 -0.664920092 0.561486959 0.528642476 -0.680261672 0.00333474856 -0.732961774 0.124783114 -0.977391183 -0.170691982
1123.13525 64.7966537 -22.5175114 0.729358196 0.204198629 -0.65294677 0.562967539 0.496037483 -0.667334378 0.00215641246 -0.744755089 0.113778479 -0.977330148 -0.178550854
1120.15857 64.7836075 -26.1403294 0.769731581 0.208062127 -0.603509367 0.569279909 0.496006489 -0.617077291 0.000388080342 -0.786902547 0.263171822 -0.96474421 0.00305704772
1117.02148 78.5169678 -25.1663551 0.776745558 0.213111416 -0.592663407 0.567582965 0.528632581 -0.606741548 0.000827476732 -0.794898808 0.266981184 -0.963695884 0.00337769324
1113.72949 64.7911377 -34.672863 0.763041437 0.196838781 -0.615647912 0.584146857 0.49602437 -0.627807319 -0.000802571827 -0.778368473 0.154616237 -0.980433404 -0.121837065
1111.22083 78.5352707 -33.3661652 0.775220156 0.197364017 -0.600067735 0.581870198 0.528675973 -0.611732006 -0.00234890776 -0.79106158 0.20703423 -0.976852 -0.0538244992
1111.22083 78.5352707 -33.3661652 0.775220156 0.197364017 -0.600067735 0.7454108 0.528675973 -0.611732006 -0.00234890776 -0.79106158 0.20703423 -0.976852 -0.0538244992
1113.72949 64.7911377 -34.672863 0.763041437 0.196838781 -0.615647912 0.741039515 0.49602437 -0.627807319 -0.000802571827 -0.778368473 0.154616237 -0.980433404 -0.121837065
1104.99646 64.8077927 -44.6555634 0.682457805 0.183008164 -0.707643628 0.756255984 0.496064067 -0.719243646 -0.00425329199 -0.694744945 -0.00104046334 -0.967903733 -0.251319081
1103.23547 78.5627213 -42.9645309 0.691501021 0.177879483 -0.70013231 0.759324193 0.528741181 -0.71098876 -0.00381561695 -0.703193009 0.0485227443 -0.978457093 -0.20066765
1116.97705 45.9071121 -36.6593094 0.757728815 0.194035411 -0.623054802 0.735381007 0.4511621 -0.635172904 0.00030927881 -0.772369921 0.202249676 -0.977586448 -0.0584795699
1095.10828 64.8221283 -52.6288834 0.543642521 0.176262587 -0.820600033 0.773484826 0.496098042 -0.833330691 -0.00320819835 -0.552765548 -7.03762198e-05 -0.977690279 -0.210051745
1093.8374 78.5859375 -50.658783 0.547068298 0.168459207 -0.819962144 0.775699258 0.528796375 -0.831526875 -0.00335979555 -0.555474401 -0.00302819046 -0.979136467 -0.20318158
1084.1731 64.8321762 -58.4693871 0.376107365 0.174859852 -0.90992707 0.792538047 0.496121883 -0.923926055 -0.00344589632 -0.382555842 -4.85296914e-06 -0.982031345 -0.188718051
1083.28711 78.60186 -56.3068161 0.377245158 0.166588128 -0.911007464 0.794081807 0.528834164 -0.923700452 -0.00328276493 -0.383101553 -0.000631202594 -0.98364234 -0.180131629
1072.29932 64.8359604 -62.0536385 0.191965267 0.17449297 -0.965764821 0.813226581 0.496130824 -0.980690837 -0.00334306597 -0.195536152 0.000172571003 -0.984072745 -0.177766517
1071.84485 78.6074524 -59.7665176 0.192439288 0.166190669 -0.96713382 0.814018488 0.528847396 -0.980662286 -0.00320507772 -0.1956819 -0.000200212206 -0.985548317 -0.169394806
1059.95618 64.8366165 -63.2821388 8.02882714e-05 0.174444109 -0.984667122 0.834733129 0.496132374 -0.99999398 -0.00341782067 -0.000687041611 1.85719864e-06 -0.984667122 -0.174444124
1059.95667 78.6078873 -60.9496765 7.27259467e-05 0.166131303 -0.986103714 0.834732294 0.528848588 -0.999994576 -0.00325921434 -0.000622843567 -3.03686124e-06 -0.986103654 -0.166131303
1047.61255 64.837265 -62.0553856 -0.192022428 0.174424961 -0.965765715 0.856240511 0.496133924 -0.980911076 -0.0033523934 0.194428295 -0.000402924255 -0.984092772 -0.177654862
1048.06799 78.6083145 -59.7680779 -0.192309842 0.166116625 -0.967172325 0.855447054 0.528849423 -0.980899155 -0.00319272163 0.194490895 -7.76438173e-05 -0.985571265 -0.169261307
1035.7384 64.8378983 -58.4666901 -0.376745671 0.174469069 -0.909738064 0.87692976 0.496135592 -0.924134552 -0.00341842812 0.382052064 -0.000975290954 -0.982176781 -0.187957421
1036.63159 78.6087189 -56.3116035 -0.377301574 0.166162178 -0.911061823 0.875373602 0.528850496 -0.92411077 -0.00326044392 0.382110924 -0.000340974162 -0.983796835 -0.179286569
1024.80371 64.8384705 -52.6093826 -0.546995699 0.174448505 -0.818757296 0.895982265 0.496136785 -0.831831932 -0.00334679824 0.555017591 -0.00161796657 -0.978264928 -0.20735307
1026.09985 78.6091003 -50.6701508 -0.547798276 0.166145831 -0.819946766 0.893723845 0.52885133 -0.831798136 -0.0031931682 0.555069029 -0.000712133828 -0.980174065 -0.198136911
1015.2066 64.8389816 -44.7495193 -0.696218967 0.174490288 -0.696299076 0.912703991 0.496137977 -0.707571208 -0.00341642392 0.706633747 -0.101778463 -0.984202027 -0.144871086
1016.85663 78.6094284 -43.0999718 -0.697237492 0.166188523 -0.697309971 0.90982914 0.528852046 -0.707528055 -0.00325923297 0.706677794 -0.095935598 -0.985637426 -0.13897942
1015.2066 64.8389816 -44.7495193 -0.696218967 0.174490288 -0.696299076 0.440559715 0.945070744 -0.707571208 -0.00341642392 0.706633747 -0.101778463 -0.984202027 -0.144871086
1007.3457 64.8393936 -35.1531639 -0.818692684 0.17446658 -0.547086596 0.457280278 0.945071816 -0.55609858 -0.00335249957 0.831109703 -0.208889127 -0.977939129 0.000728060084
1009.28552 78.6097031 -33.8573341 -0.819887638 0.166168004 -0.547879934 0.459538192 0.977785528 -0.556049407 -0.00319814961 0.831143081 -0.199682102 -0.979859352 0.00163471722
1016.85663 78.6094284 -43.0999718 -0.697237492 0.166188523 -0.697309971 0.44343394 0.977784812 -0.707528055 -0.00325923297 0.706677794 -0.095935598 -0.985637426 -0.13897942
1001.48718 64.8397064 -24.2186432 -0.909692168 0.174504369 -0.376840115 0.476332456 0.945072532 -0.383269757 -0.00341887842 0.923630178 -0.188411802 -0.982090175 4.7029298e-05
1003.64294 78.6099091 -23.3258743 -0.91101867 0.166205823 -0.37738651 0.477887928 0.977786064 -0.383215368 -0.00326106721 0.923653364 -0.17974934 -0.983712256 0.000679125253
997.897217 64.8398972 -12.3442822 -0.965738416 0.174476117 -0.192113325 0.497022122 0.945072949 -0.19568716 -0.00335073704 0.980660737 -0.17775774 -0.984074354 -0.000156152892
1000.18536 78.6100388 -11.8892336 -0.967145205 0.166180059 -0.192391634 0.497814953 0.977786362 -0.195631787 -0.00319644436 0.9806723 -0.169376045 -0.985551596 0.000167418882
996.669434 64.8399658 -3.91561986e-15 -0.984655619 0.174509272 -7.11211783e-08 0.518530607 0.945073128 -0.000605885463 -0.00341825327 0.99999404 -0.174509272 -0.984655559 1.59980285e-09
999.002869 78.6100845 -1.1920929e-07 -0.986090124 0.166212007 -1.87158355e-09 0.518530607 0.977786481 -0.000549571589 -0.00326046883 0.999994636 -0.166212007 -0.986090124 -3.03435144e-09
997.897217 64.8398972 12.3442822 -0.965738356 0.174476177 0.192113295 0.540039062 0.945073009 0.194522336 -0.00335184089 0.980892479 -0.177710652 -0.984082699 0.00040083428
1000.18536 78.6100388 11.8892336 -0.967145145 0.166180089 0.192391604 0.539246202 0.977786362 0.194575042 -0.00319650886 0.980882466 -0.169327766 -0.985559821 8.25584648e-05
1001.48718 64.8397064 24.2186432 -0.909692168 0.174504399 0.376840204 0.560728669 0.945072532 0.382150471 -0.00341766351 0.924093843 -0.188005149 -0.982167661 0.000970647787
1003.64294 78.6099091 23.3258762 -0.91101867 0.166205883 0.37738651 0.559172988 0.977786064 0.382199943 -0.00325988419 0.924073994 -0.179335698 -0.983787954 0.000352849456
1007.3457 64.8393936 35.1531639 -0.818692684 0.174466565 0.547086537 0.579780698 0.945071816 0.555111051 -0.0033503985 0.831769526 -0.207388625 -0.978257298 0.00161882187
1009.28552 78.6097031 33.8573341 -0.819887698 0.166168064 0.547879934 0.577522993 0.977785528 0.555153787 -0.0031944951 0.831741691 -0.198174223 -0.980166554 0.000715096481
1015.2066 64.8389816 44.7495193 -0.696218908 0.174490213 0.696299076 0.596501231 0.945070744 0.706714928 -0.00341817923 0.707490206 -0.144884154 -0.984200954 0.101770006
1016.85663 78.6094284 43.0999756 -0.697237492 0.166188672 0.69731003 0.593627214 0.977784812 0.706751287 -0.00325965206 0.707454622 -0.138994843 -0.985636294 0.0959245712
1015.2066 64.8389816 44.7495193 -0.696218908 0.174490213 0.696299076 0.134763017 0.496137977 0.706714928 -0.00341817923 0.707490206 -0.144884154 -0.984200954 0.101770006
1024.80371 64.8384705 52.6093826 -0.546995699 0.174448445 0.818757355 0.151484758 0.496136785 0.831172407 -0.00335373031 0.556004584 0.000726299768 -0.977947116 0.208851412
1026.09985 78.6091003 50.6701508 -0.547798157 0.166146025 0.819946826 0.153743222 0.52885133 0.831199944 -0.00319809583 0.555964351 0.00163433119 -0.979867458 0.199642673
1016.85663 78.6094284 43.0999756 -0.697237492 0.166188672 0.69731003 0.137637958 0.528852046 0.706751287 -0.00325965206 0.707454622 -0.138994843 -0.985636294 0.0959245712
1035.7384 64.8378906 58.4666901 -0.376745671 0.174469054 0.909738064 0.170537293 0.496135592 0.923671126 -0.00341729051 0.383171052 4.77887224e-05 -0.982098877 0.18836616
1036.63159 78.6087265 56.3116035 -0.377301633 0.166162282 0.911061883 0.172093481 0.528850496 0.923690379 -0.0032593233 0.383125961 0.000678918615 -0.98372215 0.179695442
1047.61255 64.837265 62.0553856 -0.192022458 0.174424931 0.965765655 0.191226542 0.496133924 0.980679631 -0.00334635982 0.19559218 -0.00015541444 -0.984084308 0.177702516
1048.06799 78.6083145 59.7680779 -0.192309946 0.1661167 0.967172325 0.192020088 0.528849423 0.980689228 -0.00319597311 0.195546523 0.00016828005 -0.985563099 0.169308886
1059.95618 64.8366165 63.2821388 8.02826617e-05 0.174444064 0.984667122 0.21273379 0.496132374 0.999994099 -0.00341787445 0.000523982162 7.06350889e-08 -0.984667122 0.174444079
1059.95667 78.6078873 60.9496803 7.26885191e-05 0.166131347 0.986103654 0.21273461 0.528848588 0.999994576 -0.00326042413 0.000475580106 1.72999446e-08 -0.986103714 0.166131377
1072.29932 64.8359604 62.0536385 0.191965356 0.17449297 0.965764821 0.234240398 0.496130824 0.980921865 -0.00334430044 -0.194373891 0.000419930817 -0.984081209 0.177718908
1071.84485 78.6074524 59.7665176 0.192439452 0.166190505 0.96713382 0.23344858 0.528847396 0.980872512 -0.00318843941 -0.194625258 6.37179983e-05 -0.985557079 0.169343635
1084.1731 64.8321762 58.4693871 0.376107335 0.174859926 0.90992707 0.254929006 0.496121883 0.924390316 -0.0033957609 -0.38143295 0.00100547005 -0.982108176 0.188315302
1083.28711 78.60186 56.3068123 0.377245188 0.166587949 0.911007464 0.253385216 0.528834164 0.924122453 -0.00324476231 -0.382082701 0.000383682869 -0.983716965 0.179724798
1095.10828 64.8221359 52.6288834 0.543631256 0.176262453 0.820607543 0.273982167 0.496098042 0.83398515 -0.00333665963 -0.551776886 0.00213529402 -0.977987587 0.208652392
1093.8374 78.5859375 50.658783 0.547056973 0.168459162 0.819969654 0.271767884 0.528796375 0.832150221 -0.00312368898 -0.554541647 0.000153254718 -0.979561687 0.201144412
1104.99561 64.8078079 44.6566849 0.682439327 0.183008119 0.70766145 0.291209757 0.496064067 0.720156372 -0.00263740285 -0.693806827 0.0540696159 -0.978136301 0.200813055
1103.23462 78.5627518 42.9656067 0.691484332 0.177879885 0.700148642 0.288141459 0.528741181 0.711859226 -0.00288810371 -0.702316225 0.103470102 -0.983604193 0.147705004
1104.99561 64.8078079 44.6566849 0.682439327 0.183008119 0.70766145 0.44592452 0.496064067 0.720156372 -0.00263740285 -0.693806827 0.0540696159 -0.978136301 0.200813055
1113.7262 64.7911987 34.6773415 0.762967765 0.196812823 0.615747511 0.463312358 0.496024489 0.628343403 -0.00200762856 -0.777933538 0.204164416 -0.977136195 0.059345834
1111.21753 78.5353699 33.3704758 0.775097251 0.197324395 0.600239575 0.465589434 0.528676331 0.61238569 -0.000677180535 -0.790558994 0.244669005 -0.969602704 0.00280554919
1103.23462 78.5627518 42.9656067 0.691484332 0.177879885 0.700148642 0.448870957 0.528741181 0.711859226 -0.00288810371 -0.702316225 0.103470102 -0.983604193 0.147705004
1113.7262 64.7911987 34.6773415 0.762967765 0.196812823 0.615747511 0.306421727 0.496024489 0.628343403 -0.00200762856 -0.777933538 0.204164416 -0.977136195 0.059345834
1142.42212 -94.4102554 -34.1472855 -0.870254993 0.333275557 0.3627446 0.459032953 0.566746593 0.382034779 -0.00824731588 0.924111247 -0.293236226 -0.942189217 0.162148118
1147.4834 -94.4110794 -17.4048386 -0.922568321 0.337890148 0.186274156 0.488204658 0.566744626 0.201216638 0.00941210799 0.979501545 -0.328150153 -0.941076159 0.0818122551
1146.39099 -78.057869 -17.1318264 -0.975296378 -0.069955714 0.209531173 0.488680363 0.605594516 0.210115209 -0.00101459306 0.977676094 0.0717093349 -0.997425377 0.00077434571
1141.19592 -78.0570602 -33.6116638 -0.916262209 -0.0814740881 0.392205983 0.459966183 0.605596483 0.393372357 0.00187904667 0.919377327 0.08880198 -0.996049166 0.000544857001
1149.21436 -94.4113693 0 -0.940201283 0.340619355 -1.71357925e-07 0.518530607 0.56674391 0.00416680984 0.0115020098 0.999925256 -0.340619385 -0.940201283 -7.39210293e-08
1148.23706 -78.0581589 0 -0.997989655 -0.0633784831 -1.63069046e-07 0.518530607 0.605593801 8.63907626e-05 -0.00136296207 0.999999166 0.0633784756 -0.997989595 7.98108413e-10
1149.21436 -94.4113693 0 -0.940201283 0.340619355 -1.71357925e-07 0.368255645 0.754626274 0.340619355 0.940201402 -7.45751549e-08 -0.0112094469 -0.0309405942 0.999458432
1147.4834 -94.4110794 -17.4048386 -0.922568321 0.337890148 0.186274156 0.36523965 0.795974433 0.357014716 0.930663824 0.0800344497 0.118029989 -0.212486282 0.970009625
1142.755 -99.5042191 -16.4640007 -0.453348517 0.886757314 0.0902034119 0.357001036 0.793739319 0.890099227 0.455720395 -0.0065212613 -0.00491133984 -0.103684187 0.99459821
1144.39233 -99.5044937 0 -0.462166637 0.886793077 -5.12933411e-08 0.359853983 0.754626274 0.886793077 0.462166697 3.56000451e-09 -0.00860730838 -0.00448578177 0.999952972
1142.42212 -94.4102554 -34.1472855 -0.870254993 0.333275557 0.3627446 0.356421113 0.83574909 0.40786013 0.900437474 0.151204109 0.201140732 -0.431786925 0.879262447
1137.96741 -99.5034409 -32.3014145 -0.426967502 0.8867926 0.176911831 0.348659158 0.831363916 0.899865687 0.435957611 -0.0135126952 -0.015089104 -0.202600807 0.979145169
1123.07959 -94.4070969 -63.0962486 -0.667368591 0.330449224 0.667399824 0.40859279 0.566753983 0.704517365 -0.0103545776 0.709611297 -0.213531688 -0.943445027 0.253605664
1134.16248 -94.408905 -49.5649452 -0.78437537 0.330802262 0.52471441 0.432169437 0.566749811 0.558892012 0.00997026265 0.829180479 -0.238672793 -0.94175154 0.236937523
1132.99475 -78.0557632 -48.7875328 -0.826755047 -0.087512441 0.555713654 0.433524042 0.605599463 0.557968736 -0.0015841265 0.829860508 0.105331302 -0.994437218 0.000103577651
1122.08569 -78.054039 -62.1066666 -0.704346955 -0.0886432305 0.70429951 0.410317004 0.605603635 0.706971288 0.00175706903 0.707240045 0.0736815408 -0.995942831 -0.0516630076
1134.16248 -94.408905 -49.5649452 -0.78437537 0.330802262 0.52471441 0.342029631 0.872376442 0.493524313 0.845260382 0.204862565 0.245179504 -0.611690342 0.752144992
1130.15417 -99.5021439 -46.8856506 -0.384294629 0.886756122 0.256868094 0.335045606 0.866011322 0.91516149 0.402562588 -0.0205678102 -0.0203141477 -0.286288202 0.957928181
1123.07959 -94.4070969 -63.0962486 -0.667368591 0.330449224 0.667399824 0.322718918 0.904522359 0.607753575 0.759594798 0.231627524 0.248495653 -0.745997548 0.617849231
1119.67029 -99.5004196 -59.6854973 -0.326736748 0.886790693 0.326872081 0.316778779 0.896419525 0.934770286 0.354249418 -0.0266810637 -0.0203091409 -0.352362156 0.935643375
1094.13098 -94.4023514 -82.4397964 -0.361150801 0.330511093 0.871970475 0.272279471 0.117832541 0.932238936 0.105528846 0.346113086 -0.0362667404 -0.939352453 0.341030598
1109.54858 -94.4048767 -74.1796188 -0.524343848 0.33042255 0.784783125 0.299142748 0.117826581 0.849107862 0.272026211 0.452788681 -0.0582812801 -0.933405697 0.354058146
1108.76697 -78.0519333 -73.016304 -0.553419173 -0.0885818079 0.828179061 0.297780961 0.156675935 0.831531525 -0.00172282557 0.555475056 0.000767509919 -0.994382262 -0.10584598
1093.59131 -78.04953 -81.1470642 -0.381220996 -0.0885470808 0.920233727 0.271339029 0.156681538 0.923801541 0.00175285782 0.382867664 -8.24649833e-05 -0.995399296 -0.0958138704
1123.07959 -94.4070969 -63.0962486 -0.667368591 0.330449224 0.667399824 0.322718918 0.117820978 0.704517365 -0.0103545776 0.709611297 -0.213531688 -0.943445027 0.253605664
1122.08569 -78.054039 -62.1066666 -0.704346955 -0.0886432305 0.70429951 0.320987284 0.156670928 0.706971288 0.00175706903 0.707240045 0.0736815408 -0.995942831 -0.0516630076
1109.54858 -94.4048767 -74.1796188 -0.524343848 0.33042255 0.784783125 0.299142748 0.93085289 0.849107862 0.272026211 0.452788681 -0.0582812801 -0.933405697 0.354058146
1106.87073 -99.4983139 -70.1697388 -0.256714523 0.8867535 0.384403229 0.294476986 0.921326637 0.956595838 0.289883196 -0.0298720188 -0.0170313455 -0.401821196 0.915559769
1094.13098 -94.4023514 -82.4397964 -0.361150801 0.330511093 0.871970475 0.272279471 0.950476348 0.932238936 0.105528846 0.346113086 -0.0362667404 -0.939352453 0.341030598
1092.28662 -99.4959106 -77.9833832 -0.176752076 0.886787534 0.427043974 0.269065857 0.939889371 0.983527124 0.175818831 0.0419781953 -0.0119047882 -0.435769528 0.899979532
1059.98328 -94.3967667 -89.232933 3.14899771e-05 0.330584496 0.943776429 0.212781146 0.117845774 0.999978423 -0.00620924588 0.00214159489 3.67727853e-06 -0.943776429 0.330584526
1077.38843 -94.3996201 -87.5015106 -0.184097856 0.330491632 0.925679862 0.243107513 0.117838979 0.981186748 0.00608319789 0.192965135 -0.0169591848 -0.942704737 0.333197087
1077.11133 -78.0469131 -86.1295395 -0.194370985 -0.0884750187 0.976929963 0.242624626 0.156687856 0.980804563 -0.00172120845 0.194986001 0.000182897464 -0.995927334 -0.0901591107
1059.97913 -78.0442047 -87.8339539 -4.74700246e-05 -0.0884337649 0.996082127 0.21277374 0.156694055 0.99999845 0.00175014173 0.000203040909 -1.60344641e-07 -0.996082127 -0.0884337649
1076.4491 -99.4933014 -82.7714691 -0.0900500715 0.886750221 0.453392863 0.241470829 0.105738044 0.989178002 0.0266849753 0.144273609 -0.0061187516 -0.455726385 0.890098929
1092.28662 -99.4959106 -77.9833832 -0.176752076 0.886787534 0.427043974 0.269065857 0.105732083 0.983527124 0.175818831 0.0419781953 -0.0119047882 -0.435769528 0.899979532
1059.98486 -99.4905853 -84.4092865 0.000135564231 0.886784017 0.462183982 0.212783784 0.1057446 0.999845743 -0.00823976193 0.0155162122 1.09801022e-05 -0.462184012 0.886784077
1025.83508 -94.3911819 -82.4411621 0.361184567 0.33065775 0.871900976 0.153281823 0.117859006 0.932441592 -0.118121125 -0.341467559 0.0356401503 -0.939231932 0.34142828
1042.578 -94.3939209 -87.502243 0.18415302 0.330566466 0.925642192 0.182454482 0.117852449 0.980342686 0.00608464144 -0.197208434 0.0171077102 -0.942683697 0.333248854
1042.84668 -78.0414963 -86.1305466 0.194281518 -0.0883594528 0.976958275 0.182922497 0.156700611 0.980763257 -0.00171999156 -0.195193723 -5.54014732e-05 -0.995935917 -0.0900648385
1026.36609 -78.038887 -81.1489258 0.381147563 -0.0883203819 0.920285881 0.154207081 0.156706572 0.923954308 0.00174858561 -0.382499099 -0.000453160435 -0.995444179 -0.0953456983
1043.52039 -99.4878693 -82.7721329 0.0903119072 0.886746645 0.453347862 0.184096515 0.105750918 0.992561877 -0.0428271741 -0.113959521 0.00652697822 -0.455725282 0.890096605
1027.68262 -99.4852676 -77.9846344 0.176988289 0.88678062 0.426960617 0.156500861 0.105757117 0.982709169 -0.135252133 -0.126449689 0.0135103315 -0.435957313 0.899865925
996.885132 -94.3864517 -63.0981712 0.667332888 0.330720276 0.667301297 0.102840006 0.117870331 0.70961529 -0.010362654 -0.704513133 0.2536982 -0.943353891 0.213824153
1010.41687 -94.3886642 -74.1813965 0.524345934 0.330635607 0.784691989 0.126417473 0.117864966 0.849797606 -0.144857869 -0.506813824 0.131974056 -0.941955209 0.308712125
1011.18951 -78.0364838 -73.0187378 0.553369701 -0.0882526562 0.82824719 0.127763674 0.156712532 0.831406236 -0.00171099359 -0.555662632 0.000457722606 -0.994338751 -0.106256112
997.869751 -78.0343704 -62.1093063 0.704325855 -0.0882241875 0.704373181 0.104555584 0.156717658 0.707238972 0.00174899143 -0.70697242 -0.0514215082 -0.995981216 -0.0733306482
1025.83508 -94.3911819 -82.4411621 0.361184567 0.33065775 0.871900976 0.153281823 0.950479567 0.932441592 -0.118121125 -0.341467559 0.0356401503 -0.939231932 0.34142828
1010.41687 -94.3886642 -74.1813965 0.524345934 0.330635607 0.784691989 0.126417473 0.930857062 0.849797606 -0.144857869 -0.506813824 0.131974056 -0.941955209 0.308712125
1013.09784 -99.4828568 -70.1713562 0.256912768 0.886743486 0.384294093 0.131088719 0.921330571 0.95791626 -0.286329538 0.0202969071 0.0205588881 -0.402565688 0.915160239
1027.68262 -99.4852676 -77.9846344 0.176988289 0.88678062 0.426960617 0.156500861 0.939892352 0.982709169 -0.135252133 -0.126449689 0.0135103315 -0.435957313 0.899865925
1010.41687 -94.3886642 -74.1813965 0.524345934 0.330635607 0.784691989 0.126417473 0.930857062 0.721444607 -0.662005305 -0.203142181 -0.226648673 -0.834097266 0.5029037
996.885132 -94.3864517 -63.0981712 0.667332888 0.330720276 0.667301297 0.102840006 0.904526949 0.618018866 -0.745897174 -0.248375088 -0.231508523 -0.75949043 0.607929468
1000.29761 -99.480751 -59.6872482 0.326889783 0.886777759 0.326754212 0.108785778 0.896423697 0.935637653 -0.352378309 0.0202932097 0.0266653206 -0.35426566 0.934764683
977.541199 -94.3832932 -34.1486435 0.871882856 0.330761939 0.361132771 0.583233595 0.11787796 0.386003256 -0.0103596468 -0.922439337 0.290362984 -0.942990065 0.162662387
985.801514 -94.3846359 -49.5667114 0.784700692 0.330688804 0.524299324 0.610097647 0.117874622 0.552569926 0.0101351719 -0.833404899 0.240559608 -0.941982388 0.234094813
986.959717 -78.0326462 -48.7899628 0.828216672 -0.0881708339 0.553428471 0.608744383 0.156721711 0.555465281 -0.0017147013 -0.831537962 -0.105355389 -0.994434416 -0.000764367462
978.828857 -78.0313644 -33.613533 0.920275271 -0.0881599709 0.381210119 0.582301259 0.156724691 0.382842332 0.00174365204 -0.923812151 -0.0953930244 -0.995439708 7.84228032e-05
996.885132 -94.3864517 -63.0981712 0.667332888 0.330720276 0.667301297 0.633674741 0.117870331 0.70961529 -0.010362654 -0.704513133 0.2536982 -0.943353891 0.213824153
997.869751 -78.0343704 -62.1093063 0.704325855 -0.0882241875 0.704373181 0.63195169 0.156717658 0.707238972 0.00174899143 -0.70697242 -0.0514215082 -0.995981216 -0.0733306482
985.801514 -94.3846359 -49.5667114 0.784700692 0.330688804 0.524299324 0.0835280195 0.872380614 0.498106778 -0.839834929 -0.215794191 -0.22426936 -0.637060761 0.737466455
989.81311 -99.4790192 -46.8872643 0.384402424 0.886740983 0.256758988 0.0905177668 0.866015196 0.915558875 -0.40182358 0.0170213971 0.0298497491 -0.289922327 0.956584632
977.541199 -94.3832932 -34.1486435 0.871882856 0.330761939 0.361132771 0.0691354573 0.835752308 0.406585515 -0.899961889 -0.157343239 -0.178055242 -0.472851932 0.862964392
981.999329 -99.4777298 -32.3026505 0.427036732 0.886775851 0.176828489 0.0769032165 0.831366897 0.89997977 -0.435769171 0.0119050751 0.0283380039 -0.208584607 0.97759372
970.748474 -94.3821793 -5.57006494e-15 0.943709254 0.330776244 -1.88517902e-07 0.523733377 0.117880583 0.00362654123 -0.0103471586 -0.999939978 0.330776304 -0.943709254 -8.99871679e-08
972.479614 -94.3824615 -17.405571 0.925597608 0.330717206 0.184106454 0.554060698 0.117879868 0.191586763 0.0101419454 -0.981423318 0.320719033 -0.943570256 0.0825507268
973.846497 -78.030571 -17.1328316 0.976967573 -0.0881266445 0.194340333 0.553585529 0.15672636 0.19495061 -0.00171162433 -0.980811596 -0.0898035541 -0.99595952 -0.000182178221
972.142456 -78.030304 1.19209282e-07 0.996108413 -0.0881373882 -4.86661271e-08 0.523733377 0.156727195 0.000154562789 0.00174737687 -0.99999845 -0.0881373808 -0.996108353 -2.21631757e-09
972.479614 -94.3824615 -17.405571 0.925597608 0.330717206 0.184106454 0.0603161938 0.795976162 0.349799573 -0.933205068 -0.0822714493 -0.0955687985 -0.266446054 0.959100246
977.211365 -99.4769516 -16.4646683 0.453392029 0.886739671 0.0901583284 0.0685607493 0.793740988 0.890096486 -0.455731094 0.006124896 0.0206917711 -0.111596711 0.993538141
970.748474 -94.3821793 -5.57006494e-15 0.943709254 0.330776244 -1.88517902e-07 0.0572999157 0.754626274 0.330776215 -0.943709254 8.4446441e-08 0.0109184245 -0.0311498493 0.999455094
975.573853 -99.4766769 -5.59743131e-15 0.462201327 0.886775136 -1.87894443e-07 0.0657075346 0.754626274 0.886775017 -0.462201327 -1.3029724e-08 0.00860186014 -0.00448321458 0.999953032
977.541199 -94.3832855 34.1486435 0.871883154 0.330761522 -0.361132622 0.464233547 0.11787796 -0.379301876 -0.0103353383 -0.925215304 0.290794611 -0.943030238 -0.161655739
972.479614 -94.3824539 17.405571 0.925597668 0.330716938 -0.184106573 0.493406355 0.117879868 -0.198561519 0.0101507707 -0.980035841 0.320668042 -0.943565905 -0.08279787
973.846497 -78.030571 17.1328316 0.976967573 -0.0881264731 -0.194340378 0.493881643 0.15672636 -0.195247635 -0.00171100709 -0.980752587 -0.0898285806 -0.995957255 5.44670584e-05
978.828857 -78.0313644 33.613533 0.92027545 -0.0881598443 -0.381210119 0.465165883 0.156724691 -0.382556468 0.00175080937 -0.923930526 -0.0951735303 -0.995460689 0.000455923349
972.479614 -94.3824539 17.405571 0.925597668 0.330716938 -0.184106573 0.0603162237 0.713276327 0.34959504 -0.933402598 0.0808895156 0.117567517 0.21114482 0.970358551
977.211365 -99.476944 16.4646683 0.453392506 0.886739373 -0.0901584029 0.0685607493 0.71551168 0.890078008 -0.45576176 -0.00651331199 -0.00490292069 0.103632256 0.994603574
977.541199 -94.3832855 34.1486435 0.871883154 0.330761522 -0.361132622 0.0691354573 0.673500359 0.404976636 -0.901612997 0.151947945 0.200994387 0.430763751 0.879797757
981.999329 -99.4777374 32.3026505 0.427037269 0.886775553 -0.176828474 0.0769032165 0.677885771 0.8998366 -0.436018258 -0.0134966588 -0.0150730703 0.202509969 0.979164243
996.885132 -94.3864517 63.0981712 0.667332828 0.330720246 -0.667301357 0.413792431 0.117870331 -0.704488039 -0.0103298109 -0.709640741 0.213861108 -0.943354845 -0.25366354
985.801514 -94.3846359 49.5667152 0.784700871 0.330688626 -0.524299264 0.437369317 0.117874622 -0.558481753 0.0101565681 -0.82945472 0.238956481 -0.941817224 -0.236389652
986.959717 -78.0326462 48.7899628 0.828216791 -0.0881708115 -0.553428411 0.438722759 0.156721711 -0.555717289 -0.00171141198 -0.831369579 -0.106166929 -0.994348288 -0.000463880046
997.869751 -78.0343781 62.1093063 0.704325795 -0.0882241651 -0.70437324 0.415515423 0.156717658 -0.707020044 0.00174805219 -0.707191348 -0.0733116642 -0.995981574 0.0514419824
985.801514 -94.3846359 49.5667152 0.784700871 0.330688626 -0.524299264 0.0835280195 0.636871934 0.493227154 -0.845405996 0.204977781 0.245124578 0.611333549 0.75245285
989.81311 -99.4790192 46.8872643 0.384402573 0.886740923 -0.256759077 0.0905177668 0.643237472 0.915122032 -0.402653426 -0.020540759 -0.0203018803 0.286181778 0.957960248
996.885132 -94.3864517 63.0981712 0.667332828 0.330720246 -0.667301357 0.102840006 0.60472554 0.60788238 -0.759537399 0.231477857 0.248418406 0.74583751 0.618073463
1000.29761 -99.480751 59.6872482 0.326889783 0.886777759 -0.326754212 0.108785778 0.612828851 0.93472141 -0.354381025 -0.02664488 -0.0203048103 0.352259099 0.935682237
1025.83508 -94.3911819 82.4411545 0.361184686 0.330657929 -0.871900797 0.894185185 0.117859006 -0.923868775 7.40848145e-06 -0.382709622 0.0862719044 -0.942858875 -0.321829796
1010.41687 -94.3886642 74.1813889 0.524345875 0.330635667 -0.784692109 0.921049595 0.117864966 -0.833383977 0.0101610934 -0.552601218 0.234133795 -0.941996932 -0.240464613
1011.18951 -78.0364838 73.0187378 0.553369641 -0.0882525072 -0.828247249 0.919703484 0.156712532 -0.831575036 -0.00171934592 -0.555409789 -0.000760315568 -0.994424224 0.105451234
1026.36609 -78.038887 81.1489258 0.381147593 -0.0883202404 -0.92028594 0.893259883 0.156706572 -0.923835576 0.0017489288 -0.382785559 7.70562619e-05 -0.995423436 0.0955631435
996.885132 -94.3864517 63.0981712 0.667332828 0.330720246 -0.667301357 0.944627166 0.117870331 -0.704488039 -0.0103298109 -0.709640741 0.213861108 -0.943354845 -0.25366354
997.869751 -78.0343781 62.1093063 0.704325795 -0.0882241651 -0.70437324 0.942911506 0.156717658 -0.707020044 0.00174805219 -0.707191348 -0.0733116642 -0.995981574 0.0514419824
1010.41687 -94.3886642 74.1813889 0.524345875 0.330635667 -0.784692109 0.126417473 0.578395426 0.737383485 -0.637159646 0.224261612 0.21585615 0.839820743 0.498103619
1013.09784 -99.4828568 70.1713562 0.256912678 0.886743367 -0.384294271 0.131088719 0.587922037 0.956541657 -0.290065348 -0.0298359934 -0.0170360468 0.401734829 0.915597558
1025.83508 -94.3911819 82.4411545 0.361184686 0.330657929 -0.871900797 0.153281823 0.558772922 0.84386462 -0.513760746 0.154733062 0.162799895 0.898299992 0.408109307
1027.68262 -99.48526 77.9846268 0.176988393 0.88678056 -0.426960617 0.156500861 0.569360197 0.977896333 -0.207513615 -0.0256294422 0.000721377262 0.433692187 0.90106082
1059.98328 -94.3967743 89.232933 3.13526798e-05 0.330584705 -0.943776369 0.834685922 0.117845774 -0.999978304 -0.00620394992 -0.00220632972 3.4378283e-07 -0.943776309 -0.330584705
1042.578 -94.3939285 87.502243 0.184153274 0.330566704 -0.925642073 0.865012527 0.117852449 -0.981174529 0.00608661352 -0.193027601 0.0169694945 -0.9426772 -0.333274305
1042.84668 -78.0414963 86.1305466 0.194281667 -0.0883593559 -0.976958275 0.864544511 0.156700611 -0.980822682 -0.00171558966 -0.194894984 -0.000180914285 -0.995938122 0.0900399908
1059.97913 -78.0442123 87.8339615 -4.76309979e-05 -0.0884337351 -0.996082127 0.834693313 0.156694055 -0.99999851 0.0017530896 -0.000107829284 -3.85431719e-07 -0.996082127 0.0884337425
1043.52039 -99.4878693 82.7721405 0.0903120935 0.886746764 -0.453347623 0.863370657 0.105750918 -0.975358129 -0.0132548753 -0.220229134 0.0304924082 -0.457456499 -0.888709068
1027.68262 -99.48526 77.9846268 0.176988393 0.88678056 -0.426960617 0.890966058 0.105757117 -0.950069785 0.0406636409 -0.309376568 0.0623616874 -0.443041682 -0.894329488
1059.98486 -99.4905853 84.4092865 0.000135585928 0.886784136 -0.462183863 0.83468318 0.1057446 -0.999564707 -0.013515532 -0.0262252558 4.06151012e-05 -0.462183952 -0.886784077
1094.13098 -94.402359 82.4397964 -0.361150712 0.330511212 -0.871970534 0.775187492 0.117832541 -0.925843716 -0.0154998219 0.377588779 -0.085518457 -0.942879975 -0.321968853
1077.38843 -94.3996201 87.5015106 -0.184097975 0.330491722 -0.925679862 0.804359555 0.117838979 -0.98035568 0.00608507078 0.19714433 -0.0171105303 -0.942711651 -0.333169609
1077.11133 -78.0469131 86.1295319 -0.194371179 -0.0884751305 -0.976929903 0.804842472 0.156687856 -0.980744958 -0.0017182579 0.195285857 5.03468655e-05 -0.995925009 0.0901853964
1093.59131 -78.0495224 81.1470566 -0.381220758 -0.0885471553 -0.920233727 0.776128054 0.156681538 -0.923920989 0.0017541612 0.382579535 0.000453881628 -0.995420396 0.0955937803
1076.4491 -99.4933014 82.7714691 -0.0900500789 0.886750221 -0.453392923 0.80599618 0.105738044 -0.985391915 -0.0132561196 0.169785962 -0.031066576 -0.457521886 -0.888655543
1092.28662 -99.495903 77.9833908 -0.176752031 0.886787534 -0.427044094 0.778401136 0.105732083 -0.950170994 -0.0405432582 0.309081435 -0.0622950643 -0.443084508 -0.894312859
1123.07959 -94.4070969 63.0962448 -0.667368591 0.330449194 -0.667399883 0.724748135 0.117820978 -0.709636509 -0.0103223547 0.70449239 -0.253570735 -0.943445981 -0.213568747
1109.54858 -94.4048843 74.1796188 -0.524343908 0.330422789 -0.784783065 0.748324275 0.117826581 -0.829462647 0.0101509485 0.558469951 -0.236493826 -0.941891491 -0.238560602
1108.76697 -78.0519333 73.016304 -0.553419054 -0.0885817111 -0.828179121 0.749686003 0.156675935 -0.831361413 -0.00171953999 0.555729449 -0.00046997852 -0.994295061 0.106663451
1122.08569 -78.054039 62.1066666 -0.704347014 -0.0886431187 -0.70429945 0.726479769 0.156670928 -0.707192242 0.00175562175 0.707019091 0.0516831279 -0.995943189 0.0736627653
1094.13098 -94.402359 82.4397964 -0.361150712 0.330511212 -0.871970534 0.272279471 0.5587762 0.843897164 0.513682008 -0.154817596 -0.162791863 0.898376226 0.407944858
1109.54858 -94.4048843 74.1796188 -0.524343908 0.330422789 -0.784783065 0.299142748 0.578399718 0.752356768 0.611398816 -0.245256975 -0.205070302 0.845511675 0.493007272
1106.87073 -99.4983139 70.1697388 -0.256714582 0.88675344 -0.384403259 0.294476986 0.587925971 0.957972169 0.286141008 0.0203201193 0.0205483697 0.402650148 0.915123284
1092.28662 -99.495903 77.9833908 -0.176752031 0.886787534 -0.427044094 0.269065857 0.569363177 0.977945983 0.207276314 0.0256556012 -0.000718125899 0.433758944 0.901028693
1123.07959 -94.4070969 63.0962448 -0.667368591 0.330449194 -0.667399883 0.322718918 0.604730248 0.61790204 0.745940328 -0.24853611 -0.231590405 0.759646654 0.607702911
1119.67029 -99.5004196 59.6854973 -0.326737016 0.886790633 -0.32687223 0.316778779 0.612832904 0.935687542 0.35224396 0.0203223955 0.0266654063 0.354366332 0.934726417
1142.42212 -94.4102554 34.1472855 -0.870255053 0.333275467 -0.36274457 0.578028202 0.566746593 -0.388534307 -0.0117189251 0.921359837 -0.292814493 -0.942151725 -0.163125142
1134.16248 -94.408905 49.5649414 -0.784375429 0.330802143 -0.52471447 0.604891539 0.566749811 -0.552976906 0.0103242192 0.833132625 -0.240279168 -0.941918075 -0.234640762
1132.99475 -78.0557632 48.7875328 -0.826754987 -0.0875123814 -0.555713713 0.603537083 0.605599463 -0.55772543 -0.00175179832 0.830023706 0.104258597 -0.994549096 0.00150985573
1141.19592 -78.0570602 33.6116638 -0.916262209 -0.0814739913 -0.392206013 0.577094913 0.605596483 -0.3936055 0.00121788809 0.919278681 0.0890267119 -0.996028721 -0.00107436709
1123.07959 -94.4070969 63.0962448 -0.667368591 0.330449194 -0.667399883 0.628468275 0.566753983 -0.709636509 -0.0103223547 0.70449239 -0.253570735 -0.943445981 -0.213568747
1122.08569 -78.054039 62.1066666 -0.704347014 -0.0886431187 -0.70429945 0.626744032 0.605603635 -0.707192242 0.00175562175 0.707019091 0.0516831279 -0.995943189 0.0736627653
1134.16248 -94.408905 49.5649414 -0.784375429 0.330802143 -0.52471447 0.342029631 0.636876225 0.498414934 0.839678168 -0.215692461 -0.224314377 0.637397885 0.737161517
1130.15417 -99.5021439 46.8856506 -0.384294927 0.886756063 -0.256868124 0.335045606 0.643241286 0.915598273 0.401732743 0.0170483217 0.0298605859 0.290026963 0.956552505
1142.42212 -94.4102554 34.1472855 -0.870255053 0.333275467 -0.36274457 0.356421113 0.673503458 0.409478575 0.898776829 -0.156613067 -0.178074241 0.473742932 0.8624717
1137.96729 -99.5034409 32.3014145 -0.426967651 0.886792541 -0.176911846 0.348659158 0.677888691 0.900008976 0.435708523 0.0119174682 0.028357178 0.208675623 0.977573693
1147.48328 -94.4110794 17.4048386 -0.922568262 0.337889969 -0.186274305 0.548856497 0.566744626 -0.193936929 0.0112627978 0.980949342 -0.328200042 -0.941079795 -0.0815702379
1146.39099 -78.057869 17.1318264 -0.975296378 -0.0699556097 -0.209531233 0.548380733 0.605594516 -0.209924921 -0.00175839185 0.977715969 0.0714868233 -0.99744159 0.000266266958
1147.48328 -94.4110794 17.4048386 -0.922568262 0.337889969 -0.186274305 0.36523965 0.713278055 0.357223511 0.930462062 -0.0814350247 -0.0956299752 0.267472237 0.958808422
1142.755 -99.5042191 16.4640007 -0.453348696 0.886757255 -0.090203546 0.357001036 0.71551317 0.890117466 0.455690175 0.00613018963 0.0207088366 0.111652225 0.993531644
1143.46863 27.6030045 -12.1357012 -0.870953202 -0.0845787749 0.484032005 0.497385561 0.856610298 0.485864431 -0.00124212017 0.874033391 0.096496731 -0.995333374 -0.000289138174
1146.50928 28.6716652 -5.85792923 -0.937691331 -0.0482332781 0.344105631 0.508323789 0.859148979 0.344529331 -0.00050348416 0.93877542 0.0509353355 -0.998701274 -0.00118862721
1145.88025 46.7085609 -5.09195566 -0.907164156 -0.0655553937 0.415638894 0.509658456 0.901998818 0.416576207 -0.000693105336 0.909100533 0.0507130139 -0.997622669 -0.046661932
1142.328 46.4415665 -10.7815628 -0.815369964 -0.109923847 0.568408847 0.499744922 0.901364565 0.571750045 0.00136495545 0.820426702 0.0993312597 -0.993812382 -0.0497035682
1147.78918 29.1908989 0.0138304234 -0.999452174 -0.0328353569 -0.004162258 0.518554688 0.860382557 -0.00410695467 -0.00175173208 0.999990106 0.0328355692 -0.999460816 1.72551518e-05
1147.2251 46.8383102 0.0265569687 -0.998854578 -0.0470497757 -0.00871283095 0.51857686 0.902307034 -0.00860173907 -0.0025630442 0.999959707 0.0470504873 -0.998892486 0.000123859572
1146.52979 14.6094761 -7.42947674 -0.947964668 -0.0411105752 0.315710455 0.505585432 0.825741887 0.315932214 0.0011565208 0.948781073 0.0426230878 -0.999089003 -0.00211566617
1148.12573 15.5199833 0.000198304653 -0.999949217 -0.0100711565 -0.000539968431 0.518530846 0.82790494 -0.000535512576 -0.000444716046 0.999999821 0.0100711565 -0.999949276 2.84902839e-08
1144.04187 16.9740906 -12.7071209 -0.897049785 -0.0798540711 0.43465516 0.496389896 0.831359506 0.435848922 0.00273339893 0.900015652 0.0859600082 -0.996282756 -0.00562935648
1113.31165 25.3169193 -53.1557693 -0.681192219 -0.190894321 0.706779063 0.305699438 0.402246594 0.719649076 0.00272586779 0.6943326 -0.00717298826 -0.963620484 -0.267178029
1123.24365 25.3159275 -41.7558823 -0.769846737 -0.177452892 0.613063157 0.323004812 0.402244329 0.623277485 -0.00233555422 0.781997263 0.0905860737 -0.98122561 -0.170266181
1119.8158 45.870945 -39.1975098 -0.75542295 -0.204423547 0.622533023 0.317032248 0.45107615 0.636472821 -0.00318466243 0.771292686 0.108287662 -0.975972593 -0.189080387
1110.15417 45.8716736 -49.8989105 -0.674017489 -0.204919532 0.709724188 0.300197899 0.451077819 0.724779963 0.00228860578 0.688976645 -0.00387213985 -0.959761322 -0.280790389
1119.8158 45.870945 -39.1975098 -0.75542295 -0.204423547 0.622533023 0.450233489 0.900008917 0.636472821 -0.00318466243 0.771292686 0.108287662 -0.975972593 -0.189080387
1123.24365 25.3159275 -41.7558823 -0.769846737 -0.177452892 0.613063157 0.445775807 0.851176858 0.623277485 -0.00233555422 0.781997263 0.0905860737 -0.98122561 -0.170266181
1130.41516 25.3152142 -32.1159058 -0.783128083 -0.1597853 0.600981712 0.462572336 0.851175308 0.608721673 0.000638337864 0.793383598 0.20183681 -0.979415774 0.00260879751
1126.85815 45.8704147 -30.1481819 -0.767637193 -0.2032049 0.607816696 0.466000944 0.900007725 0.620861828 -0.000576095714 0.78391993 0.254837751 -0.966982841 -0.00143582607
1126.69336 -2.17558646 -44.4561958 -0.798054814 -0.126832351 0.589085817 0.441070914 0.785866022 0.593692005 0.00183628825 0.804690301 0.11595118 -0.991651118 -0.0564230829
1135.30139 0.0803530738 -30.6430054 -0.86140573 -0.0798796043 0.501596868 0.465138733 0.791225433 0.503251553 -0.000675714458 0.864139795 0.0952795595 -0.995437503 0.00510212732
1126.69336 -2.17558646 -44.4561958 -0.798054814 -0.126832351 0.589085817 0.329015523 0.336933255 0.593692005 0.00183628825 0.804690301 0.11595118 -0.991651118 -0.0564230829
1116.60425 -2.17432857 -56.5932426 -0.695227385 -0.139505431 0.705122113 0.311436534 0.336936355 0.71178335 0.00301982253 0.702392578 0.0235202089 -0.984874904 -0.171663195
1088.72583 25.3194122 -69.4533997 -0.375311315 -0.196494877 0.905831814 0.262861609 0.402252436 0.923541248 0.00383137725 0.383479923 -0.00246968493 -0.977056026 -0.21296823
1101.71423 25.3180923 -62.4936829 -0.541619897 -0.195626363 0.817543983 0.285492361 0.402249336 0.834044218 -0.00361713441 0.55168575 -0.00181964622 -0.972269714 -0.233855486
1099.15454 45.8725128 -58.6646271 -0.539223611 -0.20512642 0.816799283 0.281032413 0.451079965 0.834985197 -0.00386371883 0.550259054 -0.000310782605 -0.969834566 -0.243764013
1086.96191 45.873436 -65.1978455 -0.374618411 -0.205246851 0.904176354 0.259788215 0.45108211 0.923516393 0.00399453845 0.383538187 -0.00180546183 -0.975027263 -0.222077966
1104.41858 -2.17280173 -66.5349426 -0.548690617 -0.142547816 0.823783278 0.290204436 0.336939812 0.832055688 0.00280078501 0.554685175 -0.00438324176 -0.984852612 -0.17333883
1090.59033 -2.17106652 -73.9446564 -0.37882641 -0.143080071 0.914340615 0.266110182 0.336944103 0.923686147 0.00281958748 0.38313961 -0.00300269714 -0.987781525 -0.155816481
1059.95728 25.3223381 -75.1783981 -0.000103418301 -0.196471974 0.98050946 0.212735772 0.402259469 0.999992371 0.00383053161 0.000873021083 -6.43799126e-07 -0.98050946 -0.196471974
1074.62085 25.3208466 -73.7187042 -0.191388294 -0.196448103 0.961654127 0.238285288 0.402255774 0.980904758 -0.00375443487 0.194452584 -0.000722132565 -0.979737282 -0.200285897
1073.72119 45.8744431 -69.2017212 -0.191030741 -0.205216005 0.959892571 0.236717775 0.451084495 0.980919003 -0.00391956745 0.194377273 -0.000380824757 -0.977885962 -0.209138602
1059.95605 45.8754921 -70.5718842 -9.62857011e-05 -0.205259427 0.978707671 0.212733731 0.451086879 0.999991596 0.00399554893 0.000936349679 3.31706048e-07 -0.978707612 -0.205259427
1075.57312 -2.16918111 -78.4856949 -0.193175241 -0.143017456 0.970685065 0.239944622 0.336948514 0.980685413 0.00276060891 0.195572153 -0.0013558896 -0.989279747 -0.146026969
1059.96143 -2.16722131 -80.0396881 -9.3931827e-05 -0.143006071 0.989721835 0.212742999 0.336953163 0.999996006 0.0028160715 0.000501802308 -1.07374706e-06 -0.989721894 -0.143006086
1031.18677 25.325264 -69.4581757 0.375138253 -0.196448997 0.905913413 0.162606552 0.402266264 0.924203455 0.003830323 -0.381881535 0.00115645002 -0.977185786 -0.212383434
1045.29321 25.3238297 -73.721283 0.191190183 -0.196424708 0.961698353 0.187185347 0.402262926 0.980651498 -0.00375818298 -0.195725754 0.00103961397 -0.979731083 -0.200314522
1046.19055 45.8765411 -69.2039642 0.190844923 -0.205228865 0.959926844 0.188748911 0.451089501 0.98063612 -0.00391644938 -0.1957995 0.000696055533 -0.977871835 -0.209203795
1032.94861 45.8775482 -65.2019958 0.374452025 -0.205271944 0.904239535 0.165676236 0.451091886 0.924227238 0.00399545999 -0.381822079 0.000489417405 -0.975144207 -0.221570745
1044.34912 -2.16526103 -78.4882584 0.192996502 -0.142941937 0.970731735 0.185540363 0.336957812 0.980877459 0.0027596273 -0.194607273 0.00109826401 -0.989299595 -0.145894438
1029.33057 -2.16337514 -73.9494019 0.37867415 -0.142931983 0.914426863 0.15937233 0.336962223 0.924064875 0.00281430664 -0.382225454 0.00193542382 -0.987878978 -0.155214608
1006.79474 25.3277454 -53.162529 0.693279386 -0.196429506 0.693382442 0.120106332 0.402272344 0.707696795 0.00383228576 -0.706505954 -0.110641584 -0.979741633 -0.166927561
1018.19617 25.3265858 -62.4999008 0.544678092 -0.196403071 0.815323114 0.139971972 0.402269483 0.831094682 -0.00375315174 -0.556118429 0.00436194334 -0.971514046 -0.236941904
1020.75403 45.8784752 -58.6700439 0.543676436 -0.205240548 0.813813508 0.144428715 0.451094031 0.831052184 -0.00391713949 -0.556180775 0.00340955262 -0.969091356 -0.246678799
1010.05133 45.8792877 -49.9047966 0.691999316 -0.20528239 0.692095459 0.125780508 0.451096058 0.70774287 0.00399795175 -0.706458807 -0.116868965 -0.977926433 -0.173209965
1015.50006 -2.16163898 -66.5411453 0.54980576 -0.14287217 0.822983086 0.135274246 0.336966395 0.831731558 0.00276068505 -0.555171072 0.00253038551 -0.984973967 -0.172684699
1003.36145 -2.16011405 -56.599968 0.699806094 -0.142869249 0.699899912 0.114124194 0.336970091 0.707438648 0.00281489617 -0.706769228 -0.0785978287 -0.989246309 -0.123345695
990.495728 25.3294029 -28.7719154 0.905867815 -0.196416408 0.375265509 0.573865056 0.402276278 0.383426636 0.00383023196 -0.923563421 -0.212881148 -0.977074981 0.00247453665
997.455811 25.3286953 -41.7621307 0.815246046 -0.196386442 0.544799209 0.596498966 0.402274609 0.554989517 -0.00375593896 -0.83184886 -0.235053003 -0.971981704 0.00136192329
1001.28473 45.8799553 -39.2029686 0.813737571 -0.205249384 0.543786526 0.592039943 0.451097608 0.554927647 -0.00392111111 -0.831889391 -0.244826198 -0.969566882 0.000406935462
994.75116 45.880455 -27.00877 0.904188037 -0.205289453 0.374566913 0.570793152 0.45109868 0.38348943 0.00399604253 -0.923536599 -0.222116306 -0.97501862 0.00179901998
1006.79474 25.3277454 -53.162529 0.693279386 -0.196429506 0.693382442 0.616362929 0.402272344 0.707696795 0.00383228576 -0.706505954 -0.110641584 -0.979741633 -0.166927561
1010.05133 45.8792877 -49.9047966 0.691999316 -0.20528239 0.692095459 0.61068666 0.451096058 0.70774287 0.00399795175 -0.706458807 -0.116868965 -0.977926433 -0.173209965
993.418701 -2.15886474 -44.4623947 0.822917223 -0.142818764 0.549918354 0.601204038 0.336973071 0.555942714 0.00275747734 -0.831216156 -0.174224436 -0.984693468 0.00498181116
1003.36145 -2.16011405 -56.599968 0.699806094 -0.142869249 0.699899912 0.622352242 0.336970091 0.707438648 0.00281489617 -0.706769228 -0.0785978287 -0.989246309 -0.123345695
986.008667 -2.15793443 -30.6322384 0.914393961 -0.142827213 0.37879318 0.577106595 0.336975217 0.383090287 0.00281231385 -0.92370671 -0.15554364 -0.9878245 0.00300942059
984.772156 25.3299866 -4.69309701e-15 0.980521619 -0.196411788 -9.35982492e-09 0.523733377 0.402277708 0.000767411315 0.00383110275 -0.999992371 -0.196411788 -0.980521619 4.48670789e-09
986.230835 25.3298397 -14.6651058 0.961683929 -0.196377382 0.191311255 0.54928565 0.402277112 0.194371521 -0.00375413313 -0.980920792 -0.200211436 -0.979752481 0.000726007507
990.74762 45.8807602 -13.7664223 0.959899426 -0.205254227 0.190954953 0.547719836 0.451099515 0.194301739 -0.0039174431 -0.980934024 -0.209173858 -0.977878451 0.000378006051
989.378357 45.8808632 -2.38418579e-07 0.978700876 -0.205291852 -3.74325015e-09 0.523733377 0.451099753 0.000838382752 0.00399686955 -0.999991715 -0.205291852 -0.978700817 2.0529336e-09
981.468018 -2.15736318 -15.6133118 0.970731616 -0.142789841 0.193109199 0.550937891 0.336976647 0.195497856 0.0027572203 -0.980700314 -0.145793587 -0.989314079 0.00135908206
979.915039 -2.1571691 -5.008682e-15 0.989749849 -0.142812565 -5.61772717e-09 0.523733377 0.336977005 0.000405649364 0.00281135947 -0.999996006 -0.14281255 -0.989749849 -3.55060356e-11
990.495728 25.3294029 28.7719135 0.905867815 -0.196416408 -0.375265509 0.473601848 0.402276278 -0.382008821 0.00383076211 -0.924150825 -0.212361321 -0.977190495 -0.00115924107
986.230835 25.3298378 14.6651058 0.961683929 -0.196377382 -0.191311255 0.498181224 0.402277112 -0.195846647 -0.00375564443 -0.980627358 -0.200271741 -0.979739845 -0.00104219734
990.74762 45.8807602 13.7664223 0.959899426 -0.205254197 -0.190954953 0.499747068 0.451099515 -0.195913956 -0.00392062124 -0.980613232 -0.209234178 -0.977865338 -0.000695552619
994.75116 45.880455 27.00877 0.904188037 -0.205289423 -0.374566883 0.476673901 0.45109868 -0.381940693 0.0039961827 -0.924178302 -0.221600369 -0.975137532 -0.000488520833
981.468018 -2.15736365 15.6133118 0.970731616 -0.142789841 -0.193109199 0.496529132 0.336976647 -0.194717541 0.0027575572 -0.980855584 -0.14574331 -0.989321828 -0.00110065204
986.008667 -2.15793395 30.6322403 0.914393961 -0.142827213 -0.37879315 0.470360458 0.336975217 -0.38234058 0.002811254 -0.92401731 -0.155110717 -0.98789525 -0.00193769066
1006.79474 25.3277454 53.162529 0.693279326 -0.196429506 -0.693382502 0.431104094 0.402272344 -0.706611335 0.00383133907 -0.707591534 -0.166937679 -0.979740143 0.110639408
997.455811 25.3286953 41.7621269 0.815246046 -0.196386456 -0.544799209 0.450967908 0.402274609 -0.556240559 -0.00375674944 -0.831012845 -0.236948177 -0.971512496 -0.00436707307
1001.28473 45.8799553 39.2029648 0.813737631 -0.205249414 -0.543786526 0.455426961 0.451097608 -0.556294203 -0.00391638279 -0.830976307 -0.246710241 -0.969083369 -0.0034087149
1010.05133 45.8792877 49.9047966 0.691999376 -0.20528242 -0.692095459 0.436780304 0.451096058 -0.706557333 0.00399616035 -0.707644522 -0.173224986 -0.977924705 0.116861254
993.418701 -2.15886474 44.4623947 0.822917163 -0.142818749 -0.549918473 0.446263045 0.336973071 -0.555281103 0.00275782286 -0.831658244 -0.172637656 -0.984982133 -0.00253231986
1003.36145 -2.16011405 56.599968 0.699806094 -0.142869219 -0.699899912 0.425114781 0.336970091 -0.706864417 0.00281124027 -0.707343459 -0.123344876 -0.989245892 0.0786045119
1031.18677 25.3252678 69.4581757 0.375138164 -0.196448982 -0.905913413 0.884860516 0.402266264 -0.923615932 0.00383315305 -0.383300006 0.00247282698 -0.977070093 0.21290344
1018.19617 25.3265877 62.4999008 0.544678092 -0.196403071 -0.815323114 0.907495022 0.402269483 -0.831930578 -0.00375980535 -0.554867029 0.00135777355 -0.971982896 0.235047877
1020.75403 45.8784752 58.6700439 0.543676436 -0.205240548 -0.813813508 0.903038383 0.451094031 -0.83196491 -0.00391839258 -0.554814458 0.000408959255 -0.969574511 0.244796082
1032.94861 45.8775482 65.2019958 0.374451965 -0.205271944 -0.904239595 0.881790757 0.451091886 -0.923585892 0.00399743672 -0.383370876 0.00180229044 -0.975025177 0.222087353
1006.79474 25.3277454 53.162529 0.693279326 -0.196429506 -0.693382502 0.927360654 0.402272344 -0.706611335 0.00383133907 -0.707591534 -0.166937679 -0.979740143 0.110639408
1010.05133 45.8792877 49.9047966 0.691999376 -0.20528242 -0.692095459 0.92168653 0.451096058 -0.706557333 0.00399616035 -0.707644522 -0.173224986 -0.977924705 0.116861254
1015.50006 -2.1616385 66.5411453 0.54980582 -0.142872185 -0.822983146 0.912192822 0.336966395 -0.831289291 0.00275579467 -0.55583328 0.00497480854 -0.984685779 0.174267724
1003.36145 -2.16011405 56.599968 0.699806094 -0.142869219 -0.699899912 0.933342934 0.336970091 -0.706864417 0.00281124027 -0.707343459 -0.123344876 -0.989245892 0.0786045119
1029.33057 -2.16337514 73.9494019 0.37867406 -0.142931998 -0.914426863 0.888094783 0.336962223 -0.923753977 0.00281303911 -0.382976204 0.00300211366 -0.987808466 0.155645326
1059.95728 25.3223381 75.1783905 -0.00010336587 -0.196471885 -0.98050946 0.834731221 0.402259469 -0.999992549 0.00383179844 -0.000662388571 1.17684681e-06 -0.98050946 0.1964719
1045.29321 25.3238316 73.7212753 0.191190064 -0.196424678 -0.961698413 0.860281706 0.402262926 -0.980944991 -0.00375513127 -0.194249392 0.000721172779 -0.979743838 0.2002538
1046.19055 45.8765411 69.2039642 0.190844819 -0.205228716 -0.959926844 0.858718276 0.451089501 -0.980956614 -0.00392001402 -0.194187686 0.0003802992 -0.977884889 0.209143698
1059.95605 45.8754883 70.5718842 -9.62220656e-05 -0.205259308 -0.978707731 0.834733248 0.451086879 -0.999991775 0.00399485556 -0.000739508483 -1.51467631e-07 -0.978707612 0.205259278
1044.34912 -2.16526055 78.4882584 0.192996427 -0.142942026 -0.970731676 0.861926675 0.336957812 -0.98072201 0.00275979494 -0.195389017 0.00135474501 -0.989291847 0.145944387
1059.96143 -2.16722274 80.0396881 -9.40498139e-05 -0.143006131 -0.989721894 0.834724188 0.336953163 -0.999996006 0.00281453598 -0.000311649783 1.04712467e-06 -0.989721835 0.143006116
1088.72583 25.3194122 69.4533997 -0.375311196 -0.196494788 -0.905831873 0.784605384 0.402252436 -0.924129307 0.00383276399 0.382060945 -0.00115169748 -0.977171957 0.212447181
1074.62085 25.3208466 73.7187042 -0.191388249 -0.196448043 -0.961654246 0.80918169 0.402255774 -0.980610967 -0.00375829148 0.195928738 -0.00104325148 -0.979724467 0.200347081
1073.72119 45.8744431 69.2017212 -0.191030651 -0.205215961 -0.959892571 0.810749412 0.451084495 -0.98059845 -0.00391611177 0.19598861 -0.000696950883 -0.977872968 0.209198698
1086.96191 45.873436 65.1978455 -0.374618411 -0.205246881 -0.904176354 0.787678719 0.45108211 -0.924157917 0.00399628514 0.381990045 -0.000491439831 -0.975146592 0.221560627
1075.57312 -2.16918111 78.4856873 -0.193175256 -0.143017396 -0.970684946 0.807522297 0.336948514 -0.980841219 0.00276064198 0.194789723 -0.00109628448 -0.989287496 0.145976409
1090.59033 -2.17106509 73.9446487 -0.378826171 -0.143080026 -0.914340734 0.781356812 0.336944103 -0.923998117 0.00281500095 0.382386863 -0.00193053705 -0.987852395 0.155383319
1113.31165 25.3169193 53.1557693 -0.681192219 -0.190894321 -0.706779063 0.741767526 0.402246594 -0.720476627 0.00341771077 0.693470776 0.0463613756 -0.974717319 0.21857889
1101.71423 25.3180923 62.4936829 -0.541619897 -0.195626363 -0.817544043 0.761974812 0.402249336 -0.833256125 -0.00353926769 0.552875876 -0.00466476381 -0.971830428 0.235635206
1099.15454 45.8725128 58.6646271 -0.539223611 -0.205126479 -0.816799283 0.76643455 0.451079965 -0.834145188 -0.00342306099 0.551534474 -0.00267290999 -0.969461322 0.245229751
1110.15417 45.8716736 49.8989105 -0.674017429 -0.204919592 -0.709724307 0.747269154 0.451077819 -0.725722969 0.0042857253 0.687973738 0.000476575602 -0.960875034 0.276982039
1104.41858 -2.17280173 66.5349426 -0.548690557 -0.142547816 -0.823783278 0.757262707 0.336939812 -0.832490742 0.00264437217 0.554032624 -0.00235679164 -0.985088944 0.172029987
1116.60425 -2.17432809 56.5932426 -0.695227444 -0.139505401 -0.705121994 0.736030459 0.336936355 -0.712313712 0.00232974044 0.701857388 0.0766775161 -0.98978132 0.120222501
1130.43738 25.3152122 32.0914764 -0.782754064 -0.159783453 -0.601469398 0.574446201 0.851175308 -0.609211981 -0.000665978354 0.793007255 0.201901004 -0.979402602 -0.0025711956
1123.24365 25.3159275 41.7558823 -0.769779861 -0.177454561 -0.613146663 0.591285229 0.851176858 -0.622985542 -0.000349480077 0.782233298 0.179770857 -0.981967449 0.058502499
1119.8158 45.870945 39.1975098 -0.755372822 -0.204423755 -0.62259376 0.586827636 0.900008917 -0.636065722 0.000252468948 0.771634996 0.159820721 -0.978877306 0.127501354
1126.87708 45.8704147 30.125248 -0.767451763 -0.203207761 -0.60804981 0.571020246 0.900007725 -0.621092081 0.000525492302 0.783737481 0.25488925 -0.966969192 0.00144799228
1119.8158 45.870945 39.1975098 -0.755372822 -0.204423755 -0.62259376 0.730434775 0.45107615 -0.636065722 0.000252468948 0.771634996 0.159820721 -0.978877306 0.127501354
1123.24365 25.3159275 41.7558823 -0.769779861 -0.177454561 -0.613146663 0.724462271 0.402244329 -0.622985542 -0.000349480077 0.782233298 0.179770857 -0.981967449 0.058502499
1113.31165 25.3169193 53.1557693 -0.681192219 -0.190894321 -0.706779063 0.611148119 0.851179242 -0.720476627 0.00341771077 0.693470776 0.0463613756 -0.974717319 0.21857889
1126.69336 -2.17558646 44.4561958 -0.797999442 -0.126809493 -0.589165866 0.5959903 0.785866022 -0.594077647 0.00113948772 0.804407001 0.160212755 -0.98707211 -0.00454808073
1116.60425 -2.17432809 56.5932426 -0.695227444 -0.139505401 -0.705121994 0.617137551 0.785869002 -0.712313712 0.00232974044 0.701857388 0.0766775161 -0.98978132 0.120222501
1135.31567 0.0803511664 30.6286659 -0.861212671 -0.0792618319 -0.50202632 0.571897388 0.791225433 -0.503657818 0.000686633575 0.863902926 0.0946029425 -0.995502055 -0.00511514535
1146.4552 28.671669 5.91325092 -0.936046839 -0.0498720184 -0.348323524 0.528833747 0.859149098 -0.348669887 -0.00185925327 0.937243879 0.052583728 -0.998615205 0.00167121307
1145.76843 46.7085686 5.19818354 -0.902974725 -0.0669893846 -0.424439758 0.527587771 0.901998878 -0.425194353 -0.00326900999 0.905096114 0.073824577 -0.99727124 0.000341286417
1143.40979 27.6030083 12.194253 -0.871416926 -0.0865247473 -0.482852012 0.539777637 0.856610358 -0.484770596 0.00133339711 0.874640405 0.098723717 -0.995114923 0.000150260719
1142.1792 46.4415741 10.9179707 -0.815294921 -0.111540146 -0.568201482 0.537553787 0.901364565 -0.571649313 -0.00129918347 0.820497096 0.103133187 -0.993553877 0.0470558032
1146.52979 14.6094751 7.43027115 -0.947886705 -0.0437067151 -0.315595716 0.531476855 0.825741887 -0.31591633 0.000452138076 0.948786974 0.0463313051 -0.998925805 -0.000814524188
1144.04578 16.9740868 12.704175 -0.897744119 -0.0825637877 -0.432711095 0.540665984 0.831359506 -0.433979213 -0.00284744729 0.900918424 0.0890312344 -0.996014595 0.00533260638
1137.75134 9.57351208 -25.7295265 -0.828394294 0.0374604687 0.558891535 0.473699868 0.813778043 0.559276164 -0.000253946026 0.8289814 -0.058899004 -0.998055458 -0.0204046145
1142.85742 5.02803993 -14.9720745 -0.894720316 0.304059118 0.327144712 0.492443502 0.802979529 0.353188246 0.0333427601 0.934957922 -0.314342618 -0.949046075 0.0223673619
1144.58142 6.39391136 -13.5135155 -0.878344893 0.351596564 0.323867589 0.494984865 0.806224346 0.356693387 0.0310082976 0.93370688 -0.356815159 -0.933077753 0.0452658609
1139.67041 10.2771893 -23.1976318 -0.850971162 0.0113994395 0.525088847 0.478111386 0.815449834 0.525122583 -3.72880058e-05 0.851026595 -0.0277899317 -0.999341249 -0.0233417489
1144.58142 6.39391136 -13.5135155 -0.878344893 0.351596564 0.323867589 0.360183418 0.786729932 0.406189263 0.906155467 0.117866479 0.244213298 -0.252377659 0.936304092
1142.85742 5.02803993 -14.9720745 -0.894720316 0.304059118 0.327144712 0.357179552 0.790194988 0.371835202 0.912880957 0.168484271 0.263793141 -0.231300876 0.936436355
1145.69556 5.55427599 -0.0130367279 -0.907905042 0.419172883 0.00162842299 0.362124503 0.754657269 0.419174075 0.907905757 0.000516033615 -0.0183233041 -0.0435677506 0.998882473
1147.33545 7.31329727 -0.0195550919 -0.84174937 0.539863944 0.0022233068 0.364981979 0.754672647 0.539865971 0.841750979 0.000385827385 -0.0217746347 -0.0380650572 0.999037981
1145.69556 5.55427599 -0.0130367279 -0.907905042 0.419172883 0.00162842299 0.518507838 0.804229677 0.0112192295 0.020416474 0.99972868 -0.419172525 -0.907906532 0.000611527765
1142.16077 -7.24895191 -15.6881332 -0.959508061 -0.0101013668 0.28150025 0.491195798 0.773813486 0.281512588 0.000209590522 0.959557593 0.00915845111 -0.99994725 -0.00466510886
1144.76929 -7.1176405 -0.00325942039 -0.999981165 0.00610844558 0.000594388461 0.518524885 0.774125338 0.000595632126 0.000201099436 0.999999881 -0.0061084535 -0.999981344 -1.33647773e-05
1129.99951 45.8701744 -26.3386574 -0.748176098 -0.198237583 0.63319391 0.472638518 0.900007188 0.646108925 -0.000611293828 0.763245106 0.204408064 -0.976773262 -0.0642771944
1133.73108 25.3148785 -28.0577316 -0.770098746 -0.149700969 0.620110929 0.469643235 0.851174414 0.627046168 0.00111858826 0.778981447 0.194079727 -0.98097676 0.00420468627
1135.87256 25.6045761 -25.2229519 -0.803153634 -0.146986827 0.577355385 0.474582583 0.851862669 0.584194481 -0.00418107631 0.81160295 0.188081443 -0.982084751 0.0116128894
1132.38562 45.942482 -23.5757999 -0.75453347 -0.184966922 0.629655838 0.477452546 0.900178909 0.640931427 -0.00152717181 0.767596781 0.139627382 -0.982738018 -0.121368662
1135.99207 25.6045628 25.0901966 -0.803751349 -0.14781861 -0.576310217 0.562247276 0.851862669 -0.582332373 -0.00309867272 0.812944889 0.185070232 -0.982706666 -0.00605251221
1139.5553 26.4739571 19.2107563 -0.845387638 -0.126647592 -0.51892215 0.552003026 0.853928089 -0.523042381 -0.000844991009 0.852306187 0.145695731 -0.989320993 0.00409646519
1142.14111 11.8620272 17.8504143 -0.890292048 -0.0967948586 -0.444984138 0.549632668 0.819214821 -0.446907133 -0.00201739999 0.894578159 0.110025153 -0.993921041 -0.00392838847
1139.80164 10.277173 23.0666695 -0.851477265 0.01130265 -0.52426976 0.558721423 0.815449715 -0.524300456 0.000287494535 0.851533353 0.00220015715 -0.99968195 -0.0251252837
1137.12671 46.1595764 17.6809654 -0.783551216 -0.156050816 -0.601411462 0.549337626 0.900694609 -0.608983278 0.000900301558 0.793182552 0.156301752 -0.98632443 0.0522874929
1132.4718 45.9424667 23.4647522 -0.755543172 -0.185470298 -0.62829566 0.559415102 0.900178909 -0.639447868 0.000404892024 0.768834412 0.191718176 -0.979695678 0.058655683
1142.9115 5.02803326 14.9199276 -0.893932045 0.307696581 -0.325896472 0.357273757 0.719181299 0.375598937 0.911037624 -0.170105249 -0.26398015 0.226170659 0.937636077
1144.66248 6.39390135 13.4352951 -0.878590763 0.353349537 -0.321282446 0.360324651 0.722708344 0.406926334 0.906021535 -0.116344556 -0.243720055 0.246799514 0.937918186
1144.66248 6.39390135 13.4352951 -0.878590763 0.353349537 -0.321282446 0.541939855 0.806224346 -0.35446322 -0.0316358842 0.934534669 -0.358757585 -0.932375968 -0.0443643406
1142.9115 5.02803326 14.9199276 -0.893932045 0.307696581 -0.325896472 0.544526696 0.802979529 -0.352573782 -0.0338239744 0.935172558 -0.318026483 -0.947813928 -0.0225379635
1137.84106 9.57350063 25.6399117 -0.827667475 0.0394163467 -0.55983299 0.563205123 0.813778043 -0.560260594 0.000237359447 0.828316391 -0.0619897619 -0.997847617 0.0213910192
1142.17432 -7.24895382 15.6750965 -0.959655523 -0.00902708992 -0.281033695 0.545842528 0.773813486 -0.281047851 0.000315353012 0.95969373 0.00892224535 -0.999958873 0.00165260432
1148.06006 9.43132305 -0.0130367279 -0.985132158 0.171790704 0.00163396983 0.518507838 0.813440323 0.000381818565 -0.00732166646 0.999973118 -0.171790853 -0.985133469 6.24300956e-05
1145.90039 8.38563347 10.4381809 -0.951199293 0.0429316647 -0.305576086 0.536717892 0.81095612 -0.305817008 0.00100096257 0.952089846 -0.0438669175 -0.999030232 -0.00380870537
1147.33545 7.31329727 -0.0195550919 -0.84174937 0.539863944 0.0022233068 0.518496394 0.808408499 -0.0146298418 -0.0269270092 0.999530315 -0.539864182 -0.841751993 0.000568112242
1142.06482 11.8620377 -17.926199 -0.88912791 -0.0940306634 0.447894841 0.487296253 0.819214821 0.449637592 0.00294780522 0.893206298 0.102575459 -0.994711637 -0.00520368805
1145.84644 8.3856411 -10.4903278 -0.950152755 0.0457033366 0.308417231 0.500252366 0.81095612 0.308781624 0.000964139588 0.951132536 -0.0446045697 -0.998948395 0.0106158741
1137.16248 46.1595764 -17.6664734 -0.782301903 -0.154920042 0.603327096 0.487748802 0.900694609 0.6108042 -0.000840453897 0.791781306 0.139199138 -0.987563372 -0.0730907172
1139.52075 26.4739647 -19.2531586 -0.843929708 -0.125048444 0.521675885 0.484984249 0.853928089 0.525624037 0.00166315946 0.850715458 0.146684483 -0.989183307 0.000183194192
1130.07556 45.8701706 26.2469215 -0.748349786 -0.198350772 -0.632953107 0.564262629 0.900007069 -0.645713627 -0.000455796078 0.763579547 0.205241382 -0.9766559 0.0633982345
1133.8197 25.3148708 27.9600086 -0.769579589 -0.149839118 -0.620721877 0.56724751 0.851174414 -0.627756655 -0.000447556988 0.778409541 0.194630578 -0.980866194 -0.00452951994
1129.04578 -101.808067 0 -0.0927185565 0.995692432 2.33212033e-10 0.333114386 0.754626274 0.995692372 0.092718564 6.36054187e-09 -0.000135773429 -1.26435089e-05 1
1127.70605 -101.807846 -13.4704552 -0.0902663767 0.995741665 0.0187223777 0.330780119 0.78662765 0.995916545 0.0902785137 0.000197522881 0.000319391896 -0.0187701769 0.999823749
1109.4624 -102.488983 -8.09289169 -0.024924133 0.999672532 0.00581062306 0.298992544 0.773852348 0.999689341 0.0249246843 -2.31654521e-05 -1.61659755e-05 -0.00581283122 0.999983132
1115.70227 -102.312645 -2.11927627e-07 -0.0309930034 0.999519587 -0 0.309864879 0.754626274 0.999519646 0.0309930015 7.93573207e-09 -5.67381394e-05 -1.75932428e-06 1
1123.78894 -101.807198 -26.4282475 -0.0847129002 0.995784998 0.0351567976 0.323955029 0.817411184 0.996402085 0.0847513229 0.000398545089 0.000382460741 -0.0352511331 0.999378502
1104.92188 -102.488228 -18.6131248 -0.0217808094 0.999721467 0.00909051392 0.29108125 0.798844993 0.999762833 0.0217817686 -6.31030662e-06 -9.54005918e-06 -0.00909287948 0.999958754
1117.39636 -101.806137 -38.360714 -0.0770178586 0.995739639 0.0507036522 0.312816709 0.845758796 0.997023761 0.0770931616 0.000471720443 0.000470600004 -0.0508184023 0.998707891
1100.6936 -102.487526 -29.2627525 -0.0216842592 0.999671936 0.013631992 0.283714056 0.824144959 0.99976486 0.0216868483 -4.22135854e-05 -1.21572566e-05 -0.0136354631 0.999907136
1108.81873 -101.804718 -48.8332253 -0.0655124485 0.99568814 0.0656750575 0.297871202 0.870638132 0.997844219 0.0656268522 0.000416393101 0.000553947932 -0.0657801479 0.997834027
1099.38342 -102.309944 -39.3977356 -0.0218668729 0.999518096 0.0220316313 0.281431228 0.848222494 0.999760747 0.0218743477 -9.82258061e-05 -3.8895505e-05 -0.0220377538 0.999757171
1123.78894 -101.807198 26.4282475 -0.0847129375 0.995785058 -0.0351568088 0.323955029 0.691841424 0.996402085 0.0847513676 -0.00039820344 -0.000382500177 0.0352511331 0.999378502
1127.70605 -101.807846 13.4704552 -0.0902663916 0.995741665 -0.0187223852 0.330780119 0.722624838 0.995916545 0.0902783722 -0.00020604895 -0.000197429457 0.0187812373 0.99982357
1109.4624 -102.488983 8.09289169 -0.0249241348 0.999672532 -0.00581062119 0.298992544 0.7354002 0.9996894 0.0249246471 1.52792309e-05 4.58220966e-05 0.00581356836 0.999983132
1104.92188 -102.488228 18.6131229 -0.0217808075 0.999721467 -0.00909051206 0.29108125 0.710407555 0.999762833 0.0217817705 6.71714315e-06 9.62442573e-06 0.00909287948 0.999958754
1098.34644 -101.802986 -57.4111481 -0.0505396239 0.995735526 0.0771786496 0.279624403 0.891016424 0.998715878 0.0506617427 0.000376166601 0.000503365358 -0.0772519931 0.997011483
1089.24866 -102.485634 -40.7079926 -0.0134668974 0.999670565 0.0218490288 0.263772488 0.851335168 0.999909341 0.0134711992 -4.97319124e-05 -4.38736861e-05 -0.0218516011 0.999761224
1086.41406 -101.801018 -63.8040581 -0.0349922702 0.995777309 0.0848715305 0.258833617 0.906203926 0.999384284 0.035085056 0.000398521079 0.000394092262 -0.0849097893 0.996388614
1078.599 -102.483871 -44.9363861 -0.00892505143 0.999719441 0.0219454579 0.245216846 0.861380458 0.999960244 0.00892733783 -6.24586937e-06 -7.31081263e-06 -0.0219463948 0.999759197
1108.81873 -101.804726 48.8332253 -0.0655125082 0.99568826 -0.0656748936 0.297871202 0.638614476 0.997844219 0.0656268671 -0.00041685524 -0.000553899969 0.0657799765 0.997834027
1117.39648 -101.806137 38.360714 -0.0770178735 0.995739698 -0.0507035963 0.312816709 0.663493693 0.99702394 0.0770914257 -0.000506275683 -0.00037550152 0.0508256741 0.998707473
1100.6936 -102.487526 29.2627525 -0.0216842126 0.999671936 -0.0136320041 0.283714056 0.685107648 0.99976486 0.0216868669 4.69246588e-05 5.16356922e-05 0.0136363301 0.999907017
1099.38342 -102.309937 39.3977356 -0.0218667947 0.999518216 -0.022031365 0.281431228 0.661030114 0.999760747 0.0218743235 0.000100804886 3.9028022e-05 0.0220374875 0.99975723
1073.45618 -101.798874 -67.7215118 -0.0185584892 0.995730639 0.090422608 0.236256078 0.915510535 0.999826729 0.0186169334 0.000197108544 0.00020328135 -0.0904344246 0.995902419
1068.07874 -102.482132 -49.4771233 -0.00564542413 0.999669313 0.0250882059 0.226886526 0.872167826 0.999984086 0.00564839132 -4.74111257e-05 -1.46549573e-05 -0.0250886884 0.999685228
1059.9856 -101.796654 -69.0614853 0.000162599201 0.995678008 0.0928728059 0.212785035 0.918693841 1 -0.000150698805 -0.000135148424 -1.57959221e-06 -0.0928728133 0.995678067
1059.98572 -102.303429 -55.717392 0.00016468075 0.99951452 0.0311562661 0.212785304 0.886992633 1 -0.000163021279 -5.5811026e-05 2.89500946e-07 -0.0311562642 0.99951452
1076.4491 -99.4933014 -82.7714691 -0.0900500715 0.886750221 0.453392863 0.241470829 0.951264262 0.989178002 0.0266849753 0.144273609 -0.0061187516 -0.455726385 0.890098929
1059.98486 -99.4905853 -84.4092865 0.000135564231 0.886784017 0.462183982 0.212783784 0.955155253 0.999845743 -0.00823976193 0.0155162122 1.09801022e-05 -0.462184012 0.886784077
1086.41406 -101.801025 63.8040543 -0.0349924527 0.995777309 -0.0848717839 0.258833617 0.603048623 0.999384344 0.035085272 -0.000398127915 -0.000394084665 0.0849100277 0.996388555
1098.34644 -101.802994 57.4111481 -0.050539773 0.995735526 -0.0771786273 0.279624403 0.618236125 0.998716116 0.0506546572 -0.000469701015 -0.000469283754 0.0772536993 0.997011364
1089.24866 -102.485634 40.7079887 -0.01346708 0.999670565 -0.0218487233 0.263772488 0.657917321 0.999909341 0.0134705482 1.14931436e-05 4.17640586e-05 0.0218512677 0.999761224
1078.599 -102.483879 44.9363861 -0.0089251278 0.999719381 -0.021945212 0.245216846 0.647872031 0.999960244 0.00892738998 5.08241692e-06 7.31775026e-06 0.0219461527 0.999759257
1046.51477 -101.794426 -67.7219772 0.0188831966 0.995724797 0.0904194787 0.189313889 0.915511668 0.999820709 -0.0189318229 -0.00031989126 -0.000199876027 -0.0904318392 0.995902717
1051.8927 -102.479454 -49.4773483 0.00597533584 0.999667406 0.0250876565 0.19868429 0.872168303 0.999982178 -0.00597766368 1.78092923e-05 2.33846349e-05 -0.0250882413 0.999685228
1033.55664 -101.792282 -63.8049316 0.0353154056 0.995766461 0.0848656297 0.166735858 0.906206012 0.99937278 -0.0354105458 -0.000384418177 -0.000400664983 -0.0849044845 0.996389031
1041.37231 -102.477707 -44.9368515 0.0092550125 0.999716341 0.02194448 0.180353716 0.86138159 0.999957144 -0.00925743021 8.54012251e-06 6.95262452e-06 -0.0219454821 0.999759197
1043.52039 -99.4878693 -82.7721329 0.0903119072 0.886746645 0.453347862 0.184096515 0.951265812 0.992561877 -0.0428271741 -0.113959521 0.00652697822 -0.455725282 0.890096605
1059.9856 -101.796654 69.0614853 0.000162959637 0.995678067 -0.0928728729 0.212785035 0.590558648 1 -0.000151064363 0.000135107461 1.58673981e-06 0.0928728804 0.995678067
1073.45618 -101.798882 67.7215042 -0.0185583588 0.995730579 -0.0904228315 0.236256078 0.593742013 0.999826908 0.0186057463 -0.000318899227 -0.000195694476 0.0904347748 0.995902359
1068.07874 -102.48214 49.4771233 -0.00564508885 0.999669313 -0.0250881426 0.226886526 0.637084723 0.999984086 0.0056472579 1.5617783e-05 2.29150155e-05 0.0250886735 0.999685228
1059.98572 -102.303429 55.717392 0.00016518787 0.99951452 -0.0311563611 0.212785304 0.622259915 1 -0.000163538352 5.54890939e-05 -2.78762002e-07 0.0311563592 0.99951452
1076.4491 -99.4933014 82.7714691 -0.0900500789 0.886750221 -0.453392923 0.241470829 0.557988226 0.995818138 0.0872096941 -0.0272176657 -0.0304278862 0.452580333 0.891204357
1059.98486 -99.4905853 84.4092865 0.000135585928 0.886784136 -0.462183863 0.212783784 0.554097295 0.999997556 0.000909378403 0.0020381629 4.68484068e-05 0.462183774 0.886784196
1021.6239 -101.790306 -57.4122925 0.0508599505 0.99571985 0.0771710426 0.145944327 0.891019225 0.998699844 -0.0509755798 -0.000472064683 -0.000472278538 -0.0772470608 0.99701196
1030.72253 -102.475945 -40.708622 0.0137959635 0.999666095 0.021847859 0.161797598 0.851336718 0.999904811 -0.0137994913 1.06451862e-05 4.38649913e-05 -0.021850545 0.999761343
1011.15112 -101.788574 -48.834465 0.0658295304 0.995667756 0.065666832 0.127696753 0.870641112 0.997823834 -0.0659355521 -0.000553909165 -0.000418457057 -0.065782018 0.997833908
1020.58716 -102.296913 -39.3985558 0.0221949499 0.999510944 0.0220302027 0.144137979 0.848224401 0.999753594 -0.022201227 4.02825353e-05 9.91752095e-05 -0.0220378321 0.999757171
1033.55664 -101.792282 63.8049355 0.0353153348 0.995766401 -0.0848659873 0.166735858 0.603046536 0.99937278 -0.0354105756 0.000383207691 0.000400729681 0.0849048495 0.996388972
1046.51477 -101.794418 67.7219849 0.0188832432 0.995724738 -0.0904196277 0.189313889 0.59374094 0.99982053 -0.018943036 0.000196907742 0.000207359291 0.0904318616 0.995902717
1051.8927 -102.479454 49.4773483 0.0059753377 0.999667406 -0.0250878409 0.19868429 0.637084246 0.999982178 -0.00597841805 -4.77715257e-05 -1.44572869e-05 0.0250883754 0.999685228
1041.37231 -102.477715 44.9368515 0.00925476756 0.999716401 -0.0219446868 0.180353716 0.647871017 0.999957144 -0.00925720856 -9.67977758e-06 -7.0099718e-06 0.0219456907 0.999759197
1043.52039 -99.4878693 82.7721405 0.0903120935 0.886746764 -0.453347623 0.184096515 0.557986617 0.995850503 -0.0855303928 0.0310877096 0.0303259883 0.452548057 0.891224146
1002.573 -101.787155 -38.3618584 0.0773320273 0.995715678 0.0506959818 0.112750411 0.845761538 0.996999621 -0.0774060264 -0.000505245 -0.000376179785 -0.0508191139 0.998707891
1019.27704 -102.474052 -29.2633877 0.0220126174 0.999664783 0.0136308735 0.141855195 0.824146509 0.999757707 -0.0220152736 4.48683713e-05 5.20842332e-05 -0.0136353243 0.999907136
996.179993 -101.786102 -26.4291248 0.0850244239 0.995758653 0.0351509973 0.101611376 0.81741327 0.996375501 -0.0850630924 -0.000396674819 -0.000400004938 -0.0352446362 0.999378741
1015.04858 -102.473351 -18.6135902 0.0221091267 0.999714255 0.00908954535 0.134487689 0.798846066 0.999755561 -0.0221101027 6.8078125e-06 5.21183711e-06 -0.00909188297 0.999958694
1011.15112 -101.788574 48.834465 0.0658296198 0.995667756 -0.0656668246 0.127696753 0.638611555 0.997823834 -0.0659356117 0.000554441533 0.000419072108 0.0657819882 0.997834027
1021.6239 -101.790306 57.4122925 0.0508600734 0.99571979 -0.0771712363 0.145944327 0.618233323 0.998699546 -0.0509832501 0.000374539522 0.000506908109 0.0772454962 0.997012019
1030.72253 -102.475952 40.708622 0.0137961786 0.999666095 -0.0218479112 0.161797598 0.65791589 0.999904811 -0.0138005977 -5.14903477e-05 -4.6036821e-05 0.0218506288 0.999761343
1020.58716 -102.296913 39.3985519 0.022195274 0.999510944 -0.0220301803 0.144137979 0.661028206 0.999753594 -0.0222015548 -4.04565108e-05 -9.76554584e-05 0.0220377762 0.999757171
992.262634 -101.785454 -13.4709282 0.0905757844 0.995713651 0.0187192298 0.0947858244 0.786628723 0.995888531 -0.090587832 -0.000204679032 -0.000197547794 -0.0187785309 0.99982363
1010.50787 -102.472603 -8.09311676 0.0252517909 0.999664247 0.00581008196 0.126576021 0.773852944 0.999681115 -0.025252305 1.5069244e-05 4.72439933e-05 -0.00581312925 0.999983132
990.922852 -101.785233 -4.31091405e-15 0.0930271819 0.995663643 -5.01405388e-08 0.0924513713 0.754626274 0.995663583 -0.0930271745 3.70940945e-09 0.000136105184 -1.26665482e-05 1
1004.26752 -102.294212 2.11927627e-07 0.0313197002 0.999509454 4.96725328e-09 0.115702905 0.754626274 0.999509454 -0.0313197002 1.493735e-06 5.7181649e-05 -1.79670872e-06 1
996.179993 -101.786102 26.4291229 0.0850243717 0.995758712 -0.0351509266 0.101611376 0.691839278 0.996375501 -0.085063085 0.000394968258 0.000399038079 0.03524464 0.999378681
1002.573 -101.787155 38.3618546 0.0773319378 0.995715678 -0.0506960042 0.112750411 0.663491011 0.996999443 -0.0774076656 0.000470881758 0.000472311571 0.0508116782 0.998708129
1019.27704 -102.474052 29.2633858 0.0220128465 0.999664783 -0.0136308121 0.141855255 0.685106039 0.999757707 -0.0220154729 -4.25664839e-05 -1.11861482e-05 0.0136343623 0.999907136
1015.04858 -102.473351 18.6135902 0.022109203 0.999714315 -0.00908950623 0.134487689 0.710406482 0.999755621 -0.0221101865 -7.80431128e-06 -6.709427e-06 0.00909187552 0.999958694
992.262634 -101.785454 13.4709282 0.0905758739 0.995713651 -0.0187191758 0.0947858244 0.722623706 0.995888412 -0.0905880406 0.000198622743 0.000319533166 0.0187673811 0.999823868
1010.50787 -102.472603 8.09311676 0.025251789 0.999664247 -0.00581007823 0.126576021 0.735399783 0.999681115 -0.0252523459 -2.24605901e-05 -1.68819752e-05 0.00581235858 0.999983132
1059.97021 -41.9618797 84.5138702 -7.02405887e-05 -0.101682797 -0.994816899 0.83470881 0.242413878 -0.999997973 0.00201216782 -0.000135059294 -8.76730553e-07 -0.994816899 0.10168279
1043.48535 -41.9594879 82.8752823 0.194013178 -0.101609759 -0.975722492 0.863431811 0.24241972 -0.980836272 -0.0019744134 -0.194824398 0.00031628937 -0.99461484 0.103640057
1027.62744 -41.9571877 78.0823364 0.380644381 -0.101576641 -0.919125795 0.89106214 0.242425203 -0.923981071 -0.0020102018 -0.382432938 0.000485765457 -0.993926585 0.110044375
1092.31152 -41.9665718 78.0789337 -0.380755454 -0.101788856 -0.919056237 0.778357744 0.242402792 -0.923931658 0.00201342744 0.382552296 -0.00048269509 -0.993900716 0.110278137
1076.45471 -41.9642715 82.8734436 -0.194146037 -0.101717927 -0.975684822 0.805986404 0.242408276 -0.980730474 -0.00197324995 0.195355758 -0.000482458971 -0.99459964 0.10378585
1119.72815 -41.9705467 59.7579346 -0.702699721 -0.101174511 -0.704256177 0.730587602 0.242393613 -0.708038986 0.00211525871 0.706170261 0.0573396832 -0.994671166 0.0856830105
1106.91333 -41.968689 70.2552872 -0.552531183 -0.101720542 -0.827261984 0.752915978 0.242397666 -0.831460357 -0.001994672 0.555580556 -0.00221770233 -0.992342055 0.123500071
1138.33118 -41.9732437 32.3403625 -0.903989553 -0.0829424188 -0.419432521 0.574879766 0.691319764 -0.421082467 0.00266573625 0.907018423 0.091862157 -0.995771229 -0.00107467372
1130.22437 -41.9720688 46.9423485 -0.819129646 -0.0964147598 -0.565447569 0.600322008 0.691322625 -0.567895472 -0.00247062999 0.823096991 0.118269883 -0.992979467 -0.00201697019
1119.72815 -41.9705467 59.7579346 -0.702699721 -0.101174511 -0.704256177 0.622651696 0.69132632 -0.708038986 0.00211525871 0.706170261 0.0573396832 -0.994671166 0.0856830105
1146.18591 -41.9743538 0 -0.998459458 -0.0554868691 9.60471007e-05 0.518530607 0.691317201 -5.7117627e-06 0.00183374109 0.999998331 0.0554868691 -0.998459458 -1.23569032e-06
1143.97766 -41.9740448 16.4838219 -0.968961775 -0.0645010546 -0.23864764 0.547251701 0.691317856 -0.239044949 -0.00159939087 0.971007168 0.0661943778 -0.997806311 0.000920761551
1138.33118 -41.9732437 -32.3403625 -0.904002309 -0.0830103979 0.419391602 0.46218127 0.691319764 0.420825094 0.000250544603 0.907141864 0.0916228145 -0.99579376 0.000395816111
1143.97766 -41.9740448 -16.4838219 -0.96893537 -0.0645911694 0.238730505 0.489809453 0.691317856 0.239298746 -0.00109551975 0.970945358 0.066351153 -0.997796178 -0.000665373402
1119.72815 -41.9705467 -59.7579346 -0.702699661 -0.101174511 0.704256296 0.414409399 0.69132632 0.707759559 0.00178194942 0.706451178 0.0860129446 -0.994658053 -0.0570712313
1130.22437 -41.9720688 -46.9423447 -0.819146991 -0.0964312628 0.565419674 0.436738998 0.691322625 0.568145275 -0.000985692604 0.822927713 0.119310528 -0.992850721 0.00352129526
1116.60425 -2.17432857 -56.5932426 -0.695227385 -0.139505431 0.705122113 0.419923455 0.785869002 0.71178335 0.00301982253 0.702392578 0.0235202089 -0.984874904 -0.171663195
1092.31152 -41.9665718 -78.0789337 -0.380755812 -0.101788878 0.919056177 0.269109339 0.242402792 0.923773766 0.00201551616 0.382933557 -0.0011842181 -0.993868172 -0.110565178
1106.91333 -41.968689 -70.2552795 -0.552531242 -0.101720527 0.827261806 0.294551075 0.242397666 0.831684351 -0.00195046328 0.55524528 -0.000609787414 -0.99247551 -0.122442573
1119.72815 -41.9705467 -59.7579346 -0.702699661 -0.101174511 0.704256296 0.316879481 0.242393613 0.707759559 0.00178194942 0.706451178 0.0860129446 -0.994658053 -0.0570712313
1059.97021 -41.9618797 -84.5138702 -7.00159653e-05 -0.101682752 0.994816899 0.212758332 0.242413878 0.999998033 0.00201253756 0.000276086823 8.17529369e-08 -0.994816959 -0.101682767
1076.45471 -41.9642715 -82.8734512 -0.194145888 -0.101717927 0.975684822 0.241480678 0.242408276 0.980809271 -0.00197467417 0.19495973 -0.000314733858 -0.994603038 -0.103752837
1092.31152 -41.9665718 -78.0789337 -0.380755812 -0.101788878 0.919056177 0.488615453 0.0904910564 0.923773766 0.00201551616 0.382933557 -0.0011842181 -0.993868172 -0.110565178
1076.45471 -41.9642715 -82.8734512 -0.194145888 -0.101717927 0.975684822 0.460986763 0.0904966593 0.980809271 -0.00197467417 0.19495973 -0.000314733858 -0.994603038 -0.103752837
1077.11133 -78.0469131 -86.1295395 -0.194370985 -0.0884750187 0.976929963 0.462130666 0.00477612019 0.980804563 -0.00172120845 0.194986001 0.000182897464 -0.995927334 -0.0901591107
1093.59131 -78.04953 -81.1470642 -0.381220996 -0.0885470808 0.920233727 0.490845233 0.0047699213 0.923801541 0.00175285782 0.382867664 -8.24649833e-05 -0.995399296 -0.0958138704
1059.97021 -41.9618797 -84.5138702 -7.00159653e-05 -0.101682752 0.994816899 0.432264507 0.0905021429 0.999998033 0.00201253756 0.000276086823 8.17529369e-08 -0.994816959 -0.101682767
1059.97913 -78.0442047 -87.8339539 -4.74700246e-05 -0.0884337649 0.996082127 0.432279915 0.00478255749 0.99999845 0.00175014173 0.000203040909 -1.60344641e-07 -0.996082127 -0.0884337649
1027.62744 -41.9571877 -78.0823364 0.380644411 -0.101576641 0.919125736 0.156404853 0.242425203 0.923981071 0.00201022928 -0.382433057 0.000487003155 -0.993926585 -0.110044897
1043.48535 -41.9594879 -82.8752823 0.194013149 -0.101609729 0.975722492 0.184035286 0.24241972 0.980757654 -0.00196908438 -0.195219412 0.000481740193 -0.994611442 -0.103672571
1043.48535 -41.9594879 -82.8752823 0.194013149 -0.101609729 0.975722492 0.403541446 0.0905079842 0.980757654 -0.00196908438 -0.195219412 0.000481740193 -0.994611442 -0.103672571
1042.84668 -78.0414963 -86.1305466 0.194281518 -0.0883594528 0.976958275 0.402428657 0.00478899479 0.980763257 -0.00171999156 -0.195193723 -5.54014732e-05 -0.995935917 -0.0900648385
1027.62744 -41.9571877 -78.0823364 0.380644411 -0.101576641 0.919125736 0.375910997 0.090513587 0.923981071 0.00201022928 -0.382433057 0.000487003155 -0.993926585 -0.110044897
1026.36609 -78.038887 -81.1489258 0.381147563 -0.0883203819 0.920285881 0.373713225 0.00479495525 0.923954308 0.00174858561 -0.382499099 -0.000453160435 -0.995444179 -0.0953456983
1000.20752 -41.9532089 -59.7627335 0.703420997 -0.101486653 0.703490913 0.108628787 0.24243474 0.707285464 0.00200996548 -0.706925213 -0.0573888719 -0.994632006 -0.0861039162
1013.02417 -41.9550705 -70.2597046 0.552652061 -0.101509735 0.827207148 0.130960405 0.242430329 0.831388831 -0.00197020243 -0.555687666 0.00214703521 -0.992377937 -0.123212889
1013.02417 -41.9550705 -70.2597046 0.552652061 -0.101509735 0.827207148 0.35046652 0.0905184746 0.831388831 -0.00197020243 -0.555687666 0.00214703521 -0.992377937 -0.123212889
1011.18951 -78.0364838 -73.0187378 0.553369701 -0.0882526562 0.82824719 0.347269803 0.00480091572 0.831406236 -0.00171099359 -0.555662632 0.000457722606 -0.994338751 -0.106256112
981.885498 -41.9505463 -32.3437576 0.919104993 -0.101426572 0.380734682 0.580088735 0.242440939 0.382896453 0.00200584414 -0.923789203 -0.110172287 -0.993911862 0.00118410098
989.709412 -41.951683 -46.9467659 0.827159584 -0.101433232 0.552737117 0.605532765 0.242438197 0.555434704 -0.00196944992 -0.83155787 -0.122079864 -0.992520154 0.000551783596
1000.20752 -41.9532089 -59.7627335 0.703420997 -0.101486653 0.703490913 0.62786305 0.24243474 0.707285464 0.00200996548 -0.706925213 -0.0573888719 -0.994632006 -0.0861039162
975.451538 -41.9496155 -5.27569008e-15 0.994845212 -0.101405397 0 0.523733377 0.242443085 0.000204506621 0.00200635777 -0.999997973 -0.101405397 -0.994845212 6.58064769e-10
977.091248 -41.949852 -16.485651 0.975728273 -0.101391822 0.194098383 0.552457809 0.242442608 0.194906667 -0.00196870789 -0.980819881 -0.103419788 -0.994637847 0.000316660968
981.885498 -41.9505463 32.3437576 0.919104993 -0.101426564 -0.380734652 0.467378348 0.242440939 -0.382518291 0.00200796849 -0.923945725 -0.109886952 -0.993944049 -0.000486719277
977.091248 -41.949852 16.485651 0.975728154 -0.101391815 -0.194098383 0.495009184 0.242442608 -0.195300102 -0.00196705246 -0.98074156 -0.103452526 -0.994634271 -0.000483086478
1000.20752 -41.9532089 59.7627335 0.703420997 -0.101486653 -0.703490913 0.419603974 0.24243474 -0.706995726 0.0020072402 -0.707215011 -0.0860915408 -0.994632185 0.0574041344
989.709412 -41.951683 46.9467659 0.827159524 -0.101433218 -0.552737117 0.441934317 0.242438197 -0.555768371 -0.00196626713 -0.831334889 -0.123132937 -0.992387891 -0.00215198565
1013.02417 -41.9550705 70.2597046 0.552652001 -0.10150972 -0.827207088 0.916506767 0.242430329 -0.831612289 -0.00197124295 -0.555353165 0.000553143618 -0.992509842 0.122164197
1000.20752 -41.9532089 59.7627335 0.703420997 -0.101486653 -0.703490913 0.938838243 0.24243474 -0.706995726 0.0020072402 -0.707215011 -0.0860915408 -0.994632185 0.0574041344
1086.40063 -102.713219 10.9413738 -0.00568313338 0.999980986 -0.00242271158 0.258810252 0.728633165 0.999983907 0.00568314968 -3.7824794e-08 1.43297427e-06 0.00242275861 0.999997079
1084.85022 -102.712959 24.8643837 -0.00722018257 0.999946713 -0.00738539826 0.25610882 0.695556641 0.999973953 0.00722043123 6.94952314e-06 -1.22271395e-05 0.00738550117 0.999972761
1070.92725 -102.710655 26.4149551 -0.00225696806 0.99998045 -0.00584841613 0.2318497 0.691873014 0.999997556 0.00225700997 6.16533214e-07 1.11220277e-06 0.00584843382 0.999982893
1059.98584 -102.708839 -1.19208629e-07 0.000165750535 1 1.91758609e-08 0.212785512 0.754626274 1 -0.00016575052 7.91655452e-08 1.64374558e-08 -1.91785858e-08 1
1024.82166 -102.703011 2.20355404e-13 0.0106090531 0.999943733 0 0.15151611 0.754626274 0.999943733 -0.0106090512 -1.76342326e-06 1.50379496e-08 -1.17506713e-10 1
1033.57056 -102.70446 -10.9415722 0.00601378316 0.99997896 0.00242240028 0.166759998 0.78061986 0.99998194 -0.00601380272 7.0375188e-07 1.36765095e-06 -0.00242245221 0.999997079
1033.57056 -102.70446 10.9415722 0.00601382554 0.99997896 -0.00242231903 0.166759998 0.728632689 0.99998194 -0.00601383531 3.59134697e-06 3.68780752e-06 0.00242234091 0.999997079
1059.98584 -102.708839 35.1638069 0.000165596561 0.999945462 -0.0104440283 0.212785527 0.671088576 1 -0.000165414735 1.82719541e-05 -1.20008465e-07 0.0104440283 0.999945462
1049.04431 -102.707024 26.4151535 0.00258795125 0.999979615 -0.00584828295 0.193721235 0.691872478 0.999996662 -0.00258800504 -1.67469921e-06 -1.44056901e-06 0.00584830577 0.999982953
1095.14929 -102.714668 2.20355404e-13 -0.0102791768 0.99994719 4.65677996e-10 0.274053723 0.754626274 0.99994719 0.0102791758 6.89503299e-09 8.73114948e-12 -5.14421561e-10 1
1086.40063 -102.713219 -10.9413748 -0.00568313384 0.999980986 0.00242271158 0.258810252 0.780619383 0.999983847 0.0056831399 4.35571155e-06 3.75976447e-06 -0.00242272927 0.999997079
1035.12109 -102.704727 24.864748 0.00755042117 0.99994427 -0.00738482317 0.169461653 0.695555747 0.999971509 -0.00755053619 1.22636575e-05 -5.75780859e-06 0.00738507742 0.999972761
1070.92725 -102.710655 -26.4149551 -0.00225694617 0.99998045 0.00584858051 0.2318497 0.817379594 0.999997556 0.00225699414 -1.61140565e-06 -1.10069186e-06 -0.00584859774 0.999982893
1084.85022 -102.712959 -24.8643856 -0.00722004287 0.999946713 0.00738540338 0.25610882 0.813695908 0.999973953 0.0072201537 1.1635806e-05 -5.83960446e-06 -0.00738563715 0.999972761
1049.04431 -102.707024 -26.4151535 0.00258816383 0.999979615 0.00584834116 0.193721235 0.817380071 0.999996662 -0.00258821296 8.46276805e-07 1.40642567e-06 -0.00584836397 0.999982953
1059.98584 -102.708839 -35.1638069 0.000165528225 0.999945521 0.0104441186 0.212785527 0.838164091 1 -0.000165739941 1.94430249e-05 -7.81219622e-09 -0.0104441186 0.999945462
1035.12109 -102.70472 -24.8647499 0.0075503001 0.99994427 0.00738494378 0.169461653 0.813696861 0.999971509 -0.00755055342 6.57202918e-06 -1.27745825e-05 -0.0073850574 0.999972761
1124.14417 83.5895615 20.9596348 -0.635381043 -0.383200407 -0.670409083 0.722893119 0.54068321 -0.725956559 0.000500054972 0.687740445 -0.0177986138 -0.860683918 0.50882864
1121.23633 83.589653 23.6243782 -0.669236779 -0.39778769 -0.627604246 0.727959752 0.540683448 -0.688425183 0.0140758622 0.725170791 0.0998453274 -0.885115445 0.45453462
1121.01172 83.980484 23.4695549 -0.398214102 -0.83688581 -0.375563413 0.728351235 0.541611969 -0.722588181 0.0339827649 0.690442979 0.158211693 -0.465952396 0.870550096
1123.92688 83.9823608 20.8033924 -0.381959945 -0.829599559 -0.407272875 0.723271728 0.541616499 -0.731264293 0.00182759389 0.682091832 0.137289971 -0.486731112 0.862695932
1121.01172 83.980484 23.4695549 -0.398214102 -0.83688581 -0.375563413 0.559423447 0.990544796 -0.646085262 -0.0347443596 0.76247406 0.866974771 -0.477117866 0.143921316
1121.23633 83.589653 23.6243782 -0.669236779 -0.39778769 -0.627604246 0.559693217 0.989616215 -0.67531985 -0.0267013889 0.737041533 0.573105514 -0.813928425 -0.0952393189
1118.41187 83.5897293 27.1151543 -0.732258439 -0.402350098 -0.549465299 0.565775514 0.989616454 -0.601284623 0.00312460493 0.799028814 0.493139267 -0.869712591 -0.0203406345
1118.18884 83.9805527 26.9583321 -0.437524348 -0.837728322 -0.326777786 0.565502286 0.990544915 -0.605679572 0.00595288351 0.795686424 0.86048311 -0.495554388 0.118299559
1121.23633 83.589653 23.6243782 -0.669236779 -0.39778769 -0.627604246 0.559693217 0.989616215 -0.688425183 0.0140758622 0.725170791 0.0998453274 -0.885115445 0.45453462
1122.44312 78.6420975 23.9502048 -0.717565 -0.216342896 -0.662039518 0.560260892 0.977862537 -0.677746713 -0.00215044525 0.735292315 0.183702841 -0.975664198 0.119719863
1119.56897 78.6422043 27.4891338 -0.775413513 -0.221808925 -0.591214478 0.566426992 0.977862775 -0.606474698 0.000868819188 0.795102358 0.277223378 -0.960800469 -0.00312682777
1122.44312 78.6420975 23.9502048 -0.717565 -0.216342896 -0.662039518 0.725857139 0.52892977 -0.677746713 -0.00215044525 0.735292315 0.183702841 -0.975664198 0.119719863
1125.28125 78.6420059 21.2715225 -0.685842514 -0.20037201 -0.699622154 0.72091198 0.528929651 -0.714358628 0.00178468507 0.699777544 0.000445482787 -0.961465001 0.274927169
1136.97205 83.58918 8.86368465 -0.620809793 -0.321353018 -0.715071678 0.700542092 0.540682375 -0.754369676 -0.00336864637 0.656441331 -0.0256716479 -0.90330404 0.428232163
1130.02795 83.589386 15.2720604 -0.642328978 -0.363858998 -0.674551785 0.712641478 0.540682971 -0.724771976 0.00215929537 0.688985467 -0.0186834764 -0.872427702 0.488385946
1129.81921 83.9867477 15.1172695 -0.394361764 -0.817465723 -0.419796079 0.713004947 0.54162699 -0.730183423 0.00138332509 0.683249772 0.14913553 -0.507695019 0.84853071
1136.76331 83.9936752 8.72995186 -0.395261824 -0.790626824 -0.467629462 0.7009058 0.541643322 -0.757408202 -0.00751309237 0.65289855 0.140720144 -0.555193961 0.819730163
1131.02686 78.6418076 15.5739441 -0.693193376 -0.178748757 -0.698234916 0.710900903 0.528929055 -0.709812641 0.00116379489 0.704389572 0.000363716681 -0.968845844 0.247664332
1137.73303 78.6415787 9.12281036 -0.679062247 -0.136222318 -0.721330702 0.699216127 0.528928459 -0.728253245 0.00144263776 0.685306668 -0.00301074749 -0.982106328 0.188303754
1145.95422 83.588913 0.0467407703 -0.788969755 -0.259299248 -0.557037354 0.518611908 0.989614487 -0.576732755 -0.000144448233 0.816932857 0.324330837 -0.945750415 -0.0191277377
1143.06128 83.5890045 4.03653574 -0.701369762 -0.278232515 -0.656252384 0.525563717 0.989614725 -0.679936945 -0.0151687758 0.733113766 0.335586369 -0.941144466 0.0403608307
1142.83386 84.0031967 3.96020627 -0.460304677 -0.767656624 -0.44589588 0.525430679 0.990598679 -0.634984136 -0.0663162023 0.769673467 0.776824653 -0.59141773 0.216260508
1145.71326 84.0086288 0.0463378429 -0.571569741 -0.820493281 -0.00994740147 0.518611312 0.990611613 -0.427971631 0.287745237 0.856763184 0.820496798 -0.571630836 0.00483062072
1142.83386 84.0031967 3.96020627 -0.460304677 -0.767656624 -0.44589588 0.690328598 0.541665971 -0.749588072 0.0669740811 0.658507526 0.17440857 -0.570678592 0.802438557
1143.06128 83.5890045 4.03653574 -0.701369762 -0.278232515 -0.656252384 0.689932346 0.540682018 -0.691079617 0.0398956835 0.721676707 -0.0770495012 -0.885683656 0.457851559
1143.06128 83.5890045 4.03653574 -0.701369762 -0.278232515 -0.656252384 0.689932346 0.540682018 -0.679936945 -0.0151687758 0.733113766 0.335586369 -0.941144466 0.0403608307
1143.45251 78.6413803 4.18345833 -0.767063022 -0.0834897757 -0.636116326 0.689250708 0.528928101 -0.63862139 0.00438102335 0.769508719 0.0156204822 -0.993632972 0.111577541
1143.45251 78.6413803 4.18345833 -0.767063022 -0.0834897757 -0.636116326 0.525819659 0.977860808 -0.63862139 0.00438102335 0.769508719 0.0156204822 -0.993632972 0.111577541
1146.12305 78.641304 0.0441990495 -0.997753203 -0.0653214082 -0.0148900244 0.518607616 0.97786063 -0.0154560553 0.00816880912 0.999847293 0.0653219447 -0.997864187 0.000450584252
1137.32361 83.5891724 -8.60388184 -0.620910645 -0.320288837 0.715461433 0.347537518 0.540682375 0.755538702 -0.00131572864 0.655102611 -0.0212672204 -0.905497432 -0.423818558
1143.30981 83.5889969 -3.84957266 -0.711518466 -0.279352218 0.644751012 0.357967734 0.540682018 0.676389933 -0.0237071943 0.736162126 0.0680576414 -0.940660059 -0.332455754
1143.08374 84.0033188 -3.77334929 -0.465824693 -0.769302607 0.437242478 0.357573748 0.541666329 0.861896217 -0.282583863 0.421047956 0.0245314389 -0.505165398 -0.862673879
1137.1167 83.9938583 -8.46927071 -0.395761967 -0.789883673 0.468461841 0.347177058 0.541643679 0.873225749 -0.165731028 0.458268464 0.0385105722 -0.52393645 -0.850886464
1143.08374 84.0033188 -3.77334929 -0.465824693 -0.769302607 0.437242478 0.511955857 0.990599036 0.614869058 0.0739398375 0.785155356 0.778166652 -0.591384828 -0.211472467
1143.30981 83.5889969 -3.84957266 -0.711518466 -0.279352218 0.644751012 0.511823177 0.989614725 0.662824214 0.037757501 0.747822523 0.446040422 -0.888564765 0.10724061
1145.95422 83.588913 0.0467407703 -0.805405498 -0.261454105 0.5319435 0.518611908 0.989614487 0.551075876 0.000166321872 0.834455132 0.320767909 -0.946941555 0.0202398542
1145.71326 84.0086288 0.0463378429 -0.571569741 -0.820493281 -0.00994740147 0.518611312 0.990611613 0.400185287 -0.289318264 0.869567037 0.820496678 -0.571630955 0.00484113581
1143.30981 83.5889969 -3.84957266 -0.711518466 -0.279352218 0.644751012 0.511823177 0.989614725 0.676389933 -0.0237071943 0.736162126 0.0680576414 -0.940660059 -0.332455754
1143.68237 78.6413803 -4.00666237 -0.777016282 -0.0829251632 0.623994529 0.511549354 0.977860808 0.626107574 0.000669821631 0.779736519 0.0371732451 -0.995599687 -0.0860200673
1143.68237 78.6413803 -4.00666237 -0.777016282 -0.0829251632 0.623994529 0.358616829 0.528928101 0.626107574 0.000669821631 0.779736519 0.0371732451 -0.995599687 -0.0860200673
1138.05701 78.6415634 -8.87854195 -0.67921263 -0.135017589 0.721415579 0.348815322 0.528928459 0.728344738 -0.00283992337 0.685204983 -0.00147748564 -0.982679784 -0.185305938
1124.07849 83.5895615 -21.036747 -0.633527398 -0.383036464 0.672254503 0.324459374 0.54068321 0.727370918 0.00135939801 0.686243176 -0.0194364619 -0.860707045 -0.508729517
1130.19128 83.5893784 -15.1676664 -0.640930474 -0.363110483 0.67628324 0.335110188 0.540682852 0.726001441 -0.000664378458 0.687692881 -0.0200889725 -0.872800529 -0.487663507
1129.98389 83.9869003 -15.0118427 -0.393813998 -0.817012906 0.421189576 0.334748954 0.541627228 0.85789758 -0.162173972 0.487556726 0.0383588858 -0.472426385 -0.880535066
1123.86169 83.9824448 -20.8797054 -0.380953163 -0.829442501 0.40853399 0.324081749 0.541616619 0.860099077 -0.155776605 0.485760599 0.0363706797 -0.454953462 -0.889772177
1131.17358 78.6417923 -15.4808569 -0.691732168 -0.17787537 0.699904978 0.336821854 0.528929055 0.711459041 -0.00167493452 0.702725589 0.00895978417 -0.97122997 -0.237975329
1125.21399 78.6420059 -21.3528862 -0.683984697 -0.200202271 0.701487005 0.32643795 0.528929651 0.716102839 -0.000846030307 0.697994351 -0.000702828343 -0.961423278 -0.275072604
1118.39062 83.5897293 -27.1357956 -0.732989252 -0.402522773 0.548363328 0.47124961 0.989616454 0.600112021 -0.00306641753 0.799910069 0.492881 -0.869859695 0.0203116592
1121.151 83.5896454 -23.7069473 -0.669139326 -0.39806816 0.627530336 0.477223992 0.989616215 0.679688931 0.0135862445 0.733374655 0.444715768 -0.891035318 -0.0910170227
1120.92676 83.9805069 -23.5514965 -0.398163408 -0.836939216 0.375497967 0.477494895 0.990544796 0.644724071 0.0358625948 0.763573647 0.866937339 -0.477113456 -0.14416115
1118.16772 83.980545 -26.9785156 -0.438009143 -0.837735951 0.326108158 0.471523702 0.990544915 0.604288995 -0.00580055732 0.796744168 0.860374808 -0.495800942 -0.118053772
1120.92676 83.9805069 -23.5514965 -0.398163408 -0.836939216 0.375497967 0.318967879 0.541611969 0.876064599 -0.225568205 0.42618072 0.0257916935 -0.419397086 -0.90743655
1121.151 83.5896454 -23.7069473 -0.669139326 -0.39806816 0.627530336 0.319358706 0.540683448 0.692759573 -0.0285162274 0.720604658 -0.0893617868 -0.795205772 -0.599718571
1121.151 83.5896454 -23.7069473 -0.669139326 -0.39806816 0.627530336 0.319358706 0.540683448 0.679688931 0.0135862445 0.733374655 0.444715768 -0.891035318 -0.0910170227
1122.35999 78.6420975 -24.0339146 -0.717330217 -0.216656491 0.662191391 0.321465105 0.52892977 0.678872406 -0.00352233881 0.734247863 0.130063489 -0.975356162 -0.178224578
1122.35999 78.6420975 -24.0339146 -0.717330217 -0.216656491 0.662191391 0.476654321 0.977862537 0.678872406 -0.00352233881 0.734247863 0.130063489 -0.975356162 -0.178224578
1119.54822 78.6422043 -27.5100594 -0.776024401 -0.222062126 0.590317369 0.470597506 0.977862775 0.605580568 -0.000812541693 0.795783639 0.27727446 -0.960785925 0.00307896733
1104.87463 83.5901337 -44.9128036 -0.654199481 -0.374331594 0.657190144 0.440275311 0.989617407 0.703782678 0.0169139132 0.710214019 0.425472409 -0.900544047 -0.0894082859
1112.77856 83.5898972 -35.2808266 -0.734272778 -0.389577538 0.555943251 0.457057863 0.989616871 0.6043064 -0.00199762965 0.796749592 0.479720205 -0.877218246 0.0188885611
1112.57373 83.981987 -35.1120605 -0.442350566 -0.832909405 0.332547754 0.457351953 0.990548372 0.608423471 -0.00627995189 0.793587804 0.854502738 -0.504007459 -0.125704706
1104.69946 83.9840012 -44.7250824 -0.396600842 -0.827724278 0.396963775 0.440602422 0.990553141 0.656765044 0.0462841652 0.752673626 0.85682565 -0.488980263 -0.163548931
1113.71545 78.6424179 -35.7674484 -0.772942424 -0.206184611 0.600039959 0.456209987 0.977863371 0.612794638 0.00251969532 0.790238202 0.258643985 -0.965971887 0.00124716468
1105.54614 78.6427155 -45.5322952 -0.68831867 -0.18639262 0.701052904 0.439195901 0.977863967 0.713023722 0.00397415319 0.701128662 0.156396553 -0.981828153 -0.107488103
1084.26392 83.5907364 -58.6827164 -0.356501818 -0.363949597 0.860492408 0.255087286 0.540686071 0.922817349 0.00675213058 0.385178834 -0.0146731697 -0.918712974 -0.39465344
1095.23828 83.590416 -52.8024902 -0.516717672 -0.365838766 0.774057508 0.274208754 0.540685356 0.83311218 -0.00650282437 0.553065956 -0.0139681092 -0.900385559 -0.434868902
1095.09949 83.9857864 -52.5905075 -0.315394938 -0.823202729 0.472084075 0.273966908 0.541624725 0.916355908 -0.13491568 0.37694782 0.0327389687 -0.506617904 -0.86154896
1084.16748 83.9871216 -58.4480972 -0.218468145 -0.821110368 0.527303994 0.254919142 0.541627824 0.95733726 -0.0756029859 0.278907984 0.0190323461 -0.543839335 -0.838973582
1104.87463 83.5901337 -44.9128036 -0.654199481 -0.374331594 0.657190144 0.290999025 0.54068464 0.717825532 -0.0336168259 0.695410967 -0.0901745856 -0.824126422 -0.55918175
1104.69946 83.9840012 -44.7250824 -0.396600842 -0.827724278 0.396963775 0.2906937 0.541620433 0.884167433 -0.228126168 0.407684445 0.0248116497 -0.44193399 -0.896704376
1104.87463 83.5901337 -44.9128036 -0.654199481 -0.374331594 0.657190144 0.290999025 0.54068464 0.703782678 0.0169139132 0.710214019 0.425472409 -0.900544047 -0.0894082859
1095.72473 78.643074 -53.5308228 -0.545245349 -0.176747873 0.819431365 0.275056362 0.528932035 0.832191229 0.00344217615 0.554478109 -0.00285611465 -0.97712183 -0.21266149
1105.54614 78.6427155 -45.5322952 -0.68831867 -0.18639262 0.701052904 0.292169034 0.528931201 0.713023722 0.00397415319 0.701128662 0.156396553 -0.981828153 -0.107488103
1084.59912 78.6434708 -59.4921799 -0.376826972 -0.17524147 0.909555912 0.255671144 0.528933108 0.923612595 0.00343300286 0.383312076 -0.000570386648 -0.981896937 -0.189415514
1059.95679 83.5914536 -63.5193863 -7.50283216e-05 -0.363690794 0.931519747 0.212734908 0.54068774 0.999973655 0.00673874049 0.00271152868 -2.82756664e-05 -0.931519687 -0.363690823
1072.34631 83.5910873 -62.2863235 -0.181802616 -0.363678932 0.913611293 0.234322146 0.540686905 0.981248915 -0.0066077942 0.192631736 -0.00676721567 -0.928609908 -0.370996028
1072.29688 83.9878006 -62.03759 -0.111622043 -0.820347905 0.560865223 0.234236017 0.541629493 0.991223335 -0.0516832434 0.12167652 0.00975003839 -0.565269113 -0.82484895
1059.95679 83.9881668 -63.2657242 -6.31903313e-05 -0.820243359 0.572014749 0.212734923 0.541630328 0.999866843 0.00928587373 0.0134259816 -3.23764216e-05 -0.572014749 -0.820243359
1072.51697 78.6439056 -63.1455154 -0.192145661 -0.175225526 0.965596259 0.234619617 0.528934062 0.980647922 0.00336309522 0.195751116 -0.000104162114 -0.983926773 -0.178572655
1059.95654 78.6443558 -64.3956146 -7.65278237e-05 -0.175274193 0.98451966 0.21273455 0.528935134 0.999993861 0.00343230367 0.000688786036 1.83336067e-06 -0.98451966 -0.175274193
1035.64832 83.5921707 -58.6858025 0.356406331 -0.363736391 0.860622168 0.17038025 0.540689647 0.924890697 0.00673836423 -0.380173683 0.0120551633 -0.919243634 -0.393504828
1047.56689 83.5918198 -62.2879868 0.18166095 -0.363655001 0.913648903 0.191147029 0.540688694 0.980273366 -0.00660365773 -0.197536349 0.0074451603 -0.928572893 -0.371075422
1047.61646 83.9885178 -62.039238 0.111544058 -0.820206761 0.561087191 0.191233277 0.541631162 0.988472641 0.0334108099 -0.147667751 -0.00933012366 -0.565450132 -0.824729741
1035.74548 83.9888687 -58.4514351 0.218831584 -0.820270479 0.528459251 0.170549467 0.541631877 0.963011563 0.0942866355 -0.252425909 -0.0207986627 -0.54538393 -0.837928295
1047.39587 78.6448059 -63.1472549 0.191997021 -0.175259084 0.965619743 0.190848902 0.528936207 0.980911255 0.00336437766 -0.194426835 -0.000149243308 -0.983930409 -0.178552762
1035.31274 78.6452408 -59.4954033 0.376691848 -0.175307333 0.909599185 0.169795662 0.528937161 0.924135268 0.00343309576 -0.382050037 -0.000494459237 -0.98196739 -0.189050123
1015.03961 83.5927887 -44.9171677 0.658622444 -0.363776892 0.658697903 0.134472027 0.540691078 0.711684167 0.0168489851 -0.702297509 -0.0840734169 -0.905470967 -0.415997654
1024.67261 83.5924988 -52.8065071 0.517471194 -0.363697708 0.774562895 0.151256368 0.540690362 0.830052614 -0.00660846056 -0.557645917 0.0206193849 -0.899617076 -0.436192662
1024.81348 83.9891891 -52.5956154 0.317758471 -0.820233285 0.475654244 0.151501939 0.541632593 0.907746971 0.118245818 -0.402509093 -0.0285956357 -0.509716034 -0.859867334
1015.21899 83.9894714 -44.7377777 0.404390186 -0.820296228 0.404453754 0.134784624 0.541633308 0.882104635 0.233008236 -0.409388334 -0.0250653643 -0.451999843 -0.891665876
1024.18567 78.6456375 -53.5350189 0.546915293 -0.175290197 0.818631172 0.150407895 0.528938234 0.831833959 0.003368682 -0.555014551 -0.000936120108 -0.977961898 -0.208781615
1014.41974 78.6459885 -45.5368538 0.6961146 -0.175335065 0.696191192 0.133391932 0.528939068 0.707573652 0.00343236257 -0.706631362 -0.101426475 -0.984011114 -0.146406904
1001.2688 83.5931931 -24.3093605 0.86056143 -0.363800734 0.356487155 0.566089749 0.540691912 0.385134518 0.00674215332 -0.922835827 -0.394477218 -0.918789327 0.0146305794
1007.14923 83.5930252 -35.2848473 0.774493635 -0.363732457 0.517550349 0.585213304 0.540691555 0.553447247 -0.00661096862 -0.832858026 -0.433203816 -0.9011724 0.0149317766
1007.36017 83.9897003 -35.1439285 0.47557947 -0.820254922 0.317814499 0.584967613 0.541633904 0.537237287 -0.0152534982 -0.84329325 -0.836215377 -0.533701003 -0.126124114
1001.50323 83.9898758 -24.2122726 0.528374434 -0.820310593 0.218885884 0.565920711 0.541634381 0.403180361 0.0155454939 -0.914988518 -0.826848567 -0.555708587 -0.0866572708
1015.03961 83.5927887 -44.9171677 0.658622444 -0.363776892 0.658697903 0.601996422 0.540691078 0.697385311 -0.0336779319 -0.715904653 -0.549988151 -0.830149353 0.0914613307
1015.21899 83.9894714 -44.7377777 0.404390186 -0.820296228 0.404453754 0.601683855 0.541633308 0.657648385 -0.0465163514 -0.751887619 -0.850177944 -0.500174224 -0.164387926
1015.03961 83.5927887 -44.9171677 0.658622444 -0.363776892 0.658697903 0.601996422 0.540691078 0.711684167 0.0168489851 -0.702297509 -0.0840734169 -0.905470967 -0.415997654
1006.42053 78.6462784 -35.7716522 0.818568766 -0.175313562 0.547001421 0.586061478 0.528939664 0.556101322 0.00336592551 -0.831107676 -0.210384741 -0.977617502 0.00150780729
1014.41974 78.6459885 -45.5368538 0.6961146 -0.175335065 0.696191192 0.60307622 0.528939068 0.707573652 0.00343236257 -0.706631362 -0.101426475 -0.984011114 -0.146406904
1000.45892 78.646492 -24.6447449 0.909553349 -0.175353408 0.376781046 0.566674113 0.52894026 0.38327381 0.00343468157 -0.923628449 -0.189533755 -0.981874108 0.000573475554
996.433044 83.593338 -3.96518145e-15 0.931473315 -0.363809675 0 0.523733377 0.54069227 0.00263265963 0.00674047973 -0.999973893 -0.363809705 -0.931473374 1.08094859e-07
997.665405 83.5932999 -12.3905182 0.913596392 -0.363747358 0.181740582 0.545322537 0.540692151 0.192569703 -0.00660895836 -0.981261134 -0.371077091 -0.928576708 0.00686340313
997.914246 83.989975 -12.341032 0.560994089 -0.82026273 0.111601129 0.54523623 0.541634619 0.173590243 -0.0152518256 -0.984699905 -0.821580112 -0.568204045 -0.0463713445
996.686768 83.9900131 -1.1920929e-07 0.571912766 -0.820314467 0 0.523733377 0.541634619 0.0223013777 0.0155482376 -0.999630451 -0.820314407 -0.571912825 1.82693825e-07
996.805847 78.6466293 -12.5614662 0.965590417 -0.175326511 0.192083225 0.545620441 0.528940499 0.195691973 0.00336540397 -0.980659664 -0.178673789 -0.983908415 0.000106412139
995.556396 78.6466751 1.19209282e-07 0.984504402 -0.175360322 0 0.523733377 0.528940618 0.000611742609 0.00343442149 -0.99999392 -0.175360322 -0.984504342 3.04301806e-09
1001.2688 83.5931931 24.3093605 0.860562027 -0.363798946 -0.356487542 0.481377393 0.540691912 -0.380269915 0.00674026133 -0.92485112 -0.393568575 -0.919216871 -0.0120060742
997.665405 83.5932999 12.3905182 0.913596511 -0.363746792 -0.181740686 0.502144575 0.540692151 -0.197632313 -0.00660947384 -0.980253994 -0.371159196 -0.92854017 -0.00735231768
997.914246 83.989975 12.341032 0.560994685 -0.820262194 -0.111601315 0.502230644 0.541634619 -0.21648477 -0.0152454795 -0.976166964 -0.821657538 -0.568153977 0.0456072614
1001.50323 83.9898758 24.2122726 0.528376222 -0.820309281 -0.218886733 0.481546491 0.541634381 -0.361971796 0.0155528178 -0.932059348 -0.826227725 -0.55613941 0.0897598788
996.805847 78.6466293 12.5614662 0.965590358 -0.175326675 -0.19208318 0.501846552 0.528940499 -0.194515869 0.00336807012 -0.980893612 -0.178624868 -0.983917236 0.000148301566
1000.45892 78.646492 24.6447468 0.90955323 -0.175353795 -0.376781017 0.480792969 0.52894026 -0.382143378 0.00343488809 -0.924096704 -0.189109892 -0.981955826 0.000488784746
1015.03961 83.5927887 44.9171677 0.658622682 -0.363776594 -0.658697903 0.445470691 0.540691078 -0.702378988 0.0168487802 -0.711603761 -0.416004062 -0.905465484 0.0841013715
1007.14929 83.5930252 35.2848473 0.774494231 -0.363730669 -0.517550647 0.462253898 0.540691555 -0.557738483 -0.00660682935 -0.829990506 -0.436253875 -0.899587572 -0.02061354
1007.36017 83.9897003 35.1439285 0.475581944 -0.820252895 -0.317816317 0.46249941 0.541633904 -0.573598087 -0.0152427349 -0.818995118 -0.838287771 -0.532106459 0.118896663
1015.21899 83.9894638 44.7377853 0.404392034 -0.82029444 -0.404455453 0.445783168 0.541633308 -0.657648146 0.0465167873 -0.751887798 -0.850140691 -0.500206113 0.164483503
1006.42053 78.6462784 35.7716522 0.818568587 -0.175313815 -0.547001302 0.461405605 0.528939664 -0.555104554 0.00336637814 -0.831773818 -0.208826885 -0.977952182 0.000931282004
1014.41974 78.6459885 45.5368538 0.6961146 -0.175335065 -0.696191192 0.444390923 0.528939068 -0.706708729 0.00343581103 -0.707496285 -0.146421462 -0.984009862 0.101416558
1035.64832 83.5921707 58.6858025 0.356406361 -0.363736004 -0.860622227 0.877086639 0.540689647 -0.922876775 0.0067403852 -0.385036379 0.0146121839 -0.91882807 0.394387633
1024.67261 83.5924988 52.8065071 0.517471135 -0.363697886 -0.774562836 0.89621079 0.540690362 -0.832919121 -0.00660759071 -0.553355336 0.0148094175 -0.901237607 0.433072209
1024.81348 83.9891891 52.5956154 0.317759007 -0.820232809 -0.475654721 0.895965219 0.541632593 -0.843363523 -0.0152385207 -0.537127435 -0.126161546 -0.533769429 0.836165905
1035.74548 83.9888687 58.4514351 0.218831554 -0.820270419 -0.528459251 0.876917601 0.541631877 -0.915038824 0.0155612333 -0.403065681 -0.0866872668 -0.555787444 0.826792419
1015.03961 83.5927887 44.9171677 0.658622682 -0.363776594 -0.658697903 0.9129951 0.540691078 -0.715986133 -0.0336847454 -0.697301447 0.0914067328 -0.83021605 0.549896479
1015.21899 83.9894638 44.7377853 0.404392034 -0.82029444 -0.404455453 0.912682533 0.541633308 -0.751977801 -0.0465024561 -0.657546163 -0.164426088 -0.500229478 0.850137949
1015.03961 83.5927887 44.9171677 0.658622682 -0.363776594 -0.658697903 0.9129951 0.540691078 -0.702378988 0.0168487802 -0.711603761 -0.416004062 -0.905465484 0.0841013715
1024.18567 78.6456375 53.5350189 0.546915233 -0.175290048 -0.818631291 0.897059083 0.528938234 -0.831167936 0.00336472201 -0.55601126 0.00151478662 -0.977625668 0.210346863
1014.41974 78.6459885 45.5368538 0.6961146 -0.175335065 -0.696191192 0.914075255 0.528939068 -0.706708729 0.00343581103 -0.707496285 -0.146421462 -0.984009862 0.101416558
1035.31274 78.6452408 59.4953995 0.376691818 -0.17530717 -0.909599185 0.87767148 0.528937161 -0.923667669 0.00343183544 -0.383179396 0.00058737467 -0.981884122 0.189481899
1059.95679 83.5914536 63.5193863 -7.50302279e-05 -0.363690823 -0.931519687 0.834732175 0.54068774 -0.999974072 0.00673841219 -0.00255031139 4.30037981e-05 -0.931519687 0.363690853
1047.56689 83.5918198 62.2879868 0.181660995 -0.363654703 -0.913649023 0.856320024 0.540688694 -0.981279314 -0.00661110319 -0.192476571 0.00674736686 -0.928625464 0.370957285
1047.61646 83.9885178 62.039238 0.111544088 -0.820206642 -0.56108743 0.856233835 0.541631162 -0.984717906 -0.0152363041 -0.173489109 -0.0463086478 -0.568287611 0.821525931
1059.95679 83.9881668 63.2657242 -6.32024457e-05 -0.82024312 -0.572015166 0.834732056 0.541630328 -0.999632418 0.0155608049 -0.0222030152 0.000113907139 -0.572015047 0.82024312
1047.39587 78.6448059 63.1472549 0.191997066 -0.175259024 -0.965619683 0.856618285 0.528936207 -0.980677605 0.0033674282 -0.195602298 0.000114765287 -0.98392123 0.178603545
1059.95654 78.6443558 64.3956146 -7.6525961e-05 -0.175274193 -0.98451972 0.834732413 0.528935134 -0.99999398 0.00343256816 -0.000533375482 -4.95667155e-06 -0.98451966 0.175274193
1084.26392 83.5907364 58.6827164 -0.356501788 -0.363949656 -0.860492408 0.792379737 0.540686071 -0.924834371 0.00673375698 0.380310565 -0.0120548941 -0.919139087 0.393748909
1072.34631 83.5910873 62.2863235 -0.181802645 -0.363678813 -0.913611352 0.813144922 0.540686905 -0.980241895 -0.00660781749 0.197692052 -0.0074683046 -0.928557217 0.371114433
1072.29688 83.9878006 62.03759 -0.111622132 -0.820347667 -0.5608657 0.813231111 0.541629493 -0.97614789 -0.0152463457 0.216570541 0.0455587246 -0.568023682 0.821750283
1084.16748 83.9871216 58.4480972 -0.218468025 -0.821110547 -0.527303815 0.792547941 0.541627824 -0.932049692 0.0155157251 0.361998022 0.0897354186 -0.554971159 0.82701546
1072.51697 78.6439056 63.1455154 -0.19214572 -0.175225466 -0.965596318 0.812847495 0.528934062 -0.980881631 0.00336612202 0.194576517 0.000148303894 -0.983935654 0.178523973
1084.59912 78.6434708 59.4921761 -0.376827061 -0.175241232 -0.909555972 0.791795969 0.528933108 -0.924080253 0.00343178865 0.382183313 0.000500061782 -0.98197937 0.188987657
1104.87463 83.5901337 44.9128036 -0.65420121 -0.374324918 -0.65719223 0.756468058 0.54068464 -0.713594854 0.0175723452 0.700338244 0.0889638662 -0.90098691 0.424626976
1095.23828 83.590416 52.8024902 -0.516718388 -0.365835667 -0.774058521 0.773258328 0.540685356 -0.830215752 -0.00676137675 0.557401359 -0.0196997393 -0.898790002 0.437936783
1095.09949 83.9857864 52.5905075 -0.315398216 -0.823198855 -0.472088754 0.773500204 0.541624725 -0.818868816 -0.0153106712 0.573776662 0.117301196 -0.527484953 0.841427386
1104.69934 83.9840012 44.7251434 -0.396611899 -0.82771349 -0.396975249 0.756773353 0.541620433 -0.752739251 0.0457162224 0.656729579 0.162073031 -0.488785207 0.857217252
1095.72473 78.643074 53.5308189 -0.545245409 -0.17674759 -0.819431365 0.772410512 0.528932035 -0.832856715 0.0032422191 0.553479254 0.000274907856 -0.977556884 0.210671619
1105.54614 78.6427231 45.5322952 -0.68831867 -0.186392576 -0.701052964 0.755298018 0.528931201 -0.713957131 0.00302984705 0.700182855 0.0560732819 -0.977204859 0.204759791
1112.77856 83.5898972 35.2808304 -0.734125555 -0.389552891 -0.556154847 0.580003262 0.989616871 -0.602503657 -0.00399759877 0.798106134 0.477986485 -0.878225148 -0.0157995112
1112.57361 83.981987 35.1123047 -0.442258745 -0.832903981 -0.332683504 0.57970953 0.990548372 -0.593211353 -0.00656020036 0.805020094 0.854741991 -0.503779173 0.124991246
1104.87463 83.5901337 44.9128036 -0.65420121 -0.374324918 -0.65719223 0.596785784 0.989617407 -0.698144376 -0.0353211164 0.715085268 0.559563756 -0.8241449 -0.087598823
1104.69934 83.9840012 44.7251434 -0.396611899 -0.82771349 -0.396975249 0.596458793 0.990553141 -0.656766891 -0.0462847501 0.752671957 0.85681051 -0.489001095 0.16356574
1104.87463 83.5901337 44.9128036 -0.65420121 -0.374324918 -0.65719223 0.596785784 0.989617407 -0.713594854 0.0175723452 0.700338244 0.0889638662 -0.90098691 0.424626976
1113.71545 78.6424179 35.7674484 -0.772816718 -0.206144422 -0.600215793 0.580851078 0.977863371 -0.613519013 0.000774143205 0.789679587 0.212749302 -0.975200653 0.0610046536
1105.54614 78.6427231 45.5322952 -0.68831867 -0.186392576 -0.701052964 0.597865224 0.977863967 -0.713957131 0.00302984705 0.700182855 0.0560732819 -0.977204859 0.204759791
1122.27637 84.0680389 19.2066956 0.085372366 -0.993018091 0.0814044401 0.931612968 0.820521951 0.996314287 0.0857677236 0.0013660643 -0.00153855956 -0.0818340108 -0.996644795
1119.33447 84.042984 21.8997154 0.0962453261 -0.991617441 0.0862071142 0.926487088 0.826919675 0.995311201 0.0967167616 0.00129906368 -0.00176944595 -0.086779505 -0.996226013
1118.85889 83.883812 21.4293404 0.483717293 -0.749802828 0.451456934 0.925658345 0.825802147 0.872360647 0.371351182 -0.317939013 0.0662236512 -0.482984453 -0.873121202
1121.80627 83.916008 18.7279778 0.451354593 -0.758312583 0.470362902 0.930794001 0.819384634 0.875680327 0.275004238 -0.396934301 0.008788771 -0.523305655 -0.852099836
1116.48962 84.0428391 25.4032631 0.104104184 -0.9914217 0.0790275931 0.921530247 0.835242987 0.994520187 0.104536965 0.00134770747 -0.00155879348 -0.0796218961 -0.996824026
1116.00586 83.883522 24.9388275 0.532213569 -0.746190727 0.399935216 0.920687318 0.834139585 0.84278518 0.511820555 -0.166591868 0.159915298 -0.375287026 -0.913009822
1119.97815 84.0702133 22.5095978 0.0220271852 -0.999601066 0.0176769812 0.92760849 0.828368545 0.99975729 0.022030564 -3.64519951e-06 2.68621061e-05 -0.0176806804 -0.999843717
1117.14233 84.0701523 26.0069447 0.0229620486 -0.999575615 0.0179279726 0.922667503 0.836677074 0.999736249 0.022966072 1.8606579e-05 -9.31063278e-06 -0.0179329161 -0.999839306
1122.91028 84.0862198 19.8271599 0.0146827595 -0.999847591 0.00945266988 0.932717443 0.821995795 0.999892235 0.0146839712 5.88681141e-05 -6.18808481e-05 -0.00945459586 -0.999955297
1134.8905 84.2174454 7.36216593 0.0450742058 -0.998496294 0.0312030707 0.953591704 0.792383075 0.998981833 0.0451124571 0.000522609334 -0.000847075076 -0.0312730037 -0.999510586
1128.15076 84.1262283 13.5327339 0.0702910796 -0.9955827 0.0622443371 0.941848636 0.80704236 0.997511923 0.0704916269 0.00102903636 -0.00123899453 -0.0624857731 -0.998045146
1127.67041 83.9906616 13.0579224 0.440604895 -0.773232698 0.45604673 0.941011548 0.805914402 0.878294766 0.26624921 -0.397126943 0.0138360104 -0.502106547 -0.864695132
1134.34009 84.1075974 6.95263577 0.399028778 -0.793833911 0.458915859 0.952632427 0.791410208 0.899116993 0.240547597 -0.365685135 0.0138269579 -0.495220929 -0.868657172
1128.79297 84.1234055 14.1484642 -0.000699082215 -0.999958694 -0.00906764902 0.942967415 0.808505177 0.999999821 -0.000699125812 1.6645414e-06 -2.23291918e-05 0.00906766858 -0.999958932
1135.61475 84.1817169 7.89361954 -0.0238521341 -0.998750448 -0.0439173579 0.954853535 0.79364562 0.99971509 -0.0238704905 -0.000106383144 0.0001372962 0.0439265817 -0.999034822
1142.95874 84.4123154 0.039418675 -0.0020913051 -0.999997854 0.000192591004 0.967649579 0.774986744 0.999997854 -0.00209130137 1.18154021e-05 3.49903239e-05 -0.00019266567 -1
1140.42822 84.3415985 3.1793282 0.0142233027 -0.999883056 -0.00562525354 0.963240385 0.782446146 0.999898911 0.0142239826 -8.04738083e-05 -0.000104386927 0.00562433666 -0.999984264
1139.70386 84.2666245 2.94558477 0.402194083 -0.82314831 0.400832772 0.961978436 0.78189075 0.909758568 0.310128123 -0.275970697 0.0543098971 -0.415582538 -0.907932639
1142.12134 84.3571854 0.0372284874 0.461601228 -0.887034774 0.00968247373 0.966190338 0.774981499 0.887087405 0.461581945 -0.00427856483 0.000728741114 -0.0105357151 -0.99994421
1141.36377 84.2611237 3.48273277 -0.0592041574 -0.995659769 -0.0718092844 0.964870572 0.783166766 0.998239458 -0.0593102947 -0.000655265409 0.000651670212 0.0718969032 -0.997411907
1144.03247 84.3063583 0.042143058 -0.0820501745 -0.996626735 -0.00172073278 0.96952045 0.774993062 0.996628225 -0.0820503458 3.33660282e-05 -0.00147426373 0.00184792571 -0.999997258
1135.24329 84.2199783 -7.10429955 0.0444205813 -0.9985466 -0.0305234641 0.954206347 0.758015513 0.999011219 0.0444564074 -0.000495699875 0.000878559542 0.0305926614 -0.999531627
1140.677 84.3432159 -3.00236607 0.0138742477 -0.999884129 0.00627507688 0.963673949 0.767760396 0.999903738 0.0138748521 5.22341434e-05 0.000117375486 -0.00627404731 -0.99998033
1139.95166 84.268692 -2.77197313 0.406979024 -0.825270236 -0.391531676 0.962410212 0.768307686 0.912544429 0.386287153 0.134331852 -0.139243484 0.367574632 -0.919510901
1134.69165 84.1108322 -6.69614363 0.398208648 -0.794182837 -0.459024549 0.953245163 0.758985043 0.915633619 0.374242902 0.146824196 -0.157619432 0.433727205 -0.887151062
1141.61316 84.2621613 -3.30181074 -0.0600211881 -0.995698154 0.0705879554 0.96530509 0.767049074 0.998186111 -0.0602035038 -0.00045610065 -0.000170108964 -0.0707052425 -0.997497261
1135.96802 84.1833344 -7.63450384 -0.0245114528 -0.998698592 0.0447256565 0.955469131 0.756755829 0.999699116 -0.0245292373 0.000151198052 -0.000106462874 -0.0447364897 -0.998998821
1122.21655 84.0690689 -19.2770653 0.0848257318 -0.993073106 -0.081304796 0.93150878 0.729096949 0.996360838 0.0852236897 -0.00143071555 0.00144899322 0.0817217454 -0.996654153
1128.31787 84.128273 -13.4246559 0.0694790408 -0.99565649 -0.0619738139 0.942139506 0.743000448 0.997569144 0.0696761161 -0.00102198869 0.00127292657 0.0622123741 -0.998062193
1127.83765 83.9932785 -12.9494057 0.438934058 -0.773697734 -0.45686838 0.941303015 0.744129539 0.895755291 0.416647494 0.155008167 -0.161137536 0.432443053 -0.887145936
1121.74805 83.9173203 -18.7966652 0.449784935 -0.758560896 -0.471464694 0.930692554 0.730238199 0.889596343 0.427454263 0.160938829 -0.166470885 0.44742173 -0.878692985
1128.95923 84.1247101 -14.0413113 -0.00129982468 -0.999953449 0.00956369098 0.943257093 0.741535485 0.999999166 -0.00130047754 -6.20942592e-05 1.87224578e-05 -0.00956372265 -0.999954343
1122.84839 84.0868759 -19.8998089 0.0143504869 -0.99985522 -0.00915518124 0.932609558 0.727617502 0.999897122 0.0143513866 -3.25279689e-05 5.92281358e-05 0.00915697403 -0.999958158
1116.47253 84.0428238 -25.4182663 0.104257539 -0.991419673 -0.0788518041 0.921500564 0.714507401 0.994504154 0.104688935 -0.00134568429 0.00156452763 0.079447262 -0.996837854
1119.255 84.0433273 -21.9751587 0.0962027237 -0.991639674 -0.0859987959 0.926348686 0.722687244 0.995312154 0.0967015624 -0.00164380483 0.00140577939 0.0865348205 -0.996247828
1118.78113 83.8842545 -21.5028267 0.483749837 -0.749830425 -0.45137614 0.925523043 0.723809421 0.871210694 0.461784571 0.166574776 -0.170394495 0.425178349 -0.88892591
1115.99011 83.8834915 -24.9522533 0.532926857 -0.74605304 -0.399241596 0.9206599 0.715614617 0.842334569 0.512574613 0.166552901 -0.159842134 0.374570966 -0.913316548
1119.89648 84.0704269 -22.5875664 0.0219640471 -0.999605715 -0.0174965505 0.927466273 0.721232355 0.99975872 0.021966815 3.39680701e-05 -4.53385364e-05 0.0174997728 -0.999846876
1117.12378 84.070137 -26.0239677 0.0229964387 -0.999575973 -0.0178620052 0.922635198 0.713068604 0.999735475 0.0230010655 -5.35543768e-05 -1.31840568e-06 0.017866699 -0.999840379
1103.16577 84.0824661 -43.0006981 0.0809124112 -0.993315637 -0.0823249891 0.898314953 0.6727373 0.996688426 0.081303075 -0.0013987706 0.000926747511 0.0826707408 -0.996576488
1110.90857 84.0593033 -33.5057259 0.09888421 -0.992186666 -0.0760763586 0.911805987 0.695294261 0.995060921 0.0992600694 -0.00116597873 0.00142781588 0.0765924454 -0.997061491
1110.4281 83.9044724 -33.0293045 0.525664747 -0.752834499 -0.396127552 0.910968781 0.696426213 0.847329795 0.504716277 0.16520828 -0.157753557 0.371310055 -0.915009737
1102.71692 83.9339828 -42.4924698 0.456702203 -0.763765395 -0.456163943 0.897532821 0.673944831 0.886369467 0.434451789 0.160003155 -0.163335949 0.432057321 -0.886931777
1111.55005 84.0807419 -34.1283913 0.018132953 -0.999725461 -0.014842391 0.912923813 0.693815172 0.99983561 0.0181356296 -4.56655071e-05 -1.84370492e-05 0.0148444967 -0.999889851
1103.75842 84.0956497 -43.6682281 0.0101647489 -0.999886334 -0.0111438027 0.899347663 0.671151519 0.999948323 0.0101655424 -1.47468782e-05 -4.50298539e-05 0.01114392 -0.999937952
1083.29382 84.1153717 -56.3211479 0.039016623 -0.994653463 -0.0956154019 0.863690495 0.641092241 0.999226928 0.039300561 -0.00108747766 0.00071467919 0.0957160145 -0.995408416
1093.84692 84.1019974 -50.6663513 0.0592923611 -0.994144142 -0.0903438777 0.882078052 0.654526234 0.998222053 0.0596010946 -0.000720943499 0.00119018531 0.0905734375 -0.995889127
1093.47839 83.9588547 -50.1002312 0.355026305 -0.76890713 -0.531731308 0.88143599 0.655871153 0.932901144 0.328161389 0.148343295 -0.149352938 0.514827788 -0.844183743
1083.03687 83.975853 -55.6952591 0.243268818 -0.770971298 -0.588577628 0.863242745 0.642579138 0.968661308 0.224480808 0.106318757 -0.117642477 0.578874946 -0.806885421
1094.33142 84.1082535 -51.4108582 0.0037754206 -0.999970734 -0.00665923487 0.882922292 0.652757645 0.999992967 0.00377569208 -2.82468554e-05 -4.52282511e-05 0.00665911147 -0.999977887
1083.63184 84.1169281 -57.1440697 0.00072386337 -0.999996424 -0.00257366383 0.864279389 0.639137387 0.999999762 0.000723925827 -2.33633982e-05 -3.46952693e-05 0.00257363939 -0.999996722
1059.95679 84.1203995 -60.9670258 -2.21796945e-05 -0.994920671 -0.100662746 0.823028326 0.630055189 1 1.8732997e-05 -0.00040548417 3.08155245e-06 0.100662753 -0.994920611
1071.84851 84.1200562 -59.7835464 0.0195794124 -0.994874895 -0.0992000774 0.843748331 0.6328668 0.999806404 0.0196781699 -1.70592302e-05 0.000411830522 0.0992271155 -0.995064795
1071.71655 83.9817429 -59.120224 0.123975568 -0.771811903 -0.623647869 0.843518496 0.634442627 0.992065549 0.109635755 0.0615310408 -0.0638342649 0.62099129 -0.78121388
1059.95679 83.9820862 -60.2905693 1.88549348e-05 -0.772029102 -0.635587215 0.823028326 0.631662309 0.99999088 0.00274484046 -0.00330441189 2.62493614e-07 0.635587215 -0.772029102
1072.02197 84.1200485 -60.6556244 -1.20744862e-05 -0.999999881 -0.000458969385 0.844050646 0.630795002 1 -1.20687046e-05 -1.25816587e-05 -2.29735469e-05 0.000458969647 -0.99999994
1059.95679 84.1203995 -61.8563805 -2.88704814e-05 -1 1.69109171e-10 0.823028326 0.627942443 1 -2.88704814e-05 1.85972979e-07 -4.63628112e-06 -3.52575122e-11 -1
1036.62512 84.1210709 -56.3276062 -0.0385411493 -0.994920552 -0.0929930881 0.782375813 0.641077042 0.999249041 -0.0387476422 0.000415325194 -0.000794613268 0.0930927172 -0.995657206
1048.06482 84.1207428 -59.7850761 -0.0196633432 -0.994918644 -0.0987435952 0.802308083 0.632863104 0.999802887 -0.0198383518 0.000790734834 -0.000423724967 0.0987709761 -0.995110095
1048.19678 83.9824295 -59.121727 -0.123992577 -0.771970928 -0.623447478 0.802537918 0.634439111 0.991859138 -0.114787631 -0.0551296808 0.0643582717 0.620716631 -0.781389177
1036.88403 83.9827652 -55.70261 -0.24321343 -0.772028208 -0.587213516 0.7828269 0.642561793 0.969024181 -0.220158935 -0.111902714 0.116383053 0.577791274 -0.807844281
1047.89136 84.1207504 -60.657196 -2.89624695e-05 -1 1.39997667e-07 0.802005887 0.630791306 1 -2.89624713e-05 3.89921115e-06 1.24746612e-05 -1.40359006e-07 -1
1036.28479 84.1210861 -57.1493073 -2.89779018e-05 -1 -1.87347212e-07 0.781782866 0.63912499 1 -2.89779036e-05 3.98822294e-06 1.65699839e-05 1.86867069e-07 -1
1016.8446 84.1216507 -43.1122055 -0.0711954534 -0.994919956 -0.0711731538 0.747910619 0.672472537 0.997444689 -0.07143794 0.000864268164 -0.0012302954 0.0714417398 -0.997444034
1026.09045 84.1213837 -50.684536 -0.0559526347 -0.994918525 -0.0837055817 0.764020324 0.65448314 0.998415709 -0.0562542826 0.00124762813 -0.000802090217 0.0838816762 -0.996475399
1026.46631 83.9830627 -50.1221466 -0.353140861 -0.771969259 -0.528540492 0.76467514 0.655819178 0.933329284 -0.329768032 -0.141949251 0.151747391 0.510196209 -0.846565247
1017.323 83.9833298 -42.6338348 -0.449416786 -0.772031188 -0.44943586 0.74874413 0.673608959 0.890873849 -0.424555689 -0.161543399 0.157400236 0.426800787 -0.890542746
1025.59644 84.1213913 -51.4239197 -2.81963294e-05 -1 9.91374691e-07 0.763159513 0.652726531 1 -2.81963203e-05 7.14903899e-06 -2.39977976e-06 -9.91307274e-07 -1
1016.2157 84.121666 -43.7411308 -2.8281931e-05 -1 1.06437039e-06 0.746814728 0.670978487 1 -2.82819128e-05 1.61360786e-05 -2.54388942e-06 -1.06429854e-06 -1
1003.6272 84.1220322 -23.332489 -0.0930149481 -0.99491936 -0.0385186225 0.724880695 0.719462633 0.995655656 -0.0931102782 0.000684222439 -0.00110083364 0.0387890786 -0.999246895
1009.27136 84.1218643 -33.8669395 -0.0837296471 -0.994917691 -0.0559313521 0.734715104 0.694436312 0.996471882 -0.0839213282 0.00108305016 -0.000734884932 0.0561900847 -0.998419821
1009.83374 83.9835434 -33.4911499 -0.528521597 -0.771973908 -0.353159189 0.735694885 0.69532907 0.846381009 -0.511329472 -0.148934707 0.147170812 0.326389968 -0.933707893
1004.25226 83.9837112 -23.0735893 -0.587202013 -0.772030473 -0.243234321 0.725969791 0.720077634 0.807924449 -0.577397346 -0.117773339 0.105877027 0.224657297 -0.968668759
1008.53192 84.1218948 -34.3609962 -2.95657956e-05 -1 -1.05534809e-07 0.73342669 0.693262637 1 -2.95657956e-05 1.12107227e-06 -3.64296943e-06 1.0564262e-07 -1
1002.80548 84.1220627 -23.6728725 -2.91554334e-05 -1 -2.90840489e-08 0.723448992 0.718653977 1 -2.91554315e-05 -2.00630202e-05 -1.4587582e-05 2.95093496e-08 -1
998.985779 84.1221695 -3.78186489e-15 -0.100673124 -0.994919538 -3.70283061e-07 0.716793656 0.774893045 0.994919598 -0.100673132 -1.94456842e-08 -0.000405869447 4.14397218e-05 -1
1000.16864 84.122139 -11.8926039 -0.0987595394 -0.994917512 -0.0196400192 0.718854666 0.746640086 0.995108545 -0.0987867862 0.000419769582 -1.70668281e-05 0.0197381973 -0.999805272
1000.83209 83.9838104 -11.7606411 -0.623444498 -0.771969974 -0.124014422 0.720010638 0.746953547 0.781379759 -0.620770991 -0.0639470965 0.0615439527 0.109668322 -0.992061198
999.662354 83.9838486 -4.1804786e-15 -0.635587156 -0.772029221 -2.38838567e-07 0.717972517 0.774893045 0.772029221 -0.635587037 -1.26503735e-07 -0.00332382321 0.00273670861 -0.999990821
999.296448 84.1221619 -12.0660973 -2.76666942e-05 -1 2.44648049e-07 0.717334867 0.74622792 1 -2.76667015e-05 -1.04117298e-05 -9.5673422e-06 -2.44383273e-07 -1
998.096313 84.1222 1.19209282e-07 -2.82890724e-05 -1 -1.18199047e-07 0.715243816 0.774893045 1 -2.82890724e-05 2.60311306e-09 8.27087831e-07 1.18175649e-07 -1
1003.6272 84.1220322 23.332489 -0.0930129439 -0.994919538 0.0385185406 0.724880695 0.830323458 0.995655596 -0.0931099728 -0.000728717248 0.000408005522 -0.0387243293 -0.999249935
1000.16864 84.1221313 11.8926039 -0.0987569541 -0.99491781 0.0196395088 0.718854666 0.803146005 0.995108843 -0.098784022 -0.000411062996 0.000782324816 -0.0198136047 -0.999803364
1000.83209 83.9838104 11.7606411 -0.623441756 -0.77197212 0.124013804 0.720010638 0.802832603 0.781395257 -0.62070179 0.0644276068 -0.0551622212 -0.114788555 -0.991857231
1004.25226 83.9837112 23.0735893 -0.587201238 -0.77203095 0.243234828 0.725969791 0.829708219 0.807857215 -0.577755392 0.11647068 -0.111941092 -0.220156372 -0.969020307
999.296448 84.1221542 12.0660973 -2.99438616e-05 -1 2.08341064e-07 0.717334867 0.803558171 1 -2.9943867e-05 -1.38757123e-05 3.70601265e-06 -2.08452079e-07 -1
1002.80548 84.1220627 23.6728706 -2.82645651e-05 -1 -2.6927421e-07 0.723448992 0.831132054 1 -2.82645578e-05 -2.97037714e-05 1.30303642e-05 2.68906035e-07 -1
1016.8446 84.1216507 43.1122055 -0.0711959749 -0.994919896 0.0711730495 0.747910619 0.877313554 0.997442245 -0.0714671165 -0.00126719859 0.000830091129 -0.0714131966 -0.997446477
1009.27136 84.1218796 33.8669395 -0.0837285444 -0.99491775 0.0559306107 0.734715104 0.855349898 0.996473432 -0.0839053318 -0.000815894979 0.00128562376 -0.0562355034 -0.998416722
1009.83374 83.983551 33.4911499 -0.528523922 -0.771971524 0.353160858 0.735694885 0.854457021 0.846575022 -0.510180473 0.151745304 -0.141982123 -0.329769343 -0.933323801
1017.323 83.9833298 42.6338348 -0.449417591 -0.772030771 0.449435622 0.74874413 0.876177132 0.890357733 -0.346158504 0.295698494 -0.0625612214 -0.474670529 -0.877937436
1008.53192 84.1218948 34.3610001 -2.60512406e-05 -1 -2.2430097e-06 0.73342669 0.856523514 1 -2.60512061e-05 -1.54212285e-05 1.47826377e-05 2.24262453e-06 -1
1016.2157 84.121666 43.7411308 -2.74677095e-05 -1 -1.76644414e-06 0.746814728 0.878807604 1 -2.74676986e-05 -7.34430023e-06 3.98812699e-06 1.76633455e-06 -1
1036.62512 84.1210709 56.3276062 -0.0385434814 -0.994919896 0.0929991007 0.782375813 0.908709049 0.999245822 -0.0388146415 -0.00110806536 0.000677374133 -0.093094252 -0.995657146
1026.09045 84.121376 50.684536 -0.0559552126 -0.994918048 0.0837096274 0.764020324 0.895302951 0.998418808 -0.0562103875 -0.000692749221 0.00104395777 -0.0838992223 -0.99647373
1026.46631 83.9830551 50.1221466 -0.353139848 -0.771970809 0.528538942 0.76467514 0.893966913 0.924925387 -0.203092471 0.321351081 -0.0175970774 -0.559356928 -0.82874012
1036.88403 83.9827499 55.70261 -0.243213475 -0.772027433 0.58721453 0.7828269 0.907224298 0.965864241 -0.13709791 0.219796762 -0.0199146755 -0.601290703 -0.79878211
1025.59644 84.1213913 51.4239197 -2.93704943e-05 -1 7.66096036e-07 0.763159513 0.897059619 1 -2.93704998e-05 -7.53754057e-06 -1.48075796e-05 -7.65661127e-07 -1
1036.28479 84.1210861 57.1492996 -2.94126257e-05 -1 1.16790045e-06 0.781782866 0.910661101 1 -2.94126276e-05 -2.50877724e-06 -1.68426977e-05 -1.167405e-06 -1
1059.95679 84.1203995 60.9670258 -2.21906757e-05 -0.994920611 0.100662887 0.823028326 0.919730902 1 -6.33360032e-05 -0.000405553525 -2.60291904e-06 -0.100662887 -0.994920671
1048.06482 84.1207428 59.7850723 -0.0196639691 -0.994918346 0.0987462252 0.802308083 0.916922748 0.999804676 -0.0197635368 -3.01126529e-05 0.000453774788 -0.0987742096 -0.995109856
1048.19678 83.9824295 59.1217232 -0.123992987 -0.771968961 0.623449802 0.802537918 0.91534698 0.991133273 -0.0661133304 0.115255691 -0.0121071199 -0.627074599 -0.778865099
1059.95679 83.9820862 60.2905693 1.8675817e-05 -0.772028446 0.635588109 0.823028326 0.918123782 0.999996603 -0.00164425804 -0.00202661403 -1.58426756e-05 -0.635588109 -0.772028387
1047.89136 84.1207504 60.657196 -2.89624732e-05 -1 -1.39992494e-07 0.802005887 0.918994844 1 -2.89624732e-05 -3.97070517e-06 -1.53518636e-06 1.40036889e-07 -1
1059.95679 84.1203995 61.8563805 -2.88704814e-05 -1 -1.73884018e-10 0.823028326 0.921843648 1 -2.88704814e-05 2.59985177e-06 5.61843217e-06 1.16771801e-11 -1
1083.29382 84.1153717 56.3211479 0.0390174985 -0.994653165 0.0956175178 0.863690495 0.90869385 0.999230087 0.0392311513 0.00035490669 -0.000832319958 -0.0957227051 -0.99540776
1071.84851 84.1200562 59.7835464 0.0195798501 -0.994874716 0.0992013514 0.843748331 0.916919291 0.999804497 0.0197558552 0.000792114763 -0.000381632824 -0.0992278159 -0.995064735
1071.71655 83.9817429 59.1202278 0.123975568 -0.771811724 0.623647988 0.843518496 0.915343523 0.991358042 0.0691749975 -0.111463703 0.0121917948 -0.62726444 -0.778711021
1083.03687 83.975853 55.6952591 0.243268892 -0.770971358 0.588577628 0.863242745 0.907206714 0.965453267 0.134043396 -0.223455846 0.0191190392 -0.602877438 -0.79760474
1072.02197 84.1200485 60.6556244 -1.19496581e-05 -0.99999994 0.000458838331 0.844050646 0.91899091 1 -1.19461447e-05 7.67973961e-06 1.94209533e-05 -0.000458838564 -0.99999994
1083.63184 84.1169357 57.1440697 0.000723806617 -0.999996483 0.00257352623 0.864279389 0.910648704 0.999999821 0.000723841309 1.25331471e-05 3.59029837e-05 -0.00257350132 -0.999996781
1103.16528 84.082489 43.0014725 0.0809086114 -0.993316293 0.0823204145 0.898314118 0.877050519 0.996692657 0.0812587589 0.000906622154 -0.00139466929 -0.0827039406 -0.99657321
1093.84692 84.1019974 50.6663513 0.0592927076 -0.994144022 0.0903452933 0.882078052 0.895259678 0.998218238 0.0596549325 0.00131210044 -0.000928859459 -0.0905594304 -0.995890617
1093.47839 83.9588547 50.1002312 0.355024219 -0.768901944 0.531740308 0.88143599 0.893914759 0.925068498 0.206847876 -0.318531394 0.0188593324 -0.562786698 -0.826386988
1102.71619 83.9340134 42.493454 0.456699282 -0.763760388 0.456175357 0.897531629 0.875843644 0.886790335 0.349964797 -0.301873505 0.0608745292 -0.484743476 -0.872535527
1094.33142 84.1082535 51.4108582 0.00377452257 -0.999970794 0.0066575231 0.882922292 0.897028506 0.999992907 0.00377469789 1.38316982e-05 2.68203567e-05 -0.00665746862 -0.999977887
1103.75806 84.095665 43.6687202 0.0101571996 -0.999886453 0.0111345388 0.899346948 0.878635705 0.999948442 0.0101577779 -4.65122412e-06 8.86013277e-06 -0.0111350222 -0.999938011
1110.90637 84.0593872 33.508812 0.0988404006 -0.992190063 0.0760897845 0.911802053 0.854499042 0.995063365 0.0992318988 0.00137257238 -0.00119755755 -0.0765827596 -0.997062564
1110.42517 83.9045792 33.0332642 0.525516152 -0.752871454 0.396254331 0.910963774 0.853369296 0.847112298 0.506252348 -0.161583781 0.158375621 -0.371043295 -0.915010393
1111.54858 84.0808029 34.1303673 0.0181101225 -0.999725938 0.0148345605 0.91292119 0.855975688 0.999836087 0.0181116741 -2.99704589e-05 3.48435969e-05 -0.0148363635 -0.99988997
1083.93982 84.1183548 57.8941345 -0.0406344309 -0.994373918 -0.0978232026 0.864816189 0.912430584 0.999160111 -0.0409581251 0.00130235997 -0.000834700943 0.0979378074 -0.99519217
1094.77307 84.1139603 52.0894394 -0.0562632903 -0.994884431 -0.0839017108 0.883691907 0.898640573 0.998400509 -0.0565317869 0.000826019212 -0.00118882826 0.0841015279 -0.996456504
1095.09949 83.9857864 52.5905075 -0.315398216 -0.823198855 -0.472088754 0.884260535 0.899830997 0.947404325 -0.301620781 -0.107004672 0.105255552 0.464063942 -0.879526019
1084.16748 83.9871216 58.4480972 -0.218468025 -0.821110547 -0.527303815 0.86521256 0.913746595 0.974658847 -0.210228667 -0.0764470771 0.0832157061 0.522712409 -0.848438025
1104.29822 84.1076813 44.2768631 -0.0663413182 -0.995608866 -0.066044949 0.900288343 0.880080402 0.997782946 -0.0665459931 0.000901593012 -0.0012503498 0.0662736744 -0.997800708
1104.69934 83.9840012 44.7251434 -0.396611899 -0.82771349 -0.396975249 0.900987148 0.881145358 0.916180432 -0.3840186 -0.114643544 0.111118123 0.385974526 -0.915792823
1112.13391 84.1003113 34.6968422 -0.0690053925 -0.996296346 -0.0513034388 0.913941026 0.857321501 0.997606754 -0.0691393837 0.000839508139 -0.000963458733 0.0514925532 -0.998672962
1112.57361 83.981987 35.1123047 -0.442258745 -0.832903981 -0.332683504 0.914707065 0.858308434 0.895188212 -0.432753086 -0.106596723 0.103445031 0.321085453 -0.941383779
1117.73718 84.0950317 26.5571136 -0.0644985512 -0.99677515 -0.0477415361 0.923704028 0.837984204 0.997910023 -0.0646141097 0.000879541214 -0.000695985509 0.0478860736 -0.998852551
1118.18884 83.9805527 26.9583321 -0.437524348 -0.837728322 -0.326777786 0.924491048 0.838937163 0.897681653 -0.428075105 -0.104495808 0.104201898 0.313723743 -0.943779349
1120.5647 84.0950241 23.0654202 -0.058040604 -0.996721685 -0.0563668832 0.92863059 0.829688907 0.9983055 -0.0581850521 0.000923343585 -0.000591435179 0.0564963855 -0.998402715
1121.01172 83.980484 23.4695549 -0.398214102 -0.83688581 -0.375563413 0.929409504 0.830649137 0.915611267 -0.387419969 -0.107526533 0.109678105 0.36304906 -0.925292552
1123.48804 84.1027908 20.3926468 -0.0614588335 -0.995753527 -0.0685407445 0.933724165 0.823339224 0.998096645 -0.0616636351 0.000874320627 -0.000813282153 0.0687204897 -0.997635663
1123.92688 83.9823608 20.8033924 -0.381959945 -0.829599559 -0.407272875 0.934489012 0.824315071 0.922411442 -0.369457185 -0.112511054 0.11235936 0.395731866 -0.911466837
1129.37842 84.1208267 14.709691 -0.0768667459 -0.99332422 -0.0860148445 0.94398737 0.809838533 0.997010767 -0.0772538036 0.00117536646 -0.000974845432 0.0863449126 -0.996264815
1129.81921 83.9867477 15.1172695 -0.394361764 -0.817465723 -0.419796079 0.944755554 0.810806751 0.916625679 -0.3824265 -0.116393447 0.117051169 0.408413976 -0.905260861
1136.2749 84.1491547 8.37807274 -0.0976468697 -0.987484992 -0.123848945 0.956003785 0.794796586 0.995125294 -0.0986055806 0.00162017962 -0.000915399403 0.124532707 -0.992215097
1136.76331 83.9936752 8.72995186 -0.395261824 -0.790626824 -0.467629462 0.95685482 0.795632482 0.914827585 -0.384720951 -0.122801684 0.125712737 0.457734972 -0.880156279
1142.2168 84.1877823 3.75931525 -0.138040811 -0.980432689 -0.140344694 0.966356874 0.783823967 0.990191877 -0.139700443 0.0019951209 -0.0042905719 0.142291903 -0.989815533
1142.83386 84.0031967 3.96020627 -0.460304677 -0.767656624 -0.44589588 0.967431903 0.784301281 0.882829547 -0.448687494 -0.138894826 0.132615015 0.437176108 -0.889545083
1145.0116 84.2097931 0.0446273759 -0.168957904 -0.985617399 -0.00341679272 0.971226454 0.774999142 0.985623002 -0.168959364 0.000141666897 -0.00705435872 0.00467580976 -0.999964178
1145.71326 84.0086288 0.0463378429 -0.571569741 -0.820493281 -0.00994740147 0.972448945 0.775003076 0.820548117 -0.571567714 -0.00332132541 -0.0292369649 0.0324790776 -0.999044776
1142.46667 84.1882858 -3.57478356 -0.139391094 -0.980655491 0.137422875 0.966792226 0.766400337 0.989987493 -0.141125306 -0.00290986896 0.00176740915 -0.13902387 -0.990287483
1143.08374 84.0033188 -3.77334929 -0.465824693 -0.769302607 0.437242478 0.967867374 0.765928745 0.861896217 -0.282583863 0.421047956 0.0245314389 -0.505165398 -0.862673879
1136.62866 84.1499405 -8.11781979 -0.0983294919 -0.987307906 0.124717303 0.956620216 0.755607724 0.995060146 -0.0992659703 -0.00130145252 0.0012725523 -0.125449285 -0.992099226
1137.1167 83.9938583 -8.46927071 -0.395761967 -0.789883673 0.468461841 0.957470655 0.754772663 0.873225749 -0.165731028 0.458268464 0.0385105722 -0.52393645 -0.850886464
1129.54395 84.1214676 -14.6033831 -0.0772446766 -0.993232906 0.0867288783 0.944275856 0.740200162 0.996981561 -0.0776311085 -0.0010867333 0.00103992876 -0.0870689973 -0.996201754
1129.98389 83.9869003 -15.0118427 -0.393813998 -0.817012906 0.421189576 0.945042491 0.739229739 0.85789758 -0.162173972 0.487556726 0.0383588858 -0.472426385 -0.880535066
1123.42419 84.1031036 -20.4673729 -0.0615449883 -0.995714545 0.0690273866 0.933613062 0.726269245 0.998090923 -0.0617558025 -0.000922155334 0.000838750391 -0.0692100748 -0.997601867
1123.86169 83.9824448 -20.8797054 -0.380953163 -0.829442501 0.40853399 0.934375286 0.725289583 0.860099077 -0.155776605 0.485760599 0.0363706797 -0.454953462 -0.889772177
1120.4812 84.0951309 -23.1456909 -0.0581102259 -0.996710479 0.0564933605 0.928485036 0.719906271 0.998302221 -0.0582425892 -0.000698005781 0.00084716588 -0.0566381961 -0.998394489
1120.92676 83.9805069 -23.5514965 -0.398163408 -0.836939216 0.375497967 0.929261565 0.718942225 0.876064599 -0.225568205 0.42618072 0.0257916935 -0.419397086 -0.90743655
1117.71716 84.0950317 -26.5759792 -0.0645882636 -0.996772528 0.0476764105 0.9236691 0.711757183 0.997904658 -0.0646973997 -0.000747993705 0.000913433207 -0.047835201 -0.998854816
1118.16772 83.980545 -26.9785156 -0.438009143 -0.837735951 0.326108158 0.924454212 0.710800946 0.897511184 -0.428172708 0.105555251 -0.102509938 -0.313847005 -0.943923652
1112.13464 84.1002884 -34.6958771 -0.0690051243 -0.996297956 0.0512715094 0.913942337 0.692466974 0.997606456 -0.069142662 -0.000911682146 0.000810198311 -0.0514499694 -0.998675346
1112.57373 83.981987 -35.1120605 -0.442350566 -0.832909405 0.332547754 0.914707422 0.691478193 0.895169199 -0.432688802 0.107016347 -0.106624648 -0.319327056 -0.941627026
1104.29846 84.1076736 -44.276619 -0.0663277879 -0.995610714 0.0660309941 0.900288582 0.669706225 0.997781932 -0.0665563568 -0.0012655087 0.000926132314 -0.0662381127 -0.99780345
1104.69946 83.9840012 -44.7250824 -0.396600842 -0.827724278 0.396963775 0.900987148 0.668640733 0.884167433 -0.228126168 0.407684445 0.0248116497 -0.44193399 -0.896704376
1094.77307 84.1139603 -52.0894394 -0.0562599972 -0.994885087 0.0838966966 0.883691907 0.651145518 0.998397231 -0.0565780066 -0.00141587399 0.00093419163 -0.0840821937 -0.996458411
1095.09949 83.9857864 -52.5905075 -0.315394938 -0.823202729 0.472084075 0.884260535 0.649955153 0.916355908 -0.13491568 0.37694782 0.0327389687 -0.506617904 -0.86154896
1083.93982 84.1183548 -57.8941345 -0.0406334922 -0.994374216 0.0978209227 0.864816189 0.637355566 0.999160171 -0.0409569778 -0.00130028406 0.000834820967 -0.0979355276 -0.995192409
1084.16748 83.9871216 -58.4480972 -0.218468145 -0.821110368 0.527303994 0.86521256 0.636039495 0.95733726 -0.0756029859 0.278907984 0.0190323461 -0.543839335 -0.838973582
1072.18005 84.1200485 -61.4504967 -0.0211321767 -0.994145513 0.105962932 0.844326258 0.628906786 0.999771714 -0.021350041 -0.000921975297 0.000454985071 -0.105996169 -0.994366527
1072.29688 83.9878006 -62.03759 -0.111622043 -0.820347905 0.560865223 0.844529629 0.627511799 0.991223335 -0.0516832434 0.12167652 0.00975003839 -0.565269113 -0.82484895
1059.95679 84.1203995 -62.6669998 -3.61792372e-05 -0.994100749 0.108460717 0.823028326 0.626016736 0.99999994 -8.78533319e-05 -0.000471655512 -1.32490959e-05 -0.108460717 -0.994100749
1059.95679 83.9881668 -63.2657242 -6.31903313e-05 -0.820243359 0.572014749 0.823028326 0.624594331 0.999866843 0.00928587373 0.0134259816 -3.23764216e-05 -0.572014749 -0.820243359
1047.73328 84.1207504 -61.4521141 0.0211269557 -0.994099557 0.106394604 0.801730275 0.628902853 0.999774277 0.0212504826 2.73123333e-05 -0.000518729503 -0.106429242 -0.994320214
1047.61646 83.9885178 -62.039238 0.111544058 -0.820206761 0.561087191 0.801526904 0.627507925 0.988472641 0.0334108099 -0.147667751 -0.00933012366 -0.565450132 -0.824729741
1035.97461 84.1210938 -57.8982544 0.0414671041 -0.994102955 0.100198872 0.781242132 0.637345731 0.999129057 0.0417236276 0.00046501591 -0.000939033926 -0.100323871 -0.994954467
1035.74548 83.9888687 -58.4514351 0.218831584 -0.820270479 0.528459251 0.780843019 0.636031449 0.963011563 0.0942866355 -0.252425909 -0.0207986627 -0.54538393 -0.837928295
1025.14612 84.1214066 -52.0978508 0.0602255315 -0.99410212 0.0901884586 0.762374997 0.651125491 0.998165131 0.0605458654 0.000817700231 -0.00130226859 -0.0904306397 -0.995901883
1024.81348 83.9891891 -52.5956154 0.317758471 -0.820233285 0.475654244 0.761795521 0.649942935 0.907746971 0.118245818 -0.402509093 -0.0285956357 -0.509716034 -0.859867334
1015.64246 84.1216812 -44.3143768 0.0766464397 -0.99410516 0.0766829103 0.745815992 0.66961664 0.997034669 0.076948069 0.00098209281 -0.00145605905 -0.0770206675 -0.99702841
1015.21899 83.9894714 -44.7377777 0.404390186 -0.820296228 0.404453754 0.745078206 0.668610752 0.882104635 0.233008236 -0.409388334 -0.0250653643 -0.451999843 -0.891665876
1007.85797 84.1219101 -34.8113174 0.0901490748 -0.994103551 0.0602601878 0.732252359 0.692192614 0.995907903 0.0903694406 0.000935925054 -0.0015313552 -0.0606448352 -0.998158216
1007.36017 83.9897003 -35.1439285 0.47557947 -0.820254922 0.317814499 0.731385231 0.691402435 0.877668262 0.466821969 -0.108516067 0.102469221 -0.307171434 -0.946121454
1002.05646 84.1220779 -23.9831219 0.100152627 -0.994106293 0.0414997078 0.722143888 0.717916846 0.994959772 0.10027165 0.000791372149 -0.00128860015 -0.0418389812 -0.999123573
1001.50323 83.9898758 -24.2122726 0.528374434 -0.820310593 0.218885884 0.721179962 0.717372537 0.847751677 0.52379477 -0.0834037811 0.0765980259 -0.210702688 -0.974544644
998.501465 84.1221848 -12.2242336 0.106343567 -0.994104326 0.0211601611 0.715949893 0.745852232 0.994325876 0.106376186 0.000418121926 -0.000915331999 -0.0213786997 -0.999771059
997.914246 83.989975 -12.341032 0.560994089 -0.82026273 0.111601129 0.7149266 0.745574713 0.827431202 0.559742332 -0.045235049 0.0396075323 -0.108062863 -0.993354797
997.285583 84.1222153 -3.90448477e-15 0.108406879 -0.99410665 3.98206055e-08 0.713831306 0.774893045 0.994106591 0.108406849 6.95607838e-08 -0.000471918873 -5.15028332e-05 -0.99999994
996.686768 83.9900131 -1.1920929e-07 0.571912766 -0.820314467 0 0.712787867 0.774893045 0.820314407 0.571912766 7.01034679e-08 -0.00343260402 -0.0023931677 -0.999991298
998.501465 84.1221848 12.2242336 0.106341258 -0.994104505 -0.0211597029 0.715949893 0.803933859 0.994325817 0.106376097 -0.00052437291 3.12348857e-05 0.0212837104 -0.999773502
997.914246 83.989975 12.341032 0.560994685 -0.820262194 -0.111601315 0.7149266 0.804211199 0.827423871 0.559775114 0.0449644625 -0.0461684465 0.103602096 -0.993546724
1002.05646 84.1220779 23.9831219 0.100151591 -0.994106412 -0.0414993204 0.722143888 0.831869006 0.994959593 0.10027387 -0.000870148593 0.000482026953 0.0417574979 -0.999127686
1001.50323 83.9898758 24.2122726 0.528376222 -0.820309281 -0.218886733 0.721179962 0.832413554 0.847695291 0.524068236 0.0822521448 -0.0827363953 0.206837058 -0.97487092
1007.85797 84.1219101 34.8113213 0.0901502222 -0.994103432 -0.0602611937 0.732252359 0.857593417 0.995905936 0.0903874114 -0.00121614989 0.000886888301 0.0605876781 -0.998162508
1007.36017 83.9897003 35.1439285 0.475581944 -0.820252895 -0.317816317 0.731385231 0.858383656 0.877505422 0.467704803 0.106003173 -0.107582375 0.304343551 -0.946467757
1015.64246 84.1216812 44.3143768 0.0766483694 -0.994104922 -0.0766848251 0.745815992 0.880169511 0.997031033 0.0769867375 -0.00146181684 0.000990059576 0.0769869313 -0.997031629
1015.21899 83.9894638 44.7377853 0.404392034 -0.82029444 -0.404455453 0.745078206 0.881175339 0.912139535 0.394053102 0.112799607 -0.116849363 0.392264605 -0.912400603
1025.14612 84.1214066 52.0978508 0.0602263547 -0.994101942 -0.0901893377 0.762374997 0.8986606 0.998160839 0.0606047399 -0.00146033184 0.00102041778 0.0904146284 -0.99590373
1024.81348 83.9891891 52.5956154 0.317759007 -0.820232809 -0.475654721 0.761795521 0.899843156 0.946139455 0.307120234 0.102457166 -0.108489469 0.466908097 -0.877625704
1035.97461 84.1210938 57.8982544 0.0414670482 -0.994103014 -0.100198761 0.781242132 0.91244036 0.999125004 0.0418041833 -0.00126650499 0.000805035408 0.100318231 -0.994955122
1035.74548 83.9888687 58.4514351 0.218831554 -0.820270419 -0.528459251 0.780843019 0.913754642 0.974559307 0.210621491 0.0766336098 -0.0833066031 0.523902714 -0.847694516
1047.73328 84.1207504 61.4521141 0.0211269669 -0.994099557 -0.106394738 0.801730275 0.920883179 0.999771714 0.0213481523 -0.000940300641 0.000483596465 0.106428638 -0.994320333
1047.61646 83.9885178 62.039238 0.111544088 -0.820206642 -0.56108743 0.801526904 0.922277927 0.993362129 0.107993238 0.0396139883 -0.0451470204 0.559845448 -0.827366233
1059.95679 84.1203995 62.6670036 -3.6187208e-05 -0.99410069 -0.108461224 0.823028326 0.923769414 0.99999994 1.5245243e-05 -0.000473376829 1.35024957e-05 0.108461238 -0.994100749
1059.95679 83.9881668 63.2657242 -6.32024457e-05 -0.82024312 -0.572015166 0.823028326 0.92519176 0.999991357 0.00233062822 -0.00345250336 4.80217786e-05 0.572015166 -0.820243061
1072.18005 84.1200485 61.4505005 -0.0211325269 -0.994145334 -0.105964556 0.844326258 0.920879304 0.999774098 -0.0212571044 4.62502867e-05 -0.000490679522 0.105998516 -0.994366169
1072.29688 83.9878006 62.03759 -0.111622132 -0.820347667 -0.5608657 0.844529629 0.922274053 0.993545651 -0.103591427 -0.0462155342 0.0449524708 0.559646904 -0.827511191
1107.43579 64.8584213 47.2760391 -0.67952615 -0.191893011 -0.708111167 0.752005458 0.49618423 -0.721111059 -0.00299549149 0.692813039 -0.001713256 -0.9647699 0.263089776
1116.35046 64.8579407 37.137188 -0.760759652 -0.206021026 -0.615467489 0.736472845 0.496183038 -0.629310966 0.00215252955 0.777150631 0.110815413 -0.975589395 0.189592525
1116.35046 64.8579407 37.137188 -0.760759652 -0.206021026 -0.615467489 0.583237648 0.945115864 -0.629310966 0.00215252955 0.777150631 0.110815413 -0.975589395 0.189592525
1122.82251 64.8575897 28.5418148 -0.768645704 -0.217217237 -0.601664901 0.568261266 0.94511497 -0.616301596 -0.000458753639 0.787510216 0.272865683 -0.962051332 -0.00126796332
1113.71545 78.6424179 35.7674484 -0.772816718 -0.206144422 -0.600215793 0.741063952 0.528930604 -0.613519013 0.000774143205 0.789679587 0.212749302 -0.975200653 0.0610046536
1125.83643 64.8574295 24.8673515 -0.729793608 -0.213270426 -0.649551332 0.561859012 0.945114672 -0.664624512 -0.00136301166 0.747176349 0.174162701 -0.976748049 0.125022694
1130.07556 45.8701706 26.2469215 -0.748349786 -0.198350772 -0.632953107 0.712558508 0.451074243 -0.645713627 -0.000455796078 0.763579547 0.205241382 -0.9766559 0.0633982345
1125.83643 64.8574295 24.8673515 -0.729793608 -0.213270426 -0.649551332 0.719944715 0.496181846 -0.664624512 -0.00136301166 0.747176349 0.174162701 -0.976748049 0.125022694
1128.47925 64.8572922 22.1492119 -0.712923169 -0.199154943 -0.672367454 0.715339661 0.496181607 -0.685746849 -0.00245301262 0.727836072 0.0519672185 -0.971191585 0.232564747
1132.4718 45.9424667 23.4647522 -0.755543172 -0.185470298 -0.62829566 0.708383322 0.451246142 -0.639447868 0.000404892024 0.768834412 0.191718176 -0.979695678 0.058655683
1128.47925 64.8572922 22.1492119 -0.712923169 -0.199154943 -0.672367454 0.557122827 0.945114315 -0.685746849 -0.00245301262 0.727836072 0.0519672185 -0.971191585 0.232564747
1133.8385 64.8570328 16.4228039 -0.727311671 -0.175930068 -0.66337502 0.547145367 0.945113719 -0.674094915 0.00158995145 0.73864305 0.0925141349 -0.98289603 0.159237757
1137.12671 46.1595764 17.6809654 -0.783551216 -0.156050816 -0.601411462 0.700272679 0.451761842 -0.608983278 0.000900301558 0.793182552 0.156301752 -0.98632443 0.0522874929
1133.8385 64.8570328 16.4228039 -0.727311671 -0.175930068 -0.66337502 0.706001997 0.496180892 -0.674094915 0.00158995145 0.73864305 0.0925141349 -0.98289603 0.159237757
1139.87781 64.8567352 9.85086441 -0.740398645 -0.134094179 -0.658656776 0.695479155 0.496180177 -0.664348245 -0.00304794218 0.747417033 0.0320662148 -0.985829651 0.164656654
1142.1792 46.4415741 10.9179707 -0.815294921 -0.111540146 -0.568201482 0.691469312 0.452431798 -0.571649313 -0.00129918347 0.820497096 0.103133187 -0.993553877 0.0470558032
1139.87781 64.8567352 9.85086441 -0.740398645 -0.134094179 -0.658656776 0.53569448 0.945113063 -0.664348245 -0.00304794218 0.747417033 0.0320662148 -0.985829651 0.164656654
1144.56116 64.8565216 4.59613037 -0.838478446 -0.0824455768 -0.538662016 0.52653873 0.945112467 -0.540699244 0.00286411238 0.84121114 0.0798975155 -0.9964059 0.028138075
1146.60815 64.8564377 0.0370755196 -0.998137891 -0.0596567392 -0.0127289966 0.518595219 0.945112288 -0.01294199 0.00318532484 0.999911189 0.0596574992 -0.998218954 0.000320245046
1144.56116 64.8565216 4.59613037 -0.838478446 -0.0824455768 -0.538662016 0.687318921 0.496179581 -0.540699244 0.00286411238 0.84121114 0.0798975155 -0.9964059 0.028138075
1144.73853 64.856514 -4.44782829 -0.845970273 -0.081404306 0.526979744 0.510780692 0.945112467 0.528563261 0.00244688476 0.848890364 0.0626922622 -0.996608198 -0.0533083193
1145.88025 46.7085609 -5.09195566 -0.907164156 -0.0655553937 0.415638894 0.362446427 0.453066111 0.416576207 -0.000693105336 0.909100533 0.0507130139 -0.997622669 -0.046661932
1144.73853 64.856514 -4.44782829 -0.845970273 -0.081404306 0.526979744 0.360457182 0.496179581 0.528563261 0.00244688476 0.848890364 0.0626922622 -0.996608198 -0.0533083193
1140.12463 64.8567276 -9.65013885 -0.740736723 -0.13263084 0.658572912 0.352417827 0.496180177 0.663914204 0.00519591058 0.747790754 0.0266187191 -0.985342264 -0.168499634
1142.328 46.4415665 -10.7815628 -0.815369964 -0.109923847 0.568408847 0.356256932 0.452431798 0.571750045 0.00136495545 0.820426702 0.0993312597 -0.993812382 -0.0497035682
1140.12463 64.8567276 -9.65013885 -0.740736723 -0.13263084 0.658572912 0.501716375 0.945112944 0.663914204 0.00519591058 0.747790754 0.0266187191 -0.985342264 -0.168499634
1133.93872 64.8570251 -16.3614159 -0.726083219 -0.174954057 0.664976835 0.490022689 0.945113719 0.67555517 -0.0012357533 0.737308443 0.092281051 -0.983133793 -0.157899499
1137.16248 46.1595764 -17.6664734 -0.782301903 -0.154920042 0.603327096 0.34725669 0.451761842 0.6108042 -0.000840453897 0.791781306 0.139199138 -0.987563372 -0.0730907172
1133.93872 64.8570251 -16.3614159 -0.726083219 -0.174954057 0.664976835 0.341639698 0.496180892 0.67555517 -0.0012357533 0.737308443 0.092281051 -0.983133793 -0.157899499
1128.40796 64.8572998 -22.2425079 -0.711418867 -0.198911056 0.6740309 0.332002997 0.496181607 0.687223971 0.00370129338 0.726436138 -0.00605431013 -0.957338035 -0.288907021
1132.38562 45.942482 -23.5757999 -0.75453347 -0.184966922 0.629655838 0.338933706 0.451246142 0.640931427 -0.00152717181 0.767596781 0.139627382 -0.982738018 -0.121368662
1125.75928 64.8574295 -24.9542675 -0.72937268 -0.213449523 0.649965227 0.327387959 0.496181846 0.665663779 -0.00225545652 0.746248424 0.120379426 -0.975299239 -0.185203269
1129.99951 45.8701744 -26.3386574 -0.748176098 -0.198237583 0.63319391 0.334776014 0.451074362 0.646108925 -0.000611293828 0.763245106 0.204408064 -0.976773262 -0.0642771944
1125.75928 64.8574295 -24.9542675 -0.72937268 -0.213449523 0.649965227 0.475050658 0.945114672 0.665663779 -0.00225545652 0.746248424 0.120379426 -0.975299239 -0.185203269
1122.80322 64.8575897 -28.5635433 -0.768953621 -0.217379093 0.60121268 0.468761921 0.94511497 0.616072536 -0.00074752717 0.787689209 0.273177922 -0.961962342 0.00158120261
1116.35046 64.8579407 -37.137188 -0.760831773 -0.206047624 0.61536932 0.453823358 0.945115864 0.628714681 0.000907525828 0.777635574 0.212788895 -0.97503984 -0.0633897036
1116.35046 64.8579407 -37.137188 -0.760831773 -0.206047624 0.61536932 0.310994297 0.496183038 0.628714681 0.000907525828 0.777635574 0.212788895 -0.97503984 -0.0633897036
1107.43579 64.8584213 -47.2760391 -0.67952615 -0.191893011 0.708111107 0.295461535 0.49618423 0.721111 0.00299549801 0.692813098 0.0513634235 -0.975262582 -0.214999154
1107.43579 64.8584213 -47.2760391 -0.67952615 -0.191893011 0.708111107 0.436157644 0.945116937 0.721111 0.00299549801 0.692813098 0.0513634235 -0.975262582 -0.214999154
1097.09412 64.8589706 -55.5809402 -0.542364597 -0.184975937 0.81952709 0.277442336 0.496185422 0.833570719 0.00329802465 0.552403033 -0.00184202346 -0.975197017 -0.221331328
1085.54236 64.859581 -61.7706604 -0.376226187 -0.183939442 0.908086061 0.257314771 0.496186972 0.923585355 0.0035963452 0.383376122 -0.00129090133 -0.979990721 -0.199039087
1072.99756 64.8602448 -65.5639877 -0.191843733 -0.183919311 0.964038312 0.235456988 0.496188521 0.980633795 0.00352596515 0.195818931 -0.000458313152 -0.982266784 -0.187488168
1059.95618 64.8609314 -66.86203 -8.45787072e-05 -0.183966532 0.982932568 0.21273379 0.49619019 0.999993265 0.00359687023 0.000759240938 -5.10807865e-07 -0.982932508 -0.183966517
1046.91418 64.861618 -65.5659332 0.191679791 -0.183946878 0.964065552 0.190009803 0.49619174 0.980924129 0.00352624361 -0.194358885 0.000177219321 -0.982273042 -0.187456176
1034.36841 64.8622818 -61.7742691 0.376077861 -0.183993623 0.908136487 0.168150127 0.496193409 0.924161434 0.00359783648 -0.381985188 0.000125034581 -0.980076432 -0.198620856
1022.815 64.8628922 -55.58564 0.546028793 -0.183972478 0.817316771 0.148019686 0.496194839 0.831870914 0.00352740847 -0.554958045 -7.36457732e-05 -0.975600839 -0.219551936
1012.67499 64.8634262 -47.2811508 0.694989264 -0.18401669 0.695073903 0.130351931 0.496196151 0.707621455 0.00359870726 -0.706582546 -0.105329096 -0.982323289 -0.154747978
1012.67499 64.8634262 -47.2811508 0.694989264 -0.18401669 0.695073903 0.606115222 0.496196151 0.707621455 0.00359870726 -0.706582546 -0.105329096 -0.982323289 -0.154747978
1004.36932 64.8638687 -37.1419182 0.817248404 -0.183992013 0.546124518 0.588449001 0.496197104 0.556155324 0.00352655747 -0.83107084 -0.221284255 -0.975206017 0.00258930167
998.179321 64.8641968 -25.5887985 0.908087492 -0.184032097 0.376177251 0.568319082 0.496197939 0.383333683 0.00359785673 -0.923602879 -0.199134141 -0.979971468 0.00128929119
994.38623 64.8643951 -13.0426559 0.964035869 -0.184002608 0.19177556 0.54645884 0.496198416 0.195753276 0.00352751859 -0.980646849 -0.187569842 -0.982251227 0.000455007976
993.088989 64.8644638 -4.17387936e-15 0.982919276 -0.184037387 0 0.523733377 0.496198535 0.000673763861 0.00359849678 -0.999993324 -0.184037387 -0.982919335 -4.16814361e-09
994.38623 64.8643951 13.0426559 0.964035988 -0.184002578 -0.19177556 0.501008153 0.496198416 -0.194457695 0.00352881593 -0.980904579 -0.187516451 -0.982261539 -0.000176878122
998.179321 64.8641968 25.5887985 0.908087492 -0.184032008 -0.376177281 0.47914806 0.496197939 -0.382089138 0.00359757431 -0.924118578 -0.198670879 -0.980066299 -0.000124833678
1004.36932 64.8638687 37.1419182 0.817248404 -0.183991954 -0.546124578 0.459018111 0.496197104 -0.555057406 0.00352803362 -0.831804633 -0.219590738 -0.975592077 7.49139072e-05
1012.67499 64.8634262 47.2811508 0.694989324 -0.18401666 -0.695073903 0.441351652 0.496196151 -0.706668735 0.00359817804 -0.707535446 -0.154764161 -0.982321799 0.105318487
1012.67499 64.8634262 47.2811508 0.694989324 -0.18401666 -0.695073903 0.917115092 0.496196151 -0.706668735 0.00359817804 -0.707535446 -0.154764161 -0.982321799 0.105318487
1022.815 64.8628922 55.58564 0.546028793 -0.183972508 -0.817316771 0.899447441 0.496194839 -0.831137419 0.00352687505 -0.556055844 0.00259425538 -0.975214303 0.221247345
1034.36841 64.8622818 61.7742691 0.376077861 -0.183993697 -0.908136487 0.879316926 0.496193409 -0.923646152 0.00359741529 -0.383229524 0.0012871786 -0.97998178 0.19908303
1046.91418 64.861618 65.5659332 0.19167982 -0.183946893 -0.964065552 0.85745728 0.49619174 -0.980666757 0.00352616119 -0.195653364 0.0004571795 -0.982262671 0.187509879
1059.95618 64.8609314 66.86203 -8.45730901e-05 -0.183966503 -0.982932508 0.834733248 0.49619019 -0.999993443 0.00359542179 -0.000586882408 -3.48603322e-07 -0.982932508 0.183966503
1072.99756 64.8602448 65.5639877 -0.191843748 -0.183919325 -0.964038312 0.81201005 0.496188521 -0.980891347 0.00352591067 0.194524854 -0.000176940579 -0.982277155 0.187434152
1085.54236 64.859581 61.7706604 -0.376226217 -0.183939502 -0.908085942 0.790152311 0.496186972 -0.924100399 0.0035958041 0.382132739 -0.00012886271 -0.980085313 0.198576897
1097.09412 64.8589706 55.5809364 -0.542364597 -0.184975967 -0.819527149 0.770024776 0.496185422 -0.834269643 0.00343484012 0.551345944 0.000664059422 -0.975555241 0.219753698
1017.44452 83.5684052 -42.512249 -0.702530444 -0.113205761 -0.702591896 0.444457978 0.98956579 -0.706955612 -0.00223855139 0.707254469 0.130133137 -0.991055727 0.0295630246
1009.97668 83.5686264 -33.3956375 -0.826108038 -0.113180541 -0.552028716 0.460342556 0.989566326 -0.555804968 0.00219200784 0.831309915 0.156789228 -0.98710537 -0.0322514661
1009.83374 83.9835434 -33.4911499 -0.528521597 -0.771973908 -0.353159189 0.46017611 0.990552068 -0.571518362 0.0159538202 0.820434332 0.772640646 -0.609779119 0.176623493
1017.323 83.9833298 -42.6338348 -0.449416786 -0.772031188 -0.44943586 0.444246143 0.990551531 -0.692928553 -0.0162558798 0.72082305 0.635981262 -0.629818201 0.445933729
1004.41107 83.5687943 -23.0077877 -0.917932689 -0.113194659 -0.380245596 0.478442192 0.989566803 -0.382939756 0.00223660283 0.923770726 0.131491721 -0.991064191 -0.0223996863
1004.25226 83.9837112 -23.0735893 -0.587202013 -0.772030473 -0.243234321 0.478327572 0.990552485 -0.400823116 0.0162671953 0.916011155 0.770101488 -0.625384569 0.125848711
1001.00067 83.5688934 -11.7271023 -0.974482119 -0.113169007 -0.193848714 0.498097479 0.989566982 -0.195346743 0.00219409959 0.980731785 0.11757832 -0.992998719 -0.0113556832
1000.83209 83.9838104 -11.7606411 -0.623444498 -0.771969974 -0.124014422 0.498039007 0.990552723 -0.214032724 0.0159502421 0.976696312 0.771145105 -0.63328886 0.0654266551
999.834229 83.5689316 -3.71984768e-15 -0.993573606 -0.11318855 0 0.518530607 0.989567101 -0.000254828716 0.00223689224 0.999997497 0.113188542 -0.993573606 -4.9332658e-09
999.662354 83.9838486 -4.1804786e-15 -0.635587156 -0.772029221 -2.38838567e-07 0.518530607 0.990552843 -0.0197540727 0.0162625872 0.999672592 0.772029161 -0.635587215 1.27154436e-07
1001.00067 83.5688934 11.7271023 -0.974482059 -0.113169864 0.19384864 0.538963675 0.989566982 0.194856584 0.00219319435 0.980829358 0.117458351 -0.993019819 0.0107359663
1000.83209 83.9838104 11.7606411 -0.623441756 -0.77197212 0.124013804 0.539022088 0.990552723 0.176040322 0.0159464013 0.984253883 0.771050096 -0.633327127 -0.0661703348
1004.41107 83.5687943 23.0077877 -0.917932451 -0.113195427 0.380245566 0.558619022 0.989566803 0.38246879 0.00223787385 0.923965693 0.13053064 -0.991242111 0.0200245678
1004.25226 83.9837112 23.0735893 -0.587201238 -0.77203095 0.243234828 0.558733582 0.990552485 0.364322782 0.0162592363 0.931130767 0.769282997 -0.625751317 -0.128992528
1009.97668 83.5686264 33.3956375 -0.826108038 -0.113179602 0.552028775 0.57671845 0.989566326 0.555389464 0.00219553313 0.831587553 0.15338482 -0.987797201 0.0270166099
1009.83374 83.983551 33.4911499 -0.528523922 -0.771971524 0.353160858 0.576884866 0.990552068 0.539311051 0.0159423519 0.841955841 0.769868374 -0.611165226 -0.183792576
1017.44452 83.5684052 42.512249 -0.702530503 -0.113206372 0.702591777 0.592603087 0.98956579 0.706955492 0.0022381586 0.707254469 0.130113363 -0.991057634 -0.0295839626
1017.323 83.9833298 42.6338348 -0.449417591 -0.772030771 0.449435622 0.592814922 0.990551531 0.663258612 0.0486530289 0.746807158 0.772090554 -0.588746846 -0.239277065
1017.44452 83.5684052 42.512249 -0.702530503 -0.113206372 0.702591777 0.138662308 0.540633023 0.706955492 0.0022381586 0.707254469 0.130113363 -0.991057634 -0.0295839626
1026.56177 83.5681305 49.9792099 -0.551957309 -0.113189802 0.82615447 0.15454796 0.540632427 0.83135736 0.00219405047 0.555733979 -0.032205902 -0.987111628 -0.156759128
1026.46631 83.9830551 50.1221466 -0.353139848 -0.771970809 0.528538942 0.154381618 0.541618049 0.924925387 -0.203092471 0.321351081 -0.0175970774 -0.559356928 -0.82874012
1017.323 83.9833298 42.6338348 -0.449417591 -0.772030771 0.449435622 0.138450503 0.541618764 0.890357733 -0.346158504 0.295698494 -0.0625612214 -0.474670529 -0.877937436
1036.94983 83.5678177 55.5437622 -0.380170554 -0.113215648 0.917961121 0.172647953 0.540631592 0.923801541 0.00223663123 0.38286525 -0.0224148985 -0.991060913 -0.131514385
1036.88403 83.9827499 55.70261 -0.243213475 -0.772027433 0.58721453 0.172533363 0.541617453 0.965864241 -0.13709791 0.219796762 -0.0199146755 -0.601290703 -0.79878211
1048.23022 83.5674896 58.953125 -0.193777069 -0.113202423 0.97449261 0.192302853 0.540630877 0.98074609 0.00219134521 0.195275128 -0.0113342591 -0.992995739 -0.117605679
1048.19678 83.9824295 59.1217232 -0.123992987 -0.771968961 0.623449802 0.192244455 0.541616619 0.991133273 -0.0661133304 0.115255691 -0.0121071199 -0.627074599 -0.778865099
1059.95679 83.5671463 60.1186371 6.14131786e-05 -0.113233477 0.99356848 0.212734923 0.540630162 0.999997497 0.00223830878 0.000193280837 -1.28254896e-05 -0.99356842 -0.113233462
1059.95679 83.9820862 60.2905693 1.8675817e-05 -0.772028446 0.635588109 0.212734953 0.541615784 0.999996603 -0.00164425804 -0.00202661403 -1.58426756e-05 -0.635588109 -0.772028387
1071.68298 83.5667953 58.9516335 0.193929017 -0.113128461 0.974470973 0.233166471 0.540629208 0.980813444 0.00219346164 -0.194936603 0.0107592391 -0.993023634 -0.11742346
1071.71655 83.9817429 59.1202278 0.123975568 -0.771811724 0.623647988 0.233224928 0.54161495 0.991358042 0.0691749975 -0.111463703 0.0121917948 -0.62726444 -0.778711021
1082.97144 83.5605469 55.536293 0.380218148 -0.112648919 0.918011189 0.252835214 0.540614426 0.923986256 0.00223031058 -0.382419199 0.0201926362 -0.991307497 -0.130006403
1083.03687 83.975853 55.6952591 0.243268892 -0.770971358 0.588577628 0.252949148 0.541601121 0.965453267 0.134043396 -0.223455846 0.0191190392 -0.602877438 -0.79760474
1093.38464 83.5425034 49.9568024 0.552740753 -0.11078503 0.825956583 0.270979047 0.540571511 0.831203282 0.0021424857 -0.55596453 0.0274538845 -0.988165617 -0.15091452
1093.47839 83.9588547 50.1002312 0.355024219 -0.768901944 0.531740308 0.271142334 0.54156059 0.925068498 0.206847876 -0.318531394 0.0188593324 -0.562786698 -0.826386988
1102.60706 83.5161209 42.363018 0.703839958 -0.101734146 0.703035891 0.287048012 0.540508926 0.706854045 0.00211487012 -0.707356334 -0.0207772143 -0.992216468 -0.1227796
1102.71619 83.9340134 42.493454 0.456699282 -0.763760388 0.456175357 0.287238121 0.541501582 0.886790335 0.349964797 -0.301873505 0.0608745292 -0.484743476 -0.872535527
1102.60706 83.5161209 42.363018 0.703839958 -0.101734146 0.703035891 0.449920923 0.540508926 0.706854045 0.00211487012 -0.707356334 -0.0207772143 -0.992216468 -0.1227796
1110.32312 83.4848709 32.9048004 0.795187593 -0.0811353922 0.600910723 0.466400772 0.540434539 0.602928102 0.000457365386 -0.797795415 -0.127021581 -0.991308808 0.034240935
1110.42517 83.9045792 33.0332642 0.525516152 -0.752871454 0.396254331 0.466176957 0.541431606 0.607401013 0.00587749202 -0.794373691 -0.751491308 -0.629118681 -0.19867231
1102.71619 83.9340134 42.493454 0.456699282 -0.763760388 0.456175357 0.44969365 0.541501582 0.663297951 -0.0493738726 -0.746724904 -0.762010038 -0.600464106 -0.242453516
1115.91785 83.4625931 24.8063946 0.797142386 -0.0662417337 0.600146651 0.480511338 0.54038173 0.601443231 -0.000462151016 -0.798915446 -0.103657454 -0.994220495 0.027944617
1116.00586 83.883522 24.9388275 0.532213569 -0.746190727 0.399935216 0.480280519 0.541381657 0.594475091 -0.00696029561 -0.804083884 -0.73811245 -0.640341222 -0.212492615
1118.77649 83.4631729 21.2920418 0.727347732 -0.0735273436 0.682318866 0.486634672 0.54038316 0.684119582 -0.00094708876 -0.729369283 -0.089878872 -0.995886266 -0.0115073603
1118.85889 83.883812 21.4293404 0.483717293 -0.749802828 0.451456934 0.486395448 0.541382253 0.653314352 -0.0339149907 -0.756326795 -0.741203547 -0.625253797 -0.244284824
1118.85889 83.883812 21.4293404 0.483717293 -0.749802828 0.451456934 0.315364808 0.541382253 0.872360647 0.371351182 -0.317939013 0.0662236512 -0.482984453 -0.873121202
1118.77649 83.4631729 21.2920418 0.727347732 -0.0735273436 0.682318866 0.315221399 0.54038316 0.684119582 -0.00094708876 -0.729369283 -0.089878872 -0.995886266 -0.0115073603
1121.72046 83.4979019 18.5877323 0.686321259 -0.0896074176 0.721757352 0.320350766 0.540465534 0.724676013 5.55907682e-05 -0.689089775 0.0321417712 -0.987674654 -0.153185233
1121.80627 83.916008 18.7279778 0.451354593 -0.758312583 0.470362902 0.320500433 0.541458905 0.875680327 0.275004238 -0.396934301 0.008788771 -0.523305655 -0.852099836
1127.57068 83.5780792 12.9194536 0.685642898 -0.111039639 0.719419241 0.330544233 0.540656149 0.723901033 6.72507667e-05 -0.689903915 0.0327442661 -0.982592344 -0.182866335
1127.67041 83.9906616 13.0579224 0.440604895 -0.773232698 0.45604673 0.330718011 0.541636169 0.878294766 0.26624921 -0.397126943 0.0138360104 -0.502106547 -0.864695132
1134.20081 83.7034149 6.83395481 0.640225112 -0.145219222 0.754336357 0.342096478 0.540953815 0.762217999 -0.00209105457 -0.647317052 0.0305804722 -0.976372838 -0.213918522
1134.34009 84.1075974 6.95263577 0.399028778 -0.793833911 0.458915859 0.342338949 0.541913927 0.899116993 0.240547597 -0.365685135 0.0138269579 -0.495220929 -0.868657172
1139.48438 83.8736343 2.877985 0.688735008 -0.193622038 0.698680639 0.351302296 0.541358292 0.713992238 0.013747815 -0.700018704 0.0023848922 -0.963069737 -0.269241869
1139.70386 84.2666245 2.94558477 0.402194083 -0.82314831 0.400832772 0.351684779 0.54229182 0.909758568 0.310128123 -0.275970697 0.0543098971 -0.415582538 -0.907932639
1139.70386 84.2666245 2.94558477 0.402194083 -0.82314831 0.400832772 0.518601179 0.54229182 0.653791904 -0.0482671447 -0.75513339 -0.839166045 -0.506501377 -0.198133081
1139.48438 83.8736343 2.877985 0.688735008 -0.193622038 0.698680639 0.518718958 0.541358292 0.709021032 -0.0214124527 -0.704862177 -0.422002792 -0.890671551 0.169168085
1141.85095 83.9705276 0.0363468453 0.764104903 -0.22003457 0.606406331 0.523670197 0.541588366 0.62134701 -0.00166114932 -0.783533752 -0.318028182 -0.946345031 0.0573514588
1142.12134 84.3571854 0.0372284874 0.461601228 -0.887034774 0.00968247373 0.523668647 0.542506993 0.519780576 0.261609882 -0.813257933 -0.887042761 -0.461660028 -0.00501614669
1139.48438 83.8736343 2.877985 0.688735008 -0.193622038 0.698680639 0.518718958 0.541358292 0.713992238 0.013747815 -0.700018704 0.0023848922 -0.963069737 -0.269241869
1141.85095 83.9705276 0.0363468453 0.785141885 -0.224039242 -0.577372134 0.523670197 0.541588366 -0.592116475 0.00169711292 -0.805850685 -0.312080294 -0.948381305 -0.056380745
1139.73059 83.8758545 -2.70615673 0.700731516 -0.196238965 -0.685905039 0.528448701 0.541363418 -0.697933614 0.0107037416 -0.716082454 -0.282153219 -0.959270179 -0.0138029382
1139.95166 84.268692 -2.77197313 0.406979024 -0.825270236 -0.391531676 0.52856338 0.542296708 -0.629716396 0.0570117272 -0.774730206 -0.840173841 -0.506402552 0.194073141
1142.12134 84.3571854 0.0372284874 0.461601228 -0.887034774 0.00968247373 0.523668647 0.542506993 -0.488962054 -0.263526261 -0.831546724 -0.887042463 -0.461660236 -0.00504606357
1139.95166 84.268692 -2.77197313 0.406979024 -0.825270236 -0.391531676 0.695350409 0.542296708 -0.762885809 -0.0713543817 -0.642583668 -0.25476554 -0.514179945 0.818971038
1139.73059 83.8758545 -2.70615673 0.700731516 -0.196238965 -0.685905039 0.695735455 0.541363418 -0.703157127 -0.0274443161 -0.710504651 0.131153449 -0.909605742 0.394228727
1134.55029 83.7068863 -6.57897282 0.639340281 -0.145867094 -0.75496155 0.704761744 0.54096204 -0.763182342 -0.000616916106 -0.646182954 0.0262678508 -0.977125168 0.211036608
1134.69165 84.1108322 -6.69614363 0.398208648 -0.794182837 -0.459024549 0.704515457 0.541921675 -0.768256783 -0.0153237833 -0.639958322 -0.20616293 -0.565094769 0.798852205
1139.73059 83.8758545 -2.70615673 0.700731516 -0.196238965 -0.685905039 0.695735455 0.541363418 -0.697933614 0.0107037416 -0.716082454 -0.282153219 -0.959270179 -0.0138029382
1127.73694 83.5808868 -12.8115482 0.68373251 -0.111793071 -0.721118748 0.716633201 0.540662706 -0.725715458 -0.000620147388 -0.687994719 0.0316972435 -0.982713223 0.18240124
1127.83765 83.9932785 -12.9494057 0.438934058 -0.773697734 -0.45686838 0.716457725 0.541642487 -0.726196706 -0.00604053866 -0.687460423 -0.213256642 -0.583644509 0.78350538
1121.6626 83.4993134 -18.6561222 0.684200406 -0.0898404568 -0.723739266 0.72721684 0.540468991 -0.726651788 0.000418608251 -0.687005818 0.0327314734 -0.987600565 0.153537855
1121.74805 83.9173203 -18.7966652 0.449784935 -0.758560896 -0.471464694 0.727068067 0.541461885 -0.724321008 -0.000964361767 -0.689462304 -0.226311937 -0.607445478 0.76144135
1118.69958 83.4636459 -21.3649368 0.7272771 -0.0732797012 -0.68242079 0.732379675 0.540384114 -0.684322 -0.00115645467 -0.729179084 0.000712400826 -0.994202793 0.107518688
1118.78113 83.8842545 -21.5028267 0.483749837 -0.749830425 -0.45137614 0.732237577 0.541383445 -0.693623424 -0.0139470156 -0.720202744 -0.436752766 -0.653753102 0.617943347
1118.78113 83.8842545 -21.5028267 0.483749837 -0.749830425 -0.45137614 0.561199665 0.541383445 -0.693623424 -0.0139470156 -0.720202744 -0.436752766 -0.653753102 0.617943347
1118.69958 83.4636459 -21.3649368 0.7272771 -0.0732797012 -0.68242079 0.560959458 0.540384114 -0.684322 -0.00115645467 -0.729179084 0.000712400826 -0.994202793 0.107518688
1115.90259 83.4625626 -24.8193054 0.79796046 -0.0659366176 -0.599092364 0.566978216 0.54038173 -0.600428462 -0.000561259745 -0.799678266 -0.105516538 -0.993929625 -0.0311498865
1115.99011 83.8834915 -24.9522533 0.532926857 -0.74605304 -0.399241596 0.56720984 0.541381657 -0.604798019 -0.00586302811 -0.796357334 -0.740062416 -0.639712989 0.207545117
1110.32617 83.4847488 -32.9005508 0.795355439 -0.0810743496 -0.600696862 0.58105886 0.54043442 -0.602626085 0.000840640045 -0.798023283 -0.124503843 -0.991734803 -0.030998243
1110.4281 83.9044724 -33.0293045 0.525664747 -0.752834499 -0.396127552 0.581283212 0.541431487 -0.594985008 0.0074465014 -0.803702295 -0.746417463 -0.631555378 0.209758893
1102.60791 83.5160904 -42.3619537 0.703853667 -0.101743735 -0.703020811 0.597544312 0.540508926 -0.70654881 0.00190737459 -0.707661808 -0.119593784 -0.992534995 0.0239078235
1102.71692 83.9339828 -42.4924698 0.456702203 -0.763765395 -0.456163943 0.597771645 0.541501582 -0.692336082 0.016857747 -0.721378267 -0.626808882 -0.640129745 0.444234908
1103.23547 78.5627213 -42.9645309 0.691501021 0.177879483 -0.70013231 0.598594308 0.528741181 -0.71098876 -0.00381561695 -0.703193009 0.0485227443 -0.978457093 -0.20066765
1102.60791 83.5160904 -42.3619537 0.703853667 -0.101743735 -0.703020811 0.760417581 0.540508926 -0.70654881 0.00190737459 -0.707661808 -0.119593784 -0.992534995 0.0239078235
1093.38464 83.5425034 -49.9568024 0.552750945 -0.110791765 -0.825949013 0.776488066 0.540571511 -0.830926538 0.00220583053 -0.556377947 0.0327320173 -0.987471819 0.154363528
1093.47839 83.9588547 -50.1002312 0.355026305 -0.76890713 -0.531731308 0.77632463 0.54156059 -0.820260584 0.0166496243 -0.571747601 -0.176974058 -0.613777578 0.769387722
1102.71692 83.9339828 -42.4924698 0.456702203 -0.763765395 -0.456163943 0.76022768 0.541501582 -0.692336082 0.016857747 -0.721378267 -0.626808882 -0.640129745 0.444234908
1082.97144 83.5605469 -55.536293 0.380218148 -0.112648591 -0.918011248 0.794631839 0.540614426 -0.923793733 0.00220820564 -0.382884085 0.0224426556 -0.991139293 0.130917311
1083.03687 83.975853 -55.6952591 0.243268818 -0.770971298 -0.588577628 0.794517994 0.541601121 -0.916240275 0.0164845064 -0.400290042 -0.125526354 -0.626727641 0.769061565
1071.68298 83.5667953 -58.9516296 0.193928927 -0.113128185 -0.974470973 0.814300656 0.540629208 -0.98071605 0.00219179248 -0.195426211 0.0113905007 -0.993002057 0.117546313
1071.71655 83.9817429 -59.120224 0.123975568 -0.771811903 -0.623647869 0.814242125 0.54161495 -0.976704061 0.0160247609 -0.213991806 -0.0654460862 -0.633488119 0.770979762
1059.95679 83.5671463 -60.1186371 6.16058969e-05 -0.11323455 -0.993568301 0.834732056 0.540630162 -0.999997437 0.0022374345 -0.000316997175 -4.02759433e-05 -0.993568301 0.113234565
1059.95679 83.9820862 -60.2905693 1.88549348e-05 -0.772029102 -0.635587215 0.834732056 0.541615784 -0.999671638 0.0162730031 -0.0197959915 -8.2814011e-05 -0.635587156 0.772029161
1048.23022 83.5674896 -58.953125 -0.193777174 -0.113202788 -0.974492431 0.85516417 0.540630877 -0.980843484 0.00219669961 0.19478488 -0.0107690915 -0.993015051 0.117495909
1048.19678 83.9824295 -59.121727 -0.123992577 -0.771970928 -0.623447478 0.855222583 0.541616619 -0.984262228 0.0159580503 0.175992459 0.06602633 -0.63332212 0.771066546
1036.94983 83.5678177 -55.5437622 -0.380170822 -0.113211527 -0.917961478 0.87481904 0.540631592 -0.923996627 0.00223731087 0.382394314 -0.0201357845 -0.991232395 0.130587161
1036.88403 83.9827652 -55.70261 -0.24321343 -0.772028208 -0.587213516 0.87493372 0.541617453 -0.931150794 0.0162732527 0.364271194 0.128733784 -0.625728071 0.769345224
1026.56177 83.5681305 -49.9792137 -0.551957488 -0.113184944 -0.826155007 0.892919183 0.540632427 -0.831634939 0.0021920919 0.555318356 -0.0270641129 -0.987791777 0.15341115
1026.46631 83.9830627 -50.1221466 -0.353140861 -0.771969259 -0.528540492 0.893085599 0.541618049 -0.841987967 0.0159584656 0.539260268 0.183658674 -0.611148477 0.769913614
1017.44452 83.5684052 -42.512249 -0.702530444 -0.113205761 -0.702591896 0.908804774 0.540633023 -0.706955612 -0.00223855139 0.707254469 0.130133137 -0.991055727 0.0295630246
1017.323 83.9833298 -42.6338348 -0.449416786 -0.772031188 -0.44943586 0.90901649 0.541618764 -0.692928553 -0.0162558798 0.72082305 0.635981262 -0.629818201 0.445933729
3 0 1 2
3 0 2 3
3 6 1 0
3 6 0 8
3 2 1 4
3 4 1 6
3 2 4 5
3 4 6 7
3 1009 1008 4
3 1009 4 7
3 4 1008 1007
3 4 1007 5
3 1198 1009 7
3 6 1198 7
3 1197 1196 1198
3 1197 1198 1199
3 1198 1196 1009
3 1198 1200 1201
3 1198 1201 1199
3 6 1200 1198
3 1194 1196 1197
3 1194 1197 1195
3 1009 1196 1194
3 1193 1192 1194
3 1193 1194 1195
3 1194 1192 42
3 1194 42 44
3 1009 1194 44
3 1190 1192 1193
3 1190 1193 1191
3 42 1192 1190
3 1189 1188 1190
3 1189 1190 1191
3 1190 1188 76
3 1190 76 43
3 42 1190 43
3 1186 1188 1189
3 1186 1189 1187
3 76 1188 1186
3 1185 1184 1186
3 1185 1186 1187
3 1186 1184 100
3 1186 100 77
3 76 1186 77
3 1182 1184 1185
3 1182 1185 1183
3 100 1184 1182
3 1181 1180 1182
3 1181 1182 1183
3 1182 1180 130
3 1182 130 101
3 100 1182 101
3 1178 1180 1181
3 1178 1181 1179
3 130 1180 1178
3 1177 1176 1178
3 1177 1178 1179
3 1178 1176 154
3 1178 154 131
3 130 1178 131
3 1174 1176 1177
3 1174 1177 1175
3 154 1176 1174
3 1173 1172 1174
3 1173 1174 1175
3 1174 1172 178
3 1174 178 155
3 154 1174 155
3 1170 1172 1173
3 1170 1173 1171
3 178 1172 1170
3 1169 1168 1170
3 1169 1170 1171
3 1170 1168 202
3 1170 202 179
3 178 1170 179
3 1166 1168 1169
3 1166 1169 1167
3 202 1168 1166
3 1165 1164 1166
3 1165 1166 1167
3 1166 1164 226
3 1166 226 203
3 202 1166 203
3 1162 1164 1165
3 1162 1165 1163
3 226 1164 1162
3 1161 1160 1162
3 1161 1162 1163
3 1162 1160 250
3 1162 250 227
3 226 1162 227
3 1158 1160 1161
3 1158 1161 1159
3 250 1160 1158
3 1157 1156 1158
3 1157 1158 1159
3 1158 1156 281
3 1158 281 251
3 250 1158 251
3 1154 1156 1157
3 1154 1157 1155
3 281 1156 1154
3 1153 1152 1154
3 1153 1154 1155
3 1154 1152 305
3 1154 305 282
3 281 1154 282
3 1150 1152 1153
3 1150 1153 1151
3 305 1152 1150
3 1149 1148 1150
3 1149 1150 1151
3 1150 1148 329
3 1150 329 306
3 305 1150 306
3 1146 1148 1149
3 1146 1149 1147
3 329 1148 1146
3 1145 1144 1146
3 1145 1146 1147
3 1146 1144 356
3 1146 356 330
3 329 1146 330
3 1142 1144 1145
3 1142 1145 1143
3 356 1144 1142
3 1141 1140 1142
3 1141 1142 1143
3 1142 1140 380
3 1142 380 357
3 356 1142 357
3 1138 1140 1141
3 1138 1141 1139
3 380 1140 1138
3 1137 1136 1138
3 1137 1138 1139
3 1138 1136 410
3 1138 410 381
3 380 1138 381
3 1134 1136 1137
3 1134 1137 1135
3 410 1136 1134
3 1133 1132 1134
3 1133 1134 1135
3 1134 1132 434
3 1134 434 411
3 410 1134 411
3 1130 1132 1133
3 1130 1133 1131
3 434 1132 1130
3 1129 1128 1130
3 1129 1130 1131
3 1130 1128 458
3 1130 458 435
3 434 1130 435
3 1126 1128 1129
3 1126 1129 1127
3 458 1128 1126
3 1125 1124 1126
3 1125 1126 1127
3 1126 1124 482
3 1126 482 459
3 458 1126 459
3 1122 1124 1125
3 1122 1125 1123
3 482 1124 1122
3 1121 1120 1122
3 1121 1122 1123
3 1122 1120 512
3 1122 512 483
3 482 1122 483
3 1118 1120 1121
3 1118 1121 1119
3 512 1120 1118
3 1117 1116 1118
3 1117 1118 1119
3 1118 1116 536
3 1118 536 513
3 512 1118 513
3 1113 1116 1117
3 1113 1117 1114
3 536 1116 1113
3 1111 1110 1113
3 1111 1113 1114
3 1113 1110 1048
3 1113 1048 537
3 536 1113 537
3 1109 1110 1111
3 1109 1111 1112
3 1048 1110 1115
3 1048 1115 1049
3 1047 1048 1049
3 1047 1044 1048
3 1048 1044 534
3 1048 534 537
3 534 536 537
3 533 532 534
3 533 534 535
3 534 532 536
3 534 1044 1043
3 534 1043 535
3 1043 1044 1045
3 1043 1045 1046
3 536 532 510
3 536 510 513
3 510 532 533
3 510 533 511
3 509 508 510
3 509 510 511
3 510 508 512
3 510 512 513
3 480 508 509
3 480 509 481
3 512 508 480
3 512 480 483
3 479 478 480
3 479 480 481
3 480 478 482
3 480 482 483
3 456 478 479
3 456 479 457
3 482 478 456
3 482 456 459
3 455 454 456
3 455 456 457
3 456 454 458
3 456 458 459
3 432 454 455
3 432 455 433
3 458 454 432
3 458 432 435
3 431 430 432
3 431 432 433
3 432 430 434
3 432 434 435
3 408 430 431
3 408 431 409
3 434 430 408
3 434 408 411
3 407 406 408
3 407 408 409
3 408 406 410
3 408 410 411
3 378 406 407
3 378 407 379
3 410 406 378
3 410 378 381
3 377 376 378
3 377 378 379
3 378 376 380
3 378 380 381
3 354 376 377
3 354 377 355
3 380 376 354
3 380 354 357
3 353 352 354
3 353 354 355
3 354 352 356
3 354 356 357
3 327 352 353
3 327 353 328
3 356 352 327
3 356 327 330
3 326 325 327
3 326 327 328
3 327 325 329
3 327 329 330
3 303 325 326
3 303 326 304
3 329 325 303
3 329 303 306
3 302 301 303
3 302 303 304
3 303 301 305
3 303 305 306
3 279 301 302
3 279 302 280
3 305 301 279
3 305 279 282
3 278 277 279
3 278 279 280
3 279 277 281
3 279 281 282
3 248 277 278
3 248 278 249
3 281 277 248
3 281 248 251
3 247 246 248
3 247 248 249
3 248 246 250
3 248 250 251
3 224 246 247
3 224 247 225
3 250 246 224
3 250 224 227
3 223 222 224
3 223 224 225
3 224 222 226
3 224 226 227
3 200 222 223
3 200 223 201
3 226 222 200
3 226 200 203
3 199 198 200
3 199 200 201
3 200 198 202
3 200 202 203
3 176 198 199
3 176 199 177
3 202 198 176
3 202 176 179
3 175 174 176
3 175 176 177
3 176 174 178
3 176 178 179
3 152 174 175
3 152 175 153
3 178 174 152
3 178 152 155
3 151 150 152
3 151 152 153
3 152 150 154
3 152 154 155
3 128 150 151
3 128 151 129
3 154 150 128
3 154 128 131
3 127 126 128
3 127 128 129
3 128 126 130
3 128 130 131
3 98 126 127
3 98 127 99
3 130 126 98
3 130 98 101
3 97 96 98
3 97 98 99
3 98 96 100
3 98 100 101
3 74 96 97
3 74 97 75
3 100 96 74
3 100 74 77
3 73 72 74
3 73 74 75
3 74 72 76
3 74 76 77
3 40 72 73
3 40 73 41
3 76 72 40
3 76 40 43
3 38 37 40
3 38 40 41
3 40 37 42
3 40 42 43
3 36 37 38
3 36 38 39
3 42 37 36
3 42 36 44
3 1007 1008 36
3 1007 36 39
3 36 1008 1009
3 36 1009 44
3 1201 1200 1202
3 1202 1200 6
3 1201 1202 1203
3 1202 6 8
3 9 10 11
3 9 11 12
3 15 10 9
3 15 9 17
3 11 10 13
3 13 10 15
3 13 15 16
3 11 13 14
3 1006 1005 13
3 1006 13 16
3 13 1005 1004
3 13 1004 14
3 843 11 14
3 703 842 843
3 703 843 704
3 843 842 11
3 841 842 703
3 11 842 841
3 11 841 12
3 841 703 705
3 703 697 705
3 697 698 699
3 697 699 700
3 703 698 697
3 699 698 701
3 701 698 703
3 699 701 702
3 701 703 704
3 994 993 701
3 994 701 704
3 701 993 992
3 701 992 702
3 706 993 994
3 706 994 714
3 992 993 706
3 992 706 709
3 706 707 708
3 706 708 709
3 712 707 706
3 712 706 714
3 847 712 714
3 710 707 712
3 710 712 713
3 847 848 712
3 712 848 849
3 712 849 713
3 708 707 710
3 708 710 711
3 710 716 711
3 710 715 716
3 719 715 710
3 719 710 713
3 849 719 713
3 717 715 719
3 717 719 720
3 849 853 719
3 719 853 854
3 719 854 720
3 716 715 717
3 716 717 718
3 854 853 79
3 854 79 81
3 79 853 849
3 49 78 79
3 49 79 50
3 79 78 80
3 79 80 81
3 79 849 50
3 80 78 82
3 82 78 49
3 80 82 83
3 82 49 52
3 49 51 52
3 49 46 51
3 51 46 45
3 51 45 53
3 45 46 47
3 47 46 49
3 47 49 50
3 45 47 48
3 849 848 47
3 849 47 50
3 47 848 847
3 47 847 48
3 1004 45 48
3 1004 1005 45
3 45 1005 1006
3 45 1006 53
3 18 19 20
3 18 20 21
3 24 19 18
3 24 18 26
3 18 944 945
3 18 945 26
3 20 19 22
3 22 19 24
3 22 24 25
3 20 22 23
3 990 989 22
3 990 22 25
3 22 989 991
3 22 991 23
3 1222 20 23
3 991 1222 23
3 1222 1219 20
3 20 1219 1218
3 20 1218 21
3 1218 1219 1220
3 1220 1219 1222
3 1218 1220 1221
3 1220 1222 1223
3 1222 1225 1223
3 1222 1224 1225
3 1225 1224 1226
3 1225 1226 1227
3 1226 1224 991
3 991 1224 1222
3 991 989 54
3 991 54 57
3 1226 991 57
3 54 989 990
3 54 990 62
3 54 55 56
3 54 56 57
3 60 55 54
3 60 54 62
3 56 1226 57
3 56 55 58
3 56 58 59
3 1230 1228 56
3 1230 56 59
3 56 1228 1226
3 58 55 60
3 58 60 61
3 88 58 61
3 86 84 88
3 86 88 89
3 88 84 58
3 58 84 85
3 85 84 86
3 58 85 59
3 85 1230 59
3 85 86 87
3 1234 1232 85
3 1234 85 87
3 85 1232 1230
3 86 112 87
3 112 1234 87
3 86 111 112
3 115 111 86
3 115 86 89
3 112 111 113
3 113 111 115
3 112 113 114
3 1238 1236 112
3 1238 112 114
3 112 1236 1234
3 113 139 114
3 139 1238 114
3 113 115 116
3 113 138 139
3 142 138 113
3 142 113 116
3 139 138 140
3 140 138 142
3 140 142 143
3 139 140 141
3 140 162 163
3 140 163 141
3 166 162 140
3 166 140 143
3 1242 139 141
3 163 1242 141
3 1241 1240 1242
3 1241 1242 1243
3 1242 1240 139
3 1242 1244 1245
3 1242 1245 1243
3 163 1244 1242
3 1238 1240 1241
3 1238 1241 1239
3 139 1240 1238
3 1237 1236 1238
3 1237 1238 1239
3 1234 1236 1237
3 1234 1237 1235
3 1233 1232 1234
3 1233 1234 1235
3 1230 1232 1233
3 1230 1233 1231
3 1229 1228 1230
3 1229 1230 1231
3 1226 1228 1229
3 1226 1229 1227
3 1245 1244 1246
3 1246 1244 163
3 1245 1246 1247
3 1246 1249 1247
3 1246 163 165
3 1246 1248 1249
3 187 1248 1246
3 187 1246 165
3 163 162 164
3 163 164 165
3 164 187 165
3 164 162 166
3 164 166 167
3 164 186 187
3 190 186 164
3 190 164 167
3 187 186 188
3 188 186 190
3 188 190 191
3 187 188 189
3 188 210 211
3 188 211 189
3 214 210 188
3 214 188 191
3 1250 187 189
3 211 1250 189
3 1250 1248 187
3 1249 1248 1250
3 1249 1250 1251
3 1250 1252 1253
3 1250 1253 1251
3 211 1252 1250
3 1253 1252 1254
3 1254 1252 211
3 1253 1254 1255
3 1254 211 213
3 1254 1256 1257
3 1254 1257 1255
3 235 1256 1254
3 235 1254 213
3 211 212 213
3 212 235 213
3 211 210 212
3 212 210 214
3 212 214 215
3 212 234 235
3 238 234 212
3 238 212 215
3 235 234 236
3 236 234 238
3 236 238 239
3 235 236 237
3 236 262 263
3 236 263 237
3 266 262 236
3 266 236 239
3 1258 235 237
3 263 1258 237
3 1258 1256 235
3 1257 1256 1258
3 1257 1258 1259
3 1258 1260 1261
3 1258 1261 1259
3 263 1260 1258
3 1261 1260 1262
3 1262 1260 263
3 1261 1262 1263
3 1262 263 265
3 1262 1264 1265
3 1262 1265 1263
3 290 1264 1262
3 290 1262 265
3 263 264 265
3 264 290 265
3 263 262 264
3 264 262 266
3 264 266 267
3 264 289 290
3 293 289 264
3 293 264 267
3 290 289 291
3 291 289 293
3 291 293 294
3 290 291 292
3 291 313 314
3 291 314 292
3 317 313 291
3 317 291 294
3 1266 290 292
3 314 1266 292
3 1266 1264 290
3 1265 1264 1266
3 1265 1266 1267
3 1266 1268 1269
3 1266 1269 1267
3 314 1268 1266
3 1269 1268 1270
3 1270 1268 314
3 1269 1270 1271
3 1270 314 316
3 1270 1272 1273
3 1270 1273 1271
3 338 1272 1270
3 338 1270 316
3 314 315 316
3 315 338 316
3 314 313 315
3 315 313 317
3 315 317 318
3 315 337 338
3 341 337 315
3 341 315 318
3 338 337 339
3 339 337 341
3 339 341 342
3 338 339 340
3 339 364 365
3 339 365 340
3 368 364 339
3 368 339 342
3 1274 338 340
3 365 1274 340
3 1274 1272 338
3 1273 1272 1274
3 1273 1274 1275
3 1274 1276 1277
3 1274 1277 1275
3 365 1276 1274
3 1277 1276 1059
3 1059 1276 365
3 1277 1059 1062
3 1059 1060 1061
3 1059 1061 1062
3 392 1060 1059
3 392 1059 367
3 1059 365 367
3 1061 1060 1063
3 1063 1060 392
3 1061 1063 1064
3 1063 392 394
3 1063 1065 1066
3 1063 1066 1064
3 419 1065 1063
3 419 1063 394
3 392 393 394
3 393 419 394
3 393 418 419
3 419 418 420
3 419 420 421
3 1067 1065 419
3 1067 419 421
3 1066 1065 1067
3 1066 1067 1068
3 1067 1069 1070
3 1067 1070 1068
3 443 1069 1067
3 443 1067 421
3 420 443 421
3 420 442 443
3 443 442 444
3 443 444 445
3 1071 1069 443
3 1071 443 445
3 1070 1069 1071
3 1070 1071 1072
3 1071 1073 1074
3 1071 1074 1072
3 467 1073 1071
3 467 1071 445
3 444 467 445
3 444 466 467
3 467 466 468
3 467 468 469
3 1075 1073 467
3 1075 467 469
3 1074 1073 1075
3 1074 1075 1076
3 1075 1077 1078
3 1075 1078 1076
3 494 1077 1075
3 494 1075 469
3 468 494 469
3 468 493 494
3 494 493 495
3 494 495 496
3 1079 1077 494
3 1079 494 496
3 1078 1077 1079
3 1078 1079 1080
3 1079 1081 1082
3 1079 1082 1080
3 521 1081 1079
3 521 1079 496
3 495 521 496
3 495 520 521
3 521 520 522
3 521 522 523
3 1083 1081 521
3 1083 521 523
3 1082 1081 1083
3 1082 1083 1084
3 1083 1085 1086
3 1083 1086 1084
3 545 1085 1083
3 545 1083 523
3 522 545 523
3 522 544 545
3 545 544 546
3 545 546 547
3 1087 1085 545
3 1087 545 547
3 1086 1085 1087
3 1086 1087 1088
3 1087 1089 1090
3 1087 1090 1088
3 1027 1089 1087
3 1027 1087 547
3 546 1027 547
3 546 1024 1027
3 1027 1024 1023
3 1027 1023 1028
3 1091 1089 1027
3 1091 1027 1028
3 1090 1089 1091
3 1090 1091 1092
3 1091 1093 1094
3 1091 1094 1092
3 1023 1024 1025
3 1023 1025 1026
3 1025 1024 546
3 1025 546 549
3 546 544 548
3 546 548 549
3 548 544 522
3 548 522 525
3 522 520 524
3 522 524 525
3 524 520 495
3 524 495 498
3 495 493 497
3 495 497 498
3 497 493 468
3 497 468 471
3 468 466 470
3 468 470 471
3 470 466 444
3 470 444 447
3 444 442 446
3 444 446 447
3 446 442 420
3 446 420 423
3 420 418 422
3 420 422 423
3 422 418 393
3 422 393 396
3 392 391 393
3 393 391 395
3 393 395 396
3 366 391 392
3 366 392 367
3 395 391 366
3 395 366 369
3 365 364 366
3 365 366 367
3 366 364 368
3 366 368 369
3 27 28 29
3 27 29 30
3 33 28 27
3 33 27 35
3 29 28 31
3 31 28 33
3 29 31 32
3 31 33 34
3 1012 1011 31
3 1012 31 34
3 31 1011 1010
3 31 1010 32
3 33 846 34
3 846 1012 34
3 844 845 33
3 844 33 35
3 33 845 846
3 632 845 844
3 632 844 633
3 846 845 632
3 630 629 632
3 630 632 633
3 632 629 634
3 632 634 635
3 846 632 635
3 628 629 630
3 628 630 631
3 634 629 628
3 634 628 636
3 1016 634 636
3 1016 1015 634
3 634 1015 1014
3 634 1014 635
3 1014 846 635
3 850 1013 1014
3 850 1014 627
3 1014 1013 846
3 1014 1015 624
3 1014 624 627
3 624 1015 1016
3 624 1016 625
3 623 622 624
3 623 624 625
3 624 622 626
3 624 626 627
3 626 850 627
3 626 622 617
3 626 617 620
3 852 851 626
3 852 626 620
3 626 851 850
3 617 622 623
3 617 623 618
3 615 617 618
3 615 614 617
3 617 614 619
3 617 619 620
3 619 852 620
3 619 614 613
3 619 613 621
3 856 855 619
3 856 619 621
3 619 855 852
3 613 614 615
3 613 615 616
3 69 851 852
3 69 852 70
3 852 855 94
3 852 94 70
3 94 855 856
3 94 856 95
3 92 90 94
3 92 94 95
3 94 90 67
3 94 67 70
3 67 69 70
3 65 64 67
3 65 67 68
3 67 64 69
3 67 90 91
3 67 91 68
3 91 90 92
3 91 92 93
3 69 64 63
3 69 63 71
3 850 851 69
3 850 69 71
3 63 64 65
3 63 65 66
3 1010 63 66
3 1010 1011 63
3 63 1011 1012
3 63 1012 71
3 1012 850 71
3 1012 1013 850
3 846 1013 1012
3 102 103 104
3 102 104 105
3 108 103 102
3 108 102 110
3 104 103 106
3 106 103 108
3 106 108 109
3 104 106 107
3 106 132 133
3 106 133 107
3 136 132 106
3 136 106 109
3 859 104 107
3 133 859 107
3 727 858 859
3 727 859 728
3 859 858 104
3 859 863 734
3 859 734 728
3 133 863 859
3 857 858 727
3 104 858 857
3 104 857 105
3 857 727 729
3 727 721 729
3 721 722 723
3 721 723 724
3 727 722 721
3 723 722 725
3 725 722 727
3 723 725 726
3 725 727 728
3 725 730 731
3 725 731 726
3 734 730 725
3 734 725 728
3 731 730 732
3 732 730 734
3 731 732 733
3 732 734 735
3 732 736 737
3 732 737 733
3 740 736 732
3 740 732 735
3 734 863 864
3 734 864 735
3 864 740 735
3 864 863 133
3 864 133 135
3 864 867 740
3 157 867 864
3 157 864 135
3 133 132 134
3 133 134 135
3 134 157 135
3 134 132 136
3 134 136 137
3 134 156 157
3 160 156 134
3 160 134 137
3 157 156 158
3 158 156 160
3 158 160 161
3 157 158 159
3 158 180 181
3 158 181 159
3 184 180 158
3 184 158 161
3 868 157 159
3 181 868 159
3 868 867 157
3 740 867 868
3 740 868 741
3 868 871 746
3 868 746 741
3 181 871 868
3 738 736 740
3 738 740 741
3 746 738 741
3 737 736 738
3 737 738 739
3 738 742 743
3 738 743 739
3 746 742 738
3 743 742 744
3 744 742 746
3 743 744 745
3 744 746 747
3 744 748 749
3 744 749 745
3 752 748 744
3 752 744 747
3 746 872 747
3 872 752 747
3 746 871 872
3 872 871 181
3 872 181 183
3 872 875 752
3 205 875 872
3 205 872 183
3 181 180 182
3 181 182 183
3 182 205 183
3 182 180 184
3 182 184 185
3 182 204 205
3 208 204 182
3 208 182 185
3 205 204 206
3 206 204 208
3 206 208 209
3 205 206 207
3 206 228 229
3 206 229 207
3 232 228 206
3 232 206 209
3 876 205 207
3 229 876 207
3 876 875 205
3 752 875 876
3 752 876 753
3 876 879 758
3 876 758 753
3 229 879 876
3 750 748 752
3 750 752 753
3 758 750 753
3 749 748 750
3 749 750 751
3 750 754 755
3 750 755 751
3 758 754 750
3 755 754 756
3 756 754 758
3 755 756 757
3 756 758 759
3 756 760 761
3 756 761 757
3 768 760 756
3 768 756 759
3 758 880 759
3 880 768 759
3 880 883 768
3 758 879 880
3 880 879 229
3 880 229 231
3 253 883 880
3 253 880 231
3 229 228 230
3 229 230 231
3 230 253 231
3 230 252 253
3 230 228 232
3 230 232 233
3 260 252 230
3 260 230 261
3 117 118 119
3 117 119 120
3 123 118 117
3 123 117 125
3 119 118 121
3 121 118 123
3 119 121 122
3 121 123 124
3 121 144 145
3 121 145 122
3 148 144 121
3 148 121 124
3 123 862 124
3 862 148 124
3 146 144 148
3 146 148 149
3 862 865 148
3 148 865 866
3 148 866 149
3 145 144 146
3 145 146 147
3 146 169 147
3 146 168 169
3 172 168 146
3 172 146 149
3 866 172 149
3 170 168 172
3 170 172 173
3 866 869 172
3 172 869 870
3 172 870 173
3 169 168 170
3 169 170 171
3 170 193 171
3 170 192 193
3 196 192 170
3 196 170 173
3 870 196 173
3 194 192 196
3 194 196 197
3 870 873 196
3 196 873 874
3 196 874 197
3 193 192 194
3 193 194 195
3 194 217 195
3 194 216 217
3 220 216 194
3 220 194 197
3 874 220 197
3 218 216 220
3 218 220 221
3 874 877 220
3 220 877 878
3 220 878 221
3 217 216 218
3 217 218 219
3 218 241 219
3 218 240 241
3 244 240 218
3 244 218 221
3 878 244 221
3 242 240 244
3 242 244 245
3 878 881 244
3 244 881 882
3 244 882 245
3 241 240 242
3 241 242 243
3 882 881 580
3 882 580 582
3 580 881 878
3 578 575 580
3 578 580 581
3 580 575 574
3 580 574 582
3 580 878 581
3 574 575 576
3 576 575 578
3 574 576 577
3 576 578 579
3 578 584 579
3 578 583 584
3 584 583 585
3 584 585 586
3 585 583 587
3 587 583 578
3 587 578 581
3 585 587 588
3 878 877 587
3 878 587 581
3 587 877 874
3 587 874 588
3 593 585 588
3 874 593 588
3 874 873 593
3 591 589 593
3 591 593 594
3 593 589 585
3 593 873 870
3 593 870 594
3 585 589 590
3 590 589 591
3 585 590 586
3 590 591 592
3 591 596 592
3 591 595 596
3 596 595 597
3 596 597 598
3 597 595 599
3 599 595 591
3 599 591 594
3 597 599 600
3 870 869 599
3 870 599 594
3 599 869 866
3 599 866 600
3 605 597 600
3 866 605 600
3 866 865 605
3 603 601 605
3 603 605 606
3 605 601 597
3 605 865 862
3 605 862 606
3 597 601 602
3 602 601 603
3 597 602 598
3 602 603 604
3 603 608 604
3 603 607 608
3 608 607 609
3 608 609 610
3 609 607 611
3 611 607 603
3 609 611 612
3 611 860 612
3 611 603 606
3 862 861 611
3 862 611 606
3 611 861 860
3 860 861 123
3 860 123 125
3 123 861 862
3 254 255 256
3 254 256 257
3 885 884 254
3 885 254 257
3 256 255 258
3 256 258 259
3 287 256 259
3 285 283 287
3 285 287 288
3 287 283 256
3 256 283 284
3 284 283 285
3 256 284 257
3 284 885 257
3 284 285 286
3 890 889 284
3 890 284 286
3 284 889 885
3 285 308 286
3 308 890 286
3 285 307 308
3 311 307 285
3 311 285 288
3 308 307 309
3 309 307 311
3 308 309 310
3 894 893 308
3 894 308 310
3 308 893 890
3 309 332 310
3 332 894 310
3 309 311 312
3 309 331 332
3 335 331 309
3 335 309 312
3 332 331 333
3 333 331 335
3 333 335 336
3 332 333 334
3 333 358 359
3 333 359 334
3 362 358 333
3 362 333 336
3 898 332 334
3 359 898 334
3 785 897 898
3 785 898 786
3 898 897 332
3 898 901 791
3 898 791 786
3 359 901 898
3 894 897 785
3 332 897 894
3 779 893 894
3 779 894 780
3 894 785 780
3 890 893 779
3 773 889 890
3 773 890 774
3 890 779 774
3 885 889 773
3 766 884 885
3 766 885 767
3 885 773 767
3 764 763 766
3 764 766 767
3 773 764 767
3 762 763 764
3 762 764 765
3 764 769 770
3 764 770 765
3 773 769 764
3 770 769 771
3 771 769 773
3 770 771 772
3 771 773 774
3 771 775 776
3 771 776 772
3 779 775 771
3 779 771 774
3 776 775 777
3 777 775 779
3 776 777 778
3 777 779 780
3 777 781 782
3 777 782 778
3 785 781 777
3 785 777 780
3 782 781 783
3 783 781 785
3 782 783 784
3 783 785 786
3 783 787 788
3 783 788 784
3 791 787 783
3 791 783 786
3 788 787 789
3 789 787 791
3 788 789 790
3 789 791 792
3 789 793 794
3 789 794 790
3 801 793 789
3 801 789 792
3 791 901 902
3 791 902 792
3 902 801 792
3 902 905 801
3 902 901 359
3 902 359 361
3 383 905 902
3 383 902 361
3 359 358 360
3 359 360 361
3 360 383 361
3 360 382 383
3 360 358 362
3 360 362 363
3 390 382 360
3 390 360 363
3 268 269 270
3 268 270 271
3 274 269 268
3 274 268 276
3 270 269 272
3 272 269 274
3 270 272 273
3 272 274 275
3 272 295 296
3 272 296 273
3 299 295 272
3 299 272 275
3 274 888 275
3 888 299 275
3 297 295 299
3 297 299 300
3 888 891 299
3 299 891 892
3 299 892 300
3 296 295 297
3 296 297 298
3 297 320 298
3 297 319 320
3 323 319 297
3 323 297 300
3 892 323 300
3 321 319 323
3 321 323 324
3 892 895 323
3 323 895 896
3 323 896 324
3 320 319 321
3 320 321 322
3 321 638 322
3 321 637 638
3 641 637 321
3 641 321 324
3 896 641 324
3 639 637 641
3 639 641 642
3 896 899 641
3 641 899 900
3 641 900 642
3 638 637 639
3 638 639 640
3 639 644 640
3 639 643 644
3 647 643 639
3 647 639 642
3 900 647 642
3 645 643 647
3 645 647 648
3 900 903 647
3 647 903 904
3 647 904 648
3 644 643 645
3 644 645 646
3 645 650 646
3 645 649 650
3 657 649 645
3 657 645 648
3 904 657 648
3 904 908 657
3 398 908 904
3 372 397 398
3 372 398 373
3 398 904 373
3 405 397 372
3 405 372 375
3 372 374 375
3 371 370 372
3 371 372 373
3 372 370 374
3 904 371 373
3 904 903 371
3 347 370 371
3 347 371 348
3 371 903 900
3 371 900 348
3 374 370 347
3 374 347 350
3 345 344 347
3 345 347 348
3 347 344 349
3 347 349 350
3 900 345 348
3 900 899 345
3 343 344 345
3 343 345 346
3 345 899 896
3 345 896 346
3 349 344 343
3 349 343 351
3 343 556 557
3 343 557 351
3 560 556 343
3 560 343 346
3 896 560 346
3 896 895 560
3 558 556 560
3 558 560 561
3 560 895 892
3 560 892 561
3 557 556 558
3 557 558 559
3 558 562 563
3 558 563 559
3 566 562 558
3 566 558 561
3 892 566 561
3 892 891 566
3 564 562 566
3 564 566 567
3 566 891 888
3 566 888 567
3 563 562 564
3 563 564 565
3 564 568 569
3 564 569 565
3 572 568 564
3 572 564 567
3 888 572 567
3 274 887 888
3 888 887 572
3 570 568 572
3 570 572 573
3 572 887 886
3 572 886 573
3 569 568 570
3 569 570 571
3 886 887 274
3 886 274 276
3 384 385 386
3 384 386 387
3 907 906 384
3 907 384 387
3 386 385 388
3 386 388 389
3 416 386 389
3 414 412 416
3 414 416 417
3 416 412 386
3 386 412 413
3 413 412 414
3 386 413 387
3 413 907 387
3 413 414 415
3 912 911 413
3 912 413 415
3 413 911 907
3 414 437 415
3 437 912 415
3 414 436 437
3 440 436 414
3 440 414 417
3 437 436 438
3 438 436 440
3 437 438 439
3 916 915 437
3 916 437 439
3 437 915 912
3 438 461 439
3 461 916 439
3 438 440 441
3 438 460 461
3 464 460 438
3 464 438 441
3 461 460 462
3 462 460 464
3 462 464 465
3 461 462 463
3 920 461 463
3 920 919 461
3 461 919 916
3 818 919 920
3 818 920 819
3 916 919 818
3 812 915 916
3 812 916 813
3 916 818 813
3 912 915 812
3 806 911 912
3 806 912 807
3 912 812 807
3 907 911 806
3 799 906 907
3 799 907 800
3 907 806 800
3 797 796 799
3 797 799 800
3 806 797 800
3 795 796 797
3 795 797 798
3 797 802 803
3 797 803 798
3 806 802 797
3 803 802 804
3 804 802 806
3 803 804 805
3 804 806 807
3 804 808 809
3 804 809 805
3 812 808 804
3 812 804 807
3 809 808 810
3 810 808 812
3 809 810 811
3 810 812 813
3 810 814 815
3 810 815 811
3 818 814 810
3 818 810 813
3 815 814 816
3 816 814 818
3 815 816 817
3 816 818 819
3 399 400 401
3 399 401 402
3 910 909 399
3 910 399 402
3 401 400 403
3 401 403 404
3 428 401 404
3 426 424 428
3 426 428 429
3 428 424 401
3 401 424 425
3 425 424 426
3 401 425 402
3 425 910 402
3 425 426 427
3 914 913 425
3 914 425 427
3 425 913 910
3 426 449 427
3 449 914 427
3 426 448 449
3 452 448 426
3 452 426 429
3 449 448 450
3 450 448 452
3 449 450 451
3 918 917 449
3 918 449 451
3 449 917 914
3 450 473 451
3 473 918 451
3 450 452 453
3 450 472 473
3 476 472 450
3 476 450 453
3 473 472 474
3 474 472 476
3 474 476 477
3 473 474 475
3 922 473 475
3 922 921 473
3 473 921 918
3 674 921 922
3 674 922 675
3 918 921 674
3 668 917 918
3 668 918 669
3 918 674 669
3 914 917 668
3 662 913 914
3 662 914 663
3 914 668 663
3 910 913 662
3 655 909 910
3 655 910 656
3 910 662 656
3 653 652 655
3 653 655 656
3 662 653 656
3 651 652 653
3 651 653 654
3 653 658 659
3 653 659 654
3 662 658 653
3 659 658 660
3 660 658 662
3 659 660 661
3 660 662 663
3 660 664 665
3 660 665 661
3 668 664 660
3 668 660 663
3 665 664 666
3 666 664 668
3 665 666 667
3 666 668 669
3 666 670 671
3 666 671 667
3 674 670 666
3 674 666 669
3 671 670 672
3 672 670 674
3 671 672 673
3 672 674 675
3 484 485 486
3 484 486 487
3 490 485 484
3 490 484 492
3 486 485 488
3 488 485 490
3 488 490 491
3 486 488 489
3 488 514 515
3 488 515 489
3 518 514 488
3 518 488 491
3 925 486 489
3 515 925 489
3 826 924 925
3 826 925 827
3 925 924 486
3 925 929 833
3 925 833 827
3 515 929 925
3 923 924 826
3 486 924 923
3 486 923 487
3 923 826 828
3 826 820 828
3 820 821 822
3 820 822 823
3 826 821 820
3 822 821 824
3 824 821 826
3 822 824 825
3 824 826 827
3 824 829 830
3 824 830 825
3 833 829 824
3 833 824 827
3 830 829 831
3 831 829 833
3 830 831 832
3 831 833 834
3 831 835 836
3 831 836 832
3 839 835 831
3 839 831 834
3 833 929 930
3 833 930 834
3 930 839 834
3 930 929 515
3 930 515 517
3 930 933 839
3 539 933 930
3 539 930 517
3 515 514 516
3 515 516 517
3 516 539 517
3 516 514 518
3 516 518 519
3 516 538 539
3 542 538 516
3 542 516 519
3 539 538 540
3 540 538 542
3 540 542 543
3 539 540 541
3 1041 1039 540
3 1041 540 543
3 540 1039 1037
3 540 1037 541
3 934 539 541
3 1037 934 541
3 934 933 539
3 839 933 934
3 839 934 840
3 1037 1035 934
3 934 1035 1033
3 934 1033 840
3 837 835 839
3 837 839 840
3 1033 837 840
3 836 835 837
3 836 837 838
3 1033 1030 837
3 837 1030 1029
3 837 1029 838
3 1029 1030 1031
3 1031 1030 1033
3 1029 1031 1032
3 1031 1033 1034
3 1033 1036 1034
3 1033 1035 1036
3 1036 1035 1037
3 1036 1037 1038
3 1037 1039 1040
3 1037 1040 1038
3 1040 1039 1041
3 1040 1041 1042
3 499 500 501
3 499 501 502
3 505 500 499
3 505 499 507
3 501 500 503
3 503 500 505
3 503 505 506
3 501 503 504
3 503 526 527
3 503 527 504
3 530 526 503
3 530 503 506
3 928 501 504
3 527 928 504
3 682 927 928
3 682 928 683
3 928 927 501
3 928 931 689
3 928 689 683
3 527 931 928
3 926 927 682
3 501 927 926
3 501 926 502
3 926 682 684
3 682 676 684
3 676 677 678
3 676 678 679
3 682 677 676
3 678 677 680
3 680 677 682
3 678 680 681
3 680 682 683
3 680 685 686
3 680 686 681
3 689 685 680
3 689 680 683
3 686 685 687
3 687 685 689
3 686 687 688
3 687 689 690
3 687 691 692
3 687 692 688
3 695 691 687
3 695 687 690
3 689 931 932
3 689 932 690
3 932 931 527
3 932 527 529
3 527 526 528
3 527 528 529
3 528 551 529
3 528 526 530
3 528 530 531
3 528 550 551
3 554 550 528
3 554 528 531
3 551 550 552
3 551 552 553
3 552 550 554
3 552 554 555
3 1021 1018 552
3 1021 552 555
3 552 1018 1017
3 552 1017 553
3 1017 1058 553
3 1017 1018 1019
3 1017 1019 1020
3 1057 1056 1017
3 1057 1017 1020
3 1017 1056 1058
3 1019 1018 1021
3 1019 1021 1022
3 1058 1056 1054
3 1058 1054 696
3 1054 1056 1057
3 1054 1057 1055
3 1052 1051 1054
3 1052 1054 1055
3 1054 1051 693
3 1054 693 696
3 693 695 696
3 692 691 693
3 692 693 694
3 693 691 695
3 693 1051 1050
3 693 1050 694
3 1050 1051 1052
3 1050 1052 1053
3 935 936 937
3 935 937 938
3 941 936 935
3 941 935 943
3 937 936 939
3 939 936 941
3 937 939 940
3 939 941 942
3 946 947 948
3 946 948 949
3 948 947 950
3 950 947 952
3 950 952 953
3 1216 950 953
3 948 950 951
3 1216 1214 950
3 950 1214 1212
3 950 1212 951
3 1215 1214 1216
3 1215 1216 1217
3 1212 1214 1215
3 1212 1215 1213
3 1211 1210 1212
3 1211 1212 1213
3 1212 1210 958
3 1212 958 951
3 958 948 951
3 956 955 958
3 956 958 959
3 958 955 948
3 958 1210 1208
3 958 1208 959
3 1208 1210 1211
3 1208 1211 1209
3 1206 1205 1208
3 1206 1208 1209
3 1208 1205 965
3 1208 965 959
3 965 956 959
3 964 961 965
3 964 965 966
3 965 961 956
3 965 1205 1204
3 965 1204 966
3 1204 1205 1206
3 1204 1206 1207
3 954 955 956
3 954 956 957
3 956 961 960
3 956 960 957
3 960 961 962
3 960 962 963
3 948 955 954
3 948 954 949
3 967 968 969
3 967 969 970
3 974 968 967
3 974 967 976
3 971 968 972
3 972 968 974
3 971 972 973
3 972 974 975
3 1097 1096 972
3 1097 972 975
3 972 1096 1099
3 972 1099 973
3 974 988 975
3 988 1097 975
3 986 987 974
3 986 974 976
3 974 987 988
3 981 987 986
3 981 986 982
3 988 987 981
3 979 978 981
3 979 981 982
3 981 978 983
3 981 983 984
3 988 981 984
3 977 978 979
3 977 979 980
3 983 978 977
3 983 977 985
3 1107 983 985
3 1107 1104 983
3 983 1104 1102
3 983 1102 984
3 1102 988 984
3 1101 1100 1102
3 1101 1102 1103
3 1102 1100 988
3 1102 1104 1105
3 1102 1105 1103
3 1106 1104 1107
3 1106 1107 1108
3 988 1100 1097
3 1097 1100 1101
3 1097 1101 1098
3 1095 1096 1097
3 1095 1097 1098
3 995 996 997
3 995 997 998
3 1001 996 995
3 1001 995 1003
3 997 996 999
3 999 996 1001
3 997 999 1000
3 999 1001 1002
3 1278 1279 1280
3 1278 1280 1281
3 1411 1410 1278
3 1411 1278 1281
3 1280 1279 1282
3 1280 1282 1283
3 1282 1290 1291
3 1282 1291 1283
3 1654 1280 1283
3 1291 1654 1283
3 1291 1290 1292
3 1291 1292 1293
3 1656 1655 1291
3 1656 1291 1293
3 1291 1655 1654
3 1429 1655 1656
3 1429 1656 1430
3 1654 1655 1429
3 1427 1424 1429
3 1427 1429 1430
3 1429 1424 1423
3 1429 1423 1431
3 1654 1429 1431
3 1425 1424 1427
3 1425 1427 1428
3 1423 1424 1425
3 1423 1425 1426
3 1425 1740 1738
3 1425 1738 1426
3 1546 1423 1426
3 1738 1546 1426
3 1736 1737 1738
3 1736 1738 1739
3 1738 1737 1546
3 1738 1740 1741
3 1738 1741 1739
3 1546 1540 1423
3 1535 1540 1541
3 1423 1540 1535
3 1423 1535 1431
3 1535 1537 1431
3 1537 1654 1431
3 1537 1653 1654
3 1654 1653 1280
3 1652 1653 1537
3 1280 1653 1652
3 1280 1652 1281
3 1558 1651 1652
3 1558 1652 1539
3 1652 1651 1411
3 1652 1411 1281
3 1652 1537 1539
3 1650 1651 1558
3 1411 1651 1650
3 1404 1410 1411
3 1404 1411 1405
3 1411 1650 1405
3 1402 1401 1404
3 1402 1404 1405
3 1650 1402 1405
3 1400 1401 1402
3 1400 1402 1403
3 1650 1649 1402
3 1402 1649 1648
3 1402 1648 1403
3 1648 1649 1519
3 1519 1649 1650
3 1648 1519 1522
3 1517 1516 1519
3 1517 1519 1520
3 1519 1516 1521
3 1519 1521 1522
3 1519 1650 1520
3 1515 1516 1517
3 1515 1517 1518
3 1694 1800 1515
3 1694 1515 1518
3 1517 1572 1518
3 1572 1694 1518
3 1517 1571 1572
3 1572 1571 1549
3 1572 1549 1552
3 1572 1695 1694
3 1559 1571 1517
3 1558 1557 1559
3 1558 1559 1520
3 1559 1517 1520
3 1538 1557 1558
3 1538 1558 1539
3 1650 1558 1520
3 1537 1534 1538
3 1537 1538 1539
3 1535 1534 1537
3 1533 1534 1535
3 1533 1535 1536
3 1535 1541 1536
3 1565 1564 1533
3 1565 1533 1536
3 1541 1565 1536
3 1569 1568 1541
3 1569 1541 1570
3 1541 1568 1565
3 1418 1568 1569
3 1418 1569 1419
3 1730 1731 1569
3 1730 1569 1570
3 1565 1568 1418
3 1420 1564 1565
3 1420 1565 1421
3 1565 1418 1421
3 1561 1564 1420
3 1527 1560 1561
3 1527 1561 1422
3 1561 1560 1562
3 1561 1562 1563
3 1561 1420 1422
3 1548 1560 1527
3 1562 1560 1548
3 1562 1548 1550
3 1523 1547 1548
3 1523 1548 1528
3 1548 1547 1549
3 1548 1549 1550
3 1548 1527 1528
3 1549 1547 1551
3 1551 1547 1523
3 1549 1551 1552
3 1551 1523 1526
3 1708 1709 1551
3 1708 1551 1526
3 1523 1525 1526
3 1523 1524 1525
3 1525 1524 1414
3 1525 1414 1417
3 1715 1714 1525
3 1715 1525 1417
3 1414 1524 1527
3 1527 1524 1523
3 1414 1527 1422
3 1527 1523 1528
3 1420 1414 1422
3 1418 1415 1420
3 1418 1420 1421
3 1420 1415 1414
3 1416 1415 1418
3 1416 1418 1419
3 1414 1415 1416
3 1414 1416 1417
3 1725 1719 1416
3 1725 1416 1419
3 1416 1719 1715
3 1416 1715 1417
3 1715 1719 1720
3 1713 1714 1715
3 1713 1715 1716
3 1715 1720 1716
3 1720 2704 2703
3 1720 2703 1716
3 2700 1713 1716
3 2700 2702 1713
3 2698 2699 2700
3 2698 2700 2701
3 2703 2704 2705
3 2703 2705 2706
3 1694 1695 1696
3 1694 1696 1697
3 1801 1800 1694
3 1801 1694 1697
3 1696 2686 2684
3 1696 2684 1697
3 2684 1801 1697
3 2682 2681 2684
3 2682 2684 2685
3 2684 2681 1801
3 2684 2686 2687
3 2684 2687 2685
3 2680 2681 2682
3 2680 2682 2683
3 1801 2681 2680
3 1801 2680 1802
3 1799 1801 1802
3 1799 1800 1801
3 2720 1736 1739
3 1741 2720 1739
3 2720 2719 1736
3 2718 2719 2720
3 2718 2720 2721
3 2720 2723 2721
3 2720 2722 2723
3 1741 2722 2720
3 2724 2722 1741
3 2724 1741 2726
3 2723 2722 2724
3 2723 2724 2725
3 1284 1285 1286
3 1284 1286 1287
3 1296 1295 1284
3 1296 1284 1287
3 1286 1285 1288
3 1286 1288 1289
3 1288 1412 1413
3 1288 1413 1289
3 1581 1286 1289
3 1413 1581 1289
3 1413 1412 1406
3 1413 1406 1409
3 1589 1587 1413
3 1589 1413 1409
3 1413 1587 1581
3 1406 1407 1408
3 1406 1408 1409
3 1408 1589 1409
3 1408 1407 1396
3 1408 1396 1399
3 1597 1595 1408
3 1597 1408 1399
3 1408 1595 1589
3 1396 1397 1398
3 1396 1398 1399
3 1398 1597 1399
3 1398 1397 1388
3 1398 1388 1391
3 1605 1603 1398
3 1605 1398 1391
3 1398 1603 1597
3 1388 1389 1390
3 1388 1390 1391
3 1390 1605 1391
3 1390 1389 1380
3 1390 1380 1383
3 1613 1611 1390
3 1613 1390 1383
3 1390 1611 1605
3 1380 1381 1382
3 1380 1382 1383
3 1382 1613 1383
3 1382 1381 1372
3 1382 1372 1375
3 1621 1619 1382
3 1621 1382 1375
3 1382 1619 1613
3 1372 1373 1374
3 1372 1374 1375
3 1374 1621 1375
3 1374 1373 1362
3 1374 1362 1365
3 1629 1627 1374
3 1629 1374 1365
3 1374 1627 1621
3 1362 1363 1364
3 1362 1364 1365
3 1364 1629 1365
3 1364 1363 1354
3 1364 1354 1357
3 1637 1635 1364
3 1637 1364 1357
3 1364 1635 1629
3 1354 1355 1356
3 1354 1356 1357
3 1356 1637 1357
3 1356 1355 1346
3 1356 1346 1349
3 1631 1639 1356
3 1631 1356 1349
3 1356 1639 1637
3 1346 1347 1348
3 1346 1348 1349
3 1348 1631 1349
3 1348 1347 1338
3 1348 1338 1341
3 1623 1632 1348
3 1623 1348 1341
3 1348 1632 1631
3 1338 1339 1340
3 1338 1340 1341
3 1340 1623 1341
3 1340 1339 1328
3 1340 1328 1331
3 1615 1624 1340
3 1615 1340 1331
3 1340 1624 1623
3 1328 1329 1330
3 1328 1330 1331
3 1330 1615 1331
3 1330 1329 1320
3 1330 1320 1323
3 1607 1616 1330
3 1607 1330 1323
3 1330 1616 1615
3 1320 1321 1322
3 1320 1322 1323
3 1322 1607 1323
3 1322 1321 1312
3 1322 1312 1315
3 1599 1608 1322
3 1599 1322 1315
3 1322 1608 1607
3 1312 1313 1314
3 1312 1314 1315
3 1314 1599 1315
3 1314 1313 1304
3 1314 1304 1307
3 1591 1600 1314
3 1591 1314 1307
3 1314 1600 1599
3 1304 1305 1306
3 1304 1306 1307
3 1306 1591 1307
3 1306 1305 1294
3 1306 1294 1297
3 1583 1592 1306
3 1583 1306 1297
3 1306 1592 1591
3 1294 1295 1296
3 1294 1296 1297
3 1296 1583 1297
3 1577 1584 1296
3 1577 1296 1287
3 1296 1584 1583
3 1583 1584 1585
3 1585 1584 1577
3 1583 1585 1586
3 1593 1592 1583
3 1593 1583 1586
3 1591 1592 1593
3 1591 1593 1594
3 1585 1689 1593
3 1585 1593 1586
3 1593 1689 1690
3 1593 1690 1594
3 1601 1600 1591
3 1601 1591 1594
3 1690 1601 1594
3 1599 1600 1601
3 1599 1601 1602
3 1601 1691 1609
3 1601 1609 1602
3 1690 1691 1601
3 1609 1608 1599
3 1609 1599 1602
3 1607 1608 1609
3 1607 1609 1610
3 1609 1691 1692
3 1609 1692 1610
3 1692 1691 1690
3 1692 1690 1680
3 1681 1693 1692
3 1681 1692 1680
3 1692 1693 1617
3 1692 1617 1610
3 1617 1607 1610
3 1617 1616 1607
3 1615 1616 1617
3 1615 1617 1618
3 1617 1693 1625
3 1617 1625 1618
3 1625 1693 1681
3 1623 1624 1625
3 1623 1625 1626
3 1625 1624 1615
3 1625 1615 1618
3 1625 1681 1626
3 1633 1632 1623
3 1633 1623 1626
3 1681 1633 1626
3 1631 1632 1633
3 1631 1633 1634
3 1681 1682 1633
3 1633 1682 1640
3 1633 1640 1634
3 1640 1639 1631
3 1640 1631 1634
3 1637 1639 1640
3 1637 1640 1638
3 1640 1682 1683
3 1640 1683 1638
3 1683 1682 1681
3 1683 1681 1680
3 1685 1688 1683
3 1685 1683 1680
3 1683 1688 1636
3 1683 1636 1638
3 1636 1637 1638
3 1636 1635 1637
3 1629 1635 1636
3 1629 1636 1630
3 1636 1688 1628
3 1636 1628 1630
3 1628 1688 1685
3 1621 1627 1628
3 1621 1628 1622
3 1628 1627 1629
3 1628 1629 1630
3 1628 1685 1622
3 1620 1619 1621
3 1620 1621 1622
3 1685 1620 1622
3 1613 1619 1620
3 1613 1620 1614
3 1620 1684 1612
3 1620 1612 1614
3 1685 1684 1620
3 1612 1611 1613
3 1612 1613 1614
3 1605 1611 1612
3 1605 1612 1606
3 1612 1684 1679
3 1612 1679 1606
3 1679 1684 1685
3 1679 1685 1680
3 1678 1677 1679
3 1678 1679 1680
3 1679 1677 1604
3 1679 1604 1606
3 1604 1605 1606
3 1604 1603 1605
3 1597 1603 1604
3 1597 1604 1598
3 1604 1677 1596
3 1604 1596 1598
3 1596 1677 1678
3 1589 1595 1596
3 1589 1596 1590
3 1596 1595 1597
3 1596 1597 1598
3 1596 1678 1590
3 1588 1587 1589
3 1588 1589 1590
3 1678 1588 1590
3 1581 1587 1588
3 1581 1588 1582
3 1678 1686 1588
3 1588 1686 1579
3 1588 1579 1582
3 1579 1578 1581
3 1579 1581 1582
3 1581 1578 1286
3 1577 1578 1579
3 1577 1579 1580
3 1579 1686 1687
3 1579 1687 1580
3 1687 1686 1678
3 1687 1678 1680
3 1690 1689 1687
3 1690 1687 1680
3 1687 1689 1585
3 1687 1585 1580
3 1585 1577 1580
3 1286 1578 1577
3 1286 1577 1287
3 1298 1299 1300
3 1298 1300 1301
3 1300 1299 1302
3 1300 1302 1303
3 1302 1308 1309
3 1302 1309 1303
3 1659 1300 1303
3 1309 1659 1303
3 1309 1308 1310
3 1309 1310 1311
3 1661 1660 1309
3 1661 1309 1311
3 1309 1660 1659
3 1310 1316 1317
3 1310 1317 1311
3 1317 1661 1311
3 1317 1316 1318
3 1317 1318 1319
3 1663 1662 1317
3 1663 1317 1319
3 1317 1662 1661
3 1318 1324 1325
3 1318 1325 1319
3 1325 1663 1319
3 1325 1324 1326
3 1325 1326 1327
3 1665 1664 1325
3 1665 1325 1327
3 1325 1664 1663
3 1457 1664 1665
3 1457 1665 1458
3 1663 1664 1457
3 1455 1453 1457
3 1455 1457 1458
3 1457 1453 1449
3 1457 1449 1452
3 1663 1457 1452
3 1454 1453 1455
3 1454 1455 1456
3 1449 1453 1454
3 1449 1454 1450
3 1761 1759 1454
3 1761 1454 1456
3 1454 1759 1757
3 1454 1757 1450
3 1448 1449 1450
3 1757 1448 1450
3 1756 1755 1757
3 1756 1757 1758
3 1757 1755 1448
3 1757 1759 1760
3 1757 1760 1758
3 1760 1759 1761
3 1760 1761 1762
3 2743 2741 1760
3 2743 1760 1762
3 1760 2741 2739
3 1760 2739 1758
3 2739 1756 1758
3 2738 2737 2739
3 2738 2739 2740
3 2739 2737 1756
3 2739 2741 2742
3 2739 2742 2740
3 2742 2741 2743
3 2742 2743 2744
3 1753 1755 1756
3 1753 1756 1754
3 1756 2737 2735
3 1756 2735 1754
3 2735 2737 2738
3 2735 2738 2736
3 2734 2733 2735
3 2734 2735 2736
3 2735 2733 1752
3 2735 1752 1754
3 1752 1753 1754
3 1749 1751 1752
3 1749 1752 1750
3 1752 1751 1753
3 1752 2733 2731
3 1752 2731 1750
3 2731 2733 2734
3 2731 2734 2732
3 2729 2728 2731
3 2729 2731 2732
3 2731 2728 1748
3 2731 1748 1750
3 1748 1749 1750
3 1744 1747 1748
3 1744 1748 1745
3 1748 1747 1749
3 1748 2728 2727
3 1748 2727 1745
3 2727 2728 2729
3 2727 2729 2730
3 1742 1744 1745
3 1742 1743 1744
3 1744 1743 1746
3 1744 1746 1435
3 1432 1434 1435
3 1434 1744 1435
3 1432 1433 1434
3 1438 1433 1432
3 1438 1432 1440
3 1434 1433 1436
3 1436 1433 1438
3 1434 1436 1437
3 1749 1747 1434
3 1749 1434 1437
3 1434 1747 1744
3 1436 1442 1437
3 1442 1749 1437
3 1442 1751 1749
3 1436 1441 1442
3 1442 1441 1443
3 1442 1443 1444
3 1753 1751 1442
3 1753 1442 1444
3 1443 1441 1445
3 1445 1441 1436
3 1443 1445 1446
3 1443 1447 1448
3 1443 1448 1444
3 1451 1447 1443
3 1451 1443 1446
3 1448 1753 1444
3 1448 1755 1753
3 1448 1447 1449
3 1449 1447 1451
3 1449 1451 1452
3 1661 1662 1451
3 1661 1451 1446
3 1451 1662 1663
3 1451 1663 1452
3 1445 1661 1446
3 1445 1660 1661
3 1659 1660 1445
3 1438 1658 1659
3 1438 1659 1439
3 1659 1658 1300
3 1659 1445 1439
3 1445 1436 1439
3 1436 1438 1439
3 1657 1658 1438
3 1657 1438 1440
3 1300 1658 1657
3 1300 1657 1301
3 1332 1333 1334
3 1332 1334 1335
3 1334 1333 1336
3 1334 1336 1337
3 1336 1342 1343
3 1336 1343 1337
3 1668 1334 1337
3 1343 1668 1337
3 1343 1342 1344
3 1343 1344 1345
3 1670 1669 1343
3 1670 1343 1345
3 1343 1669 1668
3 1344 1350 1351
3 1344 1351 1345
3 1351 1670 1345
3 1351 1350 1352
3 1351 1352 1353
3 1672 1671 1351
3 1672 1351 1353
3 1351 1671 1670
3 1352 1358 1359
3 1352 1359 1353
3 1359 1672 1353
3 1359 1358 1360
3 1359 1360 1361
3 1674 1673 1359
3 1674 1359 1361
3 1359 1673 1672
3 1484 1673 1674
3 1484 1674 1485
3 1672 1673 1484
3 1482 1480 1484
3 1482 1484 1485
3 1484 1480 1476
3 1484 1476 1479
3 1672 1484 1479
3 1481 1480 1482
3 1481 1482 1483
3 1476 1480 1481
3 1476 1481 1477
3 1779 1777 1481
3 1779 1481 1483
3 1481 1777 1775
3 1481 1775 1477
3 1475 1476 1477
3 1775 1475 1477
3 1774 1773 1775
3 1774 1775 1776
3 1775 1773 1475
3 1775 1777 1778
3 1775 1778 1776
3 1778 1777 1779
3 1778 1779 1780
3 2660 2658 1778
3 2660 1778 1780
3 1778 2658 2656
3 1778 2656 1776
3 2656 1774 1776
3 2655 2654 2656
3 2655 2656 2657
3 2656 2654 1774
3 2656 2658 2659
3 2656 2659 2657
3 2659 2658 2660
3 2659 2660 2661
3 1771 1773 1774
3 1771 1774 1772
3 1774 2654 2652
3 1774 2652 1772
3 2652 2654 2655
3 2652 2655 2653
3 2651 2650 2652
3 2651 2652 2653
3 2652 2650 1770
3 2652 1770 1772
3 1770 1771 1772
3 1767 1769 1770
3 1767 1770 1768
3 1770 1769 1771
3 1770 2650 2648
3 1770 2648 1768
3 2648 2650 2651
3 2648 2651 2649
3 2646 2645 2648
3 2646 2648 2649
3 2648 2645 1765
3 2648 1765 1768
3 1765 1767 1768
3 1763 1764 1765
3 1763 1765 1766
3 1765 1764 1767
3 1765 2645 2644
3 1765 2644 1766
3 2644 2645 2646
3 2644 2646 2647
3 1767 1764 1461
3 1767 1461 1464
3 1469 1769 1767
3 1469 1767 1464
3 1461 1764 1763
3 1461 1763 1462
3 1459 1461 1462
3 1459 1460 1461
3 1461 1460 1463
3 1461 1463 1464
3 1463 1469 1464
3 1463 1460 1465
3 1463 1465 1466
3 1463 1468 1469
3 1472 1468 1463
3 1472 1463 1466
3 1465 1460 1459
3 1465 1459 1467
3 1666 1465 1467
3 1666 1667 1465
3 1465 1667 1668
3 1465 1668 1466
3 1668 1472 1466
3 1668 1667 1334
3 1668 1669 1472
3 1334 1667 1666
3 1334 1666 1335
3 1470 1468 1472
3 1470 1472 1473
3 1472 1669 1670
3 1472 1670 1473
3 1478 1470 1473
3 1670 1478 1473
3 1670 1671 1478
3 1476 1474 1478
3 1476 1478 1479
3 1478 1474 1470
3 1478 1671 1672
3 1478 1672 1479
3 1475 1474 1476
3 1470 1474 1475
3 1470 1475 1471
3 1475 1773 1771
3 1475 1771 1471
3 1469 1470 1471
3 1771 1469 1471
3 1771 1769 1469
3 1469 1468 1470
3 1366 1367 1368
3 1366 1368 1369
3 1368 1367 1370
3 1368 1370 1371
3 1370 1376 1377
3 1370 1377 1371
3 1377 1641 1371
3 1641 1368 1371
3 1377 1376 1378
3 1377 1378 1379
3 1643 1642 1377
3 1643 1377 1379
3 1377 1642 1641
3 1378 1384 1385
3 1378 1385 1379
3 1385 1643 1379
3 1385 1384 1386
3 1385 1386 1387
3 1645 1644 1385
3 1645 1385 1387
3 1385 1644 1643
3 1386 1392 1393
3 1386 1393 1387
3 1393 1645 1387
3 1393 1392 1394
3 1393 1394 1395
3 1647 1646 1393
3 1647 1393 1395
3 1393 1646 1645
3 1511 1646 1647
3 1511 1647 1512
3 1645 1646 1511
3 1509 1507 1511
3 1509 1511 1512
3 1511 1507 1503
3 1511 1503 1506
3 1645 1511 1506
3 1503 1507 1508
3 1508 1507 1509
3 1508 1509 1510
3 1509 1513 1514
3 1509 1514 1510
3 1797 1508 1510
3 1514 1797 1510
3 1514 1803 1797
3 1796 1795 1797
3 1796 1797 1798
3 1797 1795 1508
3 1793 1795 1796
3 1508 1795 1793
3 1792 1791 1793
3 1792 1793 1794
3 1793 1791 1502
3 1793 1502 1504
3 1793 1796 1794
3 1508 1793 1504
3 1789 1791 1792
3 1502 1791 1789
3 1788 1787 1789
3 1788 1789 1790
3 1789 1787 1496
3 1789 1496 1498
3 1789 1792 1790
3 1502 1789 1498
3 1785 1787 1788
3 1496 1787 1785
3 1783 1782 1785
3 1783 1785 1786
3 1785 1782 1488
3 1785 1488 1491
3 1785 1788 1786
3 1496 1785 1491
3 1781 1782 1783
3 1488 1782 1781
3 1781 1783 1784
3 1488 1781 1489
3 1783 2662 1784
3 2662 2663 2664
3 2662 2664 2665
3 1783 2663 2662
3 2664 2663 2666
3 2666 2663 1783
3 2664 2666 2667
3 2666 2669 2667
3 2666 1783 1786
3 2666 2668 2669
3 1788 2668 2666
3 1788 2666 1786
3 2669 2668 2670
3 2669 2670 2671
3 2670 2668 1788
3 2670 1788 1790
3 2670 2672 2673
3 2670 2673 2671
3 1792 2672 2670
3 1792 2670 1790
3 2673 2672 2674
3 2674 2672 1792
3 2673 2674 2675
3 2674 1792 1794
3 2674 2676 2677
3 2674 2677 2675
3 1796 2676 2674
3 1796 2674 1794
3 2677 2676 2678
3 2678 2676 1796
3 2677 2678 2679
3 2678 1796 1798
3 1486 1488 1489
3 1486 1487 1488
3 1492 1487 1486
3 1492 1486 1494
3 1488 1487 1490
3 1488 1490 1491
3 1490 1487 1492
3 1490 1492 1493
3 1490 1495 1496
3 1490 1496 1491
3 1499 1495 1490
3 1499 1490 1493
3 1641 1499 1493
3 1492 1641 1493
3 1497 1495 1499
3 1497 1499 1500
3 1641 1642 1499
3 1499 1642 1643
3 1499 1643 1500
3 1496 1495 1497
3 1496 1497 1498
3 1497 1502 1498
3 1497 1501 1502
3 1505 1501 1497
3 1505 1497 1500
3 1643 1505 1500
3 1643 1644 1505
3 1503 1501 1505
3 1503 1505 1506
3 1505 1644 1645
3 1505 1645 1506
3 1502 1501 1503
3 1502 1503 1504
3 1503 1508 1504
3 1492 1676 1641
3 1641 1676 1368
3 1675 1676 1492
3 1675 1492 1494
3 1368 1676 1675
3 1368 1675 1369
3 1529 1530 1531
3 1529 1531 1532
3 1555 1554 1529
3 1555 1529 1532
3 1531 1566 1567
3 1531 1567 1532
3 1553 1554 1555
3 1553 1555 1556
3 1542 1543 1544
3 1542 1544 1545
3 1544 1734 1728
3 1544 1728 1545
3 1728 1734 1735
3 1727 1726 1728
3 1727 1728 1729
3 1728 1735 1729
3 1735 2716 2714
3 1735 2714 1729
3 2714 1727 1729
3 2713 2712 2714
3 2713 2714 2715
3 2714 2712 1727
3 2714 2716 2717
3 2714 2717 2715
3 2709 2712 2713
3 2709 2713 2710
3 1727 2712 2709
3 2707 2708 2709
3 2707 2709 2710
3 2709 2711 1721
3 2709 1721 1724
3 1727 2709 1724
3 1721 1722 1723
3 1721 1723 1724
3 1723 1727 1724
3 1723 1726 1727
3 1732 1726 1723
3 1732 1723 1733
3 1573 1574 1575
3 1573 1575 1576
3 1698 1699 1700
3 1698 1700 1701
3 2690 2689 1698
3 2690 1698 1701
3 1700 1699 1702
3 1700 1702 1703
3 1710 1700 1703
3 1710 1704 1700
3 1700 1704 1705
3 1700 1705 1701
3 1705 2690 1701
3 1705 1704 1706
3 1705 1706 1707
3 2694 2692 1705
3 2694 1705 1707
3 1705 2692 2690
3 1706 1711 1712
3 1706 1712 1707
3 1717 1711 1706
3 1717 1706 1718
3 1712 2694 1707
3 1712 2696 2694
3 2694 2696 2697
3 2694 2697 2695
3 2693 2694 2695
3 2693 2692 2694
3 2690 2692 2693
3 2690 2693 2691
3 2688 2689 2690
3 2688 2690 2691
3 1804 1805 1806
3 1804 1806 1807
3 1818 1817 1804
3 1818 1804 1807
3 1806 1805 1808
3 1806 1808 1809
3 1808 1935 1936
3 1808 1936 1809
3 1936 2170 1809
3 2170 1806 1809
3 1936 1935 1925
3 1936 1925 1928
3 2167 2171 1936
3 2167 1936 1928
3 1936 2171 2170
3 1925 1926 1927
3 1925 1927 1928
3 1927 2167 1928
3 1927 1926 1929
3 1927 1929 1930
3 2169 2168 1927
3 2169 1927 1930
3 1927 2168 2167
3 2045 2168 2169
3 2045 2169 2046
3 2167 2168 2045
3 2044 2039 2045
3 2044 2045 2046
3 2045 2039 2038
3 2045 2038 2047
3 2167 2045 2047
3 2038 2039 2040
3 2038 2040 2041
3 2040 2582 2583
3 2040 2583 2041
3 2088 2038 2041
3 2583 2088 2041
3 2583 2582 2378
3 2583 2378 2236
3 2583 2585 2088
3 2235 2585 2583
3 2235 2583 2236
3 2088 2089 2038
3 2069 2089 2088
3 2069 2088 2074
3 2038 2089 2079
3 2079 2089 2069
3 2038 2079 2047
3 2077 2078 2079
3 2077 2079 2072
3 2079 2078 2080
3 2079 2080 2047
3 2079 2069 2072
3 2080 2167 2047
3 2080 2078 2062
3 2080 2062 2064
3 2170 2171 2080
3 2170 2080 2064
3 2080 2171 2167
3 2062 2055 2063
3 2062 2063 2064
3 2063 2170 2064
3 2063 2173 2170
3 2170 2173 1806
3 2063 2055 2054
3 2063 2054 1957
3 2172 2173 2063
3 2172 2063 1957
3 2054 2055 2056
3 2054 2056 2057
3 2081 2085 2056
3 2081 2056 2083
3 2056 2085 2084
3 2056 2084 2057
3 2067 2054 2057
3 2084 2067 2057
3 2084 2085 1945
3 2084 1945 1947
3 1939 2087 2084
3 1939 2084 1947
3 2084 2087 2067
3 1945 2085 2081
3 1943 1940 1945
3 1943 1945 1946
3 1945 1940 1939
3 1945 1939 1947
3 1945 2081 1946
3 1939 1940 1941
3 1941 1940 1943
3 1939 1941 1942
3 2086 2087 1939
3 2086 1939 1942
3 2067 2087 2086
3 2067 2086 2068
3 2605 2606 2086
3 2605 2086 1942
3 2065 2067 2068
3 2065 2066 2067
3 1954 2066 2065
3 1954 2065 1955
3 2065 2613 2614
3 2065 2614 1955
3 2067 2066 2054
3 2054 2066 1954
3 2054 1954 1957
3 1954 1956 1957
3 1956 2172 1957
3 1954 1953 1956
3 2174 2175 1956
3 2174 1956 2176
3 1956 2175 2172
3 1952 1953 1954
3 1952 1954 1955
3 2614 2615 1952
3 2614 1952 1955
3 2618 2615 2287
3 2287 2615 2614
3 2614 2613 2281
3 2614 2281 2282
3 2287 2614 2282
3 2281 2274 2273
3 2281 2273 2282
3 2273 2287 2282
3 2273 2274 2275
3 2273 2275 2276
3 2285 2284 2273
3 2285 2273 2276
3 2273 2284 2287
3 2283 2284 2285
3 2283 2285 2286
3 2287 2284 2283
3 2287 2283 2288
3 2618 2287 2288
3 1806 2173 2172
3 1806 2172 1807
3 2172 2175 1818
3 2172 1818 1807
3 1818 2175 2174
3 1816 1817 1818
3 1816 1818 1819
3 1818 2174 1819
3 1941 1943 1944
3 2598 2600 1941
3 2598 1941 1944
3 1943 2048 2049
3 1943 2049 1944
3 2052 2048 1943
3 2052 1943 1946
3 2049 2598 1944
3 2049 2048 2050
3 2049 2050 2051
3 2596 2597 2049
3 2596 2049 2051
3 2049 2597 2598
3 2050 2048 2052
3 2050 2052 2053
3 2071 2070 2050
3 2071 2050 2053
3 2050 2070 2073
3 2050 2073 2051
3 2052 2071 2053
3 2081 2082 2052
3 2081 2052 1946
3 2052 2082 2071
3 2077 2082 2081
3 2077 2081 2083
3 2071 2082 2077
3 2071 2077 2072
3 2069 2070 2071
3 2069 2071 2072
3 2073 2070 2069
3 2073 2069 2074
3 2590 2591 2073
3 2590 2073 2074
3 2598 2597 2253
3 2598 2253 2254
3 2264 2600 2598
3 2264 2598 2254
3 2253 2246 2245
3 2253 2245 2254
3 2261 2264 2254
3 2261 2263 2264
3 2259 2260 2261
3 2259 2261 2262
3 2245 2246 2247
3 2245 2247 2248
3 2232 2235 2236
3 2378 2232 2236
3 2232 2234 2235
3 2230 2231 2232
3 2230 2232 2233
3 2232 2373 2374
3 2232 2374 2233
3 2378 2373 2232
3 2377 2373 2378
3 2377 2378 2379
3 2374 2373 2375
3 2374 2375 2376
3 1810 1811 1812
3 1810 1812 1813
3 1938 1937 1810
3 1938 1810 1813
3 1812 1811 1814
3 1812 1814 1815
3 1814 1820 1821
3 1814 1821 1815
3 2094 1812 1815
3 1821 2094 1815
3 1821 1820 1822
3 1821 1822 1823
3 2098 2096 1821
3 2098 1821 1823
3 1821 2096 2094
3 1822 1830 1831
3 1822 1831 1823
3 1831 2098 1823
3 1831 1830 1832
3 1831 1832 1833
3 2106 2104 1831
3 2106 1831 1833
3 1831 2104 2098
3 2116 2106 1833
3 2114 2112 2116
3 2114 2116 2117
3 2116 2112 2106
3 2106 2112 2113
3 2113 2112 2114
3 2105 2104 2106
3 2105 2106 2107
3 2106 2113 2107
3 2098 2104 2105
3 2097 2096 2098
3 2097 2098 2099
3 2098 2105 2099
3 2094 2096 2097
3 2092 2091 2094
3 2092 2094 2095
3 2094 2091 1812
3 2094 2097 2095
3 2090 2091 2092
3 1812 2091 2090
3 1812 2090 1813
3 2090 2092 2093
3 2102 2101 2090
3 2102 2090 2093
3 2090 2101 1938
3 2090 1938 1813
3 2092 2102 2093
3 2092 2218 2102
3 2219 2218 2092
3 2219 2092 2095
3 2097 2219 2095
3 2209 2218 2219
3 2209 2219 2212
3 2097 2222 2219
3 2219 2222 2221
3 2219 2221 2212
3 2102 2218 2209
3 2100 2101 2102
3 2100 2102 2103
3 2102 2209 2103
3 2110 2100 2103
3 2209 2110 2103
3 2108 2109 2110
3 2108 2110 2111
3 2110 2109 2100
3 2209 2210 2110
3 2110 2210 2120
3 2110 2120 2111
3 2100 2109 1932
3 1932 2109 2108
3 1938 2101 2100
3 1938 2100 1934
3 2100 1932 1934
3 1933 1937 1938
3 1933 1938 1934
3 1932 1933 1934
3 1932 1931 1933
3 1923 1931 1932
3 1923 1932 1924
3 1932 2108 1924
3 1921 1920 1923
3 1921 1923 1924
3 2108 1921 1924
3 2120 2119 2108
3 2120 2108 2111
3 2108 2119 1921
3 2118 2119 2120
3 2118 2120 2121
3 2120 2210 2211
3 2120 2211 2121
3 1921 2119 2118
3 1919 1920 1921
3 1919 1921 1922
3 1921 2118 1922
3 2118 2131 1922
3 2118 2128 2131
3 2131 2128 2127
3 2131 2127 2132
3 2127 2128 2129
3 2129 2128 2118
3 2127 2129 2130
3 2139 2138 2127
3 2139 2127 2130
3 2127 2138 2141
3 2127 2141 2132
3 2129 2139 2130
3 2129 2118 2121
3 2211 2216 2129
3 2211 2129 2121
3 2129 2216 2139
3 2211 2210 2209
3 2211 2209 2212
3 2217 2216 2211
3 2217 2211 2212
3 2139 2216 2217
3 2139 2217 2140
3 2217 2220 2148
3 2217 2148 2140
3 2215 2220 2217
3 2215 2217 2212
3 2214 2215 2212
3 2221 2223 2212
3 2223 2214 2212
3 2221 2222 2105
3 2221 2105 2107
3 2113 2224 2221
3 2113 2221 2107
3 2221 2224 2223
3 2105 2222 2097
3 2105 2097 2099
3 2223 2224 2123
3 2223 2123 2125
3 2134 2225 2223
3 2134 2223 2125
3 2223 2225 2214
3 2123 2224 2113
3 2114 2122 2123
3 2114 2123 2115
3 2123 2122 2124
3 2123 2124 2125
3 2123 2113 2115
3 2124 2134 2125
3 2124 2122 2126
3 2124 2126 1854
3 2124 2133 2134
3 1853 2133 2124
3 1853 2124 1854
3 2126 2122 2114
3 2126 2114 2117
3 2113 2114 2115
3 1851 1853 1854
3 1851 1852 1853
3 1853 1855 1856
3 1853 1856 1857
3 2135 2133 1853
3 2135 1853 1857
3 2134 2133 2135
3 2134 2135 2136
3 2135 2142 2143
3 2135 2143 2136
3 1865 2142 2135
3 1865 2135 1857
3 1856 1865 1857
3 1856 1864 1865
3 1865 1864 1866
3 1865 1866 1867
3 2144 2142 1865
3 2144 1865 1867
3 2143 2142 2144
3 2143 2144 2145
3 2144 2150 2151
3 2144 2151 2145
3 1873 2150 2144
3 1873 2144 1867
3 1866 1873 1867
3 1866 1872 1873
3 1873 1872 1874
3 1873 1874 1875
3 2152 2150 1873
3 2152 1873 1875
3 2151 2150 2152
3 2151 2152 2153
3 2152 2158 2159
3 2152 2159 2153
3 1881 2158 2152
3 1881 2152 1875
3 1874 1881 1875
3 1874 1880 1881
3 1881 1880 1882
3 1881 1882 1883
3 2154 2158 1881
3 2154 1881 1883
3 2159 2158 2154
3 2154 2155 2156
3 2154 2156 2157
3 1889 2155 2154
3 1889 2154 1883
3 2159 2154 2157
3 1882 1889 1883
3 1882 1888 1889
3 1889 1888 1890
3 1889 1890 1891
3 2146 2155 1889
3 2146 1889 1891
3 2156 2155 2146
3 2146 2147 2148
3 2146 2148 2149
3 1899 2147 2146
3 1899 2146 1891
3 2156 2146 2149
3 1890 1899 1891
3 1890 1898 1899
3 1899 1898 1900
3 1899 1900 1901
3 2137 2147 1899
3 2137 1899 1901
3 2148 2147 2137
3 2137 2138 2139
3 2137 2139 2140
3 2141 2138 2137
3 2141 2137 1901
3 2148 2137 2140
3 2148 2220 2156
3 2148 2156 2149
3 2156 2220 2215
3 2156 2215 2157
3 2214 2213 2215
3 2215 2213 2159
3 2215 2159 2157
3 2151 2213 2214
3 2151 2214 2145
3 2214 2225 2143
3 2214 2143 2145
3 2159 2213 2151
3 2159 2151 2153
3 2143 2225 2134
3 2143 2134 2136
3 1824 1825 1826
3 1824 1826 1827
3 1836 1835 1824
3 1836 1824 1827
3 1824 1835 1838
3 1824 1838 1839
3 1826 1825 1828
3 1826 1828 1829
3 2179 1826 1829
3 1964 2178 2179
3 1964 2179 1959
3 2179 2178 1826
3 2177 2178 1964
3 1826 2178 2177
3 2177 1964 1965
3 1826 2177 1827
3 1970 2181 2177
3 1970 2177 1965
3 1964 1960 1965
3 1960 1970 1965
3 1948 1961 1964
3 1948 1964 1959
3 1964 1961 1960
3 1958 1948 1959
3 1958 1949 1948
3 1948 1949 1950
3 1948 1950 1951
3 1962 1961 1948
3 1962 1948 1951
3 1960 1961 1962
3 1960 1962 1963
3 2617 2619 1962
3 2617 1962 1951
3 1962 2619 2620
3 1962 2620 1963
3 1950 2617 1951
3 1950 2616 2617
3 2296 2619 2617
3 2296 2617 2297
3 2620 2619 2296
3 2295 2290 2296
3 2295 2296 2297
3 2296 2290 2289
3 2296 2289 2298
3 2620 2296 2298
3 2289 2290 2291
3 2291 2290 2293
3 2289 2291 2292
3 2291 2293 2294
3 2301 2289 2292
3 2299 2300 2301
3 2299 2301 2302
3 2301 2300 2289
3 2289 2300 2303
3 2303 2300 2299
3 2289 2303 2298
3 2303 2620 2298
3 2303 2299 2304
3 2622 2621 2303
3 2622 2303 2304
3 2303 2621 2620
3 2620 2621 1968
3 2620 1968 1963
3 1968 2621 2622
3 1966 1967 1968
3 1966 1968 1969
3 1968 1967 1960
3 1968 1960 1963
3 1968 2622 1969
3 1960 1967 1970
3 1970 1967 1966
3 1970 1966 1971
3 2180 2181 1970
3 2180 1970 1971
3 1966 1976 1971
3 1976 2180 1971
3 1976 2189 2180
3 1966 1973 1976
3 1976 1973 1972
3 1976 1972 1977
3 2188 2189 1976
3 2188 1976 1977
3 1972 1973 1974
3 1974 1973 1966
3 1974 1966 1969
3 2622 1974 1969
3 1972 1974 1975
3 2622 2623 1974
3 1974 2623 2624
3 1974 2624 1975
3 2309 2623 2622
3 2309 2622 2304
3 2624 2623 2309
3 2299 2306 2309
3 2299 2309 2304
3 2309 2306 2305
3 2309 2305 2310
3 2624 2309 2310
3 2307 2306 2299
3 2307 2299 2302
3 2305 2306 2307
3 2305 2307 2308
3 2313 2305 2308
3 2313 2312 2305
3 2305 2312 2315
3 2305 2315 2310
3 2315 2624 2310
3 2315 2312 2311
3 2315 2311 2316
3 2626 2625 2315
3 2626 2315 2316
3 2315 2625 2624
3 2311 2312 2313
3 2311 2313 2314
3 2624 2625 1980
3 2624 1980 1975
3 1980 2625 2626
3 1980 2626 1981
3 1978 1979 1980
3 1978 1980 1981
3 1980 1979 1972
3 1980 1972 1975
3 1982 1979 1978
3 1982 1978 1983
3 1972 1979 1982
3 1972 1982 1977
3 2194 2195 1982
3 2194 1982 1983
3 1982 2195 2188
3 1982 2188 1977
3 1849 2195 2194
3 1849 2194 1850
3 1847 1848 1849
3 1847 1849 1850
3 1849 1848 1841
3 1849 1841 1844
3 1841 1842 1843
3 1841 1843 1844
3 1845 1842 1841
3 1845 1841 1846
3 1843 1842 1834
3 1834 1842 1845
3 1843 1834 1837
3 1834 1835 1836
3 1834 1836 1837
3 1838 1835 1834
3 1838 1834 1840
3 1834 1845 1840
3 1858 1859 1860
3 1858 1860 1861
3 1870 1869 1858
3 1870 1858 1861
3 1860 1859 1862
3 1860 1862 1863
3 2200 1860 1863
3 1990 2199 2200
3 1990 2200 1991
3 2200 2199 1860
3 2198 2199 1990
3 1860 2199 2198
3 2198 1990 1992
3 1860 2198 1861
3 1997 2202 2198
3 1997 2198 1992
3 2198 2202 1870
3 2198 1870 1861
3 1990 1984 1992
3 1984 1997 1992
3 1988 1985 1990
3 1988 1990 1991
3 1990 1985 1984
3 1986 1985 1988
3 1986 1988 1989
3 1984 1985 1986
3 1984 1986 1987
3 2627 2628 1986
3 2627 1986 1989
3 1986 2628 2629
3 1986 2629 1987
3 1995 1984 1987
3 2629 1995 1987
3 2629 2628 2324
3 2629 2324 2326
3 2629 2630 1995
3 2331 2630 2629
3 2331 2629 2326
3 2324 2628 2627
3 2324 2627 2325
3 2323 2324 2325
3 2323 2318 2324
3 2324 2318 2317
3 2324 2317 2326
3 2317 2331 2326
3 2317 2318 2319
3 2317 2319 2320
3 2329 2328 2317
3 2329 2317 2320
3 2317 2328 2331
3 2319 2318 2321
3 2319 2321 2322
3 2331 2328 2327
3 2331 2327 2332
3 2631 2630 2331
3 2631 2331 2332
3 2327 2328 2329
3 2327 2329 2330
3 2335 2327 2330
3 2333 2334 2335
3 2333 2335 2336
3 2335 2334 2327
3 2327 2334 2337
3 2337 2334 2333
3 2327 2337 2332
3 2337 2631 2332
3 2337 2333 2338
3 2633 2632 2337
3 2633 2337 2338
3 2337 2632 2631
3 2333 2343 2338
3 2343 2633 2338
3 2341 2340 2333
3 2341 2333 2336
3 2333 2340 2343
3 2339 2340 2341
3 2339 2341 2342
3 2343 2340 2339
3 2343 2339 2344
3 2635 2634 2343
3 2635 2343 2344
3 2343 2634 2633
3 2007 2634 2635
3 2007 2635 2008
3 2633 2634 2007
3 2005 2006 2007
3 2005 2007 2008
3 2007 2006 1999
3 2007 1999 2002
3 2633 2007 2002
3 2009 2006 2005
3 2009 2005 2010
3 1999 2006 2009
3 1999 2009 2004
3 2205 2206 2009
3 2205 2009 2010
3 2009 2206 2203
3 2009 2203 2004
3 2003 1999 2004
3 2203 2003 2004
3 2203 2204 2003
3 1878 2204 2203
3 1878 2203 1879
3 2203 2206 1886
3 2203 1886 1879
3 1886 2206 2205
3 1886 2205 1887
3 1884 1885 1886
3 1884 1886 1887
3 1886 1885 1876
3 1886 1876 1879
3 1876 1878 1879
3 1876 1877 1878
3 1878 1877 1868
3 1868 1869 1870
3 1868 1870 1871
3 1878 1868 1871
3 1870 2202 2201
3 1870 2201 1871
3 2201 1878 1871
3 2201 2202 1997
3 2201 1997 1998
3 2003 2204 2201
3 2003 2201 1998
3 2201 2204 1878
3 1984 1994 1997
3 1997 1994 1993
3 1997 1993 1998
3 1993 2003 1998
3 1993 2000 2003
3 2003 2000 1999
3 1993 1994 1995
3 1993 1995 1996
3 2001 2000 1993
3 2001 1993 1996
3 1995 1994 1984
3 1995 2630 2631
3 1995 2631 1996
3 2631 2001 1996
3 2631 2632 2001
3 1999 2000 2001
3 1999 2001 2002
3 2001 2632 2633
3 2001 2633 2002
3 1892 1893 1894
3 1892 1894 1895
3 1904 1903 1892
3 1904 1892 1895
3 1892 1903 1906
3 1892 1906 1907
3 1894 1893 1896
3 1894 1896 1897
3 2208 1894 1897
3 2017 2207 2208
3 2017 2208 2018
3 2208 2207 1894
3 2162 2207 2017
3 1894 2207 2162
3 1894 2162 1895
3 2162 1904 1895
3 2024 2161 2162
3 2024 2162 2019
3 2162 2161 1904
3 2162 2017 2019
3 1902 1903 1904
3 1902 1904 1905
3 1904 2161 2160
3 1904 2160 1905
3 2160 2161 2024
3 2160 2024 2025
3 2030 2164 2160
3 2030 2160 2025
3 2160 2164 1911
3 2160 1911 1905
3 1911 1902 1905
3 1909 1910 1911
3 1909 1911 1912
3 1911 1910 1902
3 1911 2164 2163
3 1911 2163 1912
3 2163 2164 2030
3 2163 2030 2031
3 2036 2166 2163
3 2036 2163 2031
3 2163 2166 1917
3 2163 1917 1912
3 1917 1909 1912
3 1915 1916 1917
3 1915 1917 1918
3 1917 1916 1909
3 1917 2166 2165
3 1917 2165 1918
3 2165 2166 2036
3 2165 2036 2037
3 2036 2032 2037
3 2032 2033 2034
3 2032 2034 2035
3 2036 2033 2032
3 2042 2043 2032
3 2042 2032 2035
3 2034 2033 2026
3 2026 2033 2036
3 2026 2036 2031
3 2030 2026 2031
3 2026 2027 2028
3 2026 2028 2029
3 2030 2027 2026
3 2034 2026 2029
3 2020 2027 2030
3 2020 2030 2025
3 2028 2027 2020
3 2020 2021 2022
3 2020 2022 2023
3 2024 2021 2020
3 2024 2020 2025
3 2028 2020 2023
3 2022 2021 2011
3 2011 2021 2024
3 2011 2024 2019
3 2011 2012 2013
3 2011 2013 2014
3 2017 2012 2011
3 2017 2011 2019
3 2022 2011 2014
3 2013 2012 2015
3 2015 2012 2017
3 2015 2017 2018
3 2013 2015 2016
3 2636 2013 2016
3 2636 2637 2013
3 2352 2637 2636
3 2352 2636 2353
3 2013 2637 2638
3 2638 2637 2352
3 2013 2638 2014
3 2638 2022 2014
3 2638 2352 2354
3 2638 2639 2022
3 2359 2639 2638
3 2359 2638 2354
3 2022 2639 2640
3 2022 2640 2023
3 2640 2639 2359
3 2640 2359 2360
3 2640 2641 2028
3 2640 2028 2023
3 2365 2641 2640
3 2365 2640 2360
3 2359 2355 2360
3 2355 2365 2360
3 2355 2362 2365
3 2365 2362 2361
3 2365 2361 2366
3 2642 2641 2365
3 2642 2365 2366
3 2028 2641 2642
3 2028 2642 2029
3 2642 2643 2034
3 2642 2034 2029
3 2371 2643 2642
3 2371 2642 2366
3 2361 2371 2366
3 2361 2368 2371
3 2371 2368 2367
3 2371 2367 2372
3 2580 2643 2371
3 2580 2371 2372
3 2034 2643 2580
3 2034 2580 2035
3 2580 2581 2042
3 2580 2042 2035
3 2584 2581 2580
3 2584 2580 2372
3 2367 2368 2369
3 2367 2369 2370
3 2369 2368 2361
3 2369 2361 2364
3 2361 2362 2363
3 2361 2363 2364
3 2363 2362 2355
3 2363 2355 2358
3 2355 2356 2357
3 2355 2357 2358
3 2359 2356 2355
3 2357 2356 2345
3 2345 2356 2359
3 2357 2345 2348
3 2345 2346 2347
3 2345 2347 2348
3 2352 2346 2345
3 2352 2345 2354
3 2345 2359 2354
3 2347 2346 2349
3 2351 2346 2352
3 2347 2349 2350
3 2351 2352 2353
3 1913 1910 1909
3 1913 1909 1914
3 1902 1910 1913
3 1902 1913 1908
3 1906 1903 1902
3 1906 1902 1908
3 2058 2059 2060
3 2058 2060 2061
3 2060 2075 2076
3 2060 2076 2061
3 2182 2183 2184
3 2182 2184 2185
3 2184 2183 2186
3 2184 2186 2187
3 2186 2190 2191
3 2186 2191 2187
3 2191 2190 2192
3 2191 2192 2193
3 2192 2196 2197
3 2192 2197 2193
3 2226 2227 2228
3 2226 2228 2229
3 2237 2227 2226
3 2237 2226 2238
3 2241 2240 2226
3 2241 2226 2229
3 2226 2240 2243
3 2226 2243 2238
3 2588 2587 2237
3 2588 2237 2238
3 2243 2588 2238
3 2586 2587 2588
3 2586 2588 2589
3 2243 2593 2588
3 2592 2593 2594
3 2594 2593 2243
3 2592 2594 2595
3 2594 2243 2244
3 2252 2599 2594
3 2252 2594 2244
3 2243 2239 2244
3 2239 2252 2244
3 2239 2251 2252
3 2239 2240 2241
3 2239 2241 2242
3 2243 2240 2239
3 2249 2250 2239
3 2249 2239 2242
3 2255 2256 2257
3 2255 2257 2258
3 2265 2256 2255
3 2265 2255 2266
3 2269 2268 2255
3 2269 2255 2258
3 2255 2268 2271
3 2255 2271 2266
3 2603 2602 2265
3 2603 2265 2266
3 2271 2603 2266
3 2601 2602 2603
3 2601 2603 2604
3 2271 2608 2603
3 2607 2608 2609
3 2609 2608 2271
3 2607 2609 2610
3 2609 2271 2272
3 2609 2611 2612
3 2609 2612 2610
3 2280 2611 2609
3 2280 2609 2272
3 2271 2267 2272
3 2267 2280 2272
3 2267 2279 2280
3 2267 2268 2269
3 2267 2269 2270
3 2271 2268 2267
3 2277 2278 2267
3 2277 2267 2270
3 2380 2381 2382
3 2380 2382 2383
3 2386 2381 2380
3 2386 2380 2388
3 2391 2390 2380
3 2391 2380 2383
3 2380 2390 2393
3 2380 2393 2388
3 2382 2381 2384
3 2384 2381 2386
3 2382 2384 2385
3 2384 2386 2387
3 2384 2497 2498
3 2384 2498 2385
3 2499 2497 2384
3 2499 2384 2387
3 2508 2499 2387
3 2386 2508 2387
3 2491 2497 2499
3 2491 2499 2496
3 2508 2506 2499
3 2499 2506 2504
3 2499 2504 2496
3 2498 2497 2491
3 2498 2491 2494
3 2491 2493 2494
3 2491 2492 2493
3 2495 2492 2491
3 2495 2491 2496
3 2504 2495 2496
3 2485 2492 2495
3 2485 2495 2490
3 2504 2501 2495
3 2495 2501 2500
3 2495 2500 2490
3 2493 2492 2485
3 2493 2485 2488
3 2485 2487 2488
3 2485 2486 2487
3 2489 2486 2485
3 2489 2485 2490
3 2500 2489 2490
3 2479 2486 2489
3 2479 2489 2484
3 2500 2578 2489
3 2489 2578 2576
3 2489 2576 2484
3 2487 2486 2479
3 2487 2479 2482
3 2479 2481 2482
3 2479 2480 2481
3 2483 2480 2479
3 2483 2479 2484
3 2576 2483 2484
3 2473 2480 2483
3 2473 2483 2478
3 2576 2574 2483
3 2483 2574 2572
3 2483 2572 2478
3 2481 2480 2473
3 2481 2473 2476
3 2473 2475 2476
3 2473 2474 2475
3 2477 2474 2473
3 2477 2473 2478
3 2572 2477 2478
3 2467 2474 2477
3 2467 2477 2472
3 2572 2570 2477
3 2477 2570 2568
3 2477 2568 2472
3 2475 2474 2467
3 2475 2467 2470
3 2467 2469 2470
3 2467 2468 2469
3 2471 2468 2467
3 2471 2467 2472
3 2568 2471 2472
3 2461 2468 2471
3 2461 2471 2466
3 2568 2566 2471
3 2471 2566 2564
3 2471 2564 2466
3 2469 2468 2461
3 2469 2461 2464
3 2461 2463 2464
3 2461 2462 2463
3 2465 2462 2461
3 2465 2461 2466
3 2564 2465 2466
3 2455 2462 2465
3 2455 2465 2460
3 2564 2562 2465
3 2465 2562 2560
3 2465 2560 2460
3 2463 2462 2455
3 2463 2455 2458
3 2455 2457 2458
3 2455 2456 2457
3 2459 2456 2455
3 2459 2455 2460
3 2560 2459 2460
3 2449 2456 2459
3 2449 2459 2454
3 2560 2558 2459
3 2459 2558 2556
3 2459 2556 2454
3 2457 2456 2449
3 2457 2449 2452
3 2449 2451 2452
3 2449 2450 2451
3 2453 2450 2449
3 2453 2449 2454
3 2556 2453 2454
3 2443 2450 2453
3 2443 2453 2448
3 2556 2554 2453
3 2453 2554 2552
3 2453 2552 2448
3 2451 2450 2443
3 2451 2443 2446
3 2443 2445 2446
3 2443 2444 2445
3 2447 2444 2443
3 2447 2443 2448
3 2552 2447 2448
3 2437 2444 2447
3 2437 2447 2442
3 2552 2550 2447
3 2447 2550 2548
3 2447 2548 2442
3 2445 2444 2437
3 2445 2437 2440
3 2437 2439 2440
3 2437 2438 2439
3 2441 2438 2437
3 2441 2437 2442
3 2548 2441 2442
3 2431 2438 2441
3 2431 2441 2436
3 2548 2546 2441
3 2441 2546 2544
3 2441 2544 2436
3 2439 2438 2431
3 2439 2431 2434
3 2431 2433 2434
3 2431 2432 2433
3 2435 2432 2431
3 2435 2431 2436
3 2544 2435 2436
3 2425 2432 2435
3 2425 2435 2430
3 2544 2542 2435
3 2435 2542 2540
3 2435 2540 2430
3 2433 2432 2425
3 2433 2425 2428
3 2425 2427 2428
3 2425 2426 2427
3 2429 2426 2425
3 2429 2425 2430
3 2540 2429 2430
3 2419 2426 2429
3 2419 2429 2424
3 2540 2538 2429
3 2429 2538 2536
3 2429 2536 2424
3 2427 2426 2419
3 2427 2419 2422
3 2419 2421 2422
3 2419 2420 2421
3 2423 2420 2419
3 2423 2419 2424
3 2536 2423 2424
3 2413 2420 2423
3 2413 2423 2418
3 2536 2534 2423
3 2423 2534 2532
3 2423 2532 2418
3 2421 2420 2413
3 2421 2413 2416
3 2413 2415 2416
3 2413 2414 2415
3 2417 2414 2413
3 2417 2413 2418
3 2532 2417 2418
3 2407 2414 2417
3 2407 2417 2412
3 2532 2530 2417
3 2417 2530 2528
3 2417 2528 2412
3 2415 2414 2407
3 2415 2407 2410
3 2407 2409 2410
3 2407 2408 2409
3 2411 2408 2407
3 2411 2407 2412
3 2528 2411 2412
3 2401 2408 2411
3 2401 2411 2406
3 2528 2526 2411
3 2411 2526 2524
3 2411 2524 2406
3 2409 2408 2401
3 2409 2401 2404
3 2401 2403 2404
3 2401 2402 2403
3 2405 2402 2401
3 2405 2401 2406
3 2524 2405 2406
3 2395 2402 2405
3 2395 2405 2400
3 2524 2522 2405
3 2405 2522 2520
3 2405 2520 2400
3 2403 2402 2395
3 2403 2395 2398
3 2395 2397 2398
3 2395 2396 2397
3 2399 2396 2395
3 2399 2395 2400
3 2520 2399 2400
3 2389 2396 2399
3 2389 2399 2394
3 2520 2518 2399
3 2399 2518 2516
3 2399 2516 2394
3 2397 2396 2389
3 2397 2389 2392
3 2389 2391 2392
3 2389 2390 2391
3 2393 2390 2389
3 2393 2389 2394
3 2516 2393 2394
3 2516 2514 2393
3 2393 2514 2512
3 2393 2512 2388
3 2512 2514 2515
3 2515 2514 2516
3 2512 2515 2513
3 2515 2516 2517
3 2511 2512 2513
3 2511 2510 2512
3 2512 2510 2386
3 2512 2386 2388
3 2508 2510 2511
3 2508 2511 2509
3 2386 2510 2508
3 2507 2506 2508
3 2507 2508 2509
3 2504 2506 2507
3 2504 2507 2505
3 2502 2501 2504
3 2502 2504 2505
3 2500 2501 2502
3 2500 2502 2503
3 2579 2578 2500
3 2579 2500 2503
3 2576 2578 2579
3 2576 2579 2577
3 2575 2574 2576
3 2575 2576 2577
3 2572 2574 2575
3 2572 2575 2573
3 2571 2570 2572
3 2571 2572 2573
3 2568 2570 2571
3 2568 2571 2569
3 2567 2566 2568
3 2567 2568 2569
3 2564 2566 2567
3 2564 2567 2565
3 2563 2562 2564
3 2563 2564 2565
3 2560 2562 2563
3 2560 2563 2561
3 2559 2558 2560
3 2559 2560 2561
3 2556 2558 2559
3 2556 2559 2557
3 2555 2554 2556
3 2555 2556 2557
3 2552 2554 2555
3 2552 2555 2553
3 2551 2550 2552
3 2551 2552 2553
3 2548 2550 2551
3 2548 2551 2549
3 2547 2546 2548
3 2547 2548 2549
3 2544 2546 2547
3 2544 2547 2545
3 2543 2542 2544
3 2543 2544 2545
3 2540 2542 2543
3 2540 2543 2541
3 2539 2538 2540
3 2539 2540 2541
3 2536 2538 2539
3 2536 2539 2537
3 2535 2534 2536
3 2535 2536 2537
3 2532 2534 2535
3 2532 2535 2533
3 2531 2530 2532
3 2531 2532 2533
3 2528 2530 2531
3 2528 2531 2529
3 2527 2526 2528
3 2527 2528 2529
3 2524 2526 2527
3 2524 2527 2525
3 2523 2522 2524
3 2523 2524 2525
3 2520 2522 2523
3 2520 2523 2521
3 2519 2518 2520
3 2519 2520 2521
3 2516 2518 2519
3 2516 2519 2517
