ply
format ascii 1.0
comment Created by Open Asset Import Library - http://assimp.sf.net (v5.4.0)
element vertex 1220
property float x
property float y
property float z
property float nx
property float ny
property float nz
property float s
property float t
property float tx
property float ty
property float tz
property float bx
property float by
property float bz
element face 1500
property list uchar int vertex_index
end_header
-0.0205600001 0.00415899977 -0.0288830008 -0.574599981 -0.154400006 -0.80369997 0.347898006 0.822134972 -0.155622944 0.984738588 -0.0779188499 -0.808004141 -0.0491716377 0.587121308
-0.020583 0.00442600017 -0.0289179999 -0.466500014 -0.598800004 -0.651000023 0.348616987 0.822160006 -0.355630517 0.800867915 -0.481806546 -0.803351462 -0.0211528186 0.595129311
-0.0106549999 0.00441400008 -0.0338760018 -0.240600005 -0.601599991 -0.761699975 0.344936013 0.85174799 -0.370080769 0.782331645 -0.500996411 -0.900760472 -0.153948784 0.406116068
-0.0106419995 0.00414700015 -0.0338350013 -0.296900004 -0.158299997 -0.941699982 0.344238997 0.851599991 -0.261288196 0.961995244 -0.0793324858 -0.924658656 -0.198593765 0.324910611
0.0354389995 0.00415199995 0.000322000007 0.988099992 -0.153600007 0.0103000002 0.231906995 0.977993011 0.056987416 0.302810609 -0.951345503 -0.145351693 -0.952890515 -0.26621899
0.0354800001 0.00441800011 0.000322000007 0.800800025 -0.59890002 0.00850000046 0.232128993 0.978655994 0.18769221 0.237439409 -0.953097165 -0.554230809 -0.746295512 -0.368607253
0.0336310007 0.00441899989 0.0112760002 0.759800017 -0.598100007 0.254799992 0.203709006 0.985498011 0.390802979 0.106984928 -0.91423595 -0.499211699 -0.787844062 -0.360679179
0.0335920006 0.00415300019 0.0112640001 0.936999977 -0.1523 0.314200014 0.203605995 0.984808981 0.341412723 0.211031035 -0.915916741 -0.0976363719 -0.978249133 -0.183018982
-0.0211030003 0.00415199995 0.028461 -0.588400006 -0.151999995 0.794099987 0.0495010018 0.925324976 0.54992795 -0.79524982 0.255258381 -0.576766968 -0.609414816 -0.544016004
-0.0211280007 0.00441800011 0.0284930002 -0.477299988 -0.597800016 0.643999994 0.048969999 0.925755024 0.805663049 -0.590331554 0.0491511114 -0.425897002 -0.483683854 -0.764631689
-0.0289120004 0.00441800011 0.0205729995 -0.652899981 -0.597899973 0.464899987 0.0329790004 0.90209198 0.717930853 -0.684161127 0.128447935 -0.308818638 -0.350381047 -0.884230912
-0.0288789999 0.00415100018 0.0205499995 -0.804700017 -0.152600005 0.573700011 0.0335749984 0.901760995 0.380031168 -0.874854028 0.300344318 -0.442140132 -0.490839332 -0.750725627
-0.0284570009 0.00417400012 -0.0211009998 -0.795300007 -0.150000006 -0.587400019 0.346258998 0.792985022 -0.097577557 0.987946093 -0.120171249 -0.601992369 0.0810034052 0.794382632
-0.0284880009 0.00444199983 -0.021125 -0.646499991 -0.595700026 -0.476599991 0.346964985 0.79292798 -0.383867145 0.79389751 -0.471564233 -0.656964839 0.11711809 0.744768858
0.0338229984 0.00414900016 -0.0106480001 0.942499995 -0.156499997 -0.295399994 0.258700013 0.966359973 -0.195542201 0.458610803 -0.866856098 -0.263381124 -0.89179492 -0.367875189
0.0338619985 0.00441499986 -0.0106610004 0.762899995 -0.600700021 -0.238900006 0.259034008 0.966977 -0.00923587661 0.359386683 -0.93314302 -0.644899487 -0.681388915 -0.346141309
-0.0112659996 0.00415100018 0.0335990004 -0.315200001 -0.152799994 0.936600029 0.069314003 0.945860028 0.723127365 -0.677832782 0.13277629 -0.603007436 -0.72985822 -0.322007596
-0.0112779997 0.00441699987 0.0336380005 -0.255800009 -0.59829998 0.759299994 0.0688640028 0.946376979 0.864848614 -0.492613494 -0.0967928618 -0.505847931 -0.586508095 -0.632555187
-0.0335769989 0.00418099994 -0.011256 -0.937600017 -0.148300007 -0.314399987 0.0128950002 0.820505977 0.152284414 -0.988263607 0.0120160058 0.313586652 0.0295362193 -0.949100018
-0.0336150005 0.00444900012 -0.0112690004 -0.762399971 -0.594500005 -0.255600005 0.012228 0.820496023 0.56550926 -0.804084063 0.183434084 0.311625987 0.00887732673 -0.950163305
-0.0284880009 0.00444199983 -0.021125 -0.646499991 -0.595700026 -0.476599991 0.0151570002 0.793053985 0.578180254 -0.790169477 0.203321829 0.492147118 0.151690632 -0.857193828
-0.0284570009 0.00417400012 -0.0211009998 -0.795300007 -0.150000006 -0.587400019 0.0157960001 0.793138027 0.192561924 -0.981232345 -0.0101442225 0.573401511 0.128461391 -0.809140503
0.0288900007 0.00414700015 -0.0205780007 0.804400027 -0.158899993 -0.572399974 0.283167988 0.950228989 -0.382041514 0.599497139 -0.70331192 -0.443096787 -0.802303433 -0.399968028
0.0289249998 0.00441299984 -0.0206029993 0.650399983 -0.602299988 -0.462799996 0.283603996 0.950780988 -0.173761204 0.475155801 -0.862574041 -0.751911342 -0.596899629 -0.279892832
-0.000327999995 0.00414900016 0.0354560018 -0.0104999999 -0.155699998 0.987699986 0.092449002 0.962728977 0.838963568 -0.53885138 -0.0760230348 -0.541971445 -0.829240143 -0.136484131
-0.000327999995 0.00441499986 0.0354969986 -0.00879999995 -0.600199997 0.799799979 0.0920929983 0.963316977 0.882458508 -0.380843312 -0.27608937 -0.53196311 -0.67445159 -0.511986613
-0.0354259983 0.00417400012 -0.000316999998 -0.988600016 -0.149800003 -0.0104999999 0.0150239998 0.848513007 0.149381325 -0.988205075 0.0337062255 0.0258257762 -0.10059768 -0.994591951
-0.0354669988 0.00444199983 -0.000315999991 -0.803200006 -0.595499992 -0.00910000037 0.0143569997 0.848622024 0.584656537 -0.791453183 0.178265393 0.106947973 -0.129159823 -0.985839725
0.0211180001 0.00414700015 -0.0284989998 0.587700009 -0.159799993 -0.793099999 0.304558992 0.930054009 -0.477983713 0.722350836 -0.49974069 -0.643871963 -0.68598336 -0.338903695
0.0211430006 0.00441299984 -0.0285330005 0.474999994 -0.602800012 -0.640999973 0.305085987 0.930523992 -0.302826554 0.57202518 -0.762288272 -0.853200853 -0.493795484 -0.167971417
0.0106429998 0.00414700015 0.0338350013 0.296200007 -0.157700002 0.941999972 0.118231997 0.975398004 0.861885726 -0.38089323 -0.334773421 -0.421039909 -0.906834066 -0.019422777
0.0106560001 0.00441299984 0.0338760018 0.239600003 -0.601499975 0.762099981 0.117982 0.976041019 0.841421127 -0.262959212 -0.472083747 -0.520603061 -0.742165804 -0.422092855
-0.0338129997 0.00416000001 0.0106389998 -0.943000019 -0.151999995 0.295899987 0.0219790004 0.87589097 0.22179541 -0.950249612 0.218706429 -0.237443864 -0.315445215 -0.918757141
-0.0338519998 0.00442800019 0.0106520001 -0.765500009 -0.597199976 0.239399999 0.0213380009 0.876114011 0.640041709 -0.744851232 0.188528776 -0.108222947 -0.247270599 -0.96288377
-0.0354669988 0.00444199983 -0.000315999991 -0.803200006 -0.595499992 -0.00910000037 0.0143569997 0.848622024 0.584844232 -0.791665077 0.176702663 0.0895516947 -0.105720505 -0.990355313
-0.0354259983 0.00417400012 -0.000316999998 -0.988600016 -0.149800003 -0.0104999999 0.0150239998 0.848513007 0.146417767 -0.977086306 0.154480502 0.044343289 -0.224530071 -0.973457754
0.0112779997 0.00414700015 -0.0336299986 0.313899994 -0.159899995 -0.935899973 0.322214007 0.906413972 -0.480222374 0.823599279 -0.301779181 -0.817044795 -0.547599912 -0.18047753
0.0112910001 0.00441299984 -0.0336700007 0.253600001 -0.602900028 -0.756399989 0.322816014 0.906787992 -0.356991857 0.668449879 -0.652481019 -0.922019064 -0.387144148 -0.000555870705
0.0211430006 0.00441299984 -0.0285330005 0.474999994 -0.602800012 -0.640999973 0.305085987 0.930523992 -0.316625506 0.562655032 -0.763654172 -0.848526955 -0.506777108 -0.152247235
0.0205649994 0.00414900016 0.0288859997 0.573899984 -0.156299993 0.803900003 0.145905003 0.983458996 0.77556777 -0.211468086 -0.594790578 -0.280098021 -0.959878683 0.0133348228
0.0205889996 0.00441499986 0.0289200004 0.464700013 -0.600499988 0.650600016 0.145769 0.984138012 0.747009695 -0.128659815 -0.652244747 -0.51573813 -0.780953705 -0.352314472
0.000333000004 0.00414700015 -0.0354689993 0.0092000002 -0.159700006 -0.987100005 0.335579991 0.879998982 -0.404371142 0.902253389 -0.149742514 -0.918504417 -0.39159593 0.0547933131
0.000334000011 0.00441299984 -0.0355120003 0.0074 -0.602699995 -0.797900021 0.336239994 0.880264997 -0.375255108 0.73795706 -0.560894847 -0.94276613 -0.270227373 0.195369586
0.028469 0.00415199995 0.0211069994 0.794499993 -0.153400004 0.587499976 0.174649 0.986639023 0.58949852 -0.0372030288 -0.806912363 -0.164820194 -0.985720515 -0.0344860032
0.0285010003 0.00441800011 0.0211309996 0.64410001 -0.598800004 0.476000011 0.174631998 0.987333 0.585597932 -0.0143655594 -0.810474336 -0.481605649 -0.80089891 -0.355832636
0.0205889996 0.00441499986 0.0289200004 0.464700013 -0.600499988 0.650600016 0.145769 0.984138012 0.73112756 -0.154220447 -0.664581537 -0.516837299 -0.78069669 -0.351271749
0.0335920006 0.00415300019 0.0112640001 0.936999977 -0.1523 0.314200014 0.203605995 0.984808981 0.329494566 0.087620832 -0.940082967 -0.137101829 -0.988074958 -0.0700781867
-0.0289120004 0.00441800011 0.0205729995 -0.652899981 -0.597899973 0.464899987 0.0329790004 0.90209198 0.719863594 -0.680741191 0.135602191 -0.290503949 -0.369198352 -0.882779777
0.0296250004 0.00487399986 -0.0211030003 0.384799987 -0.881500006 -0.273600012 0.285191 0.952781975 0.0152529506 0.302462429 -0.953039289 -0.922879457 -0.362723261 -0.129326791
0.0298839994 0.00504400022 -0.0212869998 0.688899994 -0.534300029 -0.489899993 0.285773993 0.953518987 -0.224558756 0.485302597 -0.845017672 -0.711204052 -0.628758788 -0.314406008
0.0349830016 0.00504599977 -0.0110160001 0.807799995 -0.532500029 -0.252499998 0.260693997 0.970037997 -0.0539577007 0.359786034 -0.931473434 -0.589371383 -0.723371923 -0.359686762
0.0346809998 0.00487599988 -0.0109209996 0.451499999 -0.880999982 -0.141100004 0.260248005 0.969214022 0.137862369 0.225131184 -0.9645257 -0.880524397 -0.414402813 -0.230102345
-0.00033499999 0.00487599988 0.036355 -0.00540000014 -0.880900025 0.47330001 0.0908050016 0.965453982 0.868718684 -0.238549978 -0.434075594 -0.477913499 -0.413475454 -0.775007665
-0.000338000013 0.00504599977 0.0366719998 -0.00960000046 -0.531799972 0.846800029 0.0903310031 0.966239989 0.886373818 -0.396522671 -0.238979593 -0.560788751 -0.698272169 -0.444895506
-0.011651 0.00504900003 0.0347490013 -0.270799994 -0.530099988 0.803499997 0.0666309968 0.948943019 0.853993356 -0.517512739 -0.0536282919 -0.547563493 -0.601676047 -0.581515431
-0.0115499999 0.00487900013 0.0344489999 -0.151600003 -0.880299985 0.449400008 0.0672319978 0.948253989 0.883569062 -0.324517608 -0.337629974 -0.423538715 -0.352974564 -0.834280491
-0.0363209993 0.00490699988 -0.000322000007 -0.477499992 -0.878600001 -0.00609999988 0.0119380001 0.849020004 0.859255254 -0.468414038 0.205593452 0.162738845 -0.0816178918 -0.983287632
-0.0366359986 0.00507800002 -0.000323999993 -0.849799991 -0.526899993 -0.00980000012 0.0110489996 0.849165022 0.516432106 -0.836223483 0.184467673 0.0888686255 -0.124911644 -0.988179922
-0.0347220004 0.00508600008 -0.0116389999 -0.806299984 -0.52609998 -0.270399988 0.00890100002 0.820451975 0.535867691 -0.843221486 0.0427003317 0.262015581 0.0921809524 -0.9606511
-0.0344239995 0.00491400016 -0.0115390001 -0.453500003 -0.878099978 -0.152099997 0.0097939996 0.820465028 0.837021947 -0.478313357 0.265727043 0.265910685 0.0295568611 -0.963544548
0.0216559991 0.00487399986 -0.0292249992 0.280999988 -0.881600022 -0.379099995 0.307000995 0.932227015 -0.065623492 0.376456618 -0.924107254 -0.957126558 -0.28639096 -0.0434619263
0.0218449999 0.00504299998 -0.0294799991 0.503000021 -0.535099983 -0.67869997 0.307704002 0.93285501 -0.34729898 0.593942821 -0.725682676 -0.829061627 -0.520637929 -0.203943342
0.0109130004 0.00487399986 0.0346960016 0.141800001 -0.881299973 0.450800002 0.117078997 0.978375971 0.801076472 -0.16536583 -0.575265825 -0.558300495 -0.447256416 -0.698757648
0.0110090002 0.00504400022 0.0349990018 0.253800005 -0.532899976 0.807200015 0.116746001 0.979234993 0.851769567 -0.272305965 -0.447591424 -0.531247199 -0.774193108 -0.34409517
-0.0346679986 0.00489100022 0.0109090004 -0.454400003 -0.879499972 0.141399994 0.0190140009 0.876926005 0.890482008 -0.444260955 0.0983561352 0.00734712416 -0.162429556 -0.986692786
-0.0349689983 0.00506199989 0.011004 -0.810199976 -0.528500021 0.253500015 0.0181590002 0.877223015 0.539059639 -0.841665149 -0.0318505391 -0.245773792 -0.0863235071 -0.965475738
-0.0366359986 0.00507800002 -0.000323999993 -0.849799991 -0.526899993 -0.00980000012 0.0110489996 0.849165022 0.516675293 -0.836566746 0.182216629 0.0823681653 -0.114434145 -0.990010262
0.0115649998 0.00487399986 -0.0344859995 0.150000006 -0.881600022 -0.447299987 0.325002015 0.908140004 -0.176357344 0.421339542 -0.889590383 -0.969011426 -0.220937192 0.110470168
0.0116659999 0.00504299998 -0.0347869992 0.268599987 -0.5352 -0.800899982 0.325805992 0.908639014 -0.406508237 0.690805316 -0.59794575 -0.914429128 -0.40301761 -0.0373666808
0.0216559991 0.00487399986 -0.0292249992 0.280999988 -0.881600022 -0.379099995 0.307000995 0.932227015 -0.157429218 0.347343832 -0.924428642 -0.943211198 -0.326640815 0.0604851954
0.0210859999 0.00487599988 0.0296209995 0.275200009 -0.880999982 0.384799987 0.145280004 0.986602008 0.704748988 -0.0873715654 -0.704056084 -0.629923582 -0.46761778 -0.620104849
0.0212689992 0.00504599977 0.029879 0.492399991 -0.532199979 0.68870002 0.145098999 0.987507999 0.749049544 -0.143849134 -0.646708786 -0.47921142 -0.826310992 -0.295916438
0.000342000014 0.00487399986 -0.0363719985 0.00430000015 -0.881600022 -0.471899986 0.338634014 0.881223977 -0.327243239 0.444696248 -0.833760738 -0.935473025 -0.170313045 0.309651136
0.000345000008 0.00504299998 -0.0366900004 0.00779999979 -0.535000026 -0.844799995 0.339513987 0.881577015 -0.409202456 0.769146144 -0.490884632 -0.945068955 -0.280024379 0.168614939
0.0115649998 0.00487399986 -0.0344859995 0.150000006 -0.881600022 -0.447299987 0.325002015 0.908140004 -0.268342376 0.399178684 -0.876726091 -0.941210747 -0.265870452 0.208411768
0.0291889999 0.00487900013 0.0216419995 0.381399989 -0.880400002 0.281599998 0.174575999 0.989853024 0.613879383 0.013472422 -0.789284885 -0.656732976 -0.472499132 -0.587746918
0.0294419993 0.00504900003 0.0218310002 0.681800008 -0.530600011 0.503600001 0.174554005 0.990778983 0.586353421 -0.0152576929 -0.809911668 -0.43949765 -0.847425878 -0.29784435
-0.0109130004 0.0048750001 -0.0346969999 -0.142900005 -0.881200016 -0.450700015 0.347463012 0.852283001 -0.417871892 0.46649608 -0.779592454 -0.882530808 -0.0926826298 0.461030781
-0.0110069998 0.005045 -0.0350000001 -0.254999995 -0.533599973 -0.806400001 0.348392993 0.852479994 -0.37431702 0.823414803 -0.426467985 -0.908720076 -0.152772978 0.388443291
0.0344420001 0.00487999991 0.0115480004 0.449900001 -0.880200028 0.150900006 0.204089001 0.987998009 0.447770804 0.0761351436 -0.890901148 -0.758746445 -0.465871543 -0.455266267
0.0347409993 0.00505100004 0.0116490005 0.80400002 -0.529900014 0.269600004 0.204227999 0.988918006 0.384259582 0.11706955 -0.915772498 -0.440225124 -0.835343301 -0.329246879
0.0291889999 0.00487900013 0.0216419995 0.381399989 -0.880400002 0.281599998 0.174575999 0.989853024 0.539576292 -0.0352984481 -0.841196537 -0.719163775 -0.474043816 -0.508021653
-0.0296110008 0.00487999991 0.0210679993 -0.386900008 -0.879999995 0.275299996 0.0308219995 0.903294981 0.919002771 -0.392525136 0.036851678 -0.101260081 -0.256206661 -0.961303592
-0.0298679993 0.0050499998 0.0212500002 -0.690900028 -0.529399991 0.492300004 0.0300280005 0.903737009 0.567731202 -0.81892854 -0.0838881731 -0.478004515 -0.176334739 -0.860475242
-0.0210790001 0.00488900021 -0.0296170004 -0.277399987 -0.879999995 -0.385500014 0.351182997 0.822246015 -0.502576292 0.474895328 -0.722420633 -0.801155984 -0.00958521664 0.598378778
-0.0212619994 0.00505999988 -0.0298749991 -0.494100004 -0.530399978 -0.688799977 0.352127999 0.822277009 -0.334861487 0.847274899 -0.412302375 -0.804315209 -0.0218679141 0.593800247
0.036336001 0.00487900013 0.000329000002 0.474000007 -0.880500019 0.00520000001 0.232936993 0.981060982 0.30146423 0.156732783 -0.940507352 -0.820595384 -0.443877727 -0.359994173
0.0366519988 0.00504900003 0.000330999988 0.847500026 -0.530700028 0.0092000002 0.233233005 0.981945992 0.160822213 0.240223348 -0.957302988 -0.492788345 -0.793144941 -0.357883513
0.0347409993 0.00505100004 0.0116490005 0.80400002 -0.529900014 0.269600004 0.204227999 0.988918006 0.378226727 0.105991483 -0.919625163 -0.440870643 -0.835575759 -0.327790201
-0.0216380004 0.00487999991 0.0291799996 -0.282700002 -0.880100012 0.381399989 0.0470459983 0.927317023 0.921049178 -0.360112756 -0.148280412 -0.271871805 -0.307800055 -0.911781192
-0.0218260009 0.0050499998 0.0294330008 -0.504999995 -0.529500008 0.681599975 0.046337001 0.927891016 0.777719915 -0.621652901 0.093270041 -0.471641868 -0.492074072 -0.731721938
-0.0296110008 0.00487999991 0.0210679993 -0.386900008 -0.879999995 0.275299996 0.0308219995 0.903294981 0.90588516 -0.418540597 -0.0647763386 -0.189846992 -0.216156319 -0.957723737
-0.029174 0.00490699988 -0.0216349997 -0.3847 -0.878700018 -0.282599986 0.349454999 0.792433023 -0.552781403 0.464518189 -0.691849411 -0.720056772 0.0941344947 0.687500656
-0.0294269994 0.00507800002 -0.0218230002 -0.684000015 -0.5273 -0.504000008 0.350380987 0.792249024 -0.279987246 0.827795744 -0.486170202 -0.645316541 0.11526189 0.755169749
0.0349830016 0.00504599977 -0.0110160001 0.807799995 -0.532500029 -0.252499998 0.260693997 0.970037997 -0.0478603467 0.367684811 -0.92871815 -0.589279532 -0.720141292 -0.366259634
-0.0115499999 0.00487900013 0.0344489999 -0.151600003 -0.880299985 0.449400008 0.0672319978 0.948253989 0.928058028 -0.283272088 -0.241795808 -0.340713471 -0.380268574 -0.859831512
-0.0344239995 0.00491400016 -0.0115390001 -0.453500003 -0.878099978 -0.152099997 0.0097939996 0.820465028 0.82269758 -0.478147358 0.307479978 0.342638731 -0.0142345978 -0.939359367
-0.0294269994 0.00507800002 -0.0218230002 -0.684000015 -0.5273 -0.504000008 0.0119559998 0.792249024 0.503056765 -0.841372848 0.197548807 0.552390516 0.0768008679 -0.830039918
-0.029174 0.00490699988 -0.0216349997 -0.3847 -0.878700018 -0.282599986 0.0128180003 0.792465985 0.828980148 -0.463562697 0.312892258 0.40442872 0.114748031 -0.907342434
0.0497189984 0.166223004 0.016671 0.941900015 -0.113700002 0.316000015 0.506681979 0.452630997 -0.0978252143 -0.993031561 -0.0657153577 -0.321267098 -0.0308785383 0.946485102
0.0498109981 0.167109996 0.0167020001 0.818000019 -0.505400002 0.274300009 0.504462004 0.452699006 -0.468261927 -0.86242044 -0.192254961 -0.361222684 -0.0803848654 0.929008424
0.0422170013 0.167107999 0.0312950015 0.694400012 -0.504499972 0.513100028 0.50384903 0.41177699 -0.370674938 -0.861962855 -0.345861584 -0.589660764 0.00974170305 0.807592273
0.0421379991 0.166220993 0.0312389992 0.799499989 -0.112599999 0.589999974 0.506069005 0.41177699 -0.0917205438 -0.993638515 -0.0653442144 -0.593727946 0.000590597687 0.804665565
-0.0427390002 0.166220993 0.0304060001 -0.809300005 -0.117899999 0.575299978 0.528541982 0.168011993 -0.00815484766 -0.977287889 -0.211758956 -0.587182879 0.180661172 -0.789036036
-0.0428149998 0.167107999 0.0304659996 -0.702099979 -0.505800009 0.50120002 0.526359022 0.167605996 0.411922067 -0.862648845 -0.293525487 -0.590968907 0.0212461669 -0.806414604
-0.0501450002 0.167113006 0.015772 -0.822700024 -0.506500006 0.258100003 0.534443021 0.127492994 0.481227934 -0.862219453 -0.158105329 -0.326484025 0.0493072271 -0.943915784
-0.0500530005 0.166228995 0.0157430004 -0.947700024 -0.119199999 0.296200007 0.536611974 0.127964005 0.0489706919 -0.970984876 -0.234073356 -0.315944791 0.21655871 -0.923732162
-0.0304380003 0.166226998 -0.0427509993 -0.580799997 -0.112000003 -0.806299984 0.556209028 0.774949014 -0.151074722 -0.958453238 0.241958156 0.797855973 -0.274873376 -0.53653568
-0.0304949991 0.167110994 -0.0428260006 -0.502399981 -0.504100025 -0.702400029 0.554072022 0.775551021 0.0401113927 -0.825177014 0.56344831 0.864208519 -0.267728001 -0.425987571
-0.0157789998 0.167103007 -0.0501619987 -0.260100007 -0.500400007 -0.825800002 0.543573022 0.735987008 0.027746873 -0.858757198 0.511631012 0.959735453 -0.0400096737 -0.278041452
-0.0157520007 0.166215003 -0.0500780009 -0.30250001 -0.104999997 -0.947300017 0.545728028 0.735450029 -0.192396089 -0.96672678 0.16859138 0.931027174 -0.245422915 -0.270103514
0.0524539985 0.166220993 0.000478000002 0.993700027 -0.111599997 0.0120999999 0.508542001 0.493447989 -0.110564806 -0.991660774 -0.0662133321 -0.0190231223 -0.0611956343 0.997944474
0.0525499992 0.167107999 0.000482000003 0.863399982 -0.504400015 0.0092000002 0.506325006 0.493584007 -0.501924694 -0.860722244 -0.0850217119 -0.0246729925 -0.0240045507 0.999407351
0.0498109981 0.167109996 0.0167020001 0.818000019 -0.505400002 0.274300009 0.504462004 0.452699006 -0.468313128 -0.86242348 -0.192116573 -0.299646199 0.0324537195 0.953498363
-0.0312280003 0.166224003 0.0421109982 -0.592599988 -0.117299996 0.796899974 0.521697998 0.208287999 -0.0522738248 -0.981653631 -0.183367401 -0.803566873 0.154470712 -0.574820936
-0.0312849991 0.167110994 0.0421929993 -0.513300002 -0.506399989 0.692900002 0.519504011 0.207948998 0.310057998 -0.862251401 -0.400482833 -0.808827579 0.0155083742 -0.587841272
-0.0427390002 0.166220993 0.0304060001 -0.809300005 -0.117899999 0.575299978 0.528541982 0.168011993 -0.0133115789 -0.975707412 -0.218673274 -0.587144196 0.186749607 -0.787646055
-0.0421210006 0.166252002 -0.0312309992 -0.800100029 -0.118699998 -0.587899983 0.567897022 0.814108014 -0.0851362646 -0.947821558 0.30722338 0.592844784 -0.30551976 -0.745112538
-0.0422030017 0.167133003 -0.0312880017 -0.693000019 -0.508300006 -0.511099994 0.565778971 0.814776003 0.191352859 -0.813396454 0.549336255 0.696548402 -0.289532632 -0.656499267
-0.0304949991 0.167110994 -0.0428260006 -0.502399981 -0.504100025 -0.702400029 0.554072022 0.775551021 0.0498193949 -0.827983618 0.558534741 0.85441488 -0.16514793 -0.49264732
0.0500640012 0.166216999 -0.0157570001 0.949500024 -0.107000001 -0.294999987 0.511647999 0.534191012 -0.130483046 -0.989569187 -0.0610497855 0.286009431 -0.0917180181 0.953827262
0.0501529984 0.167104006 -0.0157820005 0.825299978 -0.501900017 -0.258599997 0.509436011 0.534393013 -0.507034183 -0.860384583 0.0515243933 0.224681407 -0.128226101 0.965958774
-0.0166699998 0.166222006 0.0497200005 -0.318800002 -0.115199998 0.940800011 0.516088009 0.248754993 -0.076265581 -0.986250162 -0.146608695 -0.944339395 0.123622045 -0.304861665
-0.0167020001 0.167108998 0.0498129986 -0.2755 -0.505800009 0.817399979 0.513884008 0.248484001 0.0369151756 -0.855330706 -0.516765654 -0.954292953 0.0415221713 -0.295974582
-0.0496959984 0.166263998 -0.0166599993 -0.941200018 -0.121799998 -0.314999998 0.556402028 0.0487050004 0.197434455 -0.955176413 -0.220584795 0.273921162 0.270329475 -0.922978342
-0.0497919992 0.167144001 -0.0166929998 -0.815500021 -0.50999999 -0.273499995 0.554265022 0.0481019989 0.499777645 -0.858949721 0.111479722 0.294397533 0.0412975103 -0.954790294
-0.0422030017 0.167133003 -0.0312880017 -0.693000019 -0.508300006 -0.511099994 0.565985024 0.00890100002 0.584333062 -0.811384559 0.0144941136 0.422260612 0.288404673 -0.859371185
-0.0421210006 0.166252002 -0.0312309992 -0.800100029 -0.118699998 -0.587899983 0.568102002 0.00956999976 0.270397872 -0.946350455 -0.176934838 0.534788251 0.30260089 -0.788945079
0.0427590013 0.166215003 -0.0304559991 0.811800003 -0.102300003 -0.574899971 0.515996993 0.574819982 -0.155116335 -0.986941814 -0.0434150249 0.563240767 -0.122583039 0.81714946
0.0428309999 0.167103007 -0.0305080004 0.705500007 -0.499900013 -0.502300024 0.513792992 0.575089991 -0.459828764 -0.862261653 0.212278888 0.562494159 -0.0361409374 0.826011002
0.0501529984 0.167104006 -0.0157820005 0.825299978 -0.501900017 -0.258599997 0.509436011 0.534393013 -0.506709516 -0.860498726 0.0527958199 0.289955378 -0.0162845217 0.95690161
-0.000486000004 0.166216999 0.0524750017 -0.0124000004 -0.111500002 0.993700027 0.511717021 0.289375007 -0.0861031115 -0.989953399 -0.11215397 -0.995700121 0.0926126987 -0.00203236425
-0.000488999998 0.167105004 0.0525689982 -0.00939999986 -0.503099978 0.864099979 0.509505987 0.289171994 -0.090382345 -0.860259831 -0.501781046 -0.999855518 0.0169705693 -0.00102416519
-0.0167020001 0.167108998 0.0498129986 -0.2755 -0.505800009 0.817399979 0.513884008 0.248484001 0.0348065868 -0.855085313 -0.517317712 -0.961260736 0.15257673 -0.229560718
-0.052437 0.166252002 -0.000469999999 -0.992600024 -0.121299997 -0.0113000004 0.545901 0.0881830007 0.12049783 -0.963935733 -0.237293482 -0.0186714344 0.243109584 -0.969819069
-0.0525359996 0.167133003 -0.000475000008 -0.860899985 -0.508599997 -0.00980000012 0.543748021 0.0876450017 0.508691132 -0.860905528 -0.00866768695 -0.00791429635 0.0326741114 -0.99943471
0.0312549993 0.166215003 -0.0421789996 0.593400002 -0.0995000005 -0.798699975 0.521584988 0.615297973 -0.180285901 -0.983547986 -0.0114171663 0.783830345 -0.154096827 0.601551473
0.0313070007 0.167103007 -0.0422499999 0.515799999 -0.499300003 -0.696099997 0.519389987 0.615634978 -0.377864778 -0.861880064 0.338202417 0.78801012 -0.042257227 0.614210367
0.0157520007 0.166215003 0.0500780009 0.297300011 -0.108800001 0.948499978 0.508588016 0.330110997 -0.085595496 -0.992522478 -0.0870210752 -0.95051235 0.0601460822 0.304809511
0.0157789998 0.167103007 0.0501619987 0.259499997 -0.500899971 0.825600028 0.506371021 0.329975009 -0.213577852 -0.863583148 -0.456736982 -0.955271006 -0.00757081341 0.295634985
-0.000488999998 0.167105004 0.0525689982 -0.00939999986 -0.503099978 0.864099979 0.509505987 0.289171994 -0.0915943608 -0.86016053 -0.501731277 -0.989538908 0.129089758 0.0644106716
0.0166909993 0.166215003 -0.0497730002 0.316000015 -0.0988999978 -0.943599999 0.528407991 0.655587971 -0.200518757 -0.979047775 0.0354641788 0.925786495 -0.185396507 0.329465598
0.0167190004 0.167103007 -0.0498570018 0.2755 -0.499300003 -0.821399987 0.526224017 0.655991971 -0.344165742 -0.849128723 0.400662422 0.886365294 -0.198792547 0.418136507
0.0304429997 0.166216999 0.0427539982 0.577799976 -0.109800003 0.808700025 0.506704986 0.370925009 -0.089646183 -0.993451655 -0.0708337277 -0.81131196 0.0305726305 0.583813488
0.0304979999 0.167104006 0.0428280011 0.502499998 -0.502099991 0.703800023 0.504485011 0.370855987 -0.251781136 -0.86377871 -0.436454564 -0.816265047 -0.00723604206 0.577632368
0.0157789998 0.167103007 0.0501619987 0.259499997 -0.500899971 0.825600028 0.506371021 0.329975009 -0.214111984 -0.863551915 -0.456546098 -0.928701103 0.105024405 0.355646282
0.0157520007 0.166215003 0.0500780009 0.297300011 -0.108800001 0.948499978 0.508588016 0.330110997 -0.0908701196 -0.992200553 -0.0853276998 -0.950185835 0.0635433868 0.305137843
0.000493999978 0.166215003 -0.0524940006 0.00700000022 -0.100599997 -0.994899988 0.536458015 0.695650995 -0.20708105 -0.973505199 0.0969796106 0.975972354 -0.21599482 0.0287074316
0.000493999978 0.167103007 -0.0525830016 0.00810000021 -0.499300003 -0.866400003 0.534286976 0.696121991 -0.124406517 -0.860192716 0.494561791 0.997649133 -0.0549250841 0.0409809016
0.0167190004 0.167103007 -0.0498570018 0.2755 -0.499300003 -0.821399987 0.526224017 0.655991971 -0.339644551 -0.849982142 0.402705848 0.926148176 -0.091111958 0.365989506
0.0160329994 0.167767003 0.0509710014 0.184599996 -0.787999988 0.587300003 0.481121987 0.313917994 -0.0633325726 -0.605884612 -0.79302758 -0.969881177 -0.0494465753 0.238506839
0.0160920005 0.167919993 0.0511570014 0.271800011 -0.422699988 0.864499986 0.480437994 0.313959986 -0.0507120341 -0.90340054 -0.425788492 -0.960041881 -0.0569098331 0.27400887
-0.000500999973 0.167921007 0.0536159985 -0.00930000003 -0.424499989 0.905399978 0.477654994 0.275573999 0.119981036 -0.899357259 -0.420429617 -0.998251975 -0.0489050746 -0.0331840552
-0.000498000009 0.167768002 0.0534199998 -0.00639999984 -0.788900018 0.614499986 0.478338003 0.275514007 0.160063922 -0.607392907 -0.778108895 -0.998255312 -0.0310300291 -0.0502338745
-0.0509589985 0.167772993 0.0160290003 -0.583899975 -0.790899992 0.1831 0.456885993 0.123043999 0.810475528 -0.580903053 0.0753722787 -0.140154913 -0.123947352 -0.982340932
-0.0511460006 0.167925 0.0160879996 -0.862699986 -0.426999986 0.270900011 0.456212997 0.123176999 0.468388349 -0.876678765 0.109757341 -0.225698635 -0.154259846 -0.961906433
-0.0535890013 0.167943999 -0.000488999998 -0.903199971 -0.42899999 -0.00960000046 0.448285997 0.0854619965 0.409637839 -0.868644834 0.278662771 0.080323264 -0.14705193 -0.985862017
-0.0533920005 0.167792007 -0.000487000012 -0.610199988 -0.792200029 -0.00700000022 0.448956013 0.0853099972 0.755624354 -0.584636986 0.295349777 0.148251116 -0.105503976 -0.983305871
0.0169890001 0.167767003 -0.0506599993 0.195999995 -0.787299991 -0.584500015 0.465837985 0.621358991 -0.332541525 -0.614141762 0.715713739 0.9466272 -0.0036090645 0.322310269
0.0170510001 0.167919993 -0.0508450009 0.288300008 -0.421600014 -0.859700024 0.465160012 0.621252 0.0459807329 -0.8907125 0.45223546 0.957151651 0.101403326 0.271253109
0.0319279991 0.167919993 -0.0430880003 0.539799988 -0.421600014 -0.728500009 0.470703989 0.583060026 -0.106977351 -0.892817378 0.437530786 0.834814906 0.157018498 0.527664065
0.031812001 0.167767003 -0.0429310016 0.367000014 -0.787299991 -0.495299995 0.471385002 0.583149016 -0.336591929 -0.608830214 0.71835345 0.89245379 0.147859186 0.426220566
0.0309929997 0.167768002 0.0435190015 0.357199997 -0.788500011 0.500699997 0.482863992 0.352389991 -0.333772629 -0.6084162 -0.720017731 -0.83840847 -0.0343958735 0.543956041
0.0311069991 0.167919993 0.0436789989 0.526000023 -0.423599988 0.737500012 0.482178986 0.352412999 -0.208452478 -0.904903293 -0.371076226 -0.823546648 -0.0371546336 0.566030383
0.000501999981 0.167767003 -0.0534310006 0.00579999993 -0.787299991 -0.616400003 0.45926699 0.659442008 -0.0636254996 -0.615507066 0.785559058 0.999947608 0.00977520272 -0.00304852612
0.000503999996 0.167919993 -0.0536260009 0.00850000046 -0.421600014 -0.906700015 0.458591014 0.659317017 0.214672402 -0.88485235 0.413463593 0.99154669 0.120959669 -0.0469471328
0.0169890001 0.167767003 -0.0506599993 0.195999995 -0.787299991 -0.584500015 0.465837985 0.621358991 -0.0673295185 -0.605493784 0.792996943 0.980587542 0.16080837 0.112200297
0.0429029986 0.167770997 0.0318019986 0.493499994 -0.789499998 0.364800006 0.483561993 0.390902996 -0.560263634 -0.609423041 -0.560988605 -0.614176035 -0.0193697196 0.78893131
0.0430609994 0.167924002 0.0319189988 0.727400005 -0.425900012 0.537999988 0.482876003 0.39090699 -0.335876167 -0.904707432 -0.262091041 -0.601144135 -0.0174585916 0.798949838
-0.0160329994 0.167767003 -0.0509710014 -0.184900001 -0.787999988 -0.587300003 0.451667994 0.697381973 0.351994425 -0.611039937 0.709034681 0.903828681 0.0983020589 -0.416449994
-0.0160920005 0.167919993 -0.0511570014 -0.272100002 -0.422399998 -0.864600003 0.450994015 0.697238982 0.362243742 -0.877372324 0.314638346 0.92270416 0.140462264 -0.3590087
0.000501999981 0.167767003 -0.0534310006 0.00579999993 -0.787299991 -0.616400003 0.45926699 0.659442008 0.212223932 -0.601455569 0.770202696 0.961583376 0.173571765 -0.212674156
0.0506209992 0.167772993 0.0169740003 0.58130002 -0.790000021 0.194900006 0.483213007 0.429430008 -0.718189836 -0.610732913 -0.333479881 -0.323016495 -0.00420148019 0.946383953
0.0508080013 0.167925 0.0170370005 0.857299984 -0.426999986 0.287499994 0.482528001 0.429414988 -0.411676258 -0.904029906 -0.115120009 -0.316841155 0.00248281169 0.948475301
-0.0435080007 0.167770997 0.0309650004 -0.498800009 -0.790199995 0.35589999 0.463784009 0.160951003 0.836518824 -0.546417654 -0.0407938361 -0.382034659 -0.1681173 -0.908727705
-0.0436669998 0.167924002 0.0310789999 -0.736199975 -0.426899999 0.525099993 0.463108003 0.161065996 0.461636961 -0.884174109 -0.0716066882 -0.52208662 -0.135420471 -0.842072904
-0.0309909992 0.167771995 -0.0435179994 -0.356599987 -0.789900005 -0.498899996 0.443049014 0.735201001 0.573251009 -0.606659532 0.550769925 0.718751073 0.109200068 -0.686638415
-0.0311050005 0.167924002 -0.0436769985 -0.525900006 -0.425199986 -0.736599982 0.442380011 0.735046983 0.457608253 -0.871488273 0.176360264 0.758800387 0.156686202 -0.632195592
0.0534030013 0.167770997 0.000492000021 0.613699973 -0.789499998 0.00639999984 0.481819987 0.467943013 -0.787504554 -0.612689674 -0.0666930303 0.00352909206 0.0108496659 0.999934912
0.0535999984 0.167924002 0.000493999978 0.904799998 -0.425799996 0.0092000002 0.481135011 0.467909992 -0.425695568 -0.903531611 0.0491317809 0.000366886699 0.0223772023 0.999749541
-0.0317929983 0.167772993 0.0428819992 -0.36469999 -0.790400028 0.492199987 0.469662011 0.199009001 0.662429094 -0.591728866 -0.459395796 -0.721337438 -0.0944265723 -0.686116576
-0.0319099985 0.167925999 0.0430399999 -0.538200021 -0.4278 0.726199985 0.468984008 0.199105993 0.393355042 -0.889509201 -0.232476026 -0.764064014 -0.116040654 -0.63461864
-0.0435080007 0.167770997 0.0309650004 -0.498800009 -0.790199995 0.35589999 0.463784009 0.160951003 0.74217695 -0.601559401 -0.29546538 -0.577133894 -0.00351808104 -0.816641986
-0.0428920016 0.167792007 -0.0317960009 -0.491299987 -0.792100012 -0.362300009 0.433726996 0.774161994 0.622888565 -0.610242248 0.489504069 0.586692154 0.00649121543 -0.809783936
-0.0430510007 0.167943999 -0.0319130011 -0.726599991 -0.428799987 -0.536800027 0.433023006 0.774082005 0.358813405 -0.903143466 0.235764682 0.58740896 0.0175236035 -0.809100449
0.0509649999 0.167768002 -0.0160349999 0.586899996 -0.788399994 -0.184100002 0.479382008 0.50641799 -0.760629416 -0.614865184 0.208287507 0.330472797 0.0257029142 0.943465471
0.0511519983 0.167919993 -0.0160939991 0.864300013 -0.423500001 -0.271299988 0.478697002 0.506367028 -0.376554012 -0.902473509 0.20916155 0.317945123 0.0421075746 0.947173655
-0.0169740003 0.167771995 0.0506229997 -0.195700005 -0.790099978 0.58099997 0.474516004 0.237203002 0.465187728 -0.596308351 -0.65422982 -0.907013297 -0.0794414431 -0.413540602
-0.0170370005 0.167924002 0.0508100018 -0.288399994 -0.427100003 0.856999993 0.473834991 0.237281993 0.273778588 -0.894428134 -0.353615075 -0.927892268 -0.0962339044 -0.360215038
-0.0506049991 0.167802006 -0.0169670004 -0.577700019 -0.792900026 -0.193700001 0.439981014 0.0477669984 0.620962203 -0.58097297 0.526190519 0.489262819 -0.146439523 -0.859754145
-0.0507929996 0.167953998 -0.0170290004 -0.855799973 -0.430400014 -0.286900014 0.439303994 0.0479310006 0.299196869 -0.86434716 0.404209405 0.396298677 -0.189100415 -0.898436546
-0.0430510007 0.167943999 -0.0319130011 -0.726599991 -0.428799987 -0.536800027 0.429560989 0.00930400006 0.358813405 -0.903143466 0.235764682 0.58740896 0.0175236035 -0.809100449
-0.0428920016 0.167792007 -0.0317960009 -0.491299987 -0.792100012 -0.362300009 0.43028599 0.00921399985 0.622888565 -0.610242248 0.489504069 0.586692154 0.00649121543 -0.809783936
0.0435220003 0.167767003 -0.0309989993 0.501900017 -0.787599981 -0.3574 0.475901991 0.544827998 -0.640300155 -0.616161585 0.458650857 0.620910227 0.0404387712 0.782837927
0.0436809994 0.167919993 -0.0311130006 0.738499999 -0.421999991 -0.525900006 0.475219011 0.544758022 -0.27001974 -0.899760604 0.34281224 0.602219284 0.0619998723 0.795919597
0.031812001 0.167767003 -0.0429310016 0.367000014 -0.787299991 -0.495299995 0.471385002 0.583149016 -0.562219024 -0.6119982 0.55620873 0.790255725 -0.0169617701 0.612542391
0.0319279991 0.167919993 -0.0430880003 0.539799988 -0.421600014 -0.728500009 0.470703989 0.583060026 -0.11010018 -0.893400073 0.435562253 0.808705688 0.0196398515 0.587885559
-0.0319189988 0.170656994 0.0430639982 -0.595300019 -0.00710000005 0.80339998 0.462761015 0.199980006 0.135429814 -0.986540258 0.0916356593 -0.7934255 -0.152403682 -0.58927846
-0.0319209993 0.171278998 0.0430679992 -0.505900025 0.526899993 0.682900012 0.461320996 0.200179994 -0.226552412 -0.84511131 0.484211534 -0.830721021 -0.0844635293 -0.550244093
-0.0436760001 0.171278 0.0311019998 -0.691500008 0.527700007 0.493200004 0.455473989 0.162345007 -0.309449613 -0.833482206 0.457764745 -0.657464385 -0.177018449 -0.732396841
-0.0436750017 0.170655996 0.0310980007 -0.814100027 -0.00510000018 0.58069998 0.456909001 0.162106007 0.101141982 -0.985923588 0.133134961 -0.572261393 -0.163036481 -0.803701401
-0.0430729985 0.170663998 -0.0319220014 -0.803900003 -0.00639999984 -0.594600022 0.426369995 0.772496998 0.139641762 -0.974016488 -0.178303689 0.574114501 0.252462476 -0.778880835
-0.0430769995 0.171284005 -0.0319239981 -0.682900012 0.527499974 -0.505400002 0.424905002 0.772130013 -0.283347428 -0.828904867 -0.482318163 0.651931405 0.127892494 -0.747414768
-0.0311130006 0.171277002 -0.0436809994 -0.492599994 0.528800011 -0.691200018 0.434810013 0.733214974 -0.025413366 -0.802626133 -0.595940888 0.857508004 0.15944092 -0.489140511
-0.0311120003 0.170653999 -0.0436800011 -0.580600023 -0.00240000011 -0.814100027 0.436221004 0.733555973 0.186256588 -0.973866761 -0.129969686 0.787138045 0.253783554 -0.56214565
0.0511570014 0.170653999 -0.0160920005 0.953999996 -0.00159999996 -0.299699992 0.472424001 0.505881011 0.0181263462 -0.997847199 0.0630269721 0.298998505 0.0740199462 0.951378405
0.0511570014 0.171277002 -0.0160920005 0.809499979 0.529100001 -0.254400015 0.470972002 0.505766988 0.544576526 -0.83863461 -0.0113290483 0.25965327 0.0659803972 0.963445246
0.053617999 0.171278 0.000500999973 0.84920001 0.527999997 0.0083999997 0.473399013 0.467519999 0.523005962 -0.843153179 0.12472976 -0.0238848478 0.0225145984 0.999461174
0.0536150001 0.170655996 0.000500000024 0.999899983 -0.00430000015 0.00999999978 0.474853009 0.467595011 -0.00473560067 -0.999022603 0.0439473055 -0.00975800678 0.0525785908 0.998569071
-0.0170450006 0.170655996 0.0508299991 -0.318699986 -0.00600000005 0.947799981 0.467592001 0.237986997 0.118680067 -0.992363036 0.0336246677 -0.941309988 -0.115273997 -0.317249715
-0.0170460008 0.171278 0.0508330017 -0.270599991 0.527400017 0.805400014 0.466147006 0.238149002 -0.0962763503 -0.847221076 0.522443652 -0.958092749 -0.0658320338 -0.27879107
-0.0319189988 0.170656994 0.0430639982 -0.595300019 -0.00710000005 0.80339998 0.462761015 0.199980006 0.114759065 -0.990460575 0.076277405 -0.796779096 -0.12374188 -0.591465116
-0.0508200005 0.170670003 -0.0170409996 -0.948099971 -0.00850000046 -0.317900002 0.433221012 0.0494499989 -0.072567448 -0.967485368 0.242293328 0.310286045 -0.243687764 -0.918879032
-0.0508249998 0.171289995 -0.0170430001 -0.805899978 0.526799977 -0.270300001 0.431789011 0.0498090014 -0.565822959 -0.819651663 0.0895293579 0.217480153 -0.161229819 -0.962656379
-0.0430769995 0.171284005 -0.0319239981 -0.682900012 0.527499974 -0.505400002 0.421528012 0.0113869999 -0.283347428 -0.828904867 -0.482318163 0.651931405 0.127892494 -0.747414768
-0.0430729985 0.170663998 -0.0319220014 -0.803900003 -0.00639999984 -0.594600022 0.423040986 0.0109860003 -0.153955325 -0.963608861 0.218530864 0.577997267 -0.24346903 -0.778872311
0.0436809994 0.170653999 -0.0311130006 0.814499974 -0.000199999995 -0.5801 0.46895799 0.544103026 0.0543482453 -0.995575547 0.0766520724 0.577175319 0.100899994 0.810362756
0.0436809994 0.171277002 -0.0311130006 0.690900028 0.529600024 -0.4921 0.467509001 0.543950021 0.530867398 -0.833725512 -0.151925758 0.534082472 0.0848536491 0.841163337
-0.000503999996 0.170653999 0.0536249988 -0.00999999978 -0.00270000007 0.999899983 0.471394986 0.276111007 0.0969587117 -0.995286942 -0.00171748956 -0.996034145 -0.0883844569 -0.0102029163
-0.000503999996 0.171277002 0.0536249988 -0.00829999987 0.528599977 0.848800004 0.46994701 0.276232988 0.0367475711 -0.84811914 0.528529525 -0.998685658 -0.0473165065 0.0196990073
-0.0536109991 0.170663998 -0.000498000009 -0.999899983 -0.00639999984 -0.0102000004 0.442151994 0.0868289992 0.00385320606 -0.972592115 0.232485741 0.011359252 -0.219756186 -0.975488722
-0.0536150001 0.171284005 -0.000500000024 -0.8495 0.527499974 -0.00850000046 0.440730006 0.0871459991 -0.518251598 -0.831377804 0.20056501 -0.0772594661 -0.140328377 -0.987086117
0.0319279991 0.170653999 -0.0430880003 0.595399976 0 -0.80339998 0.464459002 0.582237005 0.0970910341 -0.992671132 0.0719543397 0.796849847 0.127608448 0.590547502
0.0319279991 0.171277002 -0.0430880003 0.504999995 0.529600024 -0.681500018 0.463014007 0.582044005 0.48132208 -0.828241348 -0.286958963 0.758859038 0.103736542 0.642939925
0.0160920005 0.170653999 0.0511570014 0.300000012 -0.000699999975 0.95389998 0.474164993 0.314327002 0.0652143508 -0.99764514 -0.0212415829 -0.952146828 -0.0614446774 0.299401075
0.0160920005 0.171277002 0.0511570014 0.254500002 0.529500008 0.809199989 0.472712994 0.314410001 0.167754546 -0.84826678 0.502296567 -0.948055148 -0.0285122823 0.316825777
-0.0511559993 0.170653999 0.0160910003 -0.95389998 -0.00389999989 0.299899995 0.450040996 0.124384001 0.0709819272 -0.974445164 0.213115528 -0.292864531 -0.203572005 -0.934231639
-0.0511570014 0.171277002 0.0160920005 -0.810000002 0.528199971 0.254799992 0.448612005 0.124661997 -0.445095211 -0.83660531 0.319345862 -0.369077027 -0.121493436 -0.921423554
0.0170510001 0.170653999 -0.0508450009 0.317900002 0 -0.948099971 0.458934009 0.62026 0.140140131 -0.989016056 0.046989467 0.936798513 0.154084936 0.314112097
0.0170510001 0.171277002 -0.0508450009 0.269699991 0.529600024 -0.804199994 0.457493007 0.620028019 0.397022724 -0.822040319 -0.408194333 0.913824201 0.122559004 0.387175202
0.0311120003 0.170653999 0.0436800011 0.580500007 -0.00159999996 0.814300001 0.475897014 0.352609992 0.0325210802 -0.999154687 -0.0251472015 -0.813822091 -0.0344129764 0.580094337
0.0311130006 0.171277002 0.0436809994 0.492500007 0.528999984 0.691100001 0.474444002 0.352652997 0.28726849 -0.848376751 0.444672644 -0.810802042 -0.00971396826 0.585239768
0.000503999996 0.170653999 -0.0536260009 0.00939999986 0 -0.999899983 0.452387005 0.658159018 0.160702437 -0.987001836 0.00151359686 0.985681951 0.168359756 0.00928376988
0.000503999996 0.171277002 -0.0536260009 0.00800000038 0.529600024 -0.848200023 0.450951993 0.657887995 0.281642765 -0.815089285 -0.506267548 0.985128164 0.141416803 0.0975896716
0.0430769995 0.170655996 0.0319239981 0.803799987 -0.00439999998 0.594900012 0.476590008 0.390933007 0.00441905716 -0.999900877 -0.0133663556 -0.594909251 -0.00743744848 0.803758502
0.0430799983 0.171278 0.0319250003 0.682600021 0.527999997 0.505299985 0.475134999 0.390937001 0.389397234 -0.847840726 0.359911144 -0.599503696 0.00913112983 0.80031985
-0.0160920005 0.170653999 -0.0511570014 -0.300099999 -0.000300000014 -0.95389998 0.44481799 0.695918024 0.190894976 -0.97979039 -0.0597479567 0.933282971 0.206726715 -0.293678343
-0.0160920005 0.171277002 -0.0511570014 -0.254500002 0.529600024 -0.809099972 0.443387985 0.695609987 0.0877920911 -0.820631623 -0.564673662 0.963796914 0.207693905 -0.167208627
0.000503999996 0.170653999 -0.0536260009 0.00939999986 0 -0.999899983 0.452387005 0.658159018 0.187532455 -0.98225683 0.00175966427 0.980859101 0.194501594 0.00920364354
0.0508279987 0.170656994 0.0170440003 0.948099971 -0.00590000022 0.317900002 0.476242006 0.429271013 -0.00964983739 -0.999901235 0.0102220913 -0.317735463 0.0197227187 0.947974205
0.0508310013 0.171278998 0.0170450006 0.805499971 0.527400017 0.270099998 0.474786997 0.429235011 0.469743371 -0.846233368 0.251456112 -0.334223866 0.0279869828 0.942078054
-0.0436760001 0.171278 0.0311019998 -0.691500008 0.527700007 0.493200004 0.455473989 0.162345007 -0.312907338 -0.834334254 0.453845143 -0.608618855 -0.0579808205 -0.791341484
-0.0511559993 0.170653999 0.0160910003 -0.95389998 -0.00389999989 0.299899995 0.450040996 0.124384001 0.0610082783 -0.981538296 0.181274951 -0.294519812 -0.177419305 -0.939031661
-0.0311120003 0.170653999 -0.0436800011 -0.580600023 -0.00240000011 -0.814100027 0.436221004 0.733555973 0.174519092 -0.977119267 -0.121577598 0.793896377 0.220116287 -0.566813529
-0.0160920005 0.171277002 -0.0511570014 -0.254500002 0.529600024 -0.809099972 0.443387985 0.695609987 0.0783223808 -0.822696865 -0.563059211 0.965452731 0.0909235552 -0.244200438
0.000490000006 0.171912 -0.0521119982 0.00200000009 0.976300001 -0.216100007 0.447149992 0.657191992 0.194693744 -0.212384701 -0.957594514 0.947602987 0.0671859011 0.312305391
0.0165689997 0.171912 -0.0494100004 0.0687000006 0.976300001 -0.204899997 0.453678995 0.619435012 0.453943104 -0.213521749 -0.865068853 0.944143176 0.00273027597 0.329524279
0.0418649986 0.171912998 0.0310249999 0.173700005 0.976300001 0.128700003 0.471284986 0.390967995 0.789337218 -0.216205731 0.574632108 -0.695907593 0.0292209089 0.717536569
0.0302339997 0.171912 0.0424470007 0.125400007 0.976300001 0.175999999 0.470596999 0.352789015 0.595893621 -0.215999976 0.773469388 -0.706232131 -0.0367417075 0.707026362
-0.0160920005 0.171277002 -0.0511570014 -0.254500002 0.529600024 -0.809099972 0.443387985 0.695609987 0.358640164 -0.725301087 -0.587635696 0.963664889 0.20909673 -0.166218892
-0.0156369992 0.171912 -0.0497130007 -0.0648000017 0.976300001 -0.206100002 0.439604014 0.694813013 -0.0832202286 -0.211149529 -0.973904729 0.996982396 0.0721956864 0.0285291709
0.000490000006 0.171912 -0.0521119982 0.00200000009 0.976300001 -0.216100007 0.447149992 0.657191992 0.189735085 -0.212581933 -0.958545566 0.998824596 0.00852552243 0.0477175191
0.0493980013 0.171913996 0.0165650006 0.204999998 0.976300001 0.0688000023 0.470937014 0.429161012 0.898797214 -0.215624258 0.381667048 -0.363664001 0.010719615 0.931468487
0.0418649986 0.171912998 0.0310249999 0.173700005 0.976300001 0.128700003 0.471284986 0.390967995 0.789473176 -0.216205418 0.574445367 -0.475566894 -0.0312747955 0.879123569
-0.0436760001 0.171278 0.0311019998 -0.691500008 0.527700007 0.493200004 0.455473989 0.162345007 -0.486737192 -0.844931841 0.221759126 -0.603780508 -0.0474928319 -0.795734584
-0.0424439982 0.171912998 0.0302249994 -0.176100001 0.976300001 0.125499994 0.451680005 0.162998006 -0.721205056 -0.214748695 0.658594191 -0.679553807 -0.0283407327 -0.733078063
-0.0497130007 0.171912 0.0156369992 -0.206200004 0.976300001 0.0649999976 0.444833994 0.125416994 -0.876369476 -0.213829339 0.431570977 -0.488269866 -0.0451007187 -0.871526539
-0.0302339997 0.171912 -0.0424470007 -0.125300005 0.976300001 -0.176100001 0.431033999 0.732300997 -0.349906236 -0.209620178 -0.913030684 0.963114917 0.0771068111 -0.257806718
-0.0156369992 0.171912 -0.0497130007 -0.0648000017 0.976300001 -0.206100002 0.439604014 0.694813013 -0.0907643214 -0.211488128 -0.973157048 0.9712255 0.0142893624 -0.237732753
-0.0160920005 0.171277002 -0.0511570014 -0.254500002 0.529600024 -0.809099972 0.443387985 0.695609987 0.0824408457 -0.821724117 -0.563891113 0.964968443 0.0839690343 -0.248566329
0.0521049984 0.171912998 0.000487999991 0.216199994 0.976300001 0.00209999993 0.469550997 0.467341989 0.970096529 -0.215070426 0.112505622 -0.0838581622 0.0164265763 0.996342242
-0.0310200006 0.171913996 0.041855 -0.128800005 0.976300001 0.173800007 0.457511991 0.200729996 -0.506518781 -0.215448305 0.834877729 -0.860236645 -0.0228085127 -0.509384453
-0.0436760001 0.171278 0.0311019998 -0.691500008 0.527700007 0.493200004 0.455473989 0.162345007 -0.297018468 -0.83011502 0.47189942 -0.65599829 -0.172920942 -0.734686792
-0.0418619998 0.171918005 -0.0310229994 -0.173500001 0.976300001 -0.128800005 0.420991004 0.770510972 -0.469183654 -0.196977451 -0.860852242 0.849010766 0.0820190161 -0.521970928
-0.0302339997 0.171912 -0.0424470007 -0.125300005 0.976300001 -0.176100001 0.431033999 0.732300997 -0.367702186 -0.210593417 -0.905784547 0.867107987 0.0215320829 -0.497654825
0.0497130007 0.171912 -0.0156369992 0.206200004 0.976300001 -0.0648000017 0.467128992 0.505483985 0.951046526 -0.215586513 -0.221433967 0.0945092216 0.0460416265 0.994458795
-0.0165650006 0.171912998 0.0494000018 -0.0688000023 0.976300001 0.204999998 0.462325007 0.238596007 -0.250298023 -0.215817615 0.943808079 -0.969706953 -0.0171719082 -0.243667036
-0.0493929982 0.171922997 -0.0165630002 -0.204699993 0.976400018 -0.0687000006 0.428122014 0.0507429987 -0.973583102 -0.210357845 -0.0888006017 0.109679863 -0.0468644463 -0.992861509
-0.0418619998 0.171918005 -0.0310229994 -0.173500001 0.976300001 -0.128800005 0.417816997 0.0129969995 -0.961606205 -0.196228117 -0.191854849 0.241447747 -0.0846295953 -0.966716528
-0.0430769995 0.171284005 -0.0319239981 -0.682900012 0.527499974 -0.505400002 0.421528012 0.0113869999 -0.656238794 -0.746899664 0.107198916 0.444368929 -0.249181494 -0.860491037
0.0424470007 0.171912 -0.0302339997 0.175999999 0.976300001 -0.125400007 0.463672996 0.543563008 0.850428343 -0.215007409 -0.480149627 0.374214739 0.0514650233 0.925912857
0.0497130007 0.171912 -0.0156369992 0.206200004 0.976300001 -0.0648000017 0.467128992 0.505483985 0.951128483 -0.215579733 -0.221088529 0.361431599 -0.0144514684 0.93228662
-0.000490000006 0.171912 0.0521119982 -0.00209999993 0.976300001 0.216199994 0.466114014 0.276576996 0.0259212106 -0.216086328 0.976030111 -0.999011159 -0.011651271 0.0429062359
-0.0521030016 0.171918005 -0.000486000004 -0.216000006 0.976300001 -0.00179999997 0.436973989 0.0880019963 -0.955240607 -0.210988417 0.207363114 -0.0694181621 -0.0172113739 -0.997439146
0.0310270004 0.171912 -0.0418710001 0.128600001 0.976300001 -0.173600003 0.459188014 0.581552982 0.680758059 -0.214256182 -0.700473309 0.622540951 0.0567840151 0.780524433
0.0424470007 0.171912 -0.0302339997 0.175999999 0.976300001 -0.125400007 0.463672996 0.543563008 0.850251198 -0.215013623 -0.480460405 0.611781001 -0.0086828731 0.790979564
0.0156369992 0.171912 0.0497130007 0.0648000017 0.976300001 0.206200004 0.468872011 0.314648986 0.351826847 -0.215752766 0.910861492 -0.974806607 0.0177344494 0.222345501
-0.0521030016 0.171918005 -0.000486000004 -0.216000006 0.976300001 -0.00179999997 0.436973989 0.0880019963 -0.95087868 -0.209991366 0.227449894 -0.320519179 -0.0726545453 -0.94445163
0.0165689997 0.171912 -0.0494100004 0.0687000006 0.976300001 -0.204899997 0.453678995 0.619435012 0.456671923 -0.213420063 -0.863656521 0.819161832 0.0620263144 0.570198774
0.0310270004 0.171912 -0.0418710001 0.128600001 0.976300001 -0.173600003 0.459188014 0.581552982 0.679690003 -0.214295015 -0.701497793 0.811498404 -0.00297684316 0.584347069
0.0302339997 0.171912 0.0424470007 0.125400007 0.976300001 0.175999999 0.470596999 0.352789015 0.594875634 -0.216009334 0.774250031 -0.871371508 0.0235728044 0.49005726
0.0156369992 0.171912 0.0497130007 0.0648000017 0.976300001 0.206200004 0.468872011 0.314648986 0.354412496 -0.215715379 0.909867465 -0.878605008 -0.0421485528 0.475685537
-0.0464200005 0.171923995 -0.0155649995 -0.000199999995 1 -9.99999975e-05 0.420933992 0.052623 -0.991501629 -0.000211309758 -0.130094171 0.0920598134 -8.11633872e-05 -0.995753527
-0.0456000008 0.171923995 -0.0152909998 0.601100028 0.773299992 0.2016 0.41892001 0.0531489998 -0.79649955 0.600318849 0.0721504763 0.186177 0.109818548 -0.976359606
-0.0386480018 0.171919003 -0.0286420006 0.510500014 0.772700012 0.377200007 0.408793986 0.0171440002 -0.827307582 0.560973823 -0.0295067895 0.355505824 0.209750623 -0.910834968
-0.0393420011 0.171919003 -0.0291559994 0 1 -0.00039999999 0.410658002 0.0162790008 -0.978405952 -8.26770702e-05 -0.206692636 0.203495547 -0.00039163031 -0.979075909
0.0398939997 0.171912 -0.0284160003 0 1 0 0.456194997 0.542837024 0.917268991 0 -0.398268253 0.465733349 0 0.884925127
0.0391910002 0.171912 -0.0279140007 -0.51880002 0.770799994 0.369500011 0.45411399 0.542631984 0.693229795 0.632245302 -0.345974684 0.448447704 -0.122547612 0.885368228
0.0458980016 0.171912 -0.0144379996 -0.607200027 0.771300018 0.190699995 0.457552999 0.504812002 0.761214733 0.633519769 -0.138581336 0.272616357 -0.0231962018 0.961843193
0.0467219986 0.171912 -0.0146970004 0 1 0 0.459638 0.504961014 0.984000087 0 -0.17816788 0.252628684 0 0.967563272
-0.00046000001 0.171912 0.0489769988 0 1 0 0.458647996 0.277274013 -0.0341895074 0 0.999415338 -0.998883307 0 0.0472450964
-0.000452000007 0.171912 0.0481129996 0.00630000001 0.771600008 -0.635999978 0.456569999 0.277464986 0.107039578 0.631862402 0.767653823 -0.999325633 0.0278685037 0.0239097942
-0.0152930003 0.171912998 0.0456070006 0.202399999 0.772499979 -0.601899981 0.452809006 0.239741996 -0.100840375 0.627792478 0.771821082 -0.968989074 0.0690092668 -0.237271801
-0.0155680003 0.171912998 0.0464259982 0 1 0 0.454881012 0.239494994 -0.260954559 0 0.965351045 -0.983435929 0 -0.181256413
-0.0489670001 0.171919003 -0.000456000009 -0.000199999995 1 0.000300000014 0.429668009 0.0896880031 -0.994945884 -0.000229112949 0.100412585 -0.178155899 0.000259569526 -0.984002233
-0.048103001 0.171919003 -0.000448000006 0.6347 0.772700012 0.00680000009 0.427630991 0.0901570022 -0.744333446 0.608982861 0.274057508 -0.103327371 0.093587786 -0.990234733
0.0291610006 0.171912 -0.0393529981 0 1 0 0.451727986 0.580626011 0.765987337 0 -0.642855585 0.696803033 0 0.717262506
0.0286459997 0.171912 -0.0386589989 -0.379299998 0.770799994 0.511799991 0.449651986 0.580363989 0.585405409 0.628289104 -0.512399614 0.741313756 -0.07783968 0.666629493
0.0391910002 0.171912 -0.0279140007 -0.51880002 0.770799994 0.369500011 0.45411399 0.542631984 0.692578912 0.632344306 -0.34709537 0.597268105 0.0176123586 0.801848233
0.0146970004 0.171912 0.0467219986 0 1 0 0.461389005 0.315144002 0.250657588 0 0.968075812 -0.944448173 0 0.328660518
0.0144379996 0.171912 0.0458980016 -0.191 0.771000028 -0.607500017 0.459306002 0.315277994 0.306733191 0.634787381 0.709196508 -0.948411882 0.0145937428 0.31670478
-0.0467219986 0.171912 0.0146970004 -9.99999975e-05 1 0.000199999995 0.437476993 0.126913995 -0.925756335 -0.000168199796 0.37812081 -0.4510279 0.000133399182 -0.892509818
-0.0458980016 0.171912 0.0144370003 0.606299996 0.772000015 -0.190500006 0.435429007 0.127329007 -0.645036221 0.617524624 0.450101912 -0.335240811 0.030922249 -0.941624939
0.0155729996 0.171912 -0.0464380011 0 1 0 0.446240008 0.618306994 0.552010119 0 -0.83383739 0.871058702 0 0.491178989
0.0152979996 0.171912 -0.0456189997 -0.202500001 0.770799994 0.603999972 0.444169998 0.617989004 0.428801209 0.624311924 -0.652965724 0.903461337 -0.0909110978 0.418918431
0.0284160003 0.171912 0.0398939997 0 1 0 0.463102013 0.353080004 0.514869809 0 0.857268393 -0.812695444 0 0.58268863
0.0279140007 0.171912 0.0391900018 -0.369399995 0.771300018 -0.51819998 0.461015999 0.353157997 0.484577268 0.635684609 0.600907564 -0.849536121 -0.0543210283 0.524726331
0.00046000001 0.171912 -0.0489769988 0 1 0 0.439736009 0.655865014 0.291655421 0 -0.956523478 0.974352121 0 0.225028917
0.000452000007 0.171912 -0.0481129996 -0.00600000005 0.770799994 0.637000024 0.437673002 0.655490994 0.239238039 0.619634271 -0.747541666 0.985417068 -0.103770047 0.134851888
0.0393449999 0.171912998 0.0291579999 0 1 9.99999975e-05 0.463784009 0.391054988 0.737213552 -6.75659758e-05 0.675659776 -0.614355028 -7.89029655e-05 0.789029777
0.0386510007 0.171912998 0.0286439992 -0.510900021 0.772099972 -0.377999991 0.461695999 0.391077012 0.626890302 0.635488033 0.45073688 -0.606572092 -0.0121914586 0.794934928
0.0279140007 0.171912 0.0391900018 -0.369399995 0.771300018 -0.51819998 0.461015999 0.353157997 0.485545069 0.635648608 0.600164056 -0.7461766 0.0861412808 0.66015166
-0.0146970004 0.171912 -0.0467219986 0 1 0 0.432233006 0.693284988 0.00695753703 0 -0.99997586 0.998227835 0 -0.0595082678
-0.0144379996 0.171912 -0.0458980016 0.191100001 0.770900011 0.607599974 0.430177987 0.692857027 0.0296690743 0.614192605 -0.78859818 0.980143785 -0.116507262 -0.160450056
0.0464249998 0.171913996 0.0155680003 0 1 0 0.463432997 0.429044992 0.898598373 0 0.438772231 -0.366456628 0 0.930435181
0.0456059985 0.171913996 0.0152930003 -0.602100015 0.772400022 -0.201900005 0.461344987 0.429010004 0.725540161 0.634873033 0.265570432 -0.409451842 -0.0816396698 0.908671737
-0.0398899987 0.171912998 0.0284049995 -9.99999975e-05 1 -0 0.444290012 0.164297 -0.780399263 -7.80399205e-05 0.625281572 -0.686425865 -6.86425847e-05 -0.727199852
-0.0391860008 0.171912998 0.0279040001 0.517099977 0.772300005 -0.368999988 0.442232996 0.164656997 -0.488186508 0.620231271 0.613992751 -0.644301176 0.067416735 -0.761794508
-0.0458980016 0.171912 0.0144370003 0.606299996 0.772000015 -0.190500006 0.435429007 0.127329007 -0.636865437 0.61482805 0.465176344 -0.48121655 0.165471643 -0.860842466
-0.0284160003 0.171912 -0.0398939997 9.99999975e-05 1 -0.000199999995 0.423756987 0.730551004 -0.276239842 -0.000164593745 -0.961088717 0.942404032 -0.000161135729 -0.33447665
-0.0279140007 0.171912 -0.0391900018 0.369500011 0.771499991 0.51789999 0.421680003 0.730044007 -0.176026583 0.605376899 -0.776230276 0.88904953 -0.131404623 -0.438547432
0.048969999 0.171912998 0.000457999995 0 1 0 0.462051004 0.467022002 0.986142278 0 0.165901795 -0.0888809636 0 0.996042252
0.0481059998 0.171912998 0.000449999992 -0.635500014 0.772000015 -0.00639999984 0.459964007 0.466930002 0.770431161 0.634592474 0.0610597469 -0.125750244 -0.0953112468 0.987472892
0.0456059985 0.171913996 0.0152930003 -0.602100015 0.772400022 -0.201900005 0.461344987 0.429010004 0.725461423 0.634869814 0.265793324 -0.248826265 0.0587304011 0.966765881
-0.0291540008 0.171913996 0.0393350013 0 1 0 0.450093001 0.20183 -0.571686327 0 0.8204723 -0.864330292 0 -0.502924562
-0.0286389999 0.171913996 0.0386409983 0.377799988 0.772800028 -0.50999999 0.448027998 0.202133 -0.305398077 0.623989165 0.719284117 -0.839996696 0.0543763041 -0.539859891
-0.0393420011 0.171919003 -0.0291559994 0 1 -0.00039999999 0.413702995 0.76730603 -0.417407125 -0.000363487838 -0.90871954 0.874448717 -0.000194047141 -0.485117942
-0.0386480018 0.171919003 -0.0286420006 0.510500014 0.772700012 0.377200007 0.411736012 0.766411006 -0.273952574 0.561977446 -0.780468643 0.762669146 -0.204292357 -0.6136778
0.0481059998 0.171912998 0.000449999992 -0.635500014 0.772000015 -0.00639999984 0.459964007 0.466930002 0.770419896 0.634585023 0.0612798445 0.0450521149 0.0453507751 0.997954786
-0.0104489997 0.010454 -0.0333079994 0.305500001 0.0727000013 0.949400008 0.0348620005 0.606197 0.199122265 0.970157743 -0.138363421 0.928448379 -0.244014591 -0.280071974
-0.0104280002 0.009265 -0.0332180001 0.217199996 0.701399982 0.678799987 0.0319500007 0.605458975 0.175424278 0.656072021 -0.734027267 0.975959778 -0.143267781 -0.16424641
0.000327999995 0.00925000012 -0.0348309986 -0.0055999998 0.703100026 0.711099982 0.0378190018 0.579147995 0.339116961 0.67028904 -0.660084963 0.990846753 -0.0920084044 0.098779276
0.000330999988 0.0104339998 -0.0349289998 -0.0055999998 0.0786999986 0.996900022 0.040755 0.579756021 0.198879346 0.977071404 -0.0760171562 0.97865206 -0.204382226 0.0216334369
0.0330139995 0.0104480004 0.0110670002 -0.946099997 0.0640999973 -0.317400008 0.058433 0.418954998 0.0528872535 0.997638106 0.0438310802 -0.319480002 -0.0249074027 0.947265565
0.0329359993 0.00926300045 0.0110409996 -0.67809999 0.698899984 -0.227400005 0.0554439984 0.418866992 0.622499287 0.710643828 0.327841491 -0.343273312 -0.0275911652 0.938830137
0.0279089995 0.00926099997 0.0207090005 -0.575399995 0.699299991 -0.424100012 0.0557769984 0.391993999 0.513586879 0.712522209 0.478059292 -0.581799388 0.014459556 0.813203752
0.0279740002 0.0104459999 0.0207620002 -0.803200006 0.0644999966 -0.592100024 0.0587669984 0.39199999 0.0486792736 0.997902572 0.0426723883 -0.593477428 -0.0023403957 0.8048473
-0.0283809993 0.0104670003 0.0201830007 0.814700007 0.0573999994 -0.577000022 0.0452639982 0.231216997 0.0519644432 0.983856916 0.17124629 -0.577075064 0.1776492 -0.797135532
-0.0283160005 0.00927599985 0.0201370008 0.584299982 0.697600007 -0.414600015 0.0423270017 0.231709003 -0.472159326 0.707778275 0.525466919 -0.635070801 0.0750123039 -0.76880312
-0.03314 0.00930000003 0.010431 0.685000002 0.696699977 -0.213 0.0374009982 0.205431998 -0.588958502 0.701664388 0.400992483 -0.404690921 0.120770514 -0.906443477
-0.0332130007 0.0104949996 0.0104550002 0.953400016 0.0553000011 -0.296499997 0.0403110012 0.204840004 0.00717414636 0.978612304 0.205588102 -0.301444709 0.20853892 -0.93039912
-0.0201810002 0.0104870005 -0.0284180008 0.584900022 0.0650999993 0.808399975 0.0275870003 0.63240999 0.185289279 0.959689438 -0.211339295 0.788226008 -0.280624092 -0.54767698
-0.0201399997 0.00929400045 -0.0283439998 0.418900013 0.698899984 0.579699993 0.0247450005 0.631483972 0.00927004591 0.635093272 -0.772379756 0.887678862 -0.180788085 -0.423487902
0.0348379984 0.0104459999 0.000293999998 -0.997699976 0.0662999973 -0.0129000004 0.0573650002 0.44589901 0.0656008497 0.996656537 0.0487068556 -0.0163606405 -0.0519019142 0.998518169
0.0347540006 0.00926099997 0.000297999999 -0.714699984 0.699400008 -0.00860000029 0.0543779992 0.445728987 0.690239131 0.707214952 0.153025612 -0.0522325933 -0.0411069319 0.997788548
-0.0207509995 0.0104489997 0.0279549994 0.596800029 0.0599000007 -0.800100029 0.0493899994 0.257779002 0.0767592192 0.988372922 0.131251007 -0.798258126 0.145160943 -0.584561646
-0.0207010005 0.00926200021 0.0278929994 0.426699996 0.698300004 -0.574699998 0.0464349985 0.258183002 -0.32379055 0.711300194 0.623868406 -0.833901823 0.0578392558 -0.548873782
-0.0279360004 0.010516 -0.0207439996 0.805100024 0.058699999 0.59009999 0.0179290008 0.658864975 0.148782536 0.943274379 -0.296811849 0.567459464 -0.36555174 -0.737808764
-0.0278769992 0.00932100043 -0.0206940006 0.578299999 0.69690001 0.424199998 0.0150410002 0.657773018 -0.139568657 0.596773028 -0.790178835 0.757702768 -0.266026467 -0.59591651
-0.0201810002 0.0104870005 -0.0284180008 0.584900022 0.0650999993 0.808399975 0.0275870003 0.63240999 0.212908044 0.949490666 -0.230515987 0.772904515 -0.346884817 -0.531309187
0.0332619995 0.0104409996 -0.0105039999 -0.953100026 0.0710000023 0.294200003 0.0555589981 0.472811013 0.0888825133 0.99489224 0.0478469804 0.288595587 -0.0795448199 0.954141021
0.033179 0.00925699994 -0.0104700001 -0.681299984 0.700600028 0.211700007 0.0525779985 0.472559005 0.696087599 0.709777951 -0.108062394 0.186699465 -0.113302462 0.975861669
-0.0110670002 0.0104459999 0.0330200009 0.321200013 0.0623999983 -0.944899976 0.052747 0.284473985 0.0875056088 0.991601586 0.095232226 -0.942851543 0.114381149 -0.312966466
-0.0110419998 0.00926099997 0.0329429992 0.229200006 0.698700011 -0.677699983 0.0497790016 0.284794986 -0.150072858 0.71327883 0.684625089 -0.958985865 0.0428022631 -0.280203551
-0.0329700001 0.0105280001 -0.0110470001 0.947000027 0.0551000014 0.316399992 0.0271259993 0.153046995 -0.143709987 0.953746319 0.264036894 0.284636676 0.312350869 -0.906321585
-0.0328989998 0.00933100004 -0.0110240001 0.680800021 0.69599998 0.228100002 0.0242819991 0.153971002 -0.731417537 0.66255033 0.16141741 0.165242806 0.157451168 -0.973603606
-0.0278769992 0.00932100043 -0.0206940006 0.578299999 0.69690001 0.424199998 0.0146129997 0.128503993 -0.792219937 0.603871167 0.0879040956 0.349756598 0.257973611 -0.90062201
-0.0279360004 0.010516 -0.0207439996 0.805100024 0.058699999 0.59009999 0.0175310001 0.127362996 -0.262258828 0.927744567 0.265537769 0.537531257 0.348096579 -0.768042266
0.0284279995 0.0104360003 -0.0202740002 -0.814800024 0.0763999969 0.574599981 0.053013999 0.499673009 0.119352058 0.992150068 0.0373270847 0.566160917 -0.107964255 0.817193627
0.0283550005 0.00925199967 -0.0202149991 -0.580900013 0.702099979 0.41170001 0.0500399992 0.499338001 0.649207056 0.704871297 -0.285808742 0.465741992 -0.12808691 0.875601649
0.033179 0.00925699994 -0.0104700001 -0.681299984 0.700600028 0.211700007 0.0525779985 0.472559005 0.695526183 0.709954441 -0.110490009 0.323334605 0.0285764281 0.945853174
-0.000304999994 0.0104409996 0.0348649994 0.0129000004 0.0649000034 -0.997799993 0.0553570017 0.311268985 0.0844416842 0.99425596 0.0657612383 -0.996278644 0.0858812556 -0.00729487604
-0.000307000009 0.0092559997 0.0347799994 0.00899999961 0.699500024 -0.714600027 0.0523799993 0.311506987 0.0315574855 0.714059532 0.699373424 -0.999466479 0.0287297759 0.0155366063
-0.0110670002 0.0104459999 0.0330200009 0.321200013 0.0623999983 -0.944899976 0.052747 0.284473985 0.0833939835 0.992086351 0.0938630402 -0.943539441 0.106449023 -0.313690871
-0.0347910002 0.0105189998 -0.000297999999 0.998399973 0.054299999 0.0116999997 0.0343879983 0.178735003 -0.0553667471 0.955402374 0.290070534 -0.00309014972 0.264897496 -0.964271665
-0.0347150005 0.00932299998 -0.000297999999 0.717899978 0.69599998 0.00889999978 0.031516999 0.179455996 -0.666061342 0.683329344 0.299037457 -0.0605435781 0.0752287656 -0.995326638
0.0207950007 0.0104329996 -0.028066 -0.595300019 0.0803999975 0.799499989 0.0497209989 0.526463985 0.152211323 0.988249481 0.013953655 0.787839353 -0.137172759 0.600410402
0.0207380001 0.00925000012 -0.0279869996 -0.423599988 0.703199983 0.570900023 0.0467559993 0.526045978 0.559732556 0.698868394 -0.445289224 0.702572107 -0.142756566 0.697146356
0.0283550005 0.00925199967 -0.0202149991 -0.580900013 0.702099979 0.41170001 0.0500399992 0.499338001 0.647128224 0.705288708 -0.289470226 0.589028656 0.0135188717 0.807999074
0.0104679996 0.0104390001 0.0332879983 -0.298700005 0.066399999 -0.952000022 0.0572290011 0.338135988 0.0740827695 0.996179521 0.0462373979 -0.951407611 0.0574833043 0.302521348
0.0104419999 0.00925400015 0.0332040004 -0.2139 0.699999988 -0.681299984 0.0542449988 0.338292986 0.20848164 0.71412158 0.668255806 -0.949734092 0.0141740432 0.312736779
-0.0347150005 0.00932299998 -0.000297999999 0.717899978 0.69599998 0.00889999978 0.031516999 0.179455996 -0.6631248 0.680150568 0.312507242 -0.180618048 0.198625475 -0.963288665
-0.0347910002 0.0105189998 -0.000297999999 0.998399973 0.054299999 0.0116999997 0.0343879983 0.178735003 -0.0555188283 0.968985498 0.240800619 -0.00135915785 0.23414804 -0.972199976
0.0111060003 0.0104320003 -0.0331190005 -0.316300005 0.0812999979 0.945200026 0.045655001 0.553165972 0.180402413 0.983294964 -0.0242074318 0.930467069 -0.16761598 0.32578516
0.0110750003 0.00925000012 -0.0330250002 -0.225899994 0.703499973 0.673799992 0.0427020006 0.552658975 0.492565304 0.679257274 -0.544048786 0.907204211 -0.100056224 0.408618718
0.0207380001 0.00925000012 -0.0279869996 -0.423599988 0.703199983 0.570900023 0.0467559993 0.526045978 0.555032432 0.699708283 -0.449830323 0.80152607 -0.00266794977 0.597953916
0.0202070009 0.0104419999 0.0284279995 -0.58069998 0.0659999996 -0.811399996 0.0583649985 0.365054011 0.0606294796 0.997446477 0.0377423242 -0.811714232 0.029403517 0.58331418
0.0201600008 0.00925699994 0.0283530001 -0.415899992 0.699899971 -0.580600023 0.0553769991 0.365128994 0.371342242 0.713527262 0.594124436 -0.813131154 -0.000319164392 0.582080364
0.0279740002 0.0104459999 0.0207620002 -0.803200006 0.0644999966 -0.592100024 0.0587669984 0.39199999 0.0506811291 0.997915208 0.0399587341 -0.593162775 0.00425469503 0.805071354
0.0207380001 0.00925000012 -0.0279869996 -0.423599988 0.703199983 0.570900023 0.0467559993 0.526045978 0.782976747 0.601184785 -0.159763515 0.706318617 -0.138142392 0.694284379
0.0192070007 0.00925000012 -0.0259210002 -9.99999975e-05 1 -9.99999975e-05 0.0401679985 0.525180995 0.694181383 -2.56186968e-06 -0.719800055 0.681714833 0.000141333279 0.731618106
0.0262589995 0.00925199967 -0.0187229998 -0.000199999995 1 -0.000300000014 0.0434309989 0.498661011 0.869688511 2.58573982e-05 -0.493600965 0.531573653 0.000360418344 0.847011924
0.0283550005 0.00925199967 -0.0202149991 -0.580900013 0.702099979 0.41170001 0.0500399992 0.499338001 0.650148451 0.704552174 -0.284452617 0.594603062 0.0206465423 0.80375427
0.00966999959 0.00925500039 0.0307490006 0 1 9.99999975e-05 0.0476259999 0.33870399 0.35738492 -9.33957053e-05 0.9339571 -0.951768696 -3.06816655e-05 0.306816638
-0.000284000009 0.0092559997 0.0322090015 0.000199999995 1 0 0.0457779989 0.31209901 0.081537649 -1.63075292e-05 0.996670246 -0.993095577 0.000198619091 0.117308386
-0.0306889992 0.00929899979 0.00965999998 0.0013 1 0.00179999997 0.0309660006 0.206796005 -0.87338531 0.000258748536 0.48702997 -0.445828974 0.00219078525 -0.895115376
-0.0321479999 0.00932000019 -0.000277999992 0.00150000001 1 0.0013 0.0251969993 0.181085005 -0.969203174 0.00113366859 0.246259823 -0.270770222 0.0016575898 -0.96264255
-0.0347150005 0.00932299998 -0.000297999999 0.717899978 0.69599998 0.00889999978 0.031516999 0.179455996 -0.651142359 0.666825116 0.362433523 -0.168442234 0.186073184 -0.967989743
0.0102570001 0.00925000012 -0.0305879992 9.99999975e-05 1 -9.99999975e-05 0.0361430012 0.551596999 0.464920282 -0.00013502728 -0.885352552 0.860384405 -3.50738737e-05 0.509645581
0.0207380001 0.00925000012 -0.0279869996 -0.423599988 0.703199983 0.570900023 0.0467559993 0.526045978 0.560610771 0.698537052 -0.444703996 0.806599915 0.00602134177 0.591067135
0.0186689999 0.00925699994 0.0262589995 -0.000199999995 1 0.000199999995 0.0487480015 0.365359008 0.607462108 -3.73772891e-05 0.794348598 -0.824706614 -0.000278053456 0.565560699
0.000304999994 0.00925000012 -0.0322600007 0.000899999985 1 -0.00039999999 0.0313029997 0.577862978 0.201326683 -0.000573004014 -0.979523957 0.968230844 -0.000771385501 0.250056535
0.0258460008 0.00926099997 0.0191799998 -0.000300000014 1 9.99999975e-05 0.0491419993 0.392042994 0.807719111 0.000183359007 0.589567482 -0.630514681 -0.000266772142 0.776177227
-0.00965499971 0.00926600024 -0.0307650007 0.00200000009 1 -0.00079999998 0.0255110003 0.603883028 -0.222538218 -0.00033486131 -0.974923849 0.980272114 -0.00211865734 -0.197641164
0.0305029992 0.00926200021 0.0102260001 -0.000300000014 1 -9.99999975e-05 0.048808001 0.418736011 0.941826522 0.000316157879 0.336099267 -0.386506736 -2.37233653e-05 0.92228663
-0.0262209997 0.00927599985 0.0186500009 0.00100000005 1 0.00150000001 0.0358240008 0.232860997 -0.704750896 -0.000359431346 0.709454775 -0.675642133 0.00178148295 -0.737227619
-0.0186490007 0.00929300021 -0.0262499992 0.00240000011 1 -0.00109999999 0.0184020009 0.629427016 -0.339056522 -0.000221106937 -0.940765917 0.948915541 -0.00262446818 -0.315519154
0.0321860015 0.00926099997 0.000276000006 -0.000199999995 1 -0.000300000014 0.0477459989 0.445416003 0.998473525 0.000216264394 0.0552323088 -0.111279592 0.000275880826 0.993789136
-0.0191709995 0.00926200021 0.0258319993 0.000600000028 1 0.000500000024 0.0398879983 0.259142011 -0.475729674 -0.000154358 0.879591525 -0.85465157 0.000772391504 -0.519201338
-0.0258159991 0.0093170004 -0.0191649999 0.00219999999 1 -0.000500000024 0.00890100002 0.654334009 -0.418939382 0.000467658712 -0.908014119 0.902051985 -0.00220032316 -0.43162185
0.033179 0.00925699994 -0.0104700001 -0.681299984 0.700600028 0.211700007 0.0525779985 0.472559005 0.730086029 0.629165292 0.266693622 0.189821303 -0.110170901 0.975617886
0.0307270009 0.00925699994 -0.00969799981 -0.000199999995 1 -0.00039999999 0.0459549986 0.472065002 0.973356128 0.000102951853 -0.229298428 0.173850805 0.000428678963 0.984771967
-0.0102260001 0.00925999973 0.0305090006 0.00039999999 1 0 0.0432000011 0.285569012 -0.206753969 8.27015319e-05 0.978393018 -0.96582222 0.000386328873 -0.259205312
-0.0304669999 0.00932700001 -0.0102089997 0.00179999997 1 0.000500000024 0.0182220004 0.155989006 -0.999932289 0.00180562644 -0.0114947846 0.028456673 0.000448576699 -0.999594986
-0.0258159991 0.0093170004 -0.0191649999 0.00219999999 1 -0.000500000024 0.00890100002 0.131813005 -0.994991541 0.00213901396 -0.0999368876 0.124110229 -0.00076917914 -0.992268145
0.0283550005 0.00925199967 -0.0202149991 -0.580900013 0.702099979 0.41170001 0.0500399992 0.499338001 0.785925329 0.615497053 0.0590324774 0.469508439 -0.124106102 0.874162197
0.033179 0.00925699994 -0.0104700001 -0.681299984 0.700600028 0.211700007 0.0525779985 0.472559005 0.696181953 0.709591687 -0.108675189 0.328444749 0.034165509 0.943905056
-0.0347150005 0.00932299998 -0.000297999999 0.717899978 0.69599998 0.00889999978 0.031516999 0.179455996 -0.696065187 0.717422128 0.0282630399 -0.0391475894 0.0531255007 -0.997820199
-0.0262209997 0.00927599985 0.0186500009 0.00100000005 1 0.00150000001 0.570554972 0.991099 -0.445060045 0.0017883071 -0.895498991 0.895592511 -0.000228279008 -0.444875479
-0.0191709995 0.00926200021 0.0258319993 0.000600000028 1 0.000500000024 0.546676993 0.983340025 -0.445227504 0.000714844675 -0.895417154 0.89574188 -0.000315157959 -0.444574296
-0.0213190001 0.00927499961 0.0157520007 0.0013 1 0.00120000006 0.571591973 0.97694999 -0.445021868 0.00165314903 -0.895518243 0.895604193 -0.000630464056 -0.444851249
-0.0306889992 0.00929899979 0.00965999998 0.0013 1 0.00179999997 0.595661998 0.991099 -0.444972217 0.00219043833 -0.895541787 0.89552325 -0.000363153289 -0.445014715
-0.0212120004 0.00929499976 0.00322000007 0.00200000009 1 0.00109999999 0.599529028 0.96280998 -0.444787741 0.00187477132 -0.895634115 0.895121634 -0.00129984168 -0.445820183
-0.0321479999 0.00932000019 -0.000277999992 0.00150000001 1 0.0013 0.619540989 0.983340025 -0.444675624 0.00183140847 -0.895689845 0.89515394 -0.000763247022 -0.445756376
-0.0189849995 0.00930100027 -0.00997000001 0.00240000011 1 0.00039999999 0.626511991 0.943206012 -0.444622129 0.00142537965 -0.895717084 0.894388974 -0.00196761987 -0.447285682
-0.0304669999 0.00932700001 -0.0102089997 0.00179999997 1 0.000500000024 0.639853001 0.968582988 -0.444318235 0.00124770496 -0.895868182 0.894432425 -0.00138637645 -0.447201103
-0.0149710001 0.00928799994 -0.0219020005 0.00240000011 1 -0.000500000024 0.648593009 0.921006024 -0.44497022 0.000620156003 -0.895545125 0.893936574 -0.00236954167 -0.448187262
-0.0258159991 0.0093170004 -0.0191649999 0.00219999999 1 -0.000500000024 0.654610991 0.948270977 -0.418939382 0.000467658712 -0.908014119 0.902051985 -0.00220032316 -0.43162185
-0.00965499971 0.00926600024 -0.0307650007 0.00200000009 1 -0.00079999998 0.662369013 0.899285018 -0.222538218 -0.00033486131 -0.974923849 0.980272114 -0.00211865734 -0.197641164
-0.0186490007 0.00929300021 -0.0262499992 0.00240000011 1 -0.00109999999 0.662369013 0.924391985 -0.339056522 -0.000221106937 -0.940765917 0.948915541 -0.00262446818 -0.315519154
-0.0102260001 0.00925999973 0.0305090006 0.00039999999 1 0 0.526364982 0.968582988 -0.445798993 0.000178319635 -0.895133138 0.896001041 -0.00035840043 -0.444051862
-0.00980800018 0.00925800018 0.0200779997 0.00079999998 1 0.000300000014 0.549161017 0.956055999 -0.445336908 0.000624878216 -0.895362854 0.895822406 -0.000583334418 -0.444411904
-0.00818299968 0.00926200021 0.0062859999 0.0013 1 0.000500000024 0.578171015 0.937101007 -0.444936275 0.0010261971 -0.895561695 0.895266414 -0.000941080973 -0.445530117
-0.00567300012 0.009265 -0.00862899981 0.00170000002 1 0.000199999995 0.608660996 0.914949 -0.444850713 0.000935366377 -0.895604193 0.894566357 -0.00143137586 -0.446932942
-0.00269700005 0.00925800018 -0.0222420003 0.00150000001 1 -0.000300000014 0.635653019 0.893216014 -0.445142865 0.000399076351 -0.895459533 0.894329011 -0.00147571543 -0.447407454
0.000304999994 0.00925000012 -0.0322600007 0.000899999985 1 -0.00039999999 0.654610991 0.875406981 -0.446361601 4.37851668e-05 -0.894852757 0.894427717 -0.000983869075 -0.447211444
-0.000284000009 0.0092559997 0.0322090015 0.000199999995 1 0 0.511606991 0.948270023 -0.445454776 8.90909505e-05 -0.895304382 0.895768106 -0.000179153605 -0.444521487
0.00271299994 0.00925500039 0.0222120006 9.99999975e-05 1 0 0.530565023 0.930460989 -0.445407152 4.45407131e-05 -0.895328164 0.895560324 -8.95560297e-05 -0.444940209
0.00568199996 0.00925299991 0.00862700026 0.000199999995 1 0 0.557556987 0.908729017 -0.445011914 8.90023875e-05 -0.895524621 0.8951509 -0.000179030161 -0.44576323
0.00819700025 0.00925100036 -0.00630699983 0.000199999995 1 -9.99999975e-05 0.588047028 0.886575997 -0.444865882 -5.86567012e-07 -0.895597279 0.894835651 -0.000223606679 -0.446395785
0.00983200036 0.00925000012 -0.0201389994 0.000199999995 1 -0.000199999995 0.617057025 0.867621005 -0.44531551 -9.00116502e-05 -0.895373702 0.894934356 -0.000268226402 -0.446197748
0.0102570001 0.00925000012 -0.0305879992 9.99999975e-05 1 -9.99999975e-05 0.639853001 0.855094016 -0.445890963 -4.49196268e-05 -0.895087361 0.895041108 -0.000134102476 -0.445983708
0.00966999959 0.00925500039 0.0307490006 0 1 9.99999975e-05 0.50384903 0.924391985 -0.445724964 8.95169942e-05 -0.895169914 0.895083547 4.45898513e-05 -0.445898592
0.0149889998 0.0092559997 0.0219069999 -0.000199999995 1 0 0.517624974 0.902670979 -0.44517684 -8.90353622e-05 -0.895442665 0.894864738 0.000178972943 -0.446337581
0.0190079994 0.00925800018 0.00998099986 -0.000300000014 1 -9.99999975e-05 0.539705992 0.880470991 -0.444881618 -0.000223023439 -0.895589411 0.894678414 0.000223732452 -0.446710736
0.0212409999 0.0092559997 -0.00323799998 -0.000300000014 1 -0.000199999995 0.566689014 0.860867023 -0.444162279 -0.000312437915 -0.895946324 0.894807994 0.000179152194 -0.446451187
0.0213530008 0.00925199967 -0.0158159994 -0.000199999995 1 -0.000199999995 0.594626009 0.846727014 -0.444437504 -0.000268049451 -0.89580977 0.895085037 8.98379149e-05 -0.445895433
0.0192070007 0.00925000012 -0.0259210002 -9.99999975e-05 1 -9.99999975e-05 0.619540989 0.840336978 -0.44518885 -0.00013406256 -0.895436704 0.895229816 4.49625077e-05 -0.445604742
0.0186689999 0.00925699994 0.0262589995 -0.000199999995 1 0.000199999995 0.50384903 0.899285018 -0.44135952 9.11940733e-05 -0.897330344 0.894804716 0.000268252508 -0.446457863
0.0258460008 0.00926099997 0.0191799998 -0.000300000014 1 9.99999975e-05 0.511606991 0.875406981 -0.445919007 -4.42683486e-05 -0.895073235 0.894437492 0.000313050579 -0.447192878
0.0305029992 0.00926200021 0.0102260001 -0.000300000014 1 -9.99999975e-05 0.526364982 0.855094016 -0.444844961 -0.000223014242 -0.895607471 0.894540727 0.000223663577 -0.446986318
0.0321860015 0.00926099997 0.000276000006 -0.000199999995 1 -0.000300000014 0.546676993 0.840336978 -0.444048285 -0.000357610523 -0.896002889 0.894824386 4.50393272e-05 -0.446418345
0.0307270009 0.00925699994 -0.00969799981 -0.000199999995 1 -0.00039999999 0.570554972 0.832578003 -0.443730175 -0.000447210128 -0.896160305 0.895082951 6.56707471e-07 -0.445899695
0.0262589995 0.00925199967 -0.0187229998 -0.000199999995 1 -0.000300000014 0.595663011 0.832578003 -0.444407672 -0.000357628945 -0.895824671 0.895231903 4.53661851e-05 -0.445600629
0.0298909992 0.050751999 0.0221289992 -0.804700017 0.063500002 -0.590300024 0.158932 0.391772002 0.0547585636 0.997963786 0.0327062421 -0.591249466 0.00446618581 0.806476235
0.0279740002 0.0104459999 0.0207620002 -0.803200006 0.0644999966 -0.592100024 0.0587669984 0.39199999 0.0538067594 0.997912467 0.0357152782 -0.59315151 0.00446239393 0.805078566
0.0215879995 0.0507639982 0.0303729996 -0.582400024 0.064199999 -0.810299993 0.158462003 0.362098008 0.0603147969 0.997541428 0.0356828682 -0.810657024 0.0276539791 0.584867895
0.000798000023 0.0509489998 -0.0380389988 -0.000699999975 0.0777999982 0.996900022 0.139425993 0.59858501 0.1809223 0.980526209 -0.0763914585 0.977715194 -0.209243491 0.0170378536
0.012236 0.0508150011 -0.0361850001 -0.315499991 0.0804999992 0.945500016 0.144722998 0.569283009 0.170666844 0.984961271 -0.026910672 0.928182304 -0.181015074 0.325132638
0.0215879995 0.0507639982 0.0303729996 -0.582400024 0.064199999 -0.810299993 0.158462003 0.362098008 0.0668042377 0.997284472 0.0309996009 -0.810076892 0.0370301865 0.585153282
0.0112049999 0.0507909991 0.0355719998 -0.298799992 0.0644000024 -0.952099979 0.157183006 0.332455009 0.0734686181 0.996311665 0.0443334393 -0.9510203 0.0626936778 0.302704334
0.0225089993 0.050733 -0.0307839997 -0.59799999 0.0797000006 0.797500014 0.149140999 0.539865017 0.144637659 0.989438355 0.0095735807 0.784420371 -0.146055117 0.602787256
-0.0350139998 0.0514059998 0.011012 0.954699993 0.0544000007 -0.292400002 0.138533995 0.185571998 0.00358004635 0.980956614 0.194193929 -0.297089547 0.221328914 -0.928844094
-0.0347910002 0.0105189998 -0.000297999999 0.998399973 0.054299999 0.0116999997 0.0343879983 0.178735003 -0.0555438697 0.97720319 0.204911694 -0.00180582935 0.241968513 -0.970282435
-0.0366440006 0.0515060015 -0.000514000014 0.998399973 0.0535999984 0.0148 0.132145002 0.156715006 -0.0554949492 0.977232575 0.204784855 0.00136672915 0.242150143 -0.970237911
-0.000246999989 0.0508520007 0.0372349992 0.0153000001 0.063500002 -0.997900009 0.155095994 0.302866012 0.0832349509 0.9944368 0.0645560324 -0.995459855 0.0947335437 -0.00923658907
0.0305940006 0.0507009998 -0.0223650001 -0.818099976 0.0758000016 0.569999993 0.152724996 0.510353029 0.11461214 0.992879689 0.0324627385 0.560974061 -0.112689234 0.820127606
-0.0366440006 0.0515060015 -0.000514000014 0.998399973 0.0535999984 0.0148 0.132145002 0.156715006 -0.055536408 0.974957705 0.215344355 0.000381905964 0.259822547 -0.96565634
-0.0347910002 0.0105189998 -0.000297999999 0.998399973 0.054299999 0.0116999997 0.0343879983 0.178735003 -0.0555517562 0.975223899 0.214131817 -0.00307777338 0.264691234 -0.964328289
-0.0346730016 0.0515250005 -0.0120489998 0.947000027 0.0549999997 0.316399992 0.124516003 0.128215998 -0.124546163 0.971020043 0.203981057 0.287983984 0.290616691 -0.912473083
-0.0110670002 0.0104459999 0.0330200009 0.321200013 0.0623999983 -0.944899976 0.052747 0.284473985 0.0839313567 0.992024243 0.0940404236 -0.942275941 0.120715864 -0.312319905
-0.0116490005 0.0509539992 0.0352270007 0.325100005 0.0614 -0.943700016 0.152199998 0.273355007 0.0853053704 0.991917968 0.0939246193 -0.940328479 0.127008215 -0.315675944
0.0356919989 0.0507039987 -0.0117650004 -0.954699993 0.0706999972 0.289000005 0.155491993 0.480767995 0.086635679 0.995324433 0.0427045934 0.283235282 -0.0814689174 0.95558387
-0.0279360004 0.010516 -0.0207439996 0.805100024 0.058699999 0.59009999 0.0175310001 0.127362996 -0.194533691 0.966172576 0.169313788 0.541443408 0.333188444 -0.77189666
-0.0293000005 0.0514499992 -0.0224890001 0.807399988 0.0590000004 0.587000012 0.114799999 0.099969998 -0.0755516365 0.997135043 0.00369981583 0.584192336 0.0589810908 -0.809469342
-0.0110670002 0.0104459999 0.0330200009 0.321200013 0.0623999983 -0.944899976 0.052747 0.284473985 0.0879097655 0.991553068 0.0953652486 -0.942667186 0.116421834 -0.312769234
-0.0218780003 0.0510950014 0.0297790002 0.600600004 0.058699999 -0.797399998 0.148488998 0.243946001 0.0743784681 0.988875091 0.128817081 -0.794220328 0.158783168 -0.586516798
0.0373109989 0.0507219993 -3.79999983e-05 -0.997699976 0.0662999973 -0.0159000009 0.157447994 0.451128006 0.065559499 0.996913671 0.0431849211 -0.0193977579 -0.0524348393 0.998435974
-0.0293000005 0.0514499992 -0.0224890001 0.807399988 0.0590000004 0.587000012 0.115851 0.685598016 -0.0755516365 0.997135043 0.00369981583 0.584192336 0.0589810908 -0.809469342
-0.0279360004 0.010516 -0.0207439996 0.805100024 0.058699999 0.59009999 0.0179290008 0.658864975 0.114443295 0.961008728 -0.251724154 0.568068027 -0.362247944 -0.738968968
-0.0201810002 0.0104870005 -0.0284180008 0.584900022 0.0650999993 0.808399975 0.0275870003 0.63240999 0.16323325 0.96692729 -0.195975721 0.776398957 -0.333233654 -0.534939289
-0.0210360009 0.0513029993 -0.0308100004 0.590200007 0.065200001 0.8046 0.125560001 0.656681001 0.159657314 0.967615604 -0.195523903 0.778162658 -0.311102927 -0.545598686
-0.0299299993 0.051256001 0.0214389991 0.817499995 0.0562000014 -0.573099971 0.143948004 0.214671001 0.0471083783 0.98536402 0.163824797 -0.572341383 0.189418778 -0.797838271
0.0353079997 0.0507399999 0.0116459997 -0.946200013 0.0639000013 -0.317099988 0.158594996 0.421456009 0.0544943213 0.99777317 0.0384583771 -0.319163829 -0.0247572493 0.947376072
-0.0201810002 0.0104870005 -0.0284180008 0.584900022 0.0650999993 0.808399975 0.0275870003 0.63240999 0.168182611 0.965374112 -0.199418128 0.787439525 -0.284525543 -0.546794474
-0.0106690004 0.0511219986 -0.0361789986 0.312099993 0.0720999986 0.947300017 0.133133993 0.627743006 0.184076846 0.973631322 -0.134750694 0.923438907 -0.257359862 -0.284651369
0.0279740002 0.0104459999 0.0207620002 -0.803200006 0.0644999966 -0.592100024 0.0587669984 0.39199999 0.0537816808 0.997912586 0.0357491598 -0.593374431 -0.000333883771 0.804926574
0.000798000023 0.0509489998 -0.0380389988 -0.000699999975 0.0777999982 0.996900022 0.139425993 0.59858501 0.190252066 0.978769243 -0.0762552992 0.974766195 -0.22249946 0.01802673
-0.0100600002 0 -0.0319809988 0 -1 0 0.330235988 0.848634005 -0.542254269 0 -0.840214491 -0.870390058 0 0.492362678
-0.0100140003 0 -0.0318339989 0.188299999 -0.778400004 0.598800004 0.329780012 0.848540008 -0.466148466 -0.607509971 -0.643146276 -0.905029774 0.0992425159 0.413608551
-0.0193600003 0 -0.0271809995 0.363799989 -0.778999984 0.510599971 0.333159 0.821555018 -0.479818046 -0.626599252 -0.614123762 -0.808266461 0.0084371753 0.588756561
-0.0194489993 0 -0.027307 -0.000199999995 -1 9.99999975e-05 0.333622992 0.821573019 -0.618684471 4.51728774e-05 -0.785639644 -0.803847313 0.00022025303 0.594835699
0.0317769982 9.99999997e-07 0.0106560001 9.99999975e-05 -1 0 0.201511994 0.970983028 0.430444717 4.30444707e-05 -0.902616918 -0.901498079 -9.01498061e-05 -0.432783246
0.0316310003 9.99999997e-07 0.0106070004 -0.593800008 -0.779600024 -0.199100003 0.201442003 0.970533013 0.386102706 -0.0589822754 -0.920568109 -0.637812436 0.606908619 -0.47419107
0.0333640017 9.99999997e-07 0.000311999989 -0.626600027 -0.779299974 -0.00620000018 0.227300003 0.964257002 0.198878363 -0.152206287 -0.968132496 -0.686982155 0.556090236 -0.467781156
0.0335180014 9.99999997e-07 0.000312999997 0 -1 9.99999975e-05 0.227447003 0.96469003 0.317392886 -9.4829411e-05 -0.948294103 -0.940477014 -3.39857361e-05 -0.33985737
-0.0273049995 9.99999997e-07 0.0194450002 0 -1 0 0.0455100015 0.895111024 0.994561553 0 -0.1041511 -0.16740346 0 -0.985888481
-0.0271799993 9.99999997e-07 0.0193559993 0.510200024 -0.779299974 -0.363799989 0.0458980016 0.894892991 0.859008491 0.48257795 0.17094712 -0.314259082 0.224828333 -0.922330379
-0.0198650006 9.99999997e-07 0.0268040001 0.372799993 -0.779500008 -0.503300011 0.0604920015 0.916409016 0.91546464 0.397530943 0.0623995401 -0.451178491 0.321697444 -0.832435369
-0.0199570004 9.99999997e-07 0.0269280002 0 -1 0 0.0601460002 0.916691005 0.977977276 0 -0.208711341 -0.283500612 0 -0.958972096
-0.0268040001 4.99999987e-06 -0.0198650006 0.503099978 -0.779799998 0.372599989 0.331833988 0.794607997 -0.477412313 -0.610140145 -0.632302582 -0.685592473 -0.0976239666 0.721410096
-0.0269280002 6.00000021e-06 -0.0199570004 -0.000500000024 -1 9.99999975e-05 0.332280993 0.794516981 -0.651233256 0.000249727833 -0.758877456 -0.744428098 0.000438984251 0.667702556
0.0318330005 0 -0.0100140003 -0.598399997 -0.778800011 0.187999994 0.25176999 0.953581989 -0.00310262316 -0.232401356 -0.972615063 -0.763532639 0.483266562 -0.428335547
0.0319800004 0 -0.0100600002 0 -1 0 0.251991004 0.953984976 0.167860642 0 -0.985810757 -0.975186706 0 -0.221383885
-0.0106079997 9.99999997e-07 0.0316350013 0.199399993 -0.779399991 -0.593999982 0.0786349997 0.935145974 0.944709063 0.313917518 -0.0947652757 -0.561122656 0.406128258 -0.721249819
-0.0106570004 9.99999997e-07 0.0317809992 -9.99999975e-05 -1 0 0.0783419982 0.935485005 0.941352248 -9.41352191e-05 -0.337425441 -0.422596067 4.22596058e-05 -0.906318128
-0.0269280002 6.00000021e-06 -0.0199570004 -0.000500000024 -1 9.99999975e-05 0.0288420003 0.795253992 0.944128692 -0.000439105846 0.329576612 0.383932263 -0.000284302398 -0.923361242
-0.0268040001 4.99999987e-06 -0.0198650006 0.503099978 -0.779799998 0.372599989 0.0292760003 0.795368016 0.766095579 0.601932287 0.225333452 0.466955066 -0.117515616 -0.876437664
-0.0316269994 7.99999998e-06 -0.010605 0.593200028 -0.780099988 0.198899999 0.0268300008 0.82062 0.731838465 0.625479043 0.270533979 0.323378295 0.00463692285 -0.946258426
-0.031773001 9.00000032e-06 -0.0106539996 -0.00039999999 -1 -9.99999975e-05 0.0263819993 0.820616007 0.956663191 -0.000411784189 0.291196525 0.326579988 -3.61150633e-05 -0.945169508
0.0271809995 0 -0.0193610005 -0.511300027 -0.778400004 0.364199996 0.274109006 0.938799024 -0.181559652 -0.316383243 -0.931094944 -0.851746857 0.402568161 -0.335359722
0.027307 0 -0.0194499996 0 -1 0 0.274396002 0.939158976 0.016336007 0 -0.999866486 -0.99560219 0 -0.0936820582
-0.000314000004 0 0.0333699994 0.00600000005 -0.778800011 -0.627200007 0.099808 0.950527012 0.931423366 0.232597262 -0.279909164 -0.622669935 0.487879336 -0.61176455
-0.000315000012 0 0.0335239992 0 -1 0 0.0995770022 0.950913012 0.884562969 0 -0.46642068 -0.547842503 0 -0.836581469
-0.0333620012 4.99999987e-06 -0.000310000003 0.625999987 -0.779699981 0.00600000005 0.0288549997 0.846238017 0.751192868 0.604986608 0.264008731 0.145982936 0.109611623 -0.983195961
-0.033516001 6.00000021e-06 -0.000311999989 -0.000300000014 -1 -0.00039999999 0.0284189992 0.846313 0.984976828 -0.000364566891 0.172685936 0.176503375 0.00034076898 -0.984299958
0.0198679995 0 -0.0268130004 -0.373800009 -0.778299987 0.504400015 0.293628991 0.920324028 -0.324612588 -0.399615109 -0.857283175 -0.926862419 0.293034613 -0.234642059
0.0199599992 0 -0.0269360002 0 -1 0 0.293974996 0.920629978 -0.132598251 0 -0.99116987 -0.999175191 0 0.040608108
0.0100140003 0 0.0318339989 -0.188299999 -0.778500021 -0.598699987 0.123393998 0.962065995 0.867724776 0.153646126 -0.472701281 -0.63767463 0.5605551 -0.528345525
0.0100600002 0 0.0319809988 0 -1 0 0.123232998 0.962487996 0.807266414 0 -0.590187132 -0.655898511 0 -0.754849076
-0.0333620012 4.99999987e-06 -0.000310000003 0.625999987 -0.779699981 0.00600000005 0.0288549997 0.846238017 0.753281295 0.606587589 0.254202515 0.0465326346 0.0296683945 -0.998476148
-0.0318330005 0 0.0100140003 0.5977 -0.779299974 -0.188099995 0.0352599993 0.871261001 0.796568871 0.550778747 0.249240249 -0.102802493 0.158188239 -0.982042849
-0.0319800004 0 0.0100600002 -9.99999975e-05 -1 -0.000199999995 0.034841001 0.871408999 0.998898506 -0.00010927453 0.0469235666 0.0198088028 0.000197979869 -0.999803782
0.0198679995 0 -0.0268130004 -0.373800009 -0.778299987 0.504400015 0.293628991 0.920324028 -0.392522961 -0.359942943 -0.846384645 -0.92581284 0.346059084 -0.15203236
0.0106100002 0 -0.0316400006 -0.199599996 -0.778299987 0.595200002 0.309727013 0.898687005 -0.43279323 -0.47489208 -0.766268611 -0.976669192 0.207166597 -0.0565634221
0.0106589999 0 -0.0317859985 0 -1 0 0.310122013 0.898930013 -0.273902655 0 -0.961757362 -0.983431995 0 0.181277543
0.0193600003 0 0.0271809995 -0.363999993 -0.778800011 -0.510800004 0.148699999 0.969389975 0.752698481 0.0770422816 -0.653842092 -0.627551138 0.610344231 -0.483383477
0.0194489993 0 0.027307 0 -1 0 0.148614004 0.969834983 0.709091127 0 -0.705116808 -0.749028444 0 -0.662537754
0.0106100002 0 -0.0316400006 -0.199599996 -0.778299987 0.595200002 0.309727013 0.898687005 -0.48154971 -0.451053232 -0.751439214 -0.961609006 0.272342294 0.0337330438
0.000314000004 0 -0.0333699994 -0.00590000022 -0.778299987 0.627799988 0.321902007 0.874518991 -0.458447605 -0.555860043 -0.693430305 -0.969176412 0.159087881 0.188117757
0.000315000012 0 -0.0335239992 0 -1 0 0.322335005 0.874689996 -0.403540522 0 -0.914961696 -0.946368039 0 0.323090464
0.0268070009 9.99999997e-07 0.0198660009 -0.503600001 -0.779399991 -0.372799993 0.174978003 0.972250998 0.593747377 0.00123426563 -0.804650605 -0.620519876 0.626528144 -0.471611559
0.0269300006 9.99999997e-07 0.0199580006 9.99999975e-05 -1 0 0.174969003 0.972705007 0.592474043 5.92474025e-05 -0.805589557 -0.827760637 -8.27760596e-05 -0.56108135
0.000307000009 0.00634399988 -0.0326870009 -0.0092000002 -0.1074 0.994199991 0.307112992 0.868622005 -0.322923452 -0.940626979 -0.104601093 -0.936541438 0.34934935 0.0290707666
0.000307000009 0.00683199987 -0.0326349996 -0.00659999996 -0.712199986 0.701900005 0.306003988 0.868179977 -0.495920926 -0.607210219 -0.620772183 -0.958894491 0.203642234 0.197613671
-0.00978299975 0.00683799991 -0.0311280005 0.210299999 -0.712899983 0.66900003 0.312925994 0.844987988 -0.49648422 -0.667366028 -0.555091023 -0.913138628 0.101200849 0.394887626
-0.00980100036 0.00634900015 -0.0311789997 0.299199998 -0.109300002 0.947899997 0.314101011 0.845233977 -0.20831342 -0.976937175 -0.0468953177 -0.923977196 0.214815393 0.316418141
0.0262180008 0.00635100016 0.0194450002 -0.798900008 -0.114399999 -0.590499997 0.175319001 0.956721008 0.593682826 0.00752960099 -0.804663837 -0.0729840547 0.992929161 -0.093622297
0.0261720009 0.00683900015 0.0194119997 -0.561800003 -0.715399981 -0.415399998 0.175345004 0.955555022 0.580385745 0.016973028 -0.814164758 -0.612664998 0.697229803 -0.372172147
0.0308839995 0.00683999993 0.0103550004 -0.662 -0.715799987 -0.222000003 0.198917001 0.953969002 0.424070686 -0.113529317 -0.898484945 -0.603025675 0.684746146 -0.409246713
0.0309379995 0.00635199994 0.0103730001 -0.941799998 -0.115400001 -0.315800011 0.199092999 0.955124974 0.330001682 -0.13749373 -0.933913469 -0.0511948317 0.977520585 -0.204530016
-0.0311370008 0.00637000008 0.00979899988 0.947600007 -0.116300002 -0.297399998 0.0496050008 0.866258025 0.214824498 0.921266675 0.324219316 -0.241523355 0.348267734 -0.905746162
-0.0310810003 0.00686099986 0.00978200044 0.665499985 -0.716199994 -0.209800005 0.0506809987 0.865882993 0.74628222 0.637790561 0.190488949 -0.14207153 0.154475808 -0.977728426
-0.0265519992 0.0068450002 0.0188880004 0.568300009 -0.715799987 -0.405699998 0.060194999 0.886915982 0.81278497 0.565123498 0.141477928 -0.309849769 0.27060017 -0.911465108
-0.0265989993 0.00635500019 0.0189219993 0.808899999 -0.115800001 -0.576399982 0.0591959991 0.887472987 0.372413725 0.859561622 0.349945426 -0.461714387 0.481827676 -0.744756222
-0.018894 0.00685800007 -0.0265660007 0.405800015 -0.714900017 0.569400012 0.315779001 0.820807993 -0.474361807 -0.697279751 -0.537384391 -0.806005001 0.0137997512 0.59174794
-0.0189289991 0.00636699982 -0.0266110003 0.578000009 -0.113200001 0.808099985 0.317000002 0.820856988 -0.0918262303 -0.993063867 -0.0734310299 -0.808710754 0.0528074987 0.585831344
0.0308839995 0.00683999993 0.0103550004 -0.662 -0.715799987 -0.222000003 0.198917001 0.953969002 0.365915596 -0.0502374992 -0.929291189 -0.604244292 0.685112238 -0.406829417
0.0325849988 0.00683900015 0.00028800001 -0.698800027 -0.715300024 -0.00710000005 0.221938998 0.948323011 0.188341156 -0.174403206 -0.966494262 -0.654043376 0.642909408 -0.398616076
0.0326419994 0.00635100016 0.000289999996 -0.993399978 -0.114200003 -0.0104999999 0.222314 0.949436009 0.0454494767 -0.307978392 -0.95030719 -0.103585087 0.932801068 -0.345184594
-0.0194060002 0.00683999993 0.0261610001 0.415699989 -0.716099977 -0.560800016 0.0732380003 0.90605098 0.879063308 0.474511176 0.0456833467 -0.469739079 0.358935654 -0.806542277
-0.0194400009 0.00635100016 0.0262080003 0.591400027 -0.116099998 -0.797999978 0.0723479986 0.906773984 0.566885829 0.763641119 0.30901888 -0.578658938 0.628106594 -0.520226836
-0.0261509996 0.00687699998 -0.0194019992 0.560400009 -0.716799974 0.414799988 0.314660013 0.795653999 -0.483238727 -0.689807355 -0.539116085 -0.670533836 -0.0987209678 0.735281408
-0.026199 0.00638499996 -0.0194359999 0.798900008 -0.116899997 0.589999974 0.315925002 0.79557699 -0.059347596 -0.991464794 -0.116083898 -0.598752737 -0.0614912584 0.798570037
0.0311040003 0.0068359999 -0.00980299991 -0.668099999 -0.713999987 0.209399998 0.243716002 0.938762009 -0.0200331341 -0.264061302 -0.964297831 -0.728468478 0.570321143 -0.379562229
0.031157 0.00634799991 -0.00981799979 -0.948400021 -0.111400001 0.296900004 0.244278997 0.939796984 -0.212641805 -0.471159995 -0.856032431 -0.240667745 0.862506926 -0.445152581
-0.0103559997 0.00683799991 0.0308899991 0.222900003 -0.715799987 -0.661800027 0.0894389972 0.922704995 0.920550585 0.377939701 -0.0987330377 -0.580040336 0.448235422 -0.680175185
-0.0103740003 0.00634999992 0.0309449993 0.317000002 -0.1153 -0.941399992 0.0886849985 0.923573017 0.743593633 0.646334767 0.171230599 -0.586388767 0.756305635 -0.290085882
-0.026199 0.00638499996 -0.0194359999 0.798900008 -0.116899997 0.589999974 0.043974001 0.796971023 0.131476298 0.991149366 0.0183542203 0.581029654 -0.103547856 -0.807268381
-0.0261509996 0.00687699998 -0.0194019992 0.560400009 -0.716799974 0.414799988 0.0451080017 0.797083974 0.696070552 0.679094076 0.233059794 0.483710378 -0.123251975 -0.866506338
-0.0308589991 0.00688500004 -0.0103430003 0.660300016 -0.717599988 0.221300006 0.0431360006 0.820635021 0.693394601 0.695794165 0.187281504 0.322786182 0.00513085024 -0.946458042
-0.0309159998 0.00639300002 -0.0103620002 0.941399992 -0.1184 0.315699995 0.0420110002 0.820631027 0.104561992 0.992676616 0.0604962371 0.315747231 -0.0189864002 -0.9486534
0.0265749991 0.00683300011 -0.0189369991 -0.571399987 -0.712700009 0.406699985 0.263585001 0.925544977 -0.165460825 -0.385427356 -0.907782197 -0.819610119 0.471744508 -0.325109869
0.0266190004 0.00634500012 -0.0189660005 -0.810100019 -0.108599998 0.576099992 0.264319986 0.926470995 -0.397869974 -0.619895339 -0.676335096 -0.435722321 0.76900202 -0.46774137
-0.000295000005 0.00683500012 0.0326049998 0.00760000013 -0.714699984 -0.699400008 0.108333997 0.936361015 0.919078112 0.280570716 -0.276722968 -0.637287915 0.535514295 -0.554155767
-0.000296999991 0.00634700013 0.0326609984 0.0108000003 -0.112800002 -0.993499994 0.107738003 0.937350988 0.836119652 0.545991719 -0.052886162 -0.53355509 0.839695334 -0.10114757
-0.0325619988 0.00687800022 -0.000284000009 0.69690001 -0.717100024 0.00659999996 0.0449590012 0.843576014 0.703011096 0.684975803 0.191268295 0.104726583 0.0926621109 -0.990174711
-0.032621 0.0063860002 -0.000285999995 0.992999971 -0.117600001 0.0103000002 0.0438360013 0.843760014 0.113508664 0.97512722 0.190375045 0.0281636268 0.151263937 -0.988092124
0.0265749991 0.00683300011 -0.0189369991 -0.571399987 -0.712700009 0.406699985 0.263585001 0.925544977 -0.22196871 -0.343010992 -0.912728548 -0.820600867 0.495545834 -0.284690231
0.0194300003 0.00683199987 -0.0262219999 -0.418000013 -0.712199986 0.563899994 0.280934989 0.909045994 -0.354244411 -0.443821341 -0.82312423 -0.904394507 0.384776056 -0.184439197
0.0194620006 0.00634399988 -0.0262640007 -0.592000008 -0.107299998 0.798799992 0.281821012 0.909834027 -0.480115354 -0.74909997 -0.456441194 -0.646856189 0.654462218 -0.391479731
-0.000296999991 0.00634700013 0.0326609984 0.0108000003 -0.112800002 -0.993499994 0.107738003 0.937350988 0.897979677 0.438214451 -0.0400090329 -0.403077841 0.908823013 -0.107560173
0.00978800002 0.00683399988 0.0311220009 -0.209900007 -0.713699996 -0.668200016 0.129370004 0.946590006 0.862432301 0.186811879 -0.470437884 -0.649015069 0.612880707 -0.450729102
0.00980500039 0.00634500012 0.0311750006 -0.298000008 -0.111000001 -0.948099971 0.128952995 0.947670996 0.875443816 0.364147484 -0.317796737 -0.355735034 0.934583783 0.00239484175
-0.0310810003 0.00686099986 0.00978200044 0.665499985 -0.716199994 -0.209800005 0.0506809987 0.865882993 0.746155322 0.633761108 0.203958973 -0.0774019212 0.213377371 -0.973898888
0.0103759998 0.00683199987 -0.0309420004 -0.223199993 -0.712100029 0.665600002 0.295224994 0.889738977 -0.448783487 -0.531104982 -0.718693912 -0.957732916 0.287329078 -0.0137691898
0.0103930002 0.00634399988 -0.0309919994 -0.316100001 -0.107100002 0.942700028 0.296238005 0.890362978 -0.45580098 -0.85428369 -0.249889567 -0.82524395 0.521216691 -0.217498362
0.0189050008 0.0068359999 0.0265720002 -0.406500012 -0.714299977 -0.569700003 0.151930004 0.953061998 0.7505638 0.0944752172 -0.654009402 -0.633896768 0.669532955 -0.387169808
0.0189389996 0.00634799991 0.0266159996 -0.577499986 -0.112000003 -0.808600008 0.151703998 0.954201996 0.770728827 0.251783162 -0.585305393 -0.229041725 0.972990274 0.0288064666
0.0189389996 0.00634799991 0.0266159996 -0.577499986 -0.112000003 -0.808600008 0.151703998 0.954201996 0.799610317 0.121987507 -0.587998629 -0.113588907 0.991933227 -0.0562678576
0.0265749991 0.00683300011 -0.0189369991 -0.571399987 -0.712700009 0.406699985 0.263585001 0.925544977 -0.293062478 -0.285628468 -0.91243124 -0.820117593 0.514634609 -0.250116736
0.0257179998 0.00683300011 -0.0183269996 9.99999975e-05 -1 0.000199999995 0.262012005 0.923587024 0.0413204655 -0.000195697139 -0.999145925 -0.998785079 -0.000109734086 -0.0492779277
0.0188040007 0.00683199987 -0.0253769998 0 -1 0 0.279040992 0.907383025 -0.0775917843 0 -0.996985257 -0.997864008 0 0.065326415
-0.000284999987 0.00683500012 0.0315539986 -0.000199999995 -1 9.99999975e-05 0.109586999 0.93425101 0.856482446 -0.000222914081 -0.516175985 -0.508380949 1.55629386e-05 -0.861132383
0.00947299972 0.00683399988 0.030119 0 -1 0 0.130244002 0.944289029 0.799342871 0 -0.60087508 -0.618089557 0 -0.786107719
-0.0315119997 0.00687699998 -0.000274999999 -0.0013 -1 -0.00109999999 0.0473450013 0.843172014 0.984575987 -0.00147239619 0.17495124 0.15180026 0.000889910909 -0.988410771
-0.0300779995 0.00686099986 0.0094659999 -0.00100000005 -1 -0.0013 0.0529650003 0.865072012 0.999198139 -0.00105123199 0.0400250703 0.0539831705 0.00124411937 -0.998541057
-0.0310810003 0.00686099986 0.00978200044 0.665499985 -0.716199994 -0.209800005 0.0506809987 0.865882993 0.745086551 0.620533407 0.244508564 -0.0888681635 0.203014478 -0.975134671
0.0100419996 0.00683199987 -0.0299449991 0 -1 0 0.293065995 0.888423026 -0.219997227 0 -0.975500464 -0.979513526 0 0.201378226
0.0182959996 0.0068359999 0.0257150009 0.000199999995 -1 -9.99999975e-05 0.152394995 0.950635016 0.706064939 0.000212027677 -0.708147049 -0.722628951 -7.54021676e-05 -0.691236079
0.000296999991 0.00683199987 -0.031583 -0.000300000014 -1 9.99999975e-05 0.303640991 0.867254019 -0.355495006 1.31806819e-05 -0.934678197 -0.942230761 0.000316165679 0.334964603
0.0253279991 0.00683900015 0.0187860001 0.000300000014 -1 -0 0.175384998 0.953077018 0.598540723 0.000179562237 -0.801092386 -0.812764585 -0.000243829403 -0.582592309
-0.00946700014 0.00683799991 -0.0301249996 -0.00120000006 -1 0.00039999999 0.310425997 0.844479978 -0.672794878 0.000511422462 -0.739828825 -0.748406708 0.00116338418 0.663239062
0.0298880003 0.00683999993 0.0100210002 0.000199999995 -1 9.99999975e-05 0.198528007 0.951511979 0.478903085 7.99383724e-06 -0.877867758 -0.885831535 -0.000223567011 -0.464006931
0.0308839995 0.00683999993 0.0103550004 -0.662 -0.715799987 -0.222000003 0.198917001 0.953969002 0.421653032 -0.11082349 -0.899959385 -0.591547966 0.680878878 -0.431827456
-0.0310810003 0.00686099986 0.00978200044 0.665499985 -0.716199994 -0.209800005 0.0506809987 0.865882993 0.742186487 0.664957285 0.0836125612 -0.1731392 0.125249267 -0.976900935
-0.0256960001 0.0068450002 0.0182789993 -0.000699999975 -1 -0.00079999998 0.062309999 0.885720015 0.995430648 -0.000620412931 -0.0954856202 -0.0912958384 0.000860565575 -0.995823562
-0.0182840005 0.00685699983 -0.0257099997 -0.00179999997 -1 0.000600000028 0.313241988 0.820720971 -0.735957563 0.000918506412 -0.677026987 -0.686084211 0.0016714636 0.727520168
0.0308839995 0.00683999993 0.0103550004 -0.662 -0.715799987 -0.222000003 0.198917001 0.953969002 0.353393972 -0.0369209498 -0.934745729 -0.666159391 0.69769007 -0.263553113
0.0315340012 0.00683900015 0.000279 0.000199999995 -1 0.000199999995 0.221129999 0.945963025 0.349203438 -0.000117568692 -0.937046945 -0.941447735 -0.00025572133 -0.337158889
-0.0187810007 0.00683900015 0.0253180005 -0.000300000014 -1 -9.99999975e-05 0.0751210004 0.904502988 0.973545671 -0.00026921439 -0.228492185 -0.23515299 0.000167741789 -0.97195828
-0.0253079999 0.0068760002 -0.0187759995 -0.00179999997 -1 0.000300000014 0.31209901 0.79618299 -0.788380384 0.00123452907 -0.61518687 -0.611365199 0.00133786176 0.791347384
0.0301009994 0.0068359999 -0.0094879996 0.000199999995 -1 0.000199999995 0.242507994 0.936568975 0.211207777 -0.00015324667 -0.977441192 -0.978438675 -0.00023699514 -0.206536934
-0.0100220004 0.00683799991 0.0298950002 -0.000199999995 -1 9.99999975e-05 0.0910319984 0.920849025 0.933805883 -0.00022253918 -0.35778001 -0.371899903 -1.84473174e-05 -0.928272903
-0.0253079999 0.0068760002 -0.0187759995 -0.00179999997 -1 0.000300000014 0.0475879982 0.797694027 0.926049531 -0.00155367074 0.377398998 0.385415345 -0.000970571244 -0.922742724
-0.0298650004 0.0068839998 -0.0100090001 -0.00150000001 -1 -0.000500000024 0.0455779992 0.820640981 0.948691547 -0.00158113835 0.316199094 0.338938028 -3.80021957e-05 -0.940808713
0.0265749991 0.00683300011 -0.0189369991 -0.571399987 -0.712700009 0.406699985 0.263585001 0.925544977 -0.188728169 -0.3681086 -0.910427332 -0.816975415 0.446854234 -0.364516735
-0.0315119997 0.00687699998 -0.000274999999 -0.0013 -1 -0.00109999999 0.827768981 0.87450701 -0.88675946 0.00166123977 -0.462228209 -0.462529629 -0.000373976742 0.886603773
-0.0298650004 0.0068839998 -0.0100090001 -0.00150000001 -1 -0.000500000024 0.835363984 0.897885025 -0.887433112 0.00156160828 -0.460933954 -0.461207062 0.000248162891 0.887292564
-0.0253079999 0.0068760002 -0.0187759995 -0.00179999997 -1 0.000300000014 0.835363984 0.922465026 -0.788380384 0.00123452907 -0.61518687 -0.611365199 0.00133786176 0.791347384
-0.0247540008 0.00687400019 -0.00780300004 -0.00179999997 -1 -0.000500000024 0.821512997 0.898899019 -0.886587858 0.00182713824 -0.462556481 -0.462118626 0.000388404878 0.886817992
-0.0182840005 0.00685699983 -0.0257099997 -0.00179999997 -1 0.000600000028 0.827768981 0.945842028 -0.735957563 0.000918506412 -0.677026987 -0.686084211 0.0016714636 0.727520168
-0.0147639997 0.00685499981 -0.0149910003 -0.00170000002 -1 0 0.807668984 0.926249981 -0.886527956 0.00150709774 -0.462672561 -0.46114853 0.000783952361 0.887322545
-0.00946700014 0.00683799991 -0.0301249996 -0.00120000006 -1 0.00039999999 0.813320994 0.965727985 -0.672794878 0.000511422462 -0.739828825 -0.748406708 0.00116338418 0.663239062
-0.0030449999 0.00683399988 -0.0208529998 -0.000899999985 -1 9.99999975e-05 0.788477004 0.952665985 -0.886639774 0.000751729996 -0.462460041 -0.461417139 0.000503993593 0.887183189
0.000296999991 0.00683199987 -0.031583 -0.000300000014 -1 9.99999975e-05 0.793434978 0.980175018 -0.886674047 0.000219762776 -0.462395042 -0.462095231 0.000227311641 0.88683033
0.00871699955 0.00683199987 -0.0245210007 -9.99999975e-05 -1 0 0.766743004 0.974283993 -0.886696339 8.86696434e-05 -0.462352276 -0.462237656 4.62237622e-05 0.886756063
0.0100419996 0.00683199987 -0.0299449991 0 -1 0 0.770057976 0.987770975 -0.88672924 0 -0.462289244 -0.462304354 0 0.886721432
0.0188040007 0.00683199987 -0.0253769998 0 -1 0 0.745477974 0.987770975 -0.886708736 0 -0.462328523 -0.462369472 0 0.886687458
-0.0300779995 0.00686099986 0.0094659999 -0.00100000005 -1 -0.0013 0.813320994 0.854622006 -0.886780739 0.00148762472 -0.462187916 -0.463493288 -0.000688437663 0.886100233
-0.0215670001 0.00685699983 0.00380200008 -0.00139999995 -1 -0.000899999985 0.801056981 0.876938999 -0.886660635 0.0016575011 -0.462417781 -0.463085532 -0.000149362328 0.886313498
-0.00969900005 0.00684199994 -0.00286799995 -0.00120000006 -1 -0.000300000014 0.782500029 0.905340016 -0.886482954 0.00120260776 -0.462759763 -0.462218076 0.000288631883 0.886766255
0.0035639999 0.00683199987 -0.00948300026 -0.00039999999 -1 0 0.760812998 0.935190022 -0.886617303 0.000354646938 -0.462503731 -0.46210888 0.000184843535 0.886823237
0.0160569996 0.00683199987 -0.0149499997 9.99999975e-05 -1 9.99999975e-05 0.739535987 0.96161598 -0.886651039 -0.000134908987 -0.46243903 -0.462550879 4.24041755e-05 0.886592686
0.0257179998 0.00683300011 -0.0183269996 9.99999975e-05 -1 0.000199999995 0.722100973 0.980175018 -0.886633813 -0.000181157782 -0.462472141 -0.462717682 0.000131029374 0.886505723
-0.0256960001 0.0068450002 0.0182789993 -0.000699999975 -1 -0.00079999998 0.793434978 0.840174019 -0.886821032 0.000990464119 -0.46211189 -0.463475555 -0.000384454848 0.886109591
-0.0160419997 0.00683999993 0.0149149997 -0.000699999975 -1 -0.00039999999 0.776000023 0.858734012 -0.886592865 0.000805635005 -0.462549955 -0.463204563 -3.02572789e-05 0.88625133
-0.00356100011 0.00683300011 0.00947399996 -0.00039999999 -1 -9.99999975e-05 0.754723012 0.885159016 -0.886369526 0.000400845631 -0.462978214 -0.462531179 9.63521597e-05 0.886602998
0.00970400032 0.00683300011 0.00286999997 0 -1 0 0.733035982 0.915009022 -0.886479378 0 -0.462767988 -0.462178946 0 0.886786759
0.0215830002 0.00683500012 -0.00381099992 0.000199999995 -1 0.000199999995 0.714478016 0.943409979 -0.886564195 -0.000269833952 -0.462605685 -0.462588876 8.47967967e-05 0.886572897
0.0301009994 0.0068359999 -0.0094879996 0.000199999995 -1 0.000199999995 0.702215016 0.965727985 -0.886535168 -0.000269839278 -0.462661117 -0.463031918 8.46619441e-05 0.886341691
-0.0187810007 0.00683900015 0.0253180005 -0.000300000014 -1 -9.99999975e-05 0.770057976 0.832578003 -0.88642025 0.000312214193 -0.462881148 -0.462807804 5.01964678e-05 0.886458635
-0.00870000012 0.00683700014 0.0244789999 -0.000300000014 -1 9.99999975e-05 0.748793006 0.846064985 -0.886170983 0.000219515496 -0.463358283 -0.46263513 0.000227445416 0.886548698
0.00305099995 0.00683399988 0.0208410006 -9.99999975e-05 -1 9.99999975e-05 0.727059007 0.867682993 -0.886134803 4.22707344e-05 -0.463427454 -0.462014228 0.000134888658 0.88687247
0.0147749996 0.00683500012 0.0149959996 0.000199999995 -1 0 0.707866013 0.894098997 -0.886410892 -0.000177282171 -0.462899268 -0.461580515 -9.23160987e-05 0.887098312
0.0247729998 0.00683900015 0.00781199988 0.000300000014 -1 9.99999975e-05 0.694023013 0.921450019 -0.886523783 -0.000312225457 -0.462682962 -0.462012738 -4.9916518e-05 0.886873186
0.0315340012 0.00683900015 0.000279 0.000199999995 -1 0.000199999995 0.687767029 0.945842028 -0.886417508 -0.000269860815 -0.462886572 -0.462368429 8.48638665e-05 0.886687875
-0.0100220004 0.00683799991 0.0298950002 -0.000199999995 -1 9.99999975e-05 0.745477974 0.832578003 -0.885871053 0.000130781031 -0.46393168 -0.462536842 0.000181167357 0.886600018
-0.000284999987 0.00683500012 0.0315539986 -0.000199999995 -1 9.99999975e-05 0.722100973 0.840174019 -0.88588804 0.000130787696 -0.463899165 -0.462396294 0.000181146592 0.886673391
0.00947299972 0.00683399988 0.030119 0 -1 0 0.702215016 0.854622006 -0.886069775 0 -0.46355173 -0.461767614 0 0.887000978
0.0182959996 0.0068359999 0.0257150009 0.000199999995 -1 -9.99999975e-05 0.687767029 0.87450701 -0.88640976 -0.000130991786 -0.462901443 -0.461081564 -0.000180952091 0.887357712
0.0253279991 0.00683900015 0.0187860001 0.000300000014 -1 -0 0.680171013 0.897885025 -0.886434436 -0.000265930314 -0.462854207 -0.461242646 -0.000138372794 0.887274027
0.0298880003 0.00683999993 0.0100210002 0.000199999995 -1 9.99999975e-05 0.680171013 0.922465026 -0.886304975 -0.000223571144 -0.463102132 -0.461528122 -3.59305909e-06 0.887125671
-0.0110069998 0.005045 -0.0350000001 -0.254999995 -0.533599973 -0.806400001 0.936667025 0.63803798 -0.100671373 -0.814761817 0.570989013 0.964040101 -0.204861581 -0.16928795
-0.0110290004 0.00584000023 -0.0350739993 -0.303799987 -0.0908000022 -0.948400021 0.934741974 0.638517976 -0.20474799 -0.965967119 0.158068612 0.929631233 -0.246146634 -0.274221718
0.000345999986 0.00583699998 -0.036768999 0.00620000018 -0.0957000032 -0.995400012 0.928242981 0.610647976 -0.212214068 -0.972862899 0.0922112912 0.976293564 -0.214793593 0.0267322324
0.000345000008 0.00504299998 -0.0366900004 0.00779999979 -0.535000026 -0.844799995 0.93018198 0.610226989 -0.237274304 -0.821706533 0.518169343 0.984606385 -0.143416658 0.0999099389
0.0294419993 0.00504900003 0.0218310002 0.681800008 -0.530600011 0.503600001 0.908891976 0.411855996 -0.425432086 -0.84762013 -0.317092806 -0.60405612 -0.0200387333 0.796689749
0.0294989999 0.0058439998 0.0218749996 0.801800013 -0.0834999979 0.591700017 0.906908989 0.411855996 -0.0669833794 -0.996507525 -0.049858287 -0.593770862 0.000211845705 0.804634213
0.0213099997 0.00584100001 0.029941 0.579400003 -0.0855000019 0.810500026 0.90734601 0.383246988 -0.0731002837 -0.995925784 -0.0528036952 -0.811624289 0.0302387457 0.583396494
0.0212689992 0.00504599977 0.029879 0.492399991 -0.532199979 0.68870002 0.909328997 0.38330701 -0.33454445 -0.8462134 -0.414732426 -0.796758711 0.0428559594 0.602776051
0.0116910003 0.00583699998 -0.0348620005 0.315800011 -0.0978000015 -0.943799973 0.922598004 0.582593024 -0.200322792 -0.979124784 0.0344311707 0.926266015 -0.18384707 0.328985661
0.0116659999 0.00504299998 -0.0347869992 0.268599987 -0.5352 -0.800899982 0.924548984 0.582230985 -0.356232911 -0.827679992 0.433640361 0.914357245 -0.11987076 0.386758119
0.0110309999 0.00583800022 0.0350719988 0.298299998 -0.0863000005 0.950500011 0.908657014 0.354663998 -0.0826439708 -0.994498909 -0.0643582419 -0.950835824 0.0598432384 0.303858846
0.0110090002 0.00504400022 0.0349990018 0.253800005 -0.532899976 0.807200015 0.910637021 0.354786009 -0.224715665 -0.844199657 -0.486651689 -0.938450873 0.0664764643 0.338955343
0.021892 0.00583699998 -0.0295429993 0.593999982 -0.0970999971 -0.798600018 0.917813003 0.554378986 -0.174809188 -0.98454833 -0.0103144888 0.783905983 -0.153155372 0.601693392
0.0218449999 0.00504299998 -0.0294799991 0.503000021 -0.535099983 -0.67869997 0.919773996 0.554077983 -0.447693706 -0.833044052 0.324973643 0.761765897 -0.0964841023 0.640627563
-0.0349689983 0.00506199989 0.011004 -0.810199976 -0.528500021 0.253500015 0.930182993 0.213515997 0.539059639 -0.841665149 -0.0318505391 -0.245773792 -0.0863235071 -0.965475738
-0.0350360014 0.00585999992 0.0110250004 -0.951799989 -0.0763000026 0.296799988 0.928245008 0.213094994 0.00912919454 -0.975133359 -0.221431091 -0.306407273 0.220389992 -0.926036179
-0.0367049985 0.00587800005 -0.000322000007 -0.997099996 -0.0749000013 -0.0113000004 0.934742987 0.185233995 0.0754399821 -0.968473315 -0.237419575 -0.00761120953 0.247471511 -0.968865216
-0.0366359986 0.00507800002 -0.000323999993 -0.849799991 -0.526899993 -0.00980000012 0.936667979 0.185714006 0.510067046 -0.81781733 -0.266470551 -0.139707327 0.243171334 -0.959869564
0.0110309999 0.00583800022 0.0350719988 0.298299998 -0.0863000005 0.950500011 0.908657014 0.354663998 -0.0826664045 -0.994497359 -0.0643534958 -0.950527251 0.0635915101 0.304062575
-0.000337000005 0.00584000023 0.036745999 -0.0122999996 -0.0846000016 0.996299982 0.910840988 0.326135993 -0.0931543931 -0.991983831 -0.085383445 -0.995702684 0.0925020576 -0.00443532038
-0.000338000013 0.00504599977 0.0366719998 -0.00960000046 -0.531799972 0.846800029 0.912815988 0.326317996 -0.0986576676 -0.842221856 -0.53002739 -0.994941831 0.0897629261 0.0450928099
0.0299469996 0.00583800022 -0.0213339999 0.813000023 -0.0939000025 -0.574599981 0.913891971 0.526032984 -0.141664669 -0.989154279 -0.0387949161 0.563330293 -0.122595094 0.817085981
0.0298839994 0.00504400022 -0.0212869998 0.688899994 -0.534300029 -0.489899993 0.915861011 0.525792003 -0.507112324 -0.838108659 0.20102489 0.539716303 -0.0730805919 0.838668942
-0.0366359986 0.00507800002 -0.000323999993 -0.849799991 -0.526899993 -0.00980000012 0.936667979 0.185714006 0.5111292 -0.819654644 -0.258676291 -0.0710095838 0.132971078 -0.988572896
-0.0347860008 0.00588600012 -0.0116600003 -0.94569999 -0.075000003 -0.316300005 0.942089021 0.157585993 0.152352586 -0.961796045 -0.227458075 0.285144329 0.27580747 -0.917944968
-0.0347220004 0.00508600008 -0.0116389999 -0.806299984 -0.52609998 -0.270399988 0.943997979 0.158124 0.535867691 -0.843221486 0.0427003317 0.262015581 0.0921809524 -0.9606511
-0.0116729997 0.00584300002 0.0348160006 -0.320100009 -0.0816999972 0.943799973 0.913895011 0.297688991 -0.0888619944 -0.989292502 -0.115775213 -0.943205118 0.12095014 -0.30941093
-0.011651 0.00504900003 0.0347490013 -0.270799994 -0.530099988 0.803499997 0.915862978 0.297930986 0.0391370095 -0.840096712 -0.541022778 -0.961717427 0.112579651 -0.249850795
0.0350539982 0.00584100001 -0.0110419998 0.951399982 -0.0891000032 -0.294800013 0.910838008 0.497581005 -0.109174013 -0.992644846 -0.0523185655 0.286827236 -0.0921954587 0.953535616
0.0349830016 0.00504599977 -0.0110160001 0.807799995 -0.532500029 -0.252499998 0.912814021 0.497399986 -0.534248948 -0.842623055 0.0675625131 0.292151242 -0.0103231017 0.956316531
-0.0294799991 0.00587800005 -0.0218659993 -0.803499997 -0.0781000033 -0.59009999 0.950280011 0.130175993 0.0958708748 -0.995393038 0.0011941361 0.586904168 0.0616242699 -0.807307899
-0.0294269994 0.00507800002 -0.0218230002 -0.684000015 -0.5273 -0.504000008 0.952171028 0.130772993 0.503056765 -0.841372848 0.197548807 0.552390516 0.0768008679 -0.830039918
-0.0116729997 0.00584300002 0.0348160006 -0.320100009 -0.0816999972 0.943799973 0.913895011 0.297688991 -0.089055635 -0.98926717 -0.115842827 -0.942754328 0.125732824 -0.308877915
-0.0218700003 0.00584500004 0.0294879992 -0.595399976 -0.0795999989 0.799499989 0.917815983 0.269349009 -0.0738012567 -0.985454917 -0.153075173 -0.799746156 0.153985336 -0.58025378
-0.0218260009 0.0050499998 0.0294330008 -0.504999995 -0.529500008 0.681599975 0.919776022 0.269650012 0.177781895 -0.836596429 -0.51816988 -0.843523264 0.135476753 -0.519725502
0.0349830016 0.00504599977 -0.0110160001 0.807799995 -0.532500029 -0.252499998 0.912814021 0.497399986 -0.534395218 -0.842577219 0.0669747144 0.217892885 -0.128205508 0.967515409
0.0367240012 0.0058439998 0.000329000002 0.996299982 -0.0847999975 0.0122999996 0.908656001 0.46904999 -0.0839968249 -0.994917393 -0.0555338748 -0.0175742153 -0.061745517 0.997937202
0.0366519988 0.00504900003 0.000330999988 0.847500026 -0.530700028 0.0092000002 0.910636008 0.468928993 -0.528910875 -0.845856905 -0.0691334009 -0.0274926201 -0.0265837107 0.999268413
-0.0294269994 0.00507800002 -0.0218230002 -0.684000015 -0.5273 -0.504000008 0.952171028 0.693004012 0.503056765 -0.841372848 0.197548807 0.552390516 0.0768008679 -0.830039918
-0.0294799991 0.00587800005 -0.0218659993 -0.803499997 -0.0781000033 -0.59009999 0.950278997 0.693601012 0.0958708748 -0.995393038 0.0011941361 0.586904168 0.0616242699 -0.807307899
-0.0213009994 0.0058579999 -0.0299369991 -0.582899988 -0.0839999989 -0.808099985 0.942089975 0.666176975 -0.173855558 -0.958706439 0.225069627 0.79234612 -0.278940976 -0.542567551
-0.0212619994 0.00505999988 -0.0298749991 -0.494100004 -0.530399978 -0.688799977 0.944000006 0.66563803 0.052157063 -0.809004843 0.585483432 0.861625373 -0.193177089 -0.469344646
-0.0299280006 0.00584599981 0.0212900005 -0.81309998 -0.0780000016 0.576799989 0.922600985 0.241142005 -0.0412566215 -0.980764329 -0.190785512 -0.580323219 0.185517877 -0.792974174
-0.0298679993 0.0050499998 0.0212500002 -0.690900028 -0.529399991 0.492300004 0.92455101 0.241503 0.567731202 -0.81892854 -0.0838881731 -0.478004515 -0.176334739 -0.860475242
0.0348079987 0.00584500004 0.0116710002 0.944800019 -0.0828000009 0.317000002 0.907344997 0.440465987 -0.0696270242 -0.996181071 -0.05268199 -0.320396304 -0.0312188771 0.946768999
0.0347409993 0.00505100004 0.0116490005 0.80400002 -0.529900014 0.269600004 0.909327984 0.440405995 -0.491684586 -0.847613871 -0.199492142 -0.296396643 0.0358276442 0.954392731
-0.0213009994 0.0058579999 -0.0299369991 -0.582899988 -0.0839999989 -0.808099985 0.942089975 0.666176975 -0.173292458 -0.958902478 0.224668622 0.793022752 -0.275446087 -0.543363988
-0.0350360014 0.00585999992 0.0110250004 -0.951799989 -0.0763000026 0.296799988 0.928245008 0.213094994 0.00924658775 -0.975220859 -0.221040398 -0.306412131 0.213637695 -0.927615583
0.0347409993 0.00505100004 0.0116490005 0.80400002 -0.529900014 0.269600004 0.909327984 0.440405995 -0.491556853 -0.847603798 -0.199849471 -0.365184605 -0.0822740942 0.927292347
-0.0337870009 0.00454800017 -0.0113260001 -0.453399986 -0.878199995 -0.151999995 0.0117079997 0.820490003 0.831393003 -0.47821781 0.283007622 0.313096464 0.00273340521 -0.949717462
-0.0344239995 0.00491400016 -0.0115390001 -0.453500003 -0.878099978 -0.152099997 0.0097939996 0.820465028 0.836916804 -0.478315175 0.2660546 0.343503326 -0.014737145 -0.939035892
-0.0286350008 0.00454099989 -0.0212340001 -0.384499997 -0.878700018 -0.282599986 0.0146570001 0.79292798 0.828583598 -0.463548124 0.3139624 0.40481329 0.114609636 -0.907188535
-0.0113359997 0.00451599993 0.0338109992 -0.151500002 -0.880400002 0.449400008 0.0685200021 0.946772993 0.906381249 -0.305119276 -0.292190641 -0.37927708 -0.368067771 -0.848925829
-0.0115499999 0.00487900013 0.0344489999 -0.151600003 -0.880299985 0.449400008 0.0672319978 0.948253989 0.910161972 -0.301679999 -0.283891499 -0.389573604 -0.364654779 -0.845730126
-0.0212360006 0.00451700017 0.0286400001 -0.282599986 -0.880200028 0.381399989 0.0485639982 0.926084995 0.913249016 -0.36849618 -0.173743203 -0.284843028 -0.302659124 -0.909539402
0.0340370014 0.00451399991 -0.0107169999 0.451499999 -0.880999982 -0.141100004 0.259290993 0.967449009 0.158162102 0.234666929 -0.959122658 -0.87770021 -0.410106152 -0.247901842
0.0356630012 0.00451599993 0.000322999986 0.474000007 -0.880500019 0.00520000001 0.232299998 0.979162991 0.287558317 0.149214476 -0.946068347 -0.828229785 -0.447850585 -0.336846113
-0.0286350008 0.00454099989 -0.0212340001 -0.384499997 -0.878700018 -0.282599986 0.347483009 0.792824984 -0.542030513 0.46277985 -0.701453984 -0.719501376 0.0934999213 0.688168347
-0.0206889994 0.00452500023 -0.0290670004 -0.2773 -0.879999995 -0.385500014 0.349157989 0.822176993 -0.519556284 0.474885225 -0.710313499 -0.790164113 -0.0193629153 0.612589478
-0.0296110008 0.00487999991 0.0210679993 -0.386900008 -0.879999995 0.275299996 0.0308219995 0.903294981 0.905478477 -0.419065922 -0.0670270398 -0.187065095 -0.217458382 -0.957976282
-0.0290610008 0.00451599993 0.0206780005 -0.386799991 -0.880100012 0.275200009 0.0325240009 0.902347028 0.909879446 -0.412809432 -0.0413247868 -0.153904974 -0.232641041 -0.960307956
0.0338039994 0.00451700017 0.0113340002 0.449900001 -0.880200028 0.150900006 0.203789994 0.986025989 0.433234215 0.0673597977 -0.898760736 -0.769161344 -0.467787176 -0.435391754
-0.0107100001 0.0045119999 -0.0340510011 -0.142800003 -0.881200016 -0.450700015 0.345468998 0.851859987 -0.434783787 0.464918047 -0.771242023 -0.871820152 -0.10358227 0.478748828
-0.0296110008 0.00487999991 0.0210679993 -0.386900008 -0.879999995 0.275299996 0.0308219995 0.903294981 0.909920394 -0.412784219 -0.0406734981 -0.119462281 -0.248206601 -0.96131283
-0.0340260006 0.00452699978 0.0107070003 -0.454299986 -0.879499972 0.141399994 0.0208480004 0.87628597 0.890830874 -0.447944999 0.0759308264 -0.00773176923 -0.15483734 -0.987909734
0.0291889999 0.00487900013 0.0216419995 0.381399989 -0.880400002 0.281599998 0.174575999 0.989853024 0.539832234 -0.0351372436 -0.841039062 -0.719816864 -0.474033654 -0.50710541
0.0286480002 0.00451599993 0.0212399997 0.381300002 -0.880500019 0.281599998 0.174621001 0.987864971 0.570017099 -0.0158780497 -0.82147938 -0.707337558 -0.474019796 -0.524384201
0.000335999997 0.00451100012 -0.0356950015 0.00439999998 -0.881600022 -0.471899986 0.336746007 0.880465984 -0.341582239 0.44221127 -0.829319537 -0.926612079 -0.181034967 0.329570323
0.0291889999 0.00487900013 0.0216419995 0.381399989 -0.880400002 0.281599998 0.174575999 0.989853024 0.613673091 0.0133309765 -0.789447665 -0.719923019 -0.474031568 -0.506956577
0.0206950009 0.00451399991 0.0290699992 0.275200009 -0.880999982 0.384799987 0.145666003 0.984658003 0.689628005 -0.097968623 -0.717506289 -0.641589403 -0.466396213 -0.608964384
0.0115649998 0.00487399986 -0.0344859995 0.150000006 -0.881600022 -0.447299987 0.325002015 0.908140004 -0.266310334 0.399715394 -0.877101243 -0.940864861 -0.266314954 0.209403202
0.0113500003 0.00451100012 -0.0338440016 0.150000006 -0.881600022 -0.447299987 0.32327801 0.907072008 -0.266310334 0.399715394 -0.877101243 -0.940864861 -0.266314954 0.209403202
0.0107110003 0.0045119999 0.0340510011 0.1417 -0.881299973 0.450800002 0.117792003 0.976534009 0.786330581 -0.176427975 -0.592078865 -0.57142812 -0.444685072 -0.68972826
0.0113500003 0.00451100012 -0.0338440016 0.150000006 -0.881600022 -0.447299987 0.32327801 0.907072008 -0.173790798 0.421898663 -0.88983047 -0.96884656 -0.221286714 0.111213543
0.0115649998 0.00487399986 -0.0344859995 0.150000006 -0.881600022 -0.447299987 0.325002015 0.908140004 -0.244030893 0.405439436 -0.880947173 -0.961797059 -0.234952435 0.140512362
0.0216559991 0.00487399986 -0.0292249992 0.280999988 -0.881600022 -0.379099995 0.307000995 0.932227015 -0.154652014 0.348279536 -0.924545407 -0.943088889 -0.326875627 0.0611214563
0.0212529991 0.00451100012 -0.0286810007 0.280999988 -0.881600022 -0.379099995 0.305491 0.93088299 -0.154652014 0.348279536 -0.924545407 -0.943088889 -0.326875627 0.0611214563
-0.0356490016 0.00454099989 -0.000316999998 -0.477299988 -0.878700018 -0.00600000005 0.013847 0.84870702 0.863038838 -0.470055997 0.184962988 0.146945089 -0.0730838627 -0.986441076
-0.00033000001 0.00451300014 0.0356799997 -0.00540000014 -0.880900025 0.473199993 0.0918219984 0.963769019 0.856223464 -0.248532459 -0.452893943 -0.491130739 -0.409880012 -0.768628001
0.0212529991 0.00451100012 -0.0286810007 0.280999988 -0.881600022 -0.379099995 0.305491 0.93088299 -0.065227136 0.376574427 -0.924087167 -0.957053125 -0.286780626 -0.0425014608
0.0216559991 0.00487399986 -0.0292249992 0.280999988 -0.881600022 -0.379099995 0.307000995 0.932227015 -0.117016457 0.360608816 -0.925347805 -0.952282965 -0.305192381 0.00385159557
0.0290740002 0.00451100012 -0.0207100008 0.384799987 -0.881500006 -0.273600012 0.283939987 0.951202989 0.00115573301 0.296890259 -0.954910994 -0.922947049 -0.370595813 -0.104055546
-0.0344239995 0.00491400016 -0.0115390001 -0.453500003 -0.878099978 -0.152099997 0.0097939996 0.820465028 0.83682549 -0.47831732 0.266337484 0.266728908 0.0290975496 -0.963332295
-0.0115499999 0.00487900013 0.0344489999 -0.151600003 -0.880299985 0.449400008 0.0672319978 0.948253989 0.88394922 -0.324220657 -0.336919814 -0.424026251 -0.35280171 -0.834105909
-0.0354669988 0.00444199983 -0.000315999991 -0.803200006 -0.595499992 -0.00910000037 0.0143569997 0.848622024 0.569064915 -0.771763861 0.283805907 0.107962109 -0.130512774 -0.985551
0.0211430006 0.00441299984 -0.0285330005 0.474999994 -0.602800012 -0.640999973 0.305085987 0.930523992 -0.242237017 0.610705912 -0.753896236 -0.860075951 -0.472121358 -0.193315372
0.0212529991 0.00451100012 -0.0286810007 0.280999988 -0.881600022 -0.379099995 0.305491 0.93088299 -0.10604845 0.364087313 -0.925307691 -0.950924218 -0.309108466 0.0139666079
-0.0354669988 0.00444199983 -0.000315999991 -0.803200006 -0.595499992 -0.00910000037 0.0143569997 0.848622024 0.585087597 -0.791708708 0.175698116 0.0932784453 -0.110696934 -0.989467204
0.0113500003 0.00451100012 -0.0338440016 0.150000006 -0.881600022 -0.447299987 0.32327801 0.907072008 -0.231693953 0.408507943 -0.882858515 -0.959745288 -0.238542989 0.148278028
0.0212529991 0.00451100012 -0.0286810007 0.280999988 -0.881600022 -0.379099995 0.305491 0.93088299 -0.143437952 0.352021396 -0.924935997 -0.942013562 -0.328896195 0.0666178688
0.0211430006 0.00441299984 -0.0285330005 0.474999994 -0.602800012 -0.640999973 0.305085987 0.930523992 -0.295363069 0.576955795 -0.761500299 -0.844656289 -0.516693234 -0.139942527
0.0205889996 0.00441499986 0.0289200004 0.464700013 -0.600499988 0.650600016 0.145769 0.984138012 0.745672882 -0.130813152 -0.653345168 -0.423914909 -0.796008945 -0.432048649
0.0113500003 0.00451100012 -0.0338440016 0.150000006 -0.881600022 -0.447299987 0.32327801 0.907072008 -0.253989249 0.402919948 -0.879286647 -0.939619064 -0.26789996 0.212945223
0.0205889996 0.00441499986 0.0289200004 0.464700013 -0.600499988 0.650600016 0.145769 0.984138012 0.728933692 -0.15763098 -0.666189313 -0.505876303 -0.783145308 -0.361625135
-0.0289120004 0.00441800011 0.0205729995 -0.652899981 -0.597899973 0.464899987 0.0329790004 0.90209198 0.735300899 -0.647681952 0.19960168 -0.268367589 -0.391334087 -0.880247951
-0.0289120004 0.00441800011 0.0205729995 -0.652899981 -0.597899973 0.464899987 0.0329790004 0.90209198 0.715944469 -0.687577486 0.121081889 -0.296951592 -0.362581909 -0.883376658
-0.0286350008 0.00454099989 -0.0212340001 -0.384499997 -0.878700018 -0.282599986 0.347483009 0.792824984 -0.581908524 0.46843785 -0.664792001 -0.720977843 0.0946963429 0.686457276
-0.0286350008 0.00454099989 -0.0212340001 -0.384499997 -0.878700018 -0.282599986 0.0146570001 0.79292798 0.829333901 -0.463337302 0.312288016 0.405015975 0.114496373 -0.9071123
-0.0283690002 0.000207000005 0.0202019997 -0.80430001 -0.155300006 0.573400021 0.0423340015 0.896892011 0.338998139 -0.912654936 0.228344694 -0.473426342 -0.41553238 -0.776659727
-0.0332259983 0.000207000005 0.0104520004 -0.942399979 -0.155300006 0.296000004 0.031417001 0.872614026 0.240734801 -0.929740012 0.278622121 -0.222066328 -0.371109992 -0.901645243
0.0330130011 0.000207999998 0.0110710002 0.936699986 -0.154400006 0.314099997 0.202079996 0.974667013 0.334827811 0.133804351 -0.932730913 -0.11281921 -0.982736528 -0.146631613
0.0335920006 0.00415300019 0.0112640001 0.936999977 -0.1523 0.314200014 0.203605995 0.984808981 0.329586864 0.0884070694 -0.93997705 -0.0973094106 -0.978114069 -0.183912694
0.0279789995 0.000207999998 0.0207349993 0.794099987 -0.155399993 0.587599993 0.174894005 0.976418972 0.593559384 -0.0097497981 -0.80473125 -0.152787879 -0.986756086 -0.0544808805
-0.0104520004 0.000205999997 -0.0332270004 -0.296499997 -0.159199998 -0.941699982 0.333967 0.849413991 -0.29047665 0.954327404 -0.069875516 -0.920181334 -0.216324612 0.326297373
0.000326999987 0.000205999997 -0.0348300003 0.0092000002 -0.159799993 -0.987100005 0.325868011 0.87609601 -0.394158244 0.906644702 -0.150448754 -0.933214664 -0.355972141 0.0489303991
0.0202070009 0.000207000005 0.0283710007 0.573400021 -0.157800004 0.803900003 0.147900999 0.973468006 0.784022868 -0.179003552 -0.594361663 -0.267734975 -0.963490844 0.00184152648
0.0110750003 0.000205999997 -0.0330250002 0.313899994 -0.159899995 -0.935899973 0.313349992 0.90091598 -0.473116577 0.82827729 -0.300195456 -0.836775362 -0.512360275 -0.193116426
0.0104520004 0.000205999997 0.0332270004 0.296200007 -0.158899993 0.941799998 0.121909 0.965932012 0.877226293 -0.344783008 -0.334063917 -0.41072461 -0.911427438 -0.0246007219
0.0207380001 0.000205999997 -0.0279859994 0.587700009 -0.159799993 -0.793099999 0.296802014 0.923134029 -0.473205656 0.727245271 -0.497182846 -0.66450429 -0.654568791 -0.360518485
-0.0332259983 0.000207000005 0.0104520004 -0.942399979 -0.155300006 0.296000004 0.031417001 0.872614026 0.207165956 -0.966332316 0.152591735 -0.249492884 -0.262486786 -0.932123423
-0.0354259983 0.00417400012 -0.000316999998 -0.988600016 -0.149800003 -0.0104999999 0.0150239998 0.848513007 0.146125227 -0.97574991 0.162971467 0.0431226678 -0.216341957 -0.975364923
-0.0348200016 0.000213000007 -0.000322999986 -0.988200009 -0.152999997 -0.0102000004 0.0248530004 0.846911013 0.150107399 -0.978806674 0.13930285 0.0364528857 -0.16977872 -0.984807849
-0.000326999987 0.000205999997 0.0348300003 -0.00989999995 -0.157499999 0.987500012 0.0976850018 0.954066992 0.861290336 -0.503043771 -0.0715956762 -0.534426093 -0.833815813 -0.138346925
0.0283710007 0.000205999997 -0.0202079993 0.804199994 -0.159400001 -0.572600007 0.276740998 0.942103028 -0.378478229 0.605471611 -0.700113058 -0.459755152 -0.777380943 -0.429306597
-0.0354259983 0.00417400012 -0.000316999998 -0.988600016 -0.149800003 -0.0104999999 0.0150239998 0.848513007 0.146440074 -0.977214217 0.153647974 0.0258197412 -0.100557379 -0.994596243
-0.0330090001 0.000216 -0.0110680005 -0.93720001 -0.151500002 -0.314200014 0.0227959994 0.820594013 0.151460797 -0.988155007 0.0246862452 0.31824249 -0.00259325258 -0.948005736
-0.0110719996 0.000207000005 0.0330180004 -0.314700007 -0.155200005 0.936399996 0.0759430006 0.938256979 0.749190509 -0.646365881 0.14465332 -0.597532451 -0.734135211 -0.322491139
0.0332259983 0.000207000005 -0.0104520004 0.942099988 -0.157800004 -0.295700014 0.253787011 0.957278013 -0.180630371 0.504182875 -0.844495416 -0.278660297 -0.859080434 -0.429335862
-0.0279760007 0.000213000007 -0.0207339991 -0.79460001 -0.153099999 -0.587499976 0.0253490005 0.794403017 0.195859343 -0.980587244 -0.00936552882 0.575006485 0.120788589 -0.809183359
-0.0207339991 0.000207999998 0.0279760007 -0.588199973 -0.154400006 0.793799996 0.0573149994 0.91900003 0.575542688 -0.769502401 0.276796967 -0.570759475 -0.616143286 -0.542771459
0.0332259983 0.000207000005 -0.0104520004 0.942099988 -0.157800004 -0.295700014 0.253787011 0.957278013 -0.211452737 0.40465793 -0.889685214 -0.250847906 -0.917112231 -0.309807509
0.0348230004 0.000207999998 0.000325000001 0.987800002 -0.155499995 0.00989999995 0.228644997 0.968231976 0.0595806688 0.318239748 -0.946136177 -0.145432904 -0.942924321 -0.299571425
-0.0279760007 0.000213000007 -0.0207339991 -0.79460001 -0.153099999 -0.587499976 0.336035997 0.793797016 -0.103359491 0.987668931 -0.117587455 -0.601964951 0.0727502704 0.795201719
-0.0202070009 0.000207000005 -0.0283700004 -0.573700011 -0.156599998 -0.803900003 0.337421 0.821717978 -0.141491443 0.985743523 -0.0910487622 -0.811552048 -0.0237769857 0.583796084
-0.0283690002 0.000207000005 0.0202019997 -0.80430001 -0.155300006 0.573400021 0.0423340015 0.896892011 0.403384864 -0.851425469 0.335194796 -0.429392815 -0.515152454 -0.741781533
0.0335920006 0.00415300019 0.0112640001 0.936999977 -0.1523 0.314200014 0.203605995 0.984808981 0.340892017 0.204268023 -0.917642176 -0.0943212882 -0.976810753 -0.192208841
-0.0201880001 9.99999997e-07 -0.0283429995 -0.397000015 -0.729900002 -0.556400001 0.336872011 0.821696997 -0.5256024 0.677802563 -0.514126301 -0.805896044 -0.0128837237 0.591916859
-0.0104419999 0 -0.0331950001 -0.204899997 -0.730499983 -0.65140003 0.333431989 0.849300027 -0.521712601 0.644637883 -0.558800519 -0.902660668 -0.116287231 0.414344043
0.0347910002 9.99999997e-07 0.000325000001 0.683899999 -0.729499996 0.00689999992 0.228475004 0.967721999 0.191209152 0.170113489 -0.966695666 -0.686680019 -0.646902502 -0.331644088
0.0329830013 1.99999999e-06 0.0110600004 0.648800015 -0.729200006 0.217600003 0.202000007 0.974137008 0.387768775 0.0707637593 -0.919036388 -0.64283067 -0.678210974 -0.356087923
-0.0207139999 9.99999997e-07 0.02795 -0.407299995 -0.729200006 0.549799979 0.057723999 0.918669999 0.871825874 -0.489801645 -0.0037441717 -0.471415937 -0.347754091 -0.810453057
-0.0283690002 0.000207000005 0.0202019997 -0.80430001 -0.155300006 0.573400021 0.0423340015 0.896892011 0.402833313 -0.852058232 0.334248692 -0.429797947 -0.51431942 -0.742124915
-0.0283419993 9.99999997e-07 0.0201830007 -0.556800008 -0.729499996 0.397100002 0.0427910015 0.896637976 0.818864524 -0.562262475 0.115420833 -0.327690184 -0.246444389 -0.91207689
-0.02795 6.00000021e-06 -0.0207139999 -0.550599992 -0.728799999 -0.407000005 0.335478008 0.793838024 -0.523066282 0.681218684 -0.512193978 -0.677008748 0.104634903 0.728498936
0.0331940018 0 -0.0104419999 0.651799977 -0.730199993 -0.204699993 0.253531009 0.956803977 -0.0162065867 0.256455451 -0.966420233 -0.750548124 -0.58249265 -0.312057287
0.0332259983 0.000207000005 -0.0104520004 0.942099988 -0.157800004 -0.295700014 0.253787011 0.957278013 -0.205834284 0.423856586 -0.882030547 -0.27320531 -0.872652173 -0.404768109
-0.0110619999 9.99999997e-07 0.0329869986 -0.217800006 -0.729499996 0.648400009 0.0762899965 0.937860012 0.910053253 -0.391835392 -0.135159373 -0.589488268 -0.431150377 -0.683090746
-0.0329790004 9.00000032e-06 -0.0110579999 -0.649699986 -0.728200018 -0.217899993 0.0233030003 0.820599973 0.715728641 -0.682718515 0.147064999 0.343540043 -0.0255602971 -0.938790202
-0.02795 6.00000021e-06 -0.0207139999 -0.550599992 -0.728799999 -0.407000005 0.0258510001 0.794465005 0.712546349 -0.664349258 0.2256497 0.473828763 0.128538325 -0.871185601
0.0283439998 0 -0.0201880001 0.556100011 -0.730599999 -0.396100014 0.27640599 0.941677988 -0.20386298 0.342135966 -0.917269289 -0.8309986 -0.496113628 -0.251619786
0.0332259983 0.000207000005 -0.0104520004 0.942099988 -0.157800004 -0.295700014 0.253787011 0.957278013 -0.179890171 0.506404519 -0.84332329 -0.278527439 -0.85942781 -0.428726465
-0.000326999987 0 0.0347970016 -0.00669999979 -0.730099976 0.683200002 0.0979589969 0.95361501 0.90774101 -0.291116267 -0.302088797 -0.657782853 -0.511462331 -0.552926719
-0.0347880013 6.00000021e-06 -0.000322999986 -0.684700012 -0.728799999 -0.00730000017 0.0253660008 0.846826017 0.722773552 -0.680256724 0.121856995 0.106689677 -0.0903160349 -0.990182042
-0.0329790004 9.00000032e-06 -0.0110579999 -0.649699986 -0.728200018 -0.217899993 0.0233030003 0.820599973 0.695135295 -0.685310423 0.21710965 0.281104624 0.0361311324 -0.958996832
0.0207180008 0 -0.0279590003 0.406399995 -0.730700016 -0.548500001 0.296397001 0.922773004 -0.356956631 0.425644755 -0.831509829 -0.906250179 -0.39882654 -0.140171245
0.0104419999 0 0.0331950001 0.204899997 -0.730499983 0.65140003 0.122101001 0.965436995 0.853485107 -0.192449987 -0.484279007 -0.682045698 -0.583921969 -0.440282375
-0.000326999987 0 0.0347970016 -0.00669999979 -0.730099976 0.683200002 0.0979589969 0.95361501 0.891426742 -0.313985556 -0.32675916 -0.624747872 -0.530525923 -0.572915673
-0.0331940018 9.99999997e-07 0.0104419999 -0.652499974 -0.729499996 0.204799995 0.0319099985 0.872442007 0.751264036 -0.658116698 0.0498485379 -0.0776771531 -0.20447202 -0.975785613
-0.0332259983 0.000207000005 0.0104520004 -0.942399979 -0.155300006 0.296000004 0.031417001 0.872614026 0.238440588 -0.932963669 0.269675761 -0.248080447 -0.268505037 -0.930785239
0.0110640004 0 -0.032993 0.216999993 -0.730700016 -0.647300005 0.312887013 0.900627971 -0.462727308 0.506869674 -0.727301002 -0.954509616 -0.297744155 0.016119061
0.0201880001 0 0.0283429995 0.396600008 -0.730099976 0.556400001 0.148006007 0.972945988 0.745941281 -0.096953027 -0.658917129 -0.673030734 -0.6434865 -0.364629805
0.000326999987 0 -0.0347970016 0.00639999984 -0.730700016 -0.682699978 0.32536 0.875891984 -0.522211075 0.579768598 -0.625431001 -0.958554745 -0.198942244 0.20394814
0.0279530007 9.99999997e-07 0.0207150001 0.549799979 -0.729499996 0.406800002 0.174906999 0.975884974 0.590324223 -0.00519586261 -0.807149529 -0.656245708 -0.678586662 -0.329941869
-0.0283419993 9.99999997e-07 0.0201830007 -0.556800008 -0.729499996 0.397100002 0.0427910015 0.896637976 0.801772416 -0.5969854 0.0277373958 -0.277526855 -0.287238181 -0.9167732
-0.0283690002 0.000207000005 0.0202019997 -0.80430001 -0.155300006 0.573400021 0.0423340015 0.896892011 0.389811546 -0.866374195 0.312158525 -0.466186404 -0.43329367 -0.771315038
-0.0332259983 0.000207000005 0.0104520004 -0.942399979 -0.155300006 0.296000004 0.031417001 0.872614026 0.241545185 -0.928567052 0.281814277 -0.222370625 -0.369992644 -0.902029276
-0.0331940018 9.99999997e-07 0.0104419999 -0.652499974 -0.729499996 0.204799995 0.0319099985 0.872442007 0.757679343 -0.626356184 0.183303237 -0.140561879 -0.149121583 -0.978777468
-0.0331940018 9.99999997e-07 0.0104419999 -0.652499974 -0.729499996 0.204799995 0.0319099985 0.872442007 0.75339222 -0.653695524 0.071291618 -0.168496162 -0.123793818 -0.977897882
-0.0329990014 9.99999997e-07 0.0103810001 -9.99999975e-05 -1 -0.000199999995 0.0323849991 0.872273982 0.999953806 -0.00010191711 0.00960867759 0.0138971182 0.000198590948 -0.999903381
-0.0281750001 9.99999997e-07 0.0200650003 0 -1 0 0.0432309993 0.896390021 0.992650092 0 -0.12101981 -0.10714668 0 -0.994243264
-0.0283419993 9.99999997e-07 0.0201830007 -0.556800008 -0.729499996 0.397100002 0.0427910015 0.896637976 0.827243626 -0.530380785 0.185375825 -0.279286414 -0.285769582 -0.9166978
0.0277890004 9.99999997e-07 0.0205940008 9.99999975e-05 -1 0 0.174915999 0.97536999 0.565343499 5.65343507e-05 -0.824855626 -0.830989599 -8.30989593e-05 -0.556287944
0.0327889994 1.99999999e-06 0.0109949997 9.99999975e-05 -1 0 0.201921001 0.973626018 0.467724144 4.6772413e-05 -0.883874536 -0.900303364 -9.00303348e-05 -0.435262889
0.000325000001 0 -0.034593001 0 -1 0 0.32486999 0.87569797 -0.385556936 0 -0.922684014 -0.926888108 0 0.37533775
-0.0103799999 0 -0.0329999998 0 -1 0 0.332913995 0.849192977 -0.513534367 0 -0.858069122 -0.877655089 0 0.479292721
0.0200689994 0 0.0281770006 0 -1 0 0.148103997 0.972441018 0.676445603 0 -0.736492634 -0.745612383 0 -0.666379988
0.0109989997 0 -0.0327990018 0 -1 0 0.312438995 0.900354028 -0.249975607 0 -0.968252182 -0.970182776 0 0.24237439
0.0103799999 0 0.0329999998 0 -1 0 0.122284003 0.964959979 0.77273947 0 -0.634723306 -0.644046426 0 -0.764986455
0.0205959994 0 -0.027795 0 -1 0 0.296005011 0.922425985 -0.110896669 0 -0.993831933 -0.994459569 0 0.105119929
-0.0345840007 6.00000021e-06 -0.000322000007 -0.000300000014 -1 -0.00039999999 0.0258600004 0.846741021 0.989060044 -0.000355722994 0.147512317 0.157521263 0.000347749796 -0.987515509
-0.0331940018 9.99999997e-07 0.0104419999 -0.652499974 -0.729499996 0.204799995 0.0319099985 0.872442007 0.756519616 -0.611244619 0.23250398 -0.0823828056 -0.2003382 -0.976256967
-0.000326999987 0 0.0347970016 -0.00669999979 -0.730099976 0.683200002 0.0979589969 0.95361501 0.890618622 -0.315000713 -0.327983379 -0.73437047 -0.460092485 -0.49901402
-0.000325000001 0 0.034593001 0 -1 0 0.0982209966 0.953176975 0.854489565 0 -0.519468725 -0.528633654 0 -0.848850071
0.0281770006 0 -0.0200699996 0 -1 0 0.276080012 0.941269994 0.0317515321 0 -0.999495804 -0.999403715 0 -0.0345296599
-0.0329790004 9.00000032e-06 -0.0110579999 -0.649699986 -0.728200018 -0.217899993 0.0233030003 0.820599973 0.73954314 -0.671869338 0.0408350788 0.276785016 0.0403295197 -0.960085213
-0.0327849984 9.00000032e-06 -0.0109930001 -0.00039999999 -1 -9.99999975e-05 0.0238019992 0.82060498 0.959095359 -0.000411946472 0.283082932 0.295688808 -2.2747101e-05 -0.955284297
-0.0109970002 9.99999997e-07 0.0327939987 -9.99999975e-05 -1 0 0.0766220018 0.937475026 0.91864413 -9.18644073e-05 -0.395086139 -0.402917534 4.02917576e-05 -0.915236294
-0.000326999987 0 0.0347970016 -0.00669999979 -0.730099976 0.683200002 0.0979589969 0.95361501 0.936491728 -0.24412249 -0.251768798 -0.615568459 -0.535372078 -0.578318417
0.0329999998 0 -0.0103810001 0 -1 0 0.253280997 0.956346989 0.171147615 0 -0.985245347 -0.985051215 0 -0.172261834
-0.0277859997 6.00000021e-06 -0.0205930006 -0.000500000024 -1 0.000199999995 0.0263480004 0.794595003 0.938639045 -0.000400339457 0.344900936 0.375792623 -0.000373237068 -0.926703691
-0.0329790004 9.00000032e-06 -0.0110579999 -0.649699986 -0.728200018 -0.217899993 0.0233030003 0.820599973 0.694985449 -0.685151458 0.218088984 0.348296702 -0.0303956904 -0.936891437
-0.0205930006 9.99999997e-07 0.0277859997 0 -1 0 0.0581160001 0.918349028 0.964087129 0 -0.265586257 -0.269831657 0 -0.962907493
0.0345860012 9.99999997e-07 0.000322999986 0 -1 9.99999975e-05 0.228308007 0.967230976 0.312083721 -9.50054527e-05 -0.950054586 -0.952208936 -3.05447284e-05 -0.30544728
-0.0200689994 9.99999997e-07 -0.0281770006 -0.000199999995 -1 9.99999975e-05 0.336355001 0.821677983 -0.621531427 4.59673465e-05 -0.78338927 -0.783495724 0.000218838846 0.621397138
-0.0277859997 6.00000021e-06 -0.0205930006 -0.000500000024 -1 0.000199999995 0.334964991 0.793944001 -0.665371656 0.000183383483 -0.746512294 -0.747271061 0.000506539363 0.664519191
-0.0283419993 9.99999997e-07 0.0201830007 -0.556800008 -0.729499996 0.397100002 0.0427910015 0.896637976 0.806044042 -0.59006685 0.0459795035 -0.3754794 -0.205344036 -0.90379703
0.0193329994 0.000419999997 0.0271439999 -0.577199996 -0.109499998 -0.809199989 0.148902997 0.968365014 0.788174212 0.184447035 -0.587163329 -0.195922881 0.98059392 0.00705847237
0.0267689992 0.000421000004 0.019839 -0.798799992 -0.111599997 -0.591099977 0.175000995 0.971203029 0.591143787 0.0364701413 -0.805741251 -0.0879672021 0.993748486 -0.0687437579
0.0106100002 0 -0.0316400006 -0.199599996 -0.778299987 0.595200002 0.309727013 0.898687005 -0.31885916 -0.522928298 -0.790490329 -0.961338818 0.273165971 0.0347575136
0.0105959997 0.000419999997 -0.0315969996 -0.316100001 -0.107100002 0.942700028 0.308816999 0.898124993 -0.436419398 -0.865827739 -0.244704664 -0.825840592 0.520134032 -0.217825547
0.000312999997 0.000419999997 -0.0333250016 -0.00930000003 -0.107100002 0.994199991 0.320906013 0.874119997 -0.338688999 -0.935143352 -0.103906475 -0.921267152 0.387517095 0.0331271961
0.00999999978 0.000419999997 0.0317910016 -0.298200011 -0.108499996 -0.948300004 0.123769 0.961094975 0.879913092 0.35377121 -0.317173183 -0.342018336 0.939693332 3.51770941e-05
0.0198679995 0 -0.0268130004 -0.373800009 -0.778299987 0.504400015 0.293628991 0.920324028 -0.270101696 -0.429013342 -0.861970305 -0.926213443 0.341798604 -0.159067407
0.0198410004 0.000419999997 -0.0267760009 -0.591899991 -0.107100002 0.798799992 0.292831987 0.919615984 -0.458154052 -0.77072376 -0.442808956 -0.656145751 0.639638364 -0.400419325
0.0106100002 0 -0.0316400006 -0.199599996 -0.778299987 0.595200002 0.309727013 0.898687005 -0.403529018 -0.488348037 -0.773744524 -0.973239958 0.22803928 -0.0283247605
-0.0333620012 4.99999987e-06 -0.000310000003 0.625999987 -0.779699981 0.00600000005 0.0288549997 0.846238017 0.720923662 0.58187604 0.376416594 0.0623330027 0.0424299389 -0.997153103
-0.0333140008 0.000426999992 -0.000308999995 0.993499994 -0.113399997 0.0100999996 0.0298609994 0.846071005 0.109622553 0.976794124 0.184000432 0.0310162678 0.184236214 -0.98239243
-0.0317890011 0.000421000004 0.00999999978 0.948000014 -0.1118 -0.297899991 0.036226999 0.870922029 0.201800883 0.935122848 0.291241556 -0.247154102 0.330929607 -0.910714209
-0.000312999997 0.000419999997 0.0333239995 0.00999999978 -0.109800003 -0.993900001 0.100342996 0.949638009 0.858736992 0.510189533 -0.0477227606 -0.47946015 0.871717513 -0.101125993
0.0271450002 0.000419999997 -0.0193339996 -0.809899986 -0.107600003 0.576600015 0.27344799 0.937967002 -0.383853197 -0.646075428 -0.65972966 -0.430895388 0.776113808 -0.460409135
0.0198410004 0.000419999997 -0.0267760009 -0.591899991 -0.107100002 0.798799992 0.292831987 0.919615984 -0.497606486 -0.731111944 -0.466758132 -0.616564333 0.698508978 -0.363226742
0.0198679995 0 -0.0268130004 -0.373800009 -0.778299987 0.504400015 0.293628991 0.920324028 -0.297053784 -0.414786875 -0.860064566 -0.927441418 0.318353087 -0.196223959
-0.0315809995 0.000429999985 -0.0105900001 0.941900015 -0.114600003 0.315800011 0.0278440006 0.820626974 0.102307588 0.993215382 0.0552844182 0.318580538 0.00637959689 -0.947874308
-0.0333620012 4.99999987e-06 -0.000310000003 0.625999987 -0.779699981 0.00600000005 0.0288549997 0.846238017 0.757458091 0.610133708 0.232366115 0.1496609 0.112591557 -0.982305825
-0.0105929999 0.000421000004 0.0315899998 0.316599995 -0.112000003 -0.941900015 0.0793130025 0.934365988 0.74012816 0.650240302 0.171458051 -0.564471841 0.775794327 -0.281983346
0.0317899995 0.000419999997 -0.00999999978 -0.948400021 -0.109300002 0.297600001 0.251264989 0.952651978 -0.205500349 -0.502865911 -0.839580655 -0.236305878 0.869510293 -0.433718264
-0.0267660003 0.000426999992 -0.0198369995 0.798799992 -0.113300003 0.590699971 0.0302469991 0.795480013 0.154653415 0.987772822 -0.0196807943 0.579428136 -0.118604913 -0.806347251
-0.0198369995 0.000421000004 0.0267660003 0.591499984 -0.1127 -0.798300028 0.0612920001 0.915758014 0.568008423 0.761012256 0.313411653 -0.550287306 0.667280257 -0.501917303
0.0333169997 0.000421000004 0.000311000011 -0.993700027 -0.111500002 -0.00999999978 0.226963997 0.963257015 0.0478498004 -0.342289984 -0.938375175 -0.101790287 0.937106073 -0.333872557
-0.0193329994 0.000421000004 -0.0271439999 0.577400029 -0.110299997 0.809000015 0.332060993 0.821511984 -0.0878131315 -0.993474841 -0.0727774352 -0.812115669 0.0246079154 0.582977414
-0.0267660003 0.000426999992 -0.0198369995 0.798799992 -0.113300003 0.590699971 0.330751985 0.794677973 -0.0535856523 -0.991599083 -0.117728285 -0.599402308 -0.067342028 0.797610104
-0.0271419995 0.000419999997 0.019328 0.809199989 -0.111900002 -0.576799989 0.0467949994 0.894392014 0.365422457 0.864575803 0.344927698 -0.450504839 0.512023509 -0.731353164
-0.0198369995 0.000421000004 0.0267660003 0.591499984 -0.1127 -0.798300028 0.0612920001 0.915758014 0.534878433 0.795772552 0.283991784 -0.597254813 0.603903234 -0.527813971
0.0315859988 0.000421000004 0.0105919996 -0.942099988 -0.112599999 -0.315899998 0.201284006 0.969492972 0.331477404 -0.169641107 -0.928086519 -0.0510297194 0.979112446 -0.196811467
-0.00999999978 0.000419999997 -0.0317910016 0.298700005 -0.107900001 0.948199987 0.328727007 0.848318994 -0.200543433 -0.978499651 -0.0481730513 -0.928176582 0.198227003 0.314951211
0.0189389996 0.00634799991 0.0266159996 -0.577499986 -0.112000003 -0.808600008 0.151703998 0.954201996 0.799680352 0.121567801 -0.587990463 -0.22623004 0.973707676 0.0267083626
0.0189389996 0.00634799991 0.0266159996 -0.577499986 -0.112000003 -0.808600008 0.151703998 0.954201996 0.766167581 0.267661572 -0.584246993 -0.218895152 0.975517869 0.0212103222
0.0198410004 0.000419999997 -0.0267760009 -0.591899991 -0.107100002 0.798799992 0.292831987 0.919615984 -0.391689718 -0.828000724 -0.401240706 -0.675374627 0.60683918 -0.41906482
-0.000296999991 0.00634700013 0.0326609984 0.0108000003 -0.112800002 -0.993499994 0.107738003 0.937350988 0.889913201 0.454200596 -0.041911494 -0.509713471 0.854214609 -0.102517068
0.0198410004 0.000419999997 -0.0267760009 -0.591899991 -0.107100002 0.798799992 0.292831987 0.919615984 -0.492647707 -0.736343563 -0.463784993 -0.61281985 0.703573048 -0.359773219
-0.000296999991 0.00634700013 0.0326609984 0.0108000003 -0.112800002 -0.993499994 0.107738003 0.937350988 0.819422364 0.570463181 -0.0558463596 -0.512920558 0.852312207 -0.102354966
-0.0267660003 0.000426999992 -0.0198369995 0.798799992 -0.113300003 0.590699971 0.0302469991 0.795480013 0.112211496 0.992930233 0.0387069546 0.579871953 -0.115878984 -0.806424677
-0.0198369995 0.000421000004 0.0267660003 0.591499984 -0.1127 -0.798300028 0.0612920001 0.915758014 0.601983011 0.72046417 0.34430781 -0.504122555 0.721071005 -0.475307316
-0.0267660003 0.000426999992 -0.0198369995 0.798799992 -0.113300003 0.590699971 0.330751985 0.794677973 -0.0582527556 -0.992054999 -0.111505866 -0.599446237 -0.068207249 0.797503591
-0.0198369995 0.000421000004 0.0267660003 0.591499984 -0.1127 -0.798300028 0.0612920001 0.915758014 0.528939843 0.801566243 0.27877304 -0.593448997 0.609411478 -0.525771856
-0.0139560001 0.126518995 -0.0460780002 -0.309899986 -0.107900001 -0.944599986 0.642980993 0.711216986 -0.184662327 -0.9677881 0.171131432 0.926262677 -0.258378386 -0.274368435
0.000775999972 0.126340002 -0.0484340005 0.00190000003 -0.1017 -0.994799972 0.634404004 0.674399972 -0.201315805 -0.974486351 0.0992389694 0.97345078 -0.227514505 0.0251174979
0.0382610001 0.126259997 0.0284860004 0.800400019 -0.1162 0.588100016 0.606279016 0.411796987 -0.0921144783 -0.993222594 -0.0708791763 -0.592103362 6.70326626e-05 0.80586201
0.0276469998 0.126258999 0.0390169993 0.578599989 -0.115400001 0.807299972 0.606864989 0.37400499 -0.0934353918 -0.992800295 -0.0749494806 -0.809987187 0.0342038721 0.585449278
0.0154790003 0.126219004 -0.046027001 0.314999998 -0.0987000018 -0.943899989 0.626954973 0.637338996 -0.198392496 -0.979453564 0.0362102687 0.924292803 -0.193949878 0.328734308
0.0276469998 0.126258999 0.0390169993 0.578599989 -0.115400001 0.807299972 0.606864989 0.37400499 -0.0862752497 -0.993044674 -0.0801179409 -0.810537457 0.0286718309 0.58498472
0.0157520007 0.166215003 0.0500780009 0.297300011 -0.108800001 0.948499978 0.508588016 0.330110997 -0.0894163251 -0.992292225 -0.0857961252 -0.950105727 0.0643903464 0.305209935
0.0143440003 0.126257002 0.0456399992 0.296000004 -0.115099996 0.948199987 0.608605027 0.336248994 -0.0888722837 -0.991725445 -0.0926400572 -0.950325131 0.064523831 0.304497629
0.0286989994 0.126170993 -0.0390999988 0.595600009 -0.0996000022 -0.797100008 0.620642006 0.600067973 -0.181336209 -0.983340204 -0.0126248728 0.781348407 -0.158490345 0.603635252
-0.0451229997 0.126809999 0.0142059997 -0.948000014 -0.126599997 0.291900009 0.634519994 0.149247006 0.0580481663 -0.970851243 -0.232547447 -0.314024806 0.224516764 -0.922486067
-0.0472210012 0.126927003 -0.000493000029 -0.991699994 -0.127599999 -0.0141000003 0.643112004 0.112446003 0.127274558 -0.962860584 -0.238118976 -0.0186007842 0.251483351 -0.967682958
0.0157520007 0.166215003 0.0500780009 0.297300011 -0.108800001 0.948499978 0.508588016 0.330110997 -0.0906414464 -0.992214799 -0.0854056999 -0.950521708 0.0600421205 0.30480063
-0.000371000002 0.126273006 0.0477249995 -0.0161000006 -0.1162 0.993099988 0.611497998 0.298566014 -0.0839564651 -0.989559531 -0.11714685 -0.995148838 0.0982711688 -0.0046350467
0.0391209982 0.126186997 -0.0283380002 0.814599991 -0.103699997 -0.570599973 0.615471005 0.562623024 -0.157229125 -0.986528397 -0.0451726057 0.558673382 -0.123884209 0.82008338
-0.0447049998 0.126954004 -0.0152169997 -0.940900028 -0.126300007 -0.314200014 0.652822971 0.075925 0.201821893 -0.954207301 -0.22080861 0.271432549 0.273511171 -0.922776282
-0.0150330001 0.126343995 0.045127999 -0.323100001 -0.118500002 0.938899994 0.615540028 0.260987997 -0.0705422908 -0.986353338 -0.148764521 -0.942235351 0.132848576 -0.307479799
0.0456820019 0.126219004 -0.0148139996 0.950900018 -0.109099999 -0.289499998 0.61144501 0.525038004 -0.132510081 -0.989211977 -0.062454313 0.280443668 -0.0912271515 0.955525458
-0.0421210006 0.166252002 -0.0312309992 -0.800100029 -0.118699998 -0.587899983 0.568102002 0.00956999976 0.272506297 -0.94515878 -0.180042237 0.535281837 0.300875157 -0.789270341
-0.0378339998 0.126874 -0.0285580009 -0.802699983 -0.122199997 -0.583599985 0.663646996 0.0397210009 0.274092972 -0.944867551 -0.179160058 0.53052336 0.300435513 -0.792643428
-0.0282000005 0.126473993 0.0381520018 -0.595799983 -0.121399999 0.793799996 0.620728016 0.223553002 -0.0460277498 -0.981719971 -0.184682265 -0.800669134 0.166835845 -0.575408459
0.0477540009 0.126243994 0.000153999994 0.993399978 -0.113700002 0.0155999996 0.60856998 0.487349004 -0.112388901 -0.991314888 -0.0682902783 -0.0225232672 -0.0598604642 0.9979527
-0.0378339998 0.126874 -0.0285580009 -0.802699983 -0.122199997 -0.583599985 0.663492024 0.783981025 -0.0783307552 -0.948683798 0.306371331 0.589191675 -0.31343025 -0.744724512
-0.0421210006 0.166252002 -0.0312309992 -0.800100029 -0.118699998 -0.587899983 0.567897022 0.814108014 -0.0819392502 -0.949399233 0.303195 0.593187451 -0.30192852 -0.746302843
-0.0272550005 0.126712993 -0.0392059982 -0.586899996 -0.115500003 -0.801299989 0.652679026 0.747756004 -0.142327517 -0.959635377 0.242575482 0.793474495 -0.278754592 -0.541012168
-0.0282000005 0.126473993 0.0381520018 -0.595799983 -0.121399999 0.793799996 0.620728016 0.223553002 -0.0393428467 -0.982905865 -0.179856122 -0.800923467 0.162252098 -0.576364517
-0.0427390002 0.166220993 0.0304060001 -0.809300005 -0.117899999 0.575299978 0.528541982 0.168011993 -0.00833673961 -0.977235556 -0.211993814 -0.586921513 0.198667645 -0.784891307
-0.0385759994 0.126643002 0.0275030006 -0.811200023 -0.124300003 0.571399987 0.627056003 0.186294004 -0.000818959612 -0.976904571 -0.213674411 -0.584555209 0.19857128 -0.786679566
0.0451849997 0.126257002 0.0150880003 0.941600025 -0.116099998 0.316000015 0.606846988 0.449589998 -0.0993458554 -0.992679298 -0.0686901361 -0.321268648 -0.0293144211 0.946534216
-0.0272550005 0.126712993 -0.0392059982 -0.586899996 -0.115500003 -0.801299989 0.652679026 0.747756004 -0.144884378 -0.958811104 0.244315073 0.792017519 -0.287313521 -0.53866446
-0.0427390002 0.166220993 0.0304060001 -0.809300005 -0.117899999 0.575299978 0.528541982 0.168011993 -0.0100176204 -0.976723313 -0.214269131 -0.58719492 0.1795993 -0.789269567
0.0313070007 0.167103007 -0.0422499999 0.515799999 -0.499300003 -0.696099997 0.473854005 0.583469987 -0.377864778 -0.861880064 0.338202417 0.78801012 -0.042257227 0.614210367
0.0314439982 0.167282999 -0.0424350016 0.367000014 -0.787299991 -0.495299995 0.473179013 0.58338201 -0.364400119 -0.611637533 0.702219427 0.801211715 -0.00294098118 0.59837383
0.0430179983 0.167282999 -0.0306410007 0.501900017 -0.787599981 -0.3574 0.477701008 0.545013011 -0.614100099 -0.615505517 0.49399808 0.658960044 0.0805600807 0.747851431
0.0428309999 0.167103007 -0.0305080004 0.705500007 -0.499900013 -0.502300024 0.478377014 0.545082986 -0.459828764 -0.862261653 0.212278888 0.562494159 -0.0361409374 0.826011002
-0.0525359996 0.167133003 -0.000475000008 -0.860899985 -0.508599997 -0.00980000012 0.451382011 0.0847639963 0.508691132 -0.860905528 -0.00866768695 -0.00791429635 0.0326741114 -0.99943471
-0.0527679995 0.167311996 -0.000478000002 -0.609899998 -0.792400002 -0.00710000005 0.450718999 0.0849130005 0.760806262 -0.58804369 0.2745516 0.207435548 -0.150998786 -0.966524661
-0.0500129983 0.167322993 -0.0167670008 -0.577400029 -0.793099999 -0.193599999 0.441753 0.047332 0.661124766 -0.59339118 0.459130764 0.40376088 -0.0713203847 -0.912080348
-0.0497919992 0.167144001 -0.0166929998 -0.815500021 -0.50999999 -0.273499995 0.442420006 0.0471699983 0.499777645 -0.858949721 0.111479722 0.294397533 0.0412975103 -0.954790294
-0.000488999998 0.167105004 0.0525689982 -0.00939999986 -0.503099978 0.864099979 0.480812013 0.275297999 0.372123003 -0.803864241 -0.464033216 -0.983611882 -0.15094316 -0.0986097232
-0.000491000013 0.167284995 0.0527999997 -0.00650000013 -0.788999975 0.614300013 0.480136007 0.275357008 0.145751387 -0.608522594 -0.780036509 -0.992438138 -0.0702112317 -0.100681819
-0.0167759992 0.167289004 0.0500329994 -0.195700005 -0.790199995 0.58069998 0.476309001 0.236998007 0.402648836 -0.604706287 -0.687171221 -0.922026813 -0.0534220822 -0.383422226
-0.0167020001 0.167108998 0.0498129986 -0.2755 -0.505800009 0.817399979 0.476983011 0.236920998 0.271403611 -0.856674731 -0.438689739 -0.945056379 -0.0131418286 -0.326643109
0.0503729992 0.167283997 -0.0158510003 0.586799979 -0.788500011 -0.184100002 0.481184006 0.506554008 -0.746326983 -0.614895523 0.254753858 0.376303315 0.0642442107 0.924266458
0.0501529984 0.167104006 -0.0157820005 0.825299978 -0.501900017 -0.258599997 0.481862009 0.506605983 -0.453094989 -0.862026036 0.227191553 0.373335838 0.141462445 0.916847289
-0.0500129983 0.167322993 -0.0167670008 -0.577400029 -0.793099999 -0.193599999 0.441753 0.047332 0.656392932 -0.592022479 0.467608571 0.566452444 -0.218408063 -0.794625461
-0.0423900001 0.167311996 -0.0314260013 -0.491100013 -0.792299986 -0.361999989 0.432155997 0.00898599997 0.604145467 -0.609187186 0.513711214 0.612851501 -0.0189354327 -0.789971232
-0.0422030017 0.167133003 -0.0312880017 -0.693000019 -0.508300006 -0.511099994 0.432850987 0.00890100002 0.328320324 -0.853780031 0.404061258 0.648086309 -0.128875688 -0.750583351
-0.0167020001 0.167108998 0.0498129986 -0.2755 -0.505800009 0.817399979 0.476983011 0.236920998 0.518217921 -0.79435873 -0.316929907 -0.895964563 -0.172988057 -0.409050882
-0.0314229988 0.167290002 0.0423800014 -0.364600003 -0.790499985 0.4921 0.471448988 0.198754996 0.612145305 -0.601717174 -0.513044596 -0.744081199 -0.0703922734 -0.664370596
-0.0312849991 0.167110994 0.0421929993 -0.513300002 -0.506399989 0.692900002 0.472121 0.198660001 0.310057998 -0.862251401 -0.400482833 -0.808827579 0.0155083742 -0.587841272
0.0501529984 0.167104006 -0.0157820005 0.825299978 -0.501900017 -0.258599997 0.481862009 0.506605983 -0.531280875 -0.845438898 -0.0545331985 0.289294422 -0.0174041018 0.957082033
0.0527810007 0.167288005 0.000484999997 0.613600016 -0.789600015 0.00639999984 0.483624995 0.468030006 -0.789454401 -0.613612652 -0.0155350966 0.0509518683 0.0476807579 0.99756223
0.0525499992 0.167107999 0.000482000003 0.863399982 -0.504400015 0.0092000002 0.484302998 0.46806401 -0.501924694 -0.860722244 -0.0850217119 -0.0246729925 -0.0240045507 0.999407351
-0.0422030017 0.167133003 -0.0312880017 -0.693000019 -0.508300006 -0.511099994 0.436318994 0.774447024 0.394372344 -0.860862136 0.321538419 0.533896744 0.114494786 -0.837761998
-0.0423900001 0.167311996 -0.0314260013 -0.491100013 -0.792299986 -0.361999989 0.435617 0.774369001 0.604145467 -0.609187186 0.513711214 0.612851501 -0.0189354327 -0.789971232
-0.0306289997 0.167291 -0.0430140011 -0.356599987 -0.790099978 -0.498600006 0.444840014 0.735615015 0.590968847 -0.604101181 0.534619153 0.67277813 0.153127939 -0.723824084
-0.0304949991 0.167110994 -0.0428260006 -0.502399981 -0.504100025 -0.702400029 0.445513994 0.735769987 0.476698458 -0.839290857 0.261437595 0.691421747 0.253500968 -0.676515579
-0.0430030003 0.167288005 0.0306010004 -0.498600006 -0.790400028 0.355800003 0.465564013 0.160649002 0.751705468 -0.598697126 -0.276587158 -0.483523458 -0.0870639011 -0.870990813
-0.0428149998 0.167107999 0.0304659996 -0.702099979 -0.505800009 0.50120002 0.466233999 0.160536006 0.411922067 -0.862648845 -0.293525487 -0.590968907 0.0212461669 -0.806414604
0.0500309989 0.167290002 0.0167759992 0.581200004 -0.790099978 0.194900006 0.485020012 0.429468006 -0.738080144 -0.612656593 -0.282647461 -0.279740363 0.0309293065 0.959577382
0.0498109981 0.167109996 0.0167020001 0.818000019 -0.505400002 0.274300009 0.485698014 0.429482996 -0.486296237 -0.862596571 -0.139439389 -0.261450171 0.097933881 0.960235834
-0.0304949991 0.167110994 -0.0428260006 -0.502399981 -0.504100025 -0.702400029 0.445513994 0.735769987 0.260082036 -0.862896323 0.433321267 0.771439612 0.105508551 -0.627494156
-0.0158479996 0.167282999 -0.0503819995 -0.184900001 -0.787999988 -0.587199986 0.453444988 0.697758019 0.379570186 -0.608421862 0.696957171 0.872131705 0.143839836 -0.467649847
-0.0157789998 0.167103007 -0.0501619987 -0.260100007 -0.500400007 -0.825800002 0.454111993 0.697899997 0.027746873 -0.858757198 0.511631012 0.959735453 -0.0400096737 -0.278041452
-0.0503659993 0.167291999 0.015842 -0.583599985 -0.791100025 0.182899997 0.458658993 0.122694001 0.79661274 -0.60151422 -0.0599065349 -0.253080875 -0.0368235745 -0.966744065
-0.0501450002 0.167113006 0.015772 -0.822700024 -0.506500006 0.258100003 0.459324986 0.122562997 0.481227934 -0.862219453 -0.158105329 -0.326484025 0.0493072271 -0.943915784
0.0498109981 0.167109996 0.0167020001 0.818000019 -0.505400002 0.274300009 0.485698014 0.429482996 -0.377681315 -0.831852734 -0.406666994 -0.351168692 -0.0612348616 0.934307694
0.0424030013 0.167288005 0.0314330012 0.493400007 -0.789600015 0.36469999 0.485368013 0.390891999 -0.597861409 -0.612456083 -0.517164707 -0.57967025 0.0140842795 0.814729512
0.0422170013 0.167107999 0.0312950015 0.694400012 -0.504499972 0.513100028 0.486045986 0.390888005 -0.370674938 -0.861962855 -0.345861584 -0.589660764 0.00974170305 0.807592273
0.000497000001 0.167282999 -0.052813001 0.00579999993 -0.787299991 -0.61650002 0.461050004 0.659771979 0.118049353 -0.611676872 0.782250464 0.979530036 0.128528908 -0.154923618
0.000493999978 0.167103007 -0.0525830016 0.00810000021 -0.499300003 -0.866400003 0.46171999 0.659896016 -0.124406517 -0.860192716 0.494561791 0.997649133 -0.0549250841 0.0409809016
0.0306330007 0.167283997 0.0430149995 0.357199997 -0.788600028 0.50059998 0.484669 0.352331012 -0.388774216 -0.612819076 -0.68797338 -0.815940738 -0.00258764485 0.578129768
0.0304979999 0.167104006 0.0428280011 0.502499998 -0.502099991 0.703800023 0.485347003 0.352308989 -0.251781136 -0.86377871 -0.436454564 -0.816265047 -0.00723604206 0.577632368
0.0167919993 0.167282999 -0.0500749983 0.195999995 -0.787299991 -0.584500015 0.467626989 0.621640027 -0.0993034095 -0.608967423 0.786954701 0.980047345 0.177360877 0.0897236615
0.0167190004 0.167103007 -0.0498570018 0.2755 -0.499300003 -0.821399987 0.468300015 0.621746004 0.00176583196 -0.854228616 0.51989454 0.958844364 0.203805909 0.19768846
0.0158479996 0.167282999 0.0503819995 0.184599996 -0.787999988 0.587199986 0.482924014 0.313809991 -0.179625586 -0.61451298 -0.768185258 -0.932449341 0.0483505875 0.358050913
0.0157789998 0.167103007 0.0501619987 0.259499997 -0.500899971 0.825600028 0.483601004 0.313769013 -0.0891235396 -0.86369586 -0.49607113 -0.947860003 0.0315934867 0.317117363
0.0167190004 0.167103007 -0.0498570018 0.2755 -0.499300003 -0.821399987 0.468300015 0.621746004 -0.275762498 -0.85963428 0.43009761 0.955201864 0.0461503416 0.292334706
0.0167919993 0.167282999 -0.0500749983 0.195999995 -0.787299991 -0.584500015 0.467626989 0.621640027 -0.104779437 -0.609495521 0.785834968 0.953585565 0.0140986489 0.300791949
0.0314439982 0.167282999 -0.0424350016 0.367000014 -0.787299991 -0.495299995 0.473179013 0.58338201 -0.361158073 -0.611343801 0.704147458 0.898481131 0.162151277 0.407968879
-0.0503659993 0.167291999 0.015842 -0.583599985 -0.791100025 0.182899997 0.458658993 0.122694001 0.798245609 -0.600300908 -0.0494242869 -0.0407639258 -0.196411833 -0.979673862
0.0157789998 0.167103007 0.0501619987 0.259499997 -0.500899971 0.825600028 0.483601004 0.313769013 0.185242042 -0.813226581 -0.551677346 -0.965717018 -0.128182858 0.225742698
0.0158479996 0.167282999 0.0503819995 0.184599996 -0.787999988 0.587199986 0.482924014 0.313809991 -0.17839019 -0.614467561 -0.768509328 -0.981758118 -0.120174676 0.147340044
-0.000488999998 0.167105004 0.0525689982 -0.00939999986 -0.503099978 0.864099979 0.480812013 0.275297999 0.0942136422 -0.860769749 -0.500199318 -0.999940157 0.00959325116 -0.00527537521
0.0314439982 0.167282999 -0.0424350016 0.367000014 -0.787299991 -0.495299995 0.473179013 0.58338201 -0.58042866 -0.609966159 0.539484918 0.800021827 -0.00448975805 0.599954128
0.031812001 0.167767003 -0.0429310016 0.367000014 -0.787299991 -0.495299995 0.471385002 0.583149016 -0.365092784 -0.611699998 0.701805174 0.801078975 -0.00311411126 0.598550677
-0.0500129983 0.167322993 -0.0167670008 -0.577400029 -0.793099999 -0.193599999 0.441753 0.047332 0.659478068 -0.592917383 0.462101519 0.404554069 -0.0719966218 -0.911675692
-0.0500129983 0.167322993 -0.0167670008 -0.577400029 -0.793099999 -0.193599999 0.441753 0.047332 0.588134408 -0.568584323 0.575160742 0.568645418 -0.220530853 -0.792470038
-0.0435080007 0.167770997 0.0309650004 -0.498800009 -0.790199995 0.35589999 0.463784009 0.160951003 0.725623369 -0.605364978 -0.32711488 -0.558293521 -0.0211450905 -0.829374075
-0.0435080007 0.167770997 0.0309650004 -0.498800009 -0.790199995 0.35589999 0.463784009 0.160951003 0.729882717 -0.604482174 -0.319174856 -0.36428389 -0.181445256 -0.9134413
-0.0503659993 0.167291999 0.015842 -0.583599985 -0.791100025 0.182899997 0.458658993 0.122694001 0.796769083 -0.601403773 -0.0589296483 -0.2526021 -0.0372024216 -0.966854811
0.000501999981 0.167767003 -0.0534310006 0.00579999993 -0.787299991 -0.616400003 0.45926699 0.659442008 0.175415888 -0.606106997 0.775798678 0.951935887 0.193125799 -0.237740174
0.000501999981 0.167767003 -0.0534310006 0.00579999993 -0.787299991 -0.616400003 0.45926699 0.659442008 0.169112414 -0.60681051 0.776647925 0.999057531 0.0310936496 -0.0302860308
0.0169890001 0.167767003 -0.0506599993 0.195999995 -0.787299991 -0.584500015 0.465837985 0.621358991 -0.101853259 -0.609216869 0.786435485 0.980018198 0.177875653 0.0890205279
0.0167919993 0.167282999 -0.0500749983 0.195999995 -0.787299991 -0.584500015 0.467626989 0.621640027 -0.101853259 -0.609216869 0.786435485 0.980018198 0.177875653 0.0890205279
0.0158479996 0.167282999 0.0503819995 0.184599996 -0.787999988 0.587199986 0.482924014 0.313809991 -0.180628821 -0.61455065 -0.767919838 -0.932483613 0.0482828878 0.357970834
0.0167919993 0.167282999 -0.0500749983 0.195999995 -0.787299991 -0.584500015 0.467626989 0.621640027 -0.360383123 -0.612217486 0.7037853 0.952663124 0.0116315894 0.303805679
0.0169890001 0.167767003 -0.0506599993 0.195999995 -0.787299991 -0.584500015 0.465837985 0.621358991 -0.106050737 -0.609616101 0.78557092 0.953523397 0.0139308665 0.300997108
0.031812001 0.167767003 -0.0429310016 0.367000014 -0.787299991 -0.495299995 0.471385002 0.583149016 -0.36277318 -0.611492813 0.703187168 0.89866221 0.162599042 0.407391369
0.0314439982 0.167282999 -0.0424350016 0.367000014 -0.787299991 -0.495299995 0.473179013 0.58338201 -0.36277318 -0.611492813 0.703187168 0.89866221 0.162599042 0.407391369
-0.0503659993 0.167291999 0.015842 -0.583599985 -0.791100025 0.182899997 0.458658993 0.122694001 0.809288323 -0.548291981 0.210780501 -0.0293237027 -0.20456025 -0.978414655
0.0158479996 0.167282999 0.0503819995 0.184599996 -0.787999988 0.587199986 0.482924014 0.313809991 0.0868640468 -0.582104683 -0.808460832 -0.98185426 -0.121478423 0.145620704
0.0536030009 0.168403998 0.000495999993 0.999899983 -0.0055999998 0.0102000004 0.480010003 0.46785301 -0.00602015806 -0.999115825 0.0416092649 -0.00992817245 0.0469830967 0.998846292
0.0508119985 0.168405995 0.0170380007 0.948099971 -0.00730000017 0.317900002 0.48140201 0.429387987 -0.0127843553 -0.999803126 0.0151691604 -0.317626953 0.0255454164 0.947871566
-0.0311069991 0.168404996 -0.0436780006 -0.580900013 -0.0037 -0.81400001 0.441260993 0.734785974 0.18547307 -0.97428596 -0.127932191 0.791997433 0.228286669 -0.566237867
-0.0160920005 0.168401003 -0.0511570014 -0.300099999 -0.000600000028 -0.95389998 0.449887991 0.697000027 0.19575423 -0.978755713 -0.0609693974 0.932181716 0.212021127 -0.293401182
-0.0436690003 0.168404996 0.0310830008 -0.81400001 -0.00669999979 0.580799997 0.461997986 0.161250994 0.102294318 -0.985958159 0.131993517 -0.571556628 -0.168884143 -0.802995086
-0.0511489995 0.168404996 0.0160889998 -0.95389998 -0.00590000022 0.299800009 0.455107987 0.123392001 0.0630347282 -0.981418192 0.181232348 -0.29411155 -0.177185625 -0.939203739
0.0430650003 0.168403998 0.0319200009 0.803900003 -0.0057000001 0.594699979 0.481750995 0.39091 -0.000820198038 -0.99996382 -0.00847556908 -0.594728827 -0.00177280675 0.803924441
0.000503999996 0.168401003 -0.0536260009 0.00939999986 0 -0.999899983 0.457480013 0.659108996 0.185696617 -0.982605577 0.00174243643 0.980824172 0.194677323 0.00920331385
0.0311089996 0.168401003 0.0436789989 0.580600023 -0.00249999994 0.814100027 0.481054991 0.352447003 0.0205450635 -0.999631822 -0.0177228842 -0.81404233 -0.0178521294 0.58053112
0.000503999996 0.168401003 -0.0536260009 0.00939999986 0 -0.999899983 0.457480013 0.659108996 0.18516019 -0.982706845 0.00174395647 0.985565364 0.169040725 0.00928266998
0.0170510001 0.168401003 -0.0508450009 0.317900002 0 -0.948099971 0.464044988 0.621073008 0.144829243 -0.988264263 0.048561275 0.935989857 0.159464091 0.313837945
0.0311089996 0.168401003 0.0436789989 0.580600023 -0.00249999994 0.814100027 0.481054991 0.352447003 0.0206031594 -0.999629974 -0.0177626684 -0.813402236 -0.0452859849 0.579936266
0.0160920005 0.168401003 0.0511570014 0.300000012 -0.0013 0.95389998 0.479315013 0.314024001 0.0599846728 -0.997994363 -0.0202251896 -0.952453315 -0.0561235622 0.299471021
0.0319279991 0.168401003 -0.0430880003 0.595399976 0 -0.80339998 0.469586015 0.582912028 0.100980215 -0.9920699 0.0748361722 0.796277583 0.133044109 0.59011972
0.0319279991 0.167919993 -0.0430880003 0.539799988 -0.421600014 -0.728500009 0.470703989 0.583060026 -0.130079269 -0.896938145 0.422588885 0.836867273 0.175514504 0.518505454
-0.0511489995 0.168404996 0.0160889998 -0.95389998 -0.00590000022 0.299800009 0.455107987 0.123392001 0.0633581802 -0.981199801 0.182298526 -0.29238829 -0.203461751 -0.93440485
-0.0535929985 0.168421999 -0.000491000013 -0.999899983 -0.0083999997 -0.0104999999 0.447187006 0.0857089981 0.00579229323 -0.97377485 0.227439567 0.0120626315 -0.21538803 -0.97645402
-0.000500999973 0.168402001 0.053617999 -0.0103000002 -0.00380000006 0.999899983 0.476534009 0.275669008 0.0909507945 -0.995851338 -0.00284793181 -0.996490479 -0.0830343813 -0.0105779245
0.0319279991 0.167919993 -0.0430880003 0.539799988 -0.421600014 -0.728500009 0.470703989 0.583060026 -0.15659222 -0.900738835 0.4051525 0.812673867 0.0355598405 0.581632912
0.0436809994 0.168401003 -0.0311130006 0.814499974 -0.00039999999 -0.5801 0.474097997 0.544640005 0.0569806322 -0.9951092 0.080690302 0.576866508 0.10637325 0.809882641
-0.0507979989 0.168430999 -0.0170319993 -0.948099971 -0.0104999999 -0.317900002 0.438216001 0.0481959991 -0.0676309839 -0.969944894 0.233736619 0.31121397 -0.23694557 -0.920327425
-0.0170380007 0.168404996 0.050813999 -0.318899989 -0.00749999983 0.947700024 0.472716987 0.237406999 0.107632466 -0.993786454 0.028351292 -0.943048775 -0.0973639488 -0.318086982
0.0511530004 0.168401003 -0.0160930008 0.954100013 -0.00240000011 -0.299499989 0.477573991 0.506278992 0.0186543018 -0.997550309 0.0674198419 0.298729688 0.0796365067 0.951009214
-0.0430550016 0.168421999 -0.0319150016 -0.804099977 -0.00829999987 -0.594399989 0.428442001 0.00958599988 -0.0269149803 -0.99836868 0.050354097 0.593960464 -0.0525964722 -0.802773178
-0.0170380007 0.168404996 0.050813999 -0.318899989 -0.00749999983 0.947700024 0.472716987 0.237406999 0.108100645 -0.993731022 0.0285134204 -0.939932108 -0.125888184 -0.317300797
-0.0319110006 0.168406993 0.0430449992 -0.595300019 -0.00860000029 0.80339998 0.467869014 0.199260995 0.117572047 -0.990112007 0.0765189454 -0.79524827 -0.136502981 -0.590717435
-0.0430550016 0.168421999 -0.0319150016 -0.804099977 -0.00829999987 -0.594399989 0.43184799 0.773801029 -0.0269149803 -0.99836868 0.050354097 0.593960464 -0.0525964722 -0.802773178
-0.0311120003 0.170653999 -0.0436800011 -0.580600023 -0.00240000011 -0.814100027 0.436221004 0.733555973 0.192892611 -0.971930861 -0.134695634 0.792932272 0.225261077 -0.566141248
-0.0511559993 0.170653999 0.0160910003 -0.95389998 -0.00389999989 0.299899995 0.450040996 0.124384001 0.0604490042 -0.981900692 0.179491043 -0.294302166 -0.18114762 -0.93838793
-0.0511489995 0.168404996 0.0160889998 -0.95389998 -0.00590000022 0.299800009 0.455107987 0.123392001 0.0623023175 -0.981893718 0.178894579 -0.29389149 -0.180844039 -0.938575208
0.000503999996 0.170653999 -0.0536260009 0.00939999986 0 -0.999899983 0.452387005 0.658159018 0.181348354 -0.983417511 0.00170163636 0.9800331 0.198621824 0.00919590052
0.000503999996 0.168401003 -0.0536260009 0.00939999986 0 -0.999899983 0.457480013 0.659108996 0.181348354 -0.983417511 0.00170163636 0.9800331 0.198621824 0.00919590052
0.0311089996 0.168401003 0.0436789989 0.580600023 -0.00249999994 0.814100027 0.481054991 0.352447003 0.0232258439 -0.999537408 -0.0196342766 -0.814038634 -0.0181365516 0.580527544
0.000503999996 0.168401003 -0.0536260009 0.00939999986 0 -0.999899983 0.457480013 0.659108996 0.155311421 -0.987864494 0.00146282162 0.985049665 0.172020838 0.00927781686
0.000503999996 0.170653999 -0.0536260009 0.00939999986 0 -0.999899983 0.452387005 0.658159018 0.181314558 -0.983423769 0.00170773582 0.985026896 0.172151297 0.00927760266
0.0311089996 0.168401003 0.0436789989 0.580600023 -0.00249999994 0.814100027 0.481054991 0.352447003 0.0456884839 -0.998319566 -0.0356478505 -0.813366175 -0.0462899283 0.579907477
-0.0511489995 0.168404996 0.0160889998 -0.95389998 -0.00590000022 0.299800009 0.455107987 0.123392001 0.0712405816 -0.975639701 0.207489818 -0.292036057 -0.208584175 -0.933385015
-0.0511559993 0.170653999 0.0160910003 -0.95389998 -0.00389999989 0.299899995 0.450040996 0.124384001 0.0609387644 -0.981579065 0.181077167 -0.292644799 -0.206871897 -0.933575451
-0.0170380007 0.168404996 0.050813999 -0.318899989 -0.00749999983 0.947700024 0.472716987 0.237406999 0.108083069 -0.993733168 0.028503444 -0.942858994 -0.0993398055 -0.318038702
-0.0430729985 0.170663998 -0.0319220014 -0.803900003 -0.00639999984 -0.594600022 0.423040986 0.0109860003 -0.147715062 -0.966451228 0.210124537 0.578877389 -0.237276092 -0.780128956
-0.0170380007 0.168404996 0.050813999 -0.318899989 -0.00749999983 0.947700024 0.472716987 0.237406999 0.133349285 -0.99037683 0.0370365046 -0.939566016 -0.128838673 -0.317200929
-0.0319189988 0.170656994 0.0430639982 -0.595300019 -0.00710000005 0.80339998 0.462761015 0.199980006 0.112976991 -0.990766525 0.0749539956 -0.796484113 -0.126535743 -0.591271281
-0.0430729985 0.170663998 -0.0319220014 -0.803900003 -0.00639999984 -0.594600022 0.426369995 0.772496998 0.149000451 -0.970216334 -0.190995499 0.576797009 0.235114843 -0.782321095
-0.0311120003 0.170653999 -0.0436800011 -0.580600023 -0.00240000011 -0.814100027 0.436221004 0.733555973 0.186377421 -0.97383219 -0.130056024 0.788912773 0.245381624 -0.563386738
-0.0319189988 0.170656994 0.0430639982 -0.595300019 -0.00710000005 0.80339998 0.462761015 0.199980006 0.113751255 -0.990633726 0.0755351633 -0.793114483 -0.154811233 -0.589069426
0.0497130007 0.171912 -0.0156369992 0.206200004 0.976300001 -0.0648000017 0.467128992 0.505483985 0.977121353 -0.201912701 0.0668219551 0.095074676 0.0459159538 0.994410753
-0.0418619998 0.171918005 -0.0310229994 -0.173500001 0.976300001 -0.128800005 0.420991004 0.770510972 -0.359599471 -0.184546724 -0.914675176 0.860907376 0.0868458077 -0.501294851
-0.0302339997 0.171912 -0.0424470007 -0.125300005 0.976300001 -0.176100001 0.431033999 0.732300997 -0.367405772 -0.210530549 -0.905919373 0.870191276 0.022901509 -0.492181718
-0.0302339997 0.171912 -0.0424470007 -0.125300005 0.976300001 -0.176100001 0.431033999 0.732300997 -0.082273148 -0.187101215 -0.978889346 0.96511215 0.0788151845 -0.249693543
-0.0156369992 0.171912 -0.0497130007 -0.0648000017 0.976300001 -0.206100002 0.439604014 0.694813013 -0.092769295 -0.211516708 -0.972961783 0.971221268 0.014270464 -0.237751186
0.0418649986 0.171912998 0.0310249999 0.173700005 0.976300001 0.128700003 0.471284986 0.390967995 0.791595459 -0.216156915 0.571535647 -0.475618809 -0.0312622823 0.879095852
-0.0156369992 0.171912 -0.0497130007 -0.0648000017 0.976300001 -0.206100002 0.439604014 0.694813013 0.198875308 -0.189739645 -0.961481929 0.996738493 0.0732796341 0.033801157
0.000490000006 0.171912 -0.0521119982 0.00200000009 0.976300001 -0.216100007 0.447149992 0.657191992 0.186712176 -0.212650463 -0.959123731 0.99884665 0.00841596536 0.0472714752
0.0418649986 0.171912998 0.0310249999 0.173700005 0.976300001 0.128700003 0.471284986 0.390967995 0.588415086 -0.207678214 0.781433046 -0.696290612 0.0293394085 0.717160106
0.0302339997 0.171912 0.0424470007 0.125400007 0.976300001 0.175999999 0.470596999 0.352789015 0.598726332 -0.215916365 0.771302223 -0.706401527 -0.0366889574 0.706859827
0.000490000006 0.171912 -0.0521119982 0.00200000009 0.976300001 -0.216100007 0.447149992 0.657191992 0.463126749 -0.19241938 -0.86515224 0.946494877 0.0678856596 0.315498143
0.0165689997 0.171912 -0.0494100004 0.0687000006 0.976300001 -0.204899997 0.453678995 0.619435012 0.450499088 -0.213599324 -0.86684823 0.944265127 0.00263921311 0.329175413
0.0302339997 0.171912 0.0424470007 0.125400007 0.976300001 0.175999999 0.470596999 0.352789015 0.344649136 -0.209209353 0.915122092 -0.872209668 0.023955496 0.488545328
0.0156369992 0.171912 0.0497130007 0.0648000017 0.976300001 0.206200004 0.468872011 0.314648986 0.357716501 -0.215616196 0.908597112 -0.878634274 -0.0421333574 0.475632966
0.0165689997 0.171912 -0.0494100004 0.0687000006 0.976300001 -0.204899997 0.453678995 0.619435012 0.689118564 -0.194942564 -0.697934866 0.818144083 0.0623881705 0.571618795
0.0310270004 0.171912 -0.0418710001 0.128600001 0.976300001 -0.173600003 0.459188014 0.581552982 0.67741257 -0.214319333 -0.703689933 0.81169802 -0.0030619849 0.584069371
-0.0521030016 0.171918005 -0.000486000004 -0.216000006 0.976300001 -0.00179999997 0.436973989 0.0880019963 -0.950392842 -0.209805503 0.229641691 -0.320818245 -0.0727063268 -0.94434613
0.0156369992 0.171912 0.0497130007 0.0648000017 0.976300001 0.206200004 0.468872011 0.314648986 0.0734799281 -0.210729122 0.97477901 -0.975508928 0.0184521396 0.219184652
0.0310270004 0.171912 -0.0418710001 0.128600001 0.976300001 -0.173600003 0.459188014 0.581552982 0.858147383 -0.197284251 -0.473985434 0.62208122 0.0569005609 0.780882418
0.0424470007 0.171912 -0.0302339997 0.175999999 0.976300001 -0.125400007 0.463672996 0.543563008 0.848624349 -0.215032235 -0.4833197 0.611992419 -0.00874852575 0.790815353
-0.0521030016 0.171918005 -0.000486000004 -0.216000006 0.976300001 -0.00179999997 0.436973989 0.0880019963 -0.974555373 -0.215686023 -0.0610031933 -0.0518918559 -0.013319239 -0.998563945
0.0424470007 0.171912 -0.0302339997 0.175999999 0.976300001 -0.125400007 0.463672996 0.543563008 0.956687212 -0.199649364 -0.21187216 0.374416113 0.0514136665 0.925834298
0.0497130007 0.171912 -0.0156369992 0.206200004 0.976300001 -0.0648000017 0.467128992 0.505483985 0.950447679 -0.215579897 -0.223997042 0.361619979 -0.0145005127 0.93221283
-0.0418619998 0.171918005 -0.0310229994 -0.173500001 0.976300001 -0.128800005 0.417816997 0.0129969995 -0.966774344 -0.193773702 -0.166731209 0.237911105 -0.0853502825 -0.967529655
-0.0144149996 0.170995995 -0.0458259992 0.302399993 0.0874999985 0.949100018 0.427951992 0.692378998 0.167477742 0.975408316 -0.143282503 0.935841918 -0.216325358 -0.278214455
0.000452000007 0.170995995 -0.048037 -0.00710000005 0.0839999989 0.996399999 0.43543601 0.655072987 0.17841357 0.980583131 -0.0813956112 0.981782019 -0.18862623 0.0228953529
0.0456059985 0.171913996 0.0152930003 -0.602100015 0.772400022 -0.201900005 0.461344987 0.429010004 0.722040355 0.634863973 0.274964422 -0.408884764 -0.0811206028 0.908973455
0.0455279984 0.170998007 0.0152669996 -0.943799973 0.0943000019 -0.316599995 0.459078997 0.428957999 0.0823897719 0.995302498 0.0508420877 -0.320147842 -0.0243961625 0.947053492
0.0385860018 0.170996994 0.0285969991 -0.800700009 0.0932999998 -0.591600001 0.459428996 0.391086996 0.0781070888 0.995624185 0.0513017885 -0.593837976 0.00501718419 0.804569006
-0.0391220003 0.170998007 0.0278549995 0.811100006 0.0976999998 -0.576600015 0.439998001 0.165032998 0.016147254 0.981829047 0.189079612 -0.58448571 0.169546813 -0.793492615
-0.0458239987 0.170996994 0.0144140003 0.949699998 0.0982000008 -0.297300011 0.433203995 0.127766997 -0.0361858234 0.977604747 0.207314968 -0.311385095 0.196825296 -0.92967695
-0.0458980016 0.171912 0.0144370003 0.606299996 0.772000015 -0.190500006 0.435429007 0.127329007 -0.627977252 0.611989796 0.480742216 -0.472385556 0.156983063 -0.867299438
-0.0278689992 0.170995995 -0.0391280018 0.58099997 0.0925000012 0.808600008 0.419477999 0.729494989 0.135839641 0.968563855 -0.208402708 0.800237238 -0.246168017 -0.546828628
-0.0144149996 0.170995995 -0.0458259992 0.302399993 0.0874999985 0.949100018 0.427951992 0.692378998 0.167500198 0.975402415 -0.143296346 0.935856223 -0.21619761 -0.278265595
0.0481059998 0.171912998 0.000449999992 -0.635500014 0.772000015 -0.00639999984 0.459964007 0.466930002 0.769262731 0.634052932 0.0788152367 -0.123369075 -0.0933545902 0.987960041
0.0480259992 0.170996994 0.000446999999 -0.995599985 0.0925000012 -0.0115 0.457699001 0.466816992 0.0917558968 0.994313359 0.0540552735 -0.0162950829 -0.0512135848 0.998554826
0.0455279984 0.170998007 0.0152669996 -0.943799973 0.0943000019 -0.316599995 0.459078997 0.428957999 0.0823938549 0.995302737 0.0508324988 -0.319967479 -0.0226170551 0.947158515
0.0456059985 0.171913996 0.0152930003 -0.602100015 0.772400022 -0.201900005 0.461344987 0.429010004 0.722008526 0.634860575 0.275056183 -0.246765748 0.0604399182 0.967188656
-0.0285909995 0.170999005 0.0385730006 0.593699992 0.0974000022 -0.798699975 0.445784986 0.202448994 0.0524658225 0.985847414 0.15922384 -0.802615225 0.142270997 -0.579282284
-0.0391220003 0.170998007 0.0278549995 0.811100006 0.0976999998 -0.576600015 0.439998001 0.165032998 0.0162552837 0.981800616 0.189217642 -0.584450781 0.172386199 -0.792906284
-0.0385809988 0.171005994 -0.0285940003 0.801400006 0.0978000015 0.59009999 0.409619987 0.765798986 -0.0514808446 0.994159222 -0.0948536918 0.596608758 -0.0601162761 -0.800277472
0.0458250009 0.170995995 -0.0144149996 -0.950999975 0.0886999965 0.296099991 0.455291003 0.504638016 0.107912451 0.992945075 0.0491411425 0.289639026 -0.0788702592 0.953880847
0.0481059998 0.171912998 0.000449999992 -0.635500014 0.772000015 -0.00639999984 0.459964007 0.466930002 0.769237339 0.634031475 0.0792341232 0.0487787016 0.048402641 0.997636139
-0.0152669996 0.170998007 0.0455299988 0.318800002 0.0954999998 -0.943000019 0.450558007 0.239997998 0.0713101774 0.989674628 0.124334678 -0.944493294 0.115320973 -0.30762589
-0.0285909995 0.170999005 0.0385730006 0.593699992 0.0974000022 -0.798699975 0.445784986 0.202448994 0.0525260866 0.985838115 0.159261554 -0.802467942 0.14510119 -0.578784049
-0.0455209985 0.171011999 -0.0152629996 0.943400025 0.100699998 0.315800011 0.416689008 0.0537239984 -0.171428367 0.963672161 0.204812869 0.282830298 0.252459973 -0.925349176
-0.0385809988 0.171005994 -0.0285940003 0.801400006 0.0978000015 0.59009999 0.406607002 0.0177929997 -0.0514808446 0.994159222 -0.0948536918 0.596608758 -0.0601162761 -0.800277472
0.0391910002 0.171912 -0.0279140007 -0.51880002 0.770799994 0.369500011 0.45411399 0.542631984 0.704905331 0.63047874 -0.324969351 0.454155326 -0.117657945 0.883119285
0.0391280018 0.170995995 -0.0278699994 -0.812900007 0.0852999985 0.576099992 0.451857001 0.542396009 0.130508527 0.990739226 0.0374594629 0.567454934 -0.106558427 0.816480279
-0.000451 0.170995995 0.0480349995 0.0115 0.0926000029 -0.995599985 0.45431301 0.277658999 0.079694137 0.992450178 0.0932276472 -0.99611789 0.0879670605 -0.00332645723
-0.0480209999 0.171005994 -0.000445000012 0.994899988 0.100000001 0.0107000005 0.425417989 0.0906540006 -0.0999924168 0.972134471 0.212028384 -0.011778851 0.221539631 -0.975080252
-0.0455209985 0.171011999 -0.0152629996 0.943400025 0.100699998 0.315800011 0.416689008 0.0537239984 -0.170083717 0.964825213 0.200459376 0.283728749 0.24722752 -0.926486135
0.0286010001 0.170995995 -0.0385969989 -0.594299972 0.0830999985 0.800000012 0.447400004 0.580066979 0.153533548 0.988077402 0.0114192609 0.788763225 -0.134140387 0.599882483
0.0391910002 0.171912 -0.0279140007 -0.51880002 0.770799994 0.369500011 0.45411399 0.542631984 0.70372349 0.630693018 -0.327107877 0.602767348 0.0233222451 0.797576129
0.0144149996 0.170995995 0.0458259992 -0.298099995 0.0907000005 -0.950200021 0.457044989 0.315412015 0.080217205 0.99433428 0.0697467476 -0.950765252 0.0601529256 0.30401814
-0.0458980016 0.171912 0.0144370003 0.606299996 0.772000015 -0.190500006 0.435429007 0.127329007 -0.638318479 0.615528166 0.462249488 -0.321207017 0.0186655 -0.946825027
0.0152740004 0.170995995 -0.0455470011 -0.316399992 0.0825999975 0.944999993 0.441924006 0.617631018 0.172484145 0.984605312 -0.0283112973 0.931473732 -0.161515072 0.325990289
0.0279140007 0.171912 0.0391900018 -0.369399995 0.771300018 -0.51819998 0.461015999 0.353157997 0.484478772 0.63583976 0.600822926 -0.851096272 -0.056950286 0.521911681
0.0278689992 0.170995995 0.0391280018 -0.578400016 0.0913000032 -0.810599983 0.458750993 0.35323 0.0775348246 0.995371103 0.0567865632 -0.811882555 0.0321527719 0.582934797
0.0385860018 0.170996994 0.0285969991 -0.800700009 0.0932999998 -0.591600001 0.459428996 0.391086996 0.0781060234 0.995624185 0.0513036586 -0.593995214 0.00360300089 0.804460645
0.0279140007 0.171912 0.0391900018 -0.369399995 0.771300018 -0.51819998 0.461015999 0.353157997 0.48402667 0.635857761 0.601168156 -0.746989369 0.0852181539 0.659351766
0.0377499983 0.0460750014 0.0125350002 0.945100009 -0.0790000036 0.317000002 0.807178974 0.443506986 -0.0666427612 -0.996540368 -0.0496609882 -0.320086032 -0.0295665823 0.946926951
0.0319610015 0.0460829996 0.0237300005 0.80339998 -0.0790000036 0.59009999 0.806698978 0.411835998 -0.0641315579 -0.996874034 -0.0461442806 -0.592000067 -0.000400328514 0.805937827
0.040918 0.0862839967 0.0134159997 0.943700016 -0.0978000015 0.316000015 0.707013011 0.446548998 -0.0831688121 -0.994757891 -0.0594963953 -0.320126832 -0.0294210948 0.946917713
0.0346410014 0.0862990022 0.0256309994 0.803200006 -0.0980999991 0.587499976 0.706489027 0.411817014 -0.0782466307 -0.995174944 -0.0591976605 -0.59028101 0.00113850017 0.807196915
-0.0321040004 0.0465099998 0.0229630005 -0.816100001 -0.0714000016 0.573499978 0.82408601 0.222858995 -0.04497521 -0.981483102 -0.18619369 -0.574986696 0.200207368 -0.793288946
-0.037560001 0.0466569997 0.0118249999 -0.953599989 -0.0693999976 0.293000013 0.830336988 0.191811994 0.00461071916 -0.976327658 -0.216247454 -0.301098287 0.225545466 -0.926536024
-0.0350360014 0.00585999992 0.0110250004 -0.951799989 -0.0763000026 0.296799988 0.928245008 0.213094994 0.00980119687 -0.975597858 -0.219346419 -0.306427002 0.215805814 -0.927108705
-0.0345790014 0.0870419964 0.0247719996 -0.815500021 -0.0984999985 0.570299983 0.725570977 0.204576999 -0.019919645 -0.980049133 -0.197754413 -0.577381551 0.206135407 -0.790024459
-0.0404359996 0.0872720033 0.0127079999 -0.952000022 -0.0988999978 0.289799988 0.732428014 0.170530006 0.0333958641 -0.97429347 -0.222793415 -0.30527544 0.233104914 -0.923292518
-0.0213009994 0.0058579999 -0.0299369991 -0.582899988 -0.0839999989 -0.808099985 0.942089975 0.666176975 -0.17546992 -0.958155572 0.226160005 0.792724609 -0.277052343 -0.542982399
-0.0226259995 0.0465620011 -0.0328349993 -0.588999987 -0.0802000016 -0.804099977 0.845619977 0.693369985 -0.176352531 -0.958323181 0.224758819 0.78551048 -0.290548772 -0.54640156
-0.0115259998 0.0463880002 -0.0385649987 -0.311199993 -0.0876000002 -0.94630003 0.837489009 0.662751019 -0.207563445 -0.965437651 0.157630816 0.924573898 -0.258221537 -0.280151248
-0.0242069997 0.0871179998 -0.0358950011 -0.591099977 -0.0979999974 -0.800599992 0.749149978 0.720562994 -0.158142135 -0.959245265 0.234178692 0.78533268 -0.296310037 -0.543555856
-0.0122180004 0.0868389979 -0.0421859995 -0.314300001 -0.0980999991 -0.944199979 0.740234971 0.686984003 -0.194908977 -0.96678704 0.16532743 0.922495902 -0.266332716 -0.279406697
-0.0272550005 0.126712993 -0.0392059982 -0.586899996 -0.115500003 -0.801299989 0.652679026 0.747756004 -0.141354024 -0.959951341 0.241893694 0.79220897 -0.286226481 -0.538961411
0.0398890004 0.0460590012 5.70000011e-05 0.996500015 -0.0815000013 0.0155999996 0.808627009 0.475149989 -0.0805730894 -0.995336175 -0.0530472435 -0.0203646086 -0.05775268 0.998123229
0.0398890004 0.0460590012 5.70000011e-05 0.996500015 -0.0815000013 0.0155999996 0.808627009 0.475149989 -0.0806013569 -0.995407462 -0.0516481251 -0.0203653164 -0.0577611476 0.998122752
0.0432800017 0.0862540007 -0.000190999999 0.995100021 -0.0978000015 0.0172000006 0.708598971 0.481249005 -0.0966092497 -0.993517399 -0.0599151254 -0.0231310483 -0.0598760061 0.997937739
-0.0234730002 0.046356 0.0318729989 -0.599399984 -0.0738999993 0.796999991 0.818786979 0.254083008 -0.0764919147 -0.985883176 -0.148941264 -0.795226216 0.168422088 -0.582451284
-0.0252679996 0.0868040025 0.0344359986 -0.600000024 -0.0979999974 0.79400003 0.71975702 0.238818005 -0.0571128316 -0.984689772 -0.164694279 -0.795834303 0.174380824 -0.579861403
-0.0282000005 0.126473993 0.0381520018 -0.595799983 -0.121399999 0.793799996 0.620728016 0.223553002 -0.0447040461 -0.981959045 -0.183733776 -0.800893903 0.162738889 -0.576268196
-0.0314700007 0.0467050001 -0.0239509996 -0.806400001 -0.0736000016 -0.586700022 0.854683995 0.723728001 0.0179049466 -0.994808257 0.100179538 0.591116071 -0.0739150122 -0.803192675
-0.0213009994 0.0058579999 -0.0299369991 -0.582899988 -0.0839999989 -0.808099985 0.942089975 0.666176975 -0.178771853 -0.957004428 0.228436351 0.791730106 -0.282189518 -0.541786432
-0.0337460004 0.0873550028 -0.026176 -0.806100011 -0.0979999974 -0.583599985 0.75908798 0.75385499 0.0421879888 -0.993200004 0.108508155 0.590853691 -0.0783052668 -0.802969515
-0.0378339998 0.126874 -0.0285580009 -0.802699983 -0.122199997 -0.583599985 0.663492024 0.783981025 -0.074704133 -0.950454891 0.301753134 0.589264274 -0.312683463 -0.74498105
-0.0272550005 0.126712993 -0.0392059982 -0.586899996 -0.115500003 -0.801299989 0.652679026 0.747756004 -0.139005005 -0.960695863 0.24029398 0.791888654 -0.287917703 -0.538531125
0.0381480008 0.0460349992 -0.0124679999 0.953299999 -0.0861999989 -0.289499998 0.811040998 0.506734014 -0.105064161 -0.993195653 -0.0502387732 0.281836063 -0.0909507126 0.955142081
0.0398890004 0.0460590012 5.70000011e-05 0.996500015 -0.0815000013 0.0155999996 0.808627009 0.475149989 -0.0805698633 -0.995322526 -0.0533067174 -0.0208088178 -0.0636509657 0.997755289
0.0414550006 0.0862239972 -0.0138459997 0.953000009 -0.0979000032 -0.286599994 0.711242974 0.515886009 -0.118437648 -0.991427839 -0.0551660471 0.278094381 -0.0919688791 0.956140876
0.0398890004 0.0460590012 5.70000011e-05 0.996500015 -0.0815000013 0.0155999996 0.808627009 0.475149989 -0.0805663466 -0.995311975 -0.053509824 -0.0207556002 -0.0629814565 0.99779892
-0.0116729997 0.00584300002 0.0348160006 -0.320100009 -0.0816999972 0.943799973 0.913895011 0.297688991 -0.097959049 -0.988079309 -0.118757993 -0.942628443 0.127055258 -0.308721036
-0.0125129996 0.0462259986 0.0376960002 -0.324499995 -0.0768000036 0.942700028 0.814442992 0.285454988 -0.0892884731 -0.989759624 -0.111371078 -0.939582348 0.140937135 -0.311964631
-0.0125129996 0.0462259986 0.0376960002 -0.324499995 -0.0768000036 0.942700028 0.814442992 0.285454988 -0.0931732878 -0.989254653 -0.112667777 -0.939546466 0.14126128 -0.311925799
-0.0134309996 0.0865959972 0.0407919995 -0.326299995 -0.0978000015 0.940199971 0.714990973 0.273221999 -0.0780564621 -0.988448679 -0.129908636 -0.939819813 0.140192151 -0.311584771
-0.0282000005 0.126473993 0.0381520018 -0.595799983 -0.121399999 0.793799996 0.620728016 0.223553002 -0.0429461226 -0.982276142 -0.182453379 -0.800144613 0.174621806 -0.573825598
-0.0372149982 0.0467769988 -0.0128039997 -0.946200013 -0.069600001 -0.316100001 0.845667005 0.130364999 0.14474754 -0.964491367 -0.220917225 0.285759419 0.27894631 -0.916804552
-0.0314700007 0.0467050001 -0.0239509996 -0.806400001 -0.0736000016 -0.586700022 0.85473597 0.100024 0.0179049466 -0.994808257 0.100179538 0.591116071 -0.0739150122 -0.803192675
-0.0399530008 0.0874790028 -0.0140209999 -0.943799973 -0.0983000025 -0.315600008 0.749244988 0.103145003 0.17281957 -0.960613132 -0.217613623 0.27884382 0.275953978 -0.919834554
-0.0337460004 0.0873550028 -0.026176 -0.806100011 -0.0979999974 -0.583599985 0.759190977 0.0698729977 0.0421879888 -0.993200004 0.108508155 0.590853691 -0.0783052668 -0.802969515
-0.0378339998 0.126874 -0.0285580009 -0.802699983 -0.122199997 -0.583599985 0.663646996 0.0397210009 0.273346066 -0.945294559 -0.178045675 0.530267954 0.301321149 -0.792478025
0.0326760001 0.0460189991 -0.0237910002 0.816399992 -0.0916000009 -0.570100009 0.814418018 0.538230002 -0.136750385 -0.989922643 -0.0367768109 0.558800101 -0.123464301 0.820060372
0.0355819985 0.0862179995 -0.0261879992 0.817300022 -0.0979000032 -0.567799985 0.714944005 0.550426006 -0.14618285 -0.988448918 -0.0399899408 0.555709779 -0.126455411 0.821702957
-0.000300000014 0.0461390018 0.039845001 -0.0154999997 -0.0791999996 0.996699989 0.811060011 0.316946 -0.0904828385 -0.992656529 -0.0802859887 -0.994906247 0.100526743 -0.00748643605
-0.0125129996 0.0462259986 0.0376960002 -0.324499995 -0.0768000036 0.942700028 0.814442992 0.285454988 -0.0917688385 -0.989439785 -0.112194046 -0.941576838 0.121252686 -0.314214766
-0.0116729997 0.00584300002 0.0348160006 -0.320100009 -0.0816999972 0.943799973 0.913895011 0.297688991 -0.0904940143 -0.989081979 -0.116308965 -0.943152487 0.121534057 -0.309342712
-0.000235 0.0864439979 0.0431680009 -0.0175000001 -0.0980999991 0.995000005 0.711278975 0.307756007 -0.0853070766 -0.991399586 -0.0992453918 -0.994473577 0.104742736 -0.007165357
-0.0125129996 0.0462259986 0.0376960002 -0.324499995 -0.0768000036 0.942700028 0.814442992 0.285454988 -0.0889517516 -0.989803016 -0.111254767 -0.940714061 0.130282491 -0.31318289
-0.0393159986 0.0467570014 -0.000486000004 -0.997500002 -0.068400003 -0.0142999999 0.837532997 0.160971001 0.069865115 -0.971123815 -0.228117436 -0.00386416446 0.258551329 -0.965989888
-0.0393159986 0.0467570014 -0.000486000004 -0.997500002 -0.068400003 -0.0142999999 0.837532997 0.160971001 0.0698583275 -0.970170856 -0.232139036 -0.00381271425 0.257837623 -0.966180801
-0.0422729999 0.0874380022 -0.000638000027 -0.995000005 -0.0987000018 -0.0164999999 0.740321994 0.136709005 0.099832423 -0.967756271 -0.231260523 -0.00939306431 0.25626263 -0.966561556
0.0240080003 0.0460349992 -0.0327830017 0.596499979 -0.0956000015 -0.796800017 0.818755984 0.569608986 -0.169568002 -0.98548013 -0.00870878156 0.781382799 -0.15740329 0.60387522
0.0240080003 0.0460349992 -0.0327830017 0.596499979 -0.0956000015 -0.796800017 0.818755984 0.569608986 -0.168525547 -0.985665619 -0.00790617615 0.781386495 -0.157383054 0.603875577
0.0262279995 0.0862639993 -0.0359859988 0.597500026 -0.0978000015 -0.795799971 0.719699025 0.584838986 -0.171396643 -0.985172689 -0.00761868618 0.779487967 -0.161791325 0.605162859
0.0262279995 0.0862639993 -0.0359859988 0.597500026 -0.0978000015 -0.795799971 0.719699025 0.584838986 -0.181778505 -0.983214974 -0.0156534761 0.77959007 -0.161256969 0.605174005
0.0110309999 0.00583800022 0.0350719988 0.298299998 -0.0863000005 0.950500011 0.908657014 0.354663998 -0.0907938406 -0.993953466 -0.061751239 -0.950501561 0.0638873652 0.304081142
0.0119639998 0.0460960008 0.0380770005 0.297699988 -0.0803000033 0.951200008 0.808640003 0.348526001 -0.0798387825 -0.995059192 -0.0590162762 -0.950317085 0.0700078756 0.303309143
0.0119639998 0.0460960008 0.0380770005 0.297699988 -0.0803000033 0.951200008 0.808640003 0.348526001 -0.0858140588 -0.994672775 -0.0571144186 -0.95030266 0.0701657683 0.303317964
0.0130230002 0.0863540024 0.0412670001 0.296799988 -0.0984999985 0.949800014 0.708622992 0.342388004 -0.0840543807 -0.993499756 -0.0767658949 -0.950150967 0.0689908862 0.304061413
-0.0350360014 0.00585999992 0.0110250004 -0.951799989 -0.0763000026 0.296799988 0.928245008 0.213094994 0.00788654201 -0.974284112 -0.225184917 -0.306421101 0.223390788 -0.925312221
-0.0393159986 0.0467570014 -0.000486000004 -0.997500002 -0.068400003 -0.0142999999 0.837532997 0.160971001 0.0698518008 -0.970474005 -0.230870008 -0.00298181456 0.245879009 -0.969295919
-0.0393159986 0.0467570014 -0.000486000004 -0.997500002 -0.068400003 -0.0142999999 0.837532997 0.160971001 0.0698581561 -0.97113663 -0.228064939 -0.00364770927 0.255095869 -0.966908932
0.0130030001 0.0461019985 -0.0385599993 0.314799994 -0.0965000018 -0.944199979 0.824050009 0.600841999 -0.197887391 -0.979629934 0.0341441929 0.924769878 -0.192856416 0.328035027
0.0240080003 0.0460349992 -0.0327830017 0.596499979 -0.0956000015 -0.796800017 0.818755984 0.569608986 -0.171802029 -0.985076427 -0.0104201045 0.782142997 -0.153455079 0.603907168
0.0143229999 0.086383 -0.0422599986 0.314500004 -0.0978000015 -0.944199979 0.725503027 0.619090021 -0.197027817 -0.97974211 0.0358541198 0.923233271 -0.199794069 0.328211278
0.0262279995 0.0862639993 -0.0359859988 0.597500026 -0.0978000015 -0.795799971 0.719699025 0.584838986 -0.172217861 -0.985024393 -0.00824563857 0.779371619 -0.162534013 0.605113685
0.0240080003 0.0460349992 -0.0327830017 0.596499979 -0.0956000015 -0.796800017 0.818755984 0.569608986 -0.1710632 -0.985210896 -0.00985091832 0.780356109 -0.16300711 0.603716016
0.0262279995 0.0862639993 -0.0359859988 0.597500026 -0.0978000015 -0.795799971 0.719699025 0.584838986 -0.17656143 -0.98422128 -0.0116051612 0.778516889 -0.166942194 0.605013907
0.0230800007 0.0460840017 0.0325310007 0.58099997 -0.0799999982 0.810000002 0.807186007 0.380165994 -0.0707272366 -0.996355772 -0.0476739295 -0.810609162 0.0327313691 0.584672153
0.0119639998 0.0460960008 0.0380770005 0.297699988 -0.0803000033 0.951200008 0.808640003 0.348526001 -0.0812784284 -0.994970024 -0.0585552566 -0.951248229 0.0590371378 0.302723408
0.0110309999 0.00583800022 0.0350719988 0.298299998 -0.0863000005 0.950500011 0.908657014 0.354663998 -0.0830715671 -0.994472265 -0.0642194077 -0.950832009 0.0598888658 0.303861648
0.025037 0.0863140002 0.0352310017 0.581099987 -0.0986000001 0.807799995 0.707024992 0.377086014 -0.0799445882 -0.994748473 -0.0639096648 -0.809322894 0.0341995098 0.586367488
0.0119639998 0.0460960008 0.0380770005 0.297699988 -0.0803000033 0.951200008 0.808640003 0.348526001 -0.0814610124 -0.994958341 -0.0584979616 -0.951049507 0.0614592321 0.302865684
0.0276469998 0.126258999 0.0390169993 0.578599989 -0.115400001 0.807299972 0.606864989 0.37400499 -0.0896854401 -0.992937922 -0.0776584521 -0.81053865 0.0286582652 0.584983766
0.000752999971 0.0462240018 -0.0405480005 0.000899999985 -0.0935999975 -0.995599985 0.830296993 0.631898999 -0.212355852 -0.972920239 0.0912757069 0.973520458 -0.22751303 0.022269994
0.00106399995 0.0865809992 -0.0443909988 -0.0013 -0.0979999974 -0.995199978 0.732349992 0.653149009 -0.205791533 -0.973859131 0.096167542 0.971654952 -0.235386163 0.0219090041
0.0276469998 0.126258999 0.0390169993 0.578599989 -0.115400001 0.807299972 0.606864989 0.37400499 -0.0895370841 -0.992943108 -0.0777634904 -0.809821069 0.0359207503 0.585576296
-0.0144149996 0.170995995 -0.0458259992 0.302399993 0.0874999985 0.949100018 0.427951992 0.692378998 0.167122081 0.975484908 -0.14317663 0.936272025 -0.213999972 -0.278565794
-0.0128800003 0.131210998 -0.0424770005 0.309899986 0.0913000032 0.946399987 0.329679012 0.670834005 0.161370263 0.975886583 -0.146985874 0.931825399 -0.226882219 -0.2832416
0.000708999985 0.131055996 -0.0446429998 -0.00209999993 0.0851999968 0.996299982 0.336766005 0.636243999 0.177439675 0.980584145 -0.0834853798 0.982125938 -0.187355205 0.0180738717
-0.0112570003 0.0915599987 -0.0392160006 0.314599991 0.0830999985 0.945599973 0.231407002 0.649287999 0.16542007 0.976118207 -0.140817195 0.925989509 -0.245930493 -0.286464185
0.00105700002 0.091312997 -0.0412600003 0.00100000005 0.0821999982 0.996599972 0.238095999 0.617413998 0.176062942 0.981033087 -0.081092909 0.977376223 -0.210870504 0.0164110046
0.000708999985 0.131055996 -0.0446429998 -0.00209999993 0.0851999968 0.996299982 0.336766005 0.636243999 0.173912942 0.981210589 -0.083546631 0.978986025 -0.203002095 0.019403981
0.000798000023 0.0509489998 -0.0380389988 -0.000699999975 0.0777999982 0.996900022 0.139425993 0.59858501 0.183107942 0.980122328 -0.0763663724 0.974478722 -0.223747268 0.0181234833
0.0455279984 0.170998007 0.0152669996 -0.943799973 0.0943000019 -0.316599995 0.459078997 0.428957999 0.0808621645 0.995186448 0.0553650968 -0.320139736 -0.0242976733 0.947058737
0.0416910015 0.130974993 0.0139180003 -0.943300009 0.0998999998 -0.316599995 0.358916998 0.426456988 0.0856593698 0.994598746 0.0586164072 -0.320347846 -0.0236576963 0.947004497
0.0353039987 0.130979002 0.0262659993 -0.801599979 0.100199997 -0.589399993 0.359263986 0.391315013 0.081199348 0.994966924 0.0587144457 -0.592018127 0.00442052586 0.805912495
0.0385860018 0.170996994 0.0285969991 -0.800700009 0.0932999998 -0.591600001 0.459428996 0.391086996 0.0774836764 0.995628774 0.0521503799 -0.593828797 0.00513492338 0.804575086
0.0379830003 0.0909850001 0.0123800002 -0.944899976 0.0842000023 -0.316199988 0.258756012 0.42395699 0.0714705214 0.996103168 0.0516750067 -0.319093257 -0.0228687581 0.947447419
0.0321570002 0.0910039991 0.0237189997 -0.80430001 0.0847000033 -0.588100016 0.259097993 0.391544014 0.0686788931 0.996406138 0.0495789759 -0.589915335 0.00462250831 0.807451963
-0.0391220003 0.170998007 0.0278549995 0.811100006 0.0976999998 -0.576600015 0.439998001 0.165032998 0.011918758 0.982979178 0.183330193 -0.584560871 0.165704787 -0.794248521
-0.035588 0.13132 0.0253839996 0.812699974 0.108199999 -0.572399974 0.341315001 0.181578994 0.00458632642 0.981378794 0.192027852 -0.582327545 0.178947076 -0.793014944
-0.0416369997 0.131463006 0.0131080002 0.949800014 0.1105 -0.292800009 0.334980994 0.147035003 -0.0481425263 0.976043224 0.212183699 -0.309941798 0.20281899 -0.928870559
-0.035588 0.13132 0.0253839996 0.812699974 0.108199999 -0.572399974 0.341315001 0.181578994 0.00177685847 0.982132554 0.188182056 -0.582346022 0.177835509 -0.793251276
-0.032017 0.0917569995 0.0229589995 0.816799998 0.0861999989 -0.5704 0.242631003 0.198125005 0.0210093949 0.983671904 0.178740323 -0.575483561 0.190756455 -0.795254946
-0.0374439992 0.0919720009 0.0117539996 0.953199983 0.0869000033 -0.289700001 0.236757994 0.166302994 -0.0273183715 0.97865665 0.203677908 -0.301891565 0.21568194 -0.928624094
-0.0251550004 0.131377995 -0.0361539982 0.587300003 0.0988999978 0.803300023 0.32150501 0.705223978 0.126375258 0.969127476 -0.211710259 0.794522643 -0.259670377 -0.548912644
-0.0144149996 0.170995995 -0.0458259992 0.302399993 0.0874999985 0.949100018 0.427951992 0.692378998 0.164454713 0.976053536 -0.142387196 0.936619759 -0.212044865 -0.278891474
-0.0223769993 0.0918229967 -0.0333800018 0.591700017 0.0841000006 0.801800013 0.223533005 0.680952013 0.135709673 0.969961047 -0.201887444 0.785215974 -0.285402238 -0.549528241
0.0440529995 0.130962998 0.000155999995 -0.995100021 0.0973000005 -0.0153000001 0.357614994 0.461587012 0.0962337554 0.99357146 0.0596226752 -0.0203159489 -0.0507406071 0.998505235
0.0455279984 0.170998007 0.0152669996 -0.943799973 0.0943000019 -0.316599995 0.459078997 0.428957999 0.0811692253 0.995211363 0.0544602945 -0.319938779 -0.022268571 0.947176576
0.040174 0.0909579992 -0.000249000004 -0.996299982 0.0838000029 -0.0171000008 0.257532001 0.456357986 0.0827715695 0.995101631 0.0540506095 -0.0213821847 -0.0504349507 0.99849844
-0.0285909995 0.170999005 0.0385730006 0.593699992 0.0974000022 -0.798699975 0.445784986 0.202448994 0.045924522 0.986925602 0.154495239 -0.802775741 0.13945356 -0.579744816
-0.0260160007 0.131173 0.0352099985 0.596899986 0.105499998 -0.795300007 0.346686006 0.216280997 0.0423044264 0.985797644 0.16252169 -0.800165832 0.150494486 -0.580591083
-0.035588 0.13132 0.0253839996 0.812699974 0.108199999 -0.572399974 0.341315001 0.181578994 0.0061126384 0.980962574 0.194100887 -0.582475543 0.171909675 -0.794461787
-0.0391220003 0.170998007 0.0278549995 0.811100006 0.0976999998 -0.576600015 0.439998001 0.165032998 0.0151761286 0.982098997 0.187753752 -0.584504545 0.169911176 -0.793400824
-0.0233880002 0.091531001 0.0319310017 0.601000011 0.0852999985 -0.794700027 0.247587994 0.230113998 0.0542509779 0.987642109 0.147037238 -0.795383692 0.161574602 -0.584173262
-0.035588 0.13132 0.0253839996 0.812699974 0.108199999 -0.572399974 0.341315001 0.181578994 0.00428331923 0.981463969 0.191598848 -0.582283616 0.183638871 -0.791973829
-0.0349229984 0.131515995 -0.0263470002 0.803900003 0.105800003 0.585300028 0.311697006 0.739064991 -0.0610920042 0.993535101 -0.0956863016 0.593091428 -0.0685489029 -0.802211702
-0.0312290005 0.0920450017 -0.0243590008 0.806900024 0.0851999968 0.584500015 0.213773996 0.71233201 -0.0424600467 0.995349169 -0.086470902 0.590285063 -0.0800794512 -0.803212821
0.0421300009 0.130942002 -0.0136449998 -0.952400029 0.0926000029 0.290399998 0.355358005 0.496681005 0.11344745 0.991978526 0.0557513535 0.283813298 -0.0780720934 0.955695868
0.0384839997 0.0909359977 -0.0129190003 -0.954400003 0.0833000019 0.28670001 0.255425006 0.488723993 0.10208834 0.993457079 0.0511968061 0.280433089 -0.079342477 0.956588805
-0.0138710001 0.131059006 0.0416360013 0.323000014 0.102600001 -0.940800011 0.351105005 0.251116991 0.0656408593 0.989283025 0.130423665 -0.942840517 0.120981976 -0.310507983
-0.0285909995 0.170999005 0.0385730006 0.593699992 0.0974000022 -0.798699975 0.445784986 0.202448994 0.0500331596 0.986256778 0.157461658 -0.802575171 0.143306881 -0.57908237
-0.0124169998 0.0913280025 0.0378240012 0.326400012 0.0847000033 -0.941399992 0.251652986 0.262235999 0.0725771934 0.990790665 0.114308 -0.9403072 0.130593985 -0.314273179
-0.0455209985 0.171011999 -0.0152629996 0.943400025 0.100699998 0.315800011 0.416689008 0.0537239984 -0.172136948 0.963052452 0.207120284 0.283339262 0.24961634 -0.925964653
-0.0412660018 0.131583005 -0.0140469996 0.942700028 0.110100001 0.314700007 0.319297999 0.0785550028 -0.180743039 0.961959243 0.204857111 0.277618855 0.263679415 -0.923797071
-0.0349229984 0.131515995 -0.0263470002 0.803900003 0.105800003 0.585300028 0.309338003 0.0451849997 -0.0610920042 0.993535101 -0.0956863016 0.593091428 -0.0685489029 -0.802211702
-0.0412660018 0.131583005 -0.0140469996 0.942700028 0.110100001 0.314700007 0.319297999 0.0785550028 -0.181604862 0.961184561 0.207711339 0.277862519 0.262414515 -0.924083889
-0.0369919986 0.0921600014 -0.0130740004 0.944800019 0.0861999989 0.316000015 0.221907005 0.103386 -0.157436192 0.965518951 0.207332894 0.281897753 0.277337253 -0.918486655
-0.0312290005 0.0920450017 -0.0243590008 0.806900024 0.0851999968 0.584500015 0.212069005 0.072577998 -0.0424600467 0.995349169 -0.086470902 0.590285063 -0.0800794512 -0.803212821
0.0360700004 0.130914003 -0.0261150002 -0.815900028 0.0872000009 0.57160002 0.352146 0.531714976 0.135054335 0.989957988 0.041753754 0.562920511 -0.106018469 0.819683194
0.0330430008 0.090940997 -0.024371 -0.818799973 0.0825000033 0.568099976 0.252436012 0.521034002 0.126379684 0.991246104 0.0382009186 0.559024274 -0.110456169 0.821761072
-0.000346999994 0.130994007 0.0440189987 0.0152000003 0.100199997 -0.994799972 0.354573995 0.286062002 0.0781745762 0.991800785 0.101093665 -0.995835841 0.0909624621 -0.00607008906
-0.000346999994 0.130994007 0.0440189987 0.0152000003 0.100199997 -0.994799972 0.354573995 0.286062002 0.0713022798 0.992323816 0.101041399 -0.995903373 0.0902154818 -0.00614635786
-0.000184000004 0.0911749974 0.0400190018 0.0166999996 0.0847000033 -0.996200025 0.25483501 0.294463992 0.0758649558 0.993425012 0.0857396051 -0.994770288 0.10182061 -0.0080402419
-0.000184000004 0.0911749974 0.0400190018 0.0166999996 0.0847000033 -0.996200025 0.25483501 0.294463992 0.0849680603 0.99268049 0.0858247131 -0.994643688 0.10305915 -0.00793326832
-0.0435829982 0.131561995 -0.000460999989 0.993700027 0.111500002 0.0136000002 0.327659994 0.112673998 -0.11177811 0.969669938 0.217361093 -0.0122146653 0.22760585 -0.973676682
-0.0412660018 0.131583005 -0.0140469996 0.942700028 0.110100001 0.314700007 0.319297999 0.0785550028 -0.180136368 0.962489188 0.202892646 0.280592293 0.247781962 -0.927292883
-0.0455209985 0.171011999 -0.0152629996 0.943400025 0.100699998 0.315800011 0.416689008 0.0537239984 -0.171667799 0.963457763 0.205619797 0.283804297 0.246799096 -0.92657721
-0.0391450003 0.0921249986 -0.000643000007 0.996100008 0.0868000016 0.0164999999 0.229902998 0.134694993 -0.0883142874 0.972598255 0.215065449 -0.00502851 0.242132127 -0.970230222
-0.0412660018 0.131583005 -0.0140469996 0.942700028 0.110100001 0.314700007 0.319297999 0.0785550028 -0.181277171 0.961471558 0.206666306 0.278575808 0.258454025 -0.924984932
-0.0366440006 0.0515060015 -0.000514000014 0.998399973 0.0535999984 0.0148 0.132145002 0.156715006 -0.0555253699 0.975857794 0.211231351 0.000469283434 0.2582995 -0.96606487
0.0264580008 0.130904004 -0.0360359997 -0.596599996 0.0832000002 0.798200011 0.347979993 0.566666007 0.156891122 0.987511814 0.01433268 0.786765516 -0.135553181 0.602183759
0.0243759993 0.0909959972 -0.0334610008 -0.59890002 0.0817999989 0.796599984 0.248559996 0.553265989 0.150495693 0.98854214 0.0116361678 0.783840597 -0.143818319 0.604077876
0.0132280001 0.130977005 0.0420849994 -0.296900004 0.0989999995 -0.949800014 0.35709101 0.321092993 0.0801966041 0.993682802 0.0785051063 -0.950908184 0.0603255555 0.303536773
-0.000346999994 0.130994007 0.0440189987 0.0152000003 0.100199997 -0.994799972 0.354573995 0.286062002 0.0793547034 0.99170655 0.101099513 -0.99593395 0.089877449 -0.00614786148
0.012108 0.0910789967 0.0382440016 -0.298000008 0.0848999992 -0.950800002 0.257137001 0.326774001 0.0770159215 0.994928241 0.0647018403 -0.95042938 0.0662503242 0.303800672
-0.000184000004 0.0911749974 0.0400190018 0.0166999996 0.0847000033 -0.996200025 0.25483501 0.294463992 0.0771878511 0.993322253 0.0857496113 -0.996020377 0.0886558965 -0.0091379853
-0.000346999994 0.130994007 0.0440189987 0.0152000003 0.100199997 -0.994799972 0.354573995 0.286062002 0.0769562721 0.991897285 0.101082154 -0.99585104 0.0907976329 -0.00605455087
-0.000184000004 0.0911749974 0.0400190018 0.0166999996 0.0847000033 -0.996200025 0.25483501 0.294463992 0.0800444484 0.993094087 0.0857739672 -0.995270848 0.0967727229 -0.00843544025
-0.0366440006 0.0515060015 -0.000514000014 0.998399973 0.0535999984 0.0148 0.132145002 0.156715006 -0.0554979481 0.977162719 0.205117106 0.0013090194 0.243156597 -0.9699862
0.0142679997 0.130949005 -0.0424220003 -0.315600008 0.0822999999 0.945299983 0.342857003 0.601514995 0.172647268 0.984583437 -0.0280795041 0.930813313 -0.166679516 0.325276017
0.0133450003 0.0911189988 -0.0392820016 -0.315299988 0.0816999972 0.9454 0.243790001 0.585398972 0.168146685 0.985333383 -0.0290690064 0.929092407 -0.17630814 0.325119674
0.0133450003 0.0911189988 -0.0392820016 -0.315299988 0.0816999972 0.9454 0.243790001 0.585398972 0.166664124 0.985569775 -0.0295839123 0.928750157 -0.178038061 0.32515493
0.0255069993 0.130978003 0.0359739996 -0.579400003 0.0993999988 -0.808899999 0.358655006 0.356186002 0.0804857686 0.994661689 0.0645764768 -0.810725987 0.0315161906 0.584576786
0.0232490003 0.0910290033 0.0326340012 -0.582300007 0.0850000009 -0.808499992 0.258558005 0.359142005 0.0719551742 0.996004641 0.0528893284 -0.80921036 0.0349122956 0.586480916
0.0215879995 0.0507639982 0.0303729996 -0.582400024 0.064199999 -0.810299993 0.158462003 0.362098008 0.0610295534 0.997516155 0.0351696089 -0.810083032 0.0369387977 0.58515054
0.000708999985 0.131055996 -0.0446429998 -0.00209999993 0.0851999968 0.996299982 0.336766005 0.636243999 0.175015926 0.981016695 -0.0835204646 0.979816794 -0.198983163 0.0191009324
0.000708999985 0.131055996 -0.0446429998 -0.00209999993 0.0851999968 0.996299982 0.336766005 0.636243999 0.178372726 0.980416894 -0.0834618732 0.979861796 -0.19876352 0.019082224
0.0133450003 0.0911189988 -0.0392820016 -0.315299988 0.0816999972 0.9454 0.243790001 0.585398972 0.170336187 0.984979212 -0.0283150766 0.929844499 -0.172524288 0.324999571
0.000798000023 0.0509489998 -0.0380389988 -0.000699999975 0.0777999982 0.996900022 0.139425993 0.59858501 0.185485199 0.97967869 -0.0763220638 0.977743745 -0.209110782 0.0170275252
0.0133450003 0.0911189988 -0.0392820016 -0.315299988 0.0816999972 0.9454 0.243790001 0.585398972 0.170611992 0.984934211 -0.0282191094 0.926817179 -0.187602773 0.325292557
0.0385860018 0.170996994 0.0285969991 -0.800700009 0.0932999998 -0.591600001 0.459428996 0.391086996 0.0754246265 0.995637 0.0549381003 -0.594009459 0.003417928 0.80445081
0.0215879995 0.0507639982 0.0303729996 -0.582400024 0.064199999 -0.810299993 0.158462003 0.362098008 0.060866639 0.997522056 0.0352860093 -0.810515404 0.0299704149 0.58495003
3 0 1 2
3 0 2 3
3 12 1 0
3 755 12 0
3 755 0 756
3 756 0 3
3 3 2 42
3 3 42 41
3 736 3 41
3 756 3 736
3 759 756 736
3 766 755 756
3 766 756 759
3 736 41 737
3 759 736 760
3 760 736 737
3 41 42 37
3 41 37 36
3 737 41 36
3 737 36 739
3 784 737 739
3 760 737 784
3 784 797 760
3 760 797 816
3 760 816 759
3 784 739 782
3 784 796 797
3 782 796 784
3 739 36 28
3 739 28 741
3 782 739 741
3 782 741 777
3 782 799 796
3 777 799 782
3 796 520 478
3 796 478 797
3 799 520 796
3 777 801 799
3 799 515 520
3 801 515 799
3 777 741 746
3 777 746 772
3 772 801 777
3 772 806 801
3 801 507 515
3 806 507 801
3 507 514 515
3 515 518 519
3 515 519 520
3 501 506 507
3 507 513 514
3 806 501 507
3 493 500 501
3 501 500 506
3 811 493 501
3 811 501 806
3 485 492 493
3 493 492 500
3 815 485 493
3 815 493 811
3 500 832 833
3 500 833 834
3 492 832 500
3 485 484 492
3 492 838 832
3 484 838 492
3 832 553 560
3 832 560 852
3 838 553 832
3 484 841 838
3 838 545 553
3 841 545 838
3 545 552 553
3 553 558 559
3 553 559 560
3 539 544 545
3 545 544 552
3 841 539 545
3 530 538 539
3 539 538 544
3 846 530 539
3 846 539 841
3 538 592 544
3 544 592 571
3 544 571 596
3 530 537 538
3 588 589 538
3 538 589 592
3 588 583 589
3 528 581 583
3 528 583 584
3 527 528 529
3 569 567 528
3 569 528 527
3 567 581 528
3 567 579 581
3 563 562 567
3 563 567 568
3 562 579 567
3 562 574 579
3 561 554 562
3 561 562 563
3 554 574 562
3 824 563 849
3 831 851 563
3 831 563 824
3 508 824 819
3 502 831 824
3 502 824 508
3 824 849 819
3 494 837 831
3 494 831 502
3 837 853 831
3 495 494 502
3 495 502 503
3 503 502 508
3 489 488 494
3 489 494 495
3 488 837 494
3 488 840 837
3 837 547 853
3 855 547 837
3 486 487 488
3 486 488 489
3 487 845 488
3 512 487 486
3 791 512 486
3 791 486 792
3 792 486 489
3 512 511 487
3 487 844 845
3 511 844 487
3 505 511 512
3 802 505 512
3 802 512 791
3 790 791 792
3 775 802 791
3 775 791 803
3 807 808 802
3 807 802 775
3 808 505 802
3 775 744 748
3 775 748 776
3 780 744 775
3 742 743 744
3 744 747 18
3 744 18 748
3 780 781 744
3 742 32 743
3 32 33 34
3 32 34 35
3 11 33 32
3 731 11 32
3 731 32 732
3 8 10 11
3 11 47 33
3 752 8 11
3 752 11 757
3 8 9 10
3 16 9 8
3 749 16 8
3 749 8 752
3 763 752 764
3 769 749 752
3 769 752 763
3 745 16 749
3 774 745 749
3 774 749 769
3 769 809 805
3 769 805 810
3 763 809 769
3 763 814 809
3 809 495 503
3 809 503 805
3 814 495 809
3 804 805 800
3 805 503 509
3 805 509 800
3 503 508 509
3 509 508 516
3 509 516 517
3 800 509 517
3 778 800 798
3 804 800 778
3 800 517 798
3 517 516 521
3 517 521 522
3 798 517 522
3 516 819 820
3 516 820 521
3 508 819 516
3 522 521 483
3 521 820 846
3 521 846 483
3 522 483 482
3 794 522 482
3 798 522 794
3 482 483 484
3 483 846 841
3 483 841 484
3 820 530 846
3 819 527 820
3 820 527 530
3 819 848 527
3 527 529 530
3 482 484 485
3 795 482 485
3 795 485 815
3 785 794 795
3 785 795 762
3 762 795 815
3 794 482 795
3 761 815 811
3 762 815 761
3 761 733 762
3 762 733 735
3 762 735 785
3 761 754 733
3 767 754 761
3 761 811 767
3 767 811 806
3 767 768 754
3 772 773 767
3 767 806 772
3 753 4 754
3 754 4 758
3 754 758 733
3 753 14 4
3 4 5 6
3 4 6 7
3 14 5 4
3 14 15 5
3 22 15 14
3 746 22 14
3 746 14 750
3 22 23 15
3 23 688 15
3 15 688 689
3 15 689 5
3 28 23 22
3 741 28 22
3 741 22 746
3 772 746 773
3 28 29 23
3 36 38 28
3 36 37 38
3 37 721 722
3 37 722 723
3 42 725 37
3 42 700 725
3 2 700 42
3 695 72 700
3 700 72 703
3 700 703 704
3 2 695 700
3 1 695 2
3 691 77 695
3 695 77 72
3 1 691 695
3 72 73 68
3 72 68 74
3 77 73 72
3 77 78 73
3 84 78 77
3 691 84 77
3 84 85 78
3 92 85 84
3 690 92 84
3 690 84 691
3 92 93 85
3 13 729 691
3 13 691 1
3 12 13 1
3 67 68 61
3 67 61 69
3 60 61 49
3 60 49 48
3 48 49 50
3 48 50 51
3 712 713 48
3 712 48 714
3 714 48 51
3 51 94 87
3 51 87 86
3 688 51 86
3 714 51 688
3 23 714 688
3 718 719 714
3 718 714 23
3 688 86 689
3 86 87 88
3 86 88 79
3 689 86 79
3 689 79 694
3 5 689 694
3 79 80 76
3 79 76 81
3 694 79 698
3 694 698 699
3 6 694 699
3 5 694 6
3 699 701 70
3 699 70 702
3 44 699 702
3 6 699 44
3 46 6 44
3 43 44 45
3 46 44 43
3 44 702 726
3 702 70 62
3 702 62 705
3 724 702 705
3 62 63 53
3 62 53 52
3 70 63 62
3 705 62 52
3 705 52 711
3 31 705 711
3 724 705 31
3 52 53 54
3 52 54 55
3 711 52 716
3 711 716 685
3 25 711 685
3 31 711 25
3 30 31 25
3 39 40 31
3 39 31 30
3 24 25 17
3 30 25 24
3 25 685 17
3 738 39 30
3 738 30 740
3 740 30 24
3 43 45 39
3 735 43 39
3 735 39 738
3 783 738 740
3 785 735 738
3 785 738 783
3 740 24 745
3 778 740 745
3 783 740 778
3 783 798 794
3 783 794 785
3 778 798 783
3 778 745 779
3 745 24 16
3 24 17 16
3 16 17 9
3 17 685 687
3 17 687 9
3 9 687 693
3 9 693 728
3 685 89 687
3 687 89 692
3 687 692 693
3 685 686 89
3 89 90 83
3 89 83 91
3 95 90 89
3 95 54 90
3 82 83 65
3 82 65 64
3 64 65 66
3 64 66 56
3 693 696 64
3 693 64 697
3 697 64 56
3 56 57 58
3 56 58 59
3 697 56 710
3 710 56 715
3 33 697 710
3 727 693 697
3 727 697 33
3 710 715 682
3 717 710 682
3 33 710 720
3 682 683 98
3 682 98 684
3 717 682 19
3 19 682 730
3 96 97 98
3 96 58 97
3 19 730 20
3 18 19 20
3 26 27 19
3 26 19 18
3 18 20 21
3 748 18 21
3 748 21 751
3 770 748 751
3 770 751 771
3 771 812 808
3 771 808 813
3 812 496 499
3 812 499 808
3 808 499 505
3 496 498 499
3 499 498 504
3 499 504 505
3 496 497 498
3 498 835 829
3 498 829 836
3 497 835 498
3 497 839 835
3 835 551 557
3 835 557 829
3 854 551 835
3 828 829 830
3 829 557 531
3 829 531 830
3 551 556 557
3 557 556 564
3 557 564 531
3 531 532 533
3 531 533 534
3 830 531 534
3 534 533 540
3 585 586 533
3 533 586 590
3 533 590 540
3 534 540 541
3 844 534 541
3 830 534 844
3 541 540 546
3 541 546 547
3 855 541 547
3 844 541 857
3 511 830 844
3 828 830 511
3 505 510 511
3 547 546 554
3 547 554 555
3 554 573 574
3 546 573 554
3 546 593 573
3 540 590 593
3 540 593 546
3 585 576 586
3 556 575 576
3 556 576 577
3 551 550 556
3 550 575 556
3 550 595 575
3 548 549 550
3 548 550 551
3 549 595 550
3 854 548 551
3 549 594 595
3 733 43 735
3 733 734 43
3 70 71 63
3 75 71 70
3 75 76 71
3 814 489 495
3 818 792 814
3 818 814 763
3 792 489 814
3 790 792 793
3 763 764 765
3 570 571 572
3 570 572 559
3 559 572 578
3 560 559 565
3 559 578 565
3 565 578 580
3 560 565 566
3 566 565 524
3 565 580 524
3 850 560 566
3 566 524 523
3 822 566 523
3 850 566 822
3 523 524 525
3 524 580 582
3 524 582 525
3 523 525 526
3 822 523 823
3 823 523 526
3 821 822 823
3 825 826 822
3 825 822 827
3 821 823 519
3 519 823 847
3 823 526 847
3 520 519 479
3 519 847 479
3 479 847 842
3 847 526 536
3 847 536 842
3 478 479 480
3 520 479 478
3 479 842 480
3 480 842 843
3 842 536 543
3 842 543 856
3 526 535 536
3 536 535 542
3 536 542 543
3 526 525 535
3 525 587 535
3 535 587 591
3 535 591 542
3 525 582 587
3 480 843 490
3 481 480 490
3 481 490 491
3 478 480 481
3 816 481 491
3 797 478 481
3 797 481 816
3 816 491 817
3 759 816 817
3 759 817 766
3 99 100 101
3 99 101 102
3 111 113 99
3 878 111 99
3 878 99 885
3 885 99 102
3 102 101 144
3 102 144 143
3 860 102 143
3 885 102 860
3 1068 885 860
3 1083 878 885
3 1083 885 1068
3 860 143 861
3 1068 860 1069
3 1069 860 1141
3 1066 1068 1069
3 1082 1083 1068
3 1082 1068 1066
3 1092 1094 1083
3 1092 1083 1095
3 1094 878 1083
3 661 1092 1093
3 654 1106 1092
3 654 1092 661
3 1106 1094 1092
3 655 654 661
3 655 661 662
3 668 661 669
3 661 1093 669
3 646 645 654
3 646 654 655
3 645 1106 654
3 642 645 646
3 642 641 645
3 645 1116 1106
3 641 1128 645
3 636 641 642
3 636 635 641
3 641 1127 1128
3 635 1127 641
3 633 635 636
3 633 634 635
3 635 1139 1127
3 634 1139 635
3 1127 1129 1130
3 1127 1130 1131
3 1139 1129 1127
3 1139 1140 1129
3 634 1077 1139
3 1077 1140 1139
3 1129 862 866
3 1129 866 1132
3 1140 862 1129
3 1140 859 862
3 1077 1079 1140
3 1079 859 1140
3 1075 1076 1077
3 1075 1077 634
3 1076 1079 1077
3 1076 1078 1079
3 1078 858 1079
3 1079 858 859
3 672 1087 1076
3 672 1076 1088
3 1087 1078 1076
3 1078 1080 858
3 1087 1089 1078
3 1089 1091 1078
3 1089 1090 1091
3 858 110 147
3 858 147 859
3 886 110 858
3 107 109 110
3 110 109 148
3 110 148 147
3 886 107 110
3 147 148 149
3 147 149 141
3 859 147 141
3 859 141 862
3 141 142 137
3 141 137 136
3 862 141 136
3 862 136 866
3 136 137 129
3 136 129 128
3 866 136 128
3 866 128 871
3 1119 866 871
3 128 129 130
3 128 130 120
3 871 128 120
3 871 120 874
3 1107 871 874
3 1119 871 1107
3 120 121 112
3 120 112 111
3 874 120 111
3 874 111 878
3 1094 874 878
3 1107 874 1094
3 1106 1107 1094
3 1117 1118 1107
3 1117 1107 1106
3 111 112 113
3 107 108 109
3 117 119 107
3 879 880 107
3 879 107 881
3 117 118 119
3 671 672 673
3 671 673 674
3 674 679 634
3 674 634 633
3 668 669 670
3 670 669 677
3 669 1081 1066
3 669 1066 677
3 670 677 678
3 681 677 638
3 677 1066 1067
3 677 1067 638
3 1066 1069 1067
3 638 1067 1133
3 1067 1069 1136
3 1067 1136 1133
3 637 638 639
3 681 638 637
3 638 1133 639
3 639 1133 1134
3 1133 1136 1123
3 1133 1123 1137
3 1136 1138 865
3 1136 865 1123
3 1069 1141 1136
3 1122 1123 1111
3 1123 865 870
3 1123 870 1111
3 863 864 865
3 865 869 131
3 865 131 870
3 870 131 122
3 870 122 873
3 1111 870 873
3 131 132 133
3 131 133 122
3 138 140 131
3 122 123 115
3 122 115 114
3 873 122 114
3 114 115 104
3 114 104 116
3 873 114 877
3 882 114 883
3 103 104 105
3 103 105 106
3 106 105 135
3 106 135 134
3 867 106 134
3 884 887 106
3 884 106 867
3 134 135 125
3 134 125 124
3 867 134 868
3 868 134 124
3 1073 884 867
3 1073 867 1074
3 1074 867 868
3 868 124 872
3 1115 868 872
3 1074 868 1115
3 124 125 126
3 124 126 127
3 872 124 875
3 872 875 876
3 1103 872 1105
3 1115 872 1103
3 1101 1103 1104
3 1103 1105 1104
3 1114 1115 1103
3 1114 1103 1101
3 657 1101 1102
3 1101 1104 1102
3 649 1113 1101
3 649 1101 657
3 656 649 657
3 656 657 658
3 658 657 663
3 657 1102 663
3 647 648 649
3 647 649 650
3 1124 1125 649
3 676 680 647
3 667 675 676
3 676 675 680
3 660 666 667
3 667 666 675
3 675 1070 1071
3 675 1071 1072
3 666 1070 675
3 660 665 666
3 666 1084 1070
3 1096 1084 666
3 653 659 660
3 644 652 653
3 653 652 659
3 640 643 644
3 644 651 652
3 652 1108 1109
3 652 1109 1110
3 1120 1108 652
3 1108 1111 1099
3 1108 1099 1112
3 1120 1121 1108
3 1122 1111 1108
3 1111 873 1099
3 1098 1099 1085
3 1099 873 1100
3 1099 1100 1085
3 1098 1085 1084
3 1084 1085 1073
3 1085 1086 884
3 1085 884 1073
3 1084 1073 1070
3 1096 1097 1084
3 1070 1073 1074
3 1070 1074 1071
3 1071 1074 1115
3 1124 1071 1125
3 1071 1115 1126
3 882 883 884
3 640 639 643
3 637 639 640
3 639 1134 1135
3 658 663 664
3 138 139 140
3 863 143 864
3 143 144 145
3 143 145 146
3 150 151 152
3 150 152 153
3 162 151 150
3 929 162 150
3 929 150 953
3 959 150 153
3 162 163 151
3 167 163 162
3 925 167 162
3 925 162 929
3 926 925 929
3 926 929 930
3 930 929 933
3 924 917 925
3 924 925 926
3 917 167 925
3 910 909 917
3 910 917 918
3 909 172 917
3 917 172 167
3 908 909 910
3 908 900 909
3 900 178 909
3 909 178 172
3 172 173 168
3 172 168 167
3 178 173 172
3 178 179 173
3 185 179 178
3 900 185 178
3 179 961 173
3 173 961 966
3 173 966 168
3 167 168 163
3 168 966 968
3 168 968 163
3 961 234 966
3 966 234 230
3 966 230 992
3 234 235 231
3 234 231 230
3 239 235 234
3 961 239 234
3 230 231 225
3 230 225 224
3 995 230 224
3 235 248 231
3 231 280 281
3 231 281 225
3 224 225 219
3 225 276 272
3 225 272 219
3 218 219 210
3 224 219 218
3 219 272 266
3 219 266 210
3 1022 290 272
3 272 290 293
3 272 293 266
3 210 266 261
3 266 293 324
3 266 324 261
3 290 292 293
3 293 292 325
3 293 325 324
3 290 291 292
3 299 291 290
3 1022 299 290
3 292 1048 1049
3 292 1049 325
3 291 1048 292
3 324 325 317
3 325 1043 1044
3 325 1044 317
3 316 317 318
3 324 317 316
3 317 1034 1035
3 317 1035 1036
3 316 318 301
3 261 324 316
3 261 316 255
3 255 316 301
3 301 302 295
3 301 295 294
3 255 301 256
3 256 301 294
3 254 255 256
3 198 261 255
3 198 255 262
3 210 261 198
3 197 198 199
3 209 210 198
3 209 198 211
3 218 210 209
3 977 218 209
3 977 209 998
3 1000 209 1001
3 972 224 218
3 972 218 977
3 151 972 977
3 151 977 152
3 152 977 981
3 163 971 972
3 163 972 151
3 995 224 972
3 152 981 188
3 153 152 188
3 187 188 181
3 153 188 187
3 188 984 985
3 188 985 181
3 897 153 187
3 959 153 897
3 187 181 180
3 897 187 898
3 898 187 180
3 896 897 898
3 939 940 897
3 939 897 941
3 896 898 899
3 905 898 906
3 898 180 906
3 905 906 907
3 907 906 915
3 906 180 946
3 906 946 915
3 907 915 916
3 916 915 922
3 915 947 154
3 915 154 948
3 916 922 923
3 923 938 893
3 923 893 892
3 892 893 894
3 893 157 189
3 893 189 944
3 958 157 893
3 892 894 895
3 895 902 903
3 895 903 904
3 945 192 903
3 945 189 192
3 189 191 192
3 189 190 191
3 190 983 191
3 157 156 190
3 157 190 189
3 156 980 190
3 190 980 983
3 980 999 983
3 156 976 980
3 976 212 980
3 980 212 999
3 154 155 156
3 154 156 157
3 155 976 156
3 958 154 157
3 174 155 154
3 174 175 155
3 175 965 155
3 155 975 976
3 180 181 175
3 180 175 182
3 175 964 965
3 181 964 175
3 181 985 964
3 964 200 988
3 964 988 989
3 985 200 964
3 1000 1001 985
3 985 1004 200
3 197 199 200
3 200 241 227
3 200 227 242
3 226 227 221
3 254 256 227
3 227 256 277
3 227 277 221
3 226 221 220
3 220 221 213
3 221 273 267
3 221 267 213
3 220 213 212
3 996 997 220
3 996 220 976
3 976 220 212
3 212 213 214
3 212 214 215
3 213 267 268
3 213 268 269
3 1025 282 267
3 267 282 285
3 267 285 1028
3 1025 294 282
3 282 283 284
3 282 284 285
3 294 283 282
3 294 295 283
3 256 294 1021
3 283 1050 1051
3 283 1051 284
3 295 1056 283
3 295 1055 1056
3 1060 1055 295
3 1060 1035 1055
3 1055 1192 1193
3 1055 1193 1194
3 1035 1192 1055
3 1155 1157 1035
3 1035 1157 1192
3 1192 1195 1184
3 1192 1184 1196
3 1157 1195 1192
3 1155 1156 1157
3 1158 1160 1157
3 1157 1160 1195
3 1195 1197 459
3 1195 459 1184
3 1160 1206 1195
3 1158 1159 1160
3 1159 452 1160
3 1160 452 1206
3 1159 472 452
3 1168 1171 1159
3 1168 1159 1172
3 1171 472 1159
3 452 340 453
3 452 453 454
3 472 340 452
3 337 339 340
3 340 339 371
3 340 371 372
3 472 337 340
3 337 338 339
3 345 338 337
3 466 345 337
3 466 337 472
3 345 346 338
3 338 395 385
3 338 385 339
3 346 395 338
3 352 346 345
3 461 465 345
3 461 345 466
3 352 353 346
3 346 398 395
3 353 398 346
3 361 362 353
3 361 353 363
3 353 402 398
3 362 402 353
3 369 362 361
3 450 369 361
3 450 361 455
3 455 361 460
3 369 370 362
3 376 370 369
3 449 376 369
3 449 369 450
3 1202 450 455
3 1211 1212 450
3 1211 450 1202
3 1200 1202 1203
3 1202 455 1205
3 1210 1211 1202
3 1210 1202 1200
3 1151 1154 1211
3 1151 1211 1210
3 1154 1219 1211
3 1063 1210 1200
3 1218 1151 1210
3 1218 1210 1063
3 1149 1150 1151
3 1149 1151 1152
3 1150 1154 1151
3 1150 1153 1154
3 1040 1164 1150
3 1040 1150 1165
3 1164 1153 1150
3 1153 473 444
3 1153 444 1154
3 1164 1166 1153
3 1166 473 1153
3 1046 1175 1164
3 1046 1164 1040
3 1175 1166 1164
3 1166 467 473
3 1175 1176 1166
3 1176 467 1166
3 1053 1186 1175
3 1053 1175 1046
3 1186 1176 1175
3 288 1046 1040
3 1052 1053 1046
3 1052 1046 288
3 297 1057 1053
3 297 1053 1058
3 1057 1186 1053
3 296 297 298
3 303 304 297
3 303 297 296
3 304 1057 297
3 304 1061 1057
3 1057 1198 1186
3 1061 1198 1057
3 307 308 304
3 307 304 303
3 308 1061 304
3 308 1030 1061
3 1061 1207 1198
3 1030 1207 1061
3 1198 1199 1187
3 1198 1187 1186
3 1207 1199 1198
3 1186 1187 1176
3 1187 456 462
3 1187 462 1176
3 1199 456 1187
3 1199 451 456
3 1207 1208 1199
3 1209 451 1199
3 451 358 456
3 456 358 350
3 456 350 462
3 462 350 343
3 462 343 467
3 1176 462 467
3 350 351 344
3 350 344 343
3 358 360 350
3 343 344 334
3 343 334 333
3 467 343 333
3 467 333 473
3 333 334 335
3 333 335 336
3 473 333 476
3 334 394 392
3 334 392 335
3 344 394 334
3 378 335 377
3 335 392 390
3 335 390 377
3 378 377 376
3 376 377 370
3 377 390 383
3 377 383 370
3 444 445 376
3 444 376 446
3 473 476 444
3 1154 444 1219
3 370 383 384
3 370 384 362
3 362 384 402
3 344 397 394
3 400 397 344
3 400 401 397
3 405 381 401
3 405 401 406
3 379 380 381
3 379 381 382
3 374 388 380
3 374 380 389
3 373 374 375
3 332 331 374
3 332 374 373
3 331 388 374
3 331 391 388
3 329 330 331
3 329 331 332
3 330 391 331
3 447 332 373
3 475 329 332
3 475 332 477
3 341 330 329
3 471 474 329
3 471 329 475
3 1145 475 1148
3 1163 471 475
3 1163 475 1145
3 468 470 471
3 1174 468 471
3 1174 471 1163
3 1161 1163 1145
3 1173 1174 1163
3 1173 1163 1161
3 1037 1161 1143
3 1161 1145 1143
3 1045 1173 1161
3 1045 1161 1037
3 320 1037 1038
3 327 1045 1037
3 327 1037 320
3 1037 1143 1162
3 1142 1143 1144
3 1143 1145 1146
3 1143 1146 1147
3 1142 1144 1030
3 313 1029 1030
3 313 1030 308
3 1030 1213 1207
3 312 313 308
3 312 308 307
3 319 313 312
3 1008 319 312
3 1008 312 1009
3 1011 312 307
3 1011 307 1012
3 1015 307 303
3 1015 303 1016
3 1019 303 296
3 1019 296 1020
3 296 298 286
3 1023 296 286
3 286 287 288
3 286 288 289
3 1023 286 1024
3 1026 286 289
3 289 288 328
3 288 1040 1047
3 289 328 321
3 1005 289 321
3 1026 289 1027
3 321 322 323
3 321 323 314
3 1005 321 260
3 260 321 314
3 314 315 310
3 314 310 309
3 260 314 252
3 252 314 309
3 207 260 252
3 206 265 260
3 206 260 207
3 240 252 253
3 207 252 240
3 252 309 1010
3 205 206 207
3 205 207 208
3 208 207 240
3 239 240 235
3 208 240 239
3 240 253 235
3 960 208 239
3 982 205 208
3 982 208 960
3 216 206 205
3 979 216 205
3 979 205 982
3 194 979 982
3 194 982 186
3 186 982 960
3 179 960 961
3 186 960 179
3 960 239 961
3 185 186 179
3 193 194 186
3 193 186 185
3 195 196 194
3 195 194 193
3 978 979 194
3 942 943 193
3 942 193 890
3 890 193 185
3 890 185 900
3 888 889 890
3 888 890 891
3 891 890 900
3 891 900 901
3 935 937 888
3 935 936 937
3 978 973 979
3 973 216 979
3 159 970 973
3 159 973 974
3 970 222 973
3 973 222 216
3 216 217 206
3 222 217 216
3 222 223 217
3 228 223 222
3 970 228 222
3 217 270 271
3 217 271 206
3 223 275 217
3 228 229 223
3 223 274 275
3 229 279 223
3 232 233 229
3 232 229 228
3 233 246 229
3 229 278 279
3 236 237 233
3 236 233 238
3 233 245 246
3 249 251 233
3 249 250 251
3 243 244 236
3 962 987 236
3 962 236 963
3 963 236 990
3 243 203 244
3 201 202 203
3 201 203 204
3 203 257 258
3 203 258 259
3 202 264 203
3 202 263 264
3 963 990 991
3 177 962 963
3 177 963 170
3 170 963 967
3 184 986 962
3 184 962 177
3 986 1003 962
3 183 184 177
3 183 177 176
3 912 183 176
3 176 177 170
3 176 170 169
3 912 176 913
3 913 176 169
3 911 912 913
3 911 913 914
3 919 913 920
3 913 169 920
3 169 170 165
3 169 165 171
3 920 169 949
3 919 920 921
3 921 920 927
3 920 949 927
3 921 927 928
3 928 927 931
3 927 950 951
3 927 951 952
3 928 931 932
3 164 165 159
3 170 967 165
3 165 969 970
3 165 970 159
3 164 159 166
3 158 159 160
3 158 160 161
3 993 228 970
3 993 994 228
3 986 1002 1003
3 235 247 248
3 309 310 311
3 309 311 305
3 1013 309 305
3 1031 1033 310
3 310 1064 1063
3 310 1063 1065
3 1031 1032 1033
3 1062 1063 1059
3 1063 1200 1059
3 1062 1059 300
3 300 1059 1054
3 1059 1200 1201
3 1059 1201 1054
3 1200 1203 1204
3 291 1054 1048
3 300 1054 291
3 1054 1188 1177
3 1054 1177 1048
3 299 300 291
3 305 300 299
3 1017 305 299
3 1017 299 1018
3 305 306 300
3 1013 305 1014
3 1048 1177 1168
3 1048 1168 1178
3 1167 1168 1169
3 1177 1171 1168
3 1167 1169 1170
3 1171 466 472
3 1177 1179 1171
3 1179 466 1171
3 1189 1179 1177
3 1179 461 466
3 1189 1190 1179
3 1191 461 1179
3 455 460 461
3 1191 455 461
3 1039 1040 1041
3 1039 1041 1042
3 319 320 313
3 326 320 319
3 1006 326 319
3 1006 319 1007
3 326 327 320
3 320 1038 313
3 1214 1215 1207
3 1214 1146 1215
3 1145 1148 1146
3 1146 1216 448
3 1146 448 1217
3 447 373 448
3 448 373 366
3 448 366 451
3 1209 448 451
3 373 375 366
3 366 367 368
3 366 368 358
3 451 366 358
3 358 359 360
3 468 469 470
3 341 342 330
3 330 393 391
3 342 393 330
3 347 348 342
3 347 342 349
3 342 396 393
3 348 396 342
3 348 399 396
3 339 385 386
3 339 386 387
3 407 386 403
3 407 403 355
3 355 403 404
3 354 355 356
3 364 365 355
3 364 355 354
3 355 404 356
3 354 356 357
3 457 458 354
3 457 354 459
3 459 354 463
3 459 463 464
3 1184 459 464
3 1184 464 1185
3 1183 1184 1185
3 1183 1185 1182
3 1180 1181 1182
3 1180 1182 1051
3 930 933 934
3 408 409 410
3 408 410 411
3 409 420 421
3 409 421 410
3 411 410 412
3 410 421 422
3 410 422 412
3 411 412 413
3 413 412 414
3 412 422 423
3 412 423 414
3 421 428 422
3 422 428 429
3 422 429 423
3 420 427 421
3 421 427 428
3 420 426 427
3 426 433 427
3 427 433 434
3 427 434 428
3 428 434 435
3 428 435 429
3 423 429 430
3 429 435 436
3 429 436 430
3 434 441 435
3 435 441 442
3 435 442 436
3 433 440 434
3 434 440 441
3 433 439 440
3 432 438 439
3 432 439 433
3 426 432 433
3 430 436 437
3 436 442 443
3 436 443 437
3 430 437 431
3 424 430 431
3 424 431 425
3 414 423 424
3 414 424 416
3 416 424 425
3 423 430 424
3 416 425 418
3 415 414 416
3 415 416 417
3 417 416 418
3 413 414 415
3 417 418 419
3 597 598 599
3 597 599 600
3 609 597 600
3 600 599 601
3 600 601 602
3 609 600 610
3 610 600 602
3 615 609 610
3 610 602 611
3 615 610 616
3 616 610 611
3 602 601 603
3 602 603 604
3 611 602 604
3 611 604 612
3 616 611 617
3 617 611 612
3 621 615 616
3 621 616 622
3 622 616 617
3 617 612 618
3 622 617 623
3 623 617 618
3 612 604 606
3 612 606 613
3 618 612 613
3 618 613 619
3 623 618 624
3 624 618 619
3 628 622 623
3 628 623 629
3 629 623 624
3 624 619 625
3 629 624 630
3 630 624 625
3 619 613 614
3 619 614 620
3 625 619 620
3 625 620 626
3 630 625 631
3 631 625 626
3 631 626 632
3 613 608 614
3 606 607 608
3 613 606 608
3 604 605 606
3 606 605 607
3 604 603 605
3 627 622 628
3 627 621 622
3 706 707 708
3 706 708 709
3 786 787 788
3 786 788 789
3 954 955 956
3 954 956 957
